CASE_ID,ACCIDENT_YEAR,PROC_DATE,JURIS,COLLISION_DATE,COLLISION_TIME,OFFICER_ID,REPORTING_DISTRICT,DAY_OF_WEEK,CHP_SHIFT,POPULATION,CNTY_CITY_LOC,SPECIAL_COND,BEAT_TYPE,CHP_BEAT_TYPE,CITY_DIVISION_LAPD,CHP_BEAT_CLASS,BEAT_NUMBER,PRIMARY_RD,SECONDARY_RD,DISTANCE,DIRECTION,INTERSECTION,WEATHER_1,WEATHER_2,STATE_HWY_IND,CALTRANS_COUNTY,CALTRANS_DISTRICT,STATE_ROUTE,ROUTE_SUFFIX,POSTMILE_PREFIX,POSTMILE,LOCATION_TYPE,RAMP_INTERSECTION,SIDE_OF_HWY,TOW_AWAY,COLLISION_SEVERITY,NUMBER_KILLED,NUMBER_INJURED,PARTY_COUNT,PRIMARY_COLL_FACTOR,PCF_CODE_OF_VIOL,PCF_VIOL_CATEGORY,PCF_VIOLATION,PCF_VIOL_SUBSECTION,HIT_AND_RUN,TYPE_OF_COLLISION,MVIW,PED_ACTION,ROAD_SURFACE,ROAD_COND_1,ROAD_COND_2,LIGHTING,CONTROL_DEVICE,CHP_ROAD_TYPE,PEDESTRIAN_ACCIDENT,BICYCLE_ACCIDENT,MOTORCYCLE_ACCIDENT,TRUCK_ACCIDENT,NOT_PRIVATE_PROPERTY,ALCOHOL_INVOLVED,STWD_VEHTYPE_AT_FAULT,CHP_VEHTYPE_AT_FAULT,COUNT_SEVERE_INJ,COUNT_VISIBLE_INJ,COUNT_COMPLAINT_PAIN,COUNT_PED_KILLED,COUNT_PED_INJURED,COUNT_BICYCLIST_KILLED,COUNT_BICYCLIST_INJURED,COUNT_MC_KILLED,COUNT_MC_INJURED,PRIMARY_RAMP,SECONDARY_RAMP,LATITUDE,LONGITUDE,COUNTY,CITY,POINT_X,POINT_Y
6292423,2015,2015-07-30,9480,2015-05-15,0821,16233,,5,1,9,5400,0,3,5,,2,005,"ROAD 128","AVENUE 84",568.00,S,N,B,-,N,,,,,,,,,,N,1,1,0,2,A,-,05,21202,A,N,H,G,A,A,H,-,A,D,0,,Y,,,Y,,L,04,0,0,0,0,0,1,0,0,0,"- ","- ",35.941879999999998,-119.28501,TULARE,UNINCORPORATED,-119.28592801000001,35.940950409999999
7136447,2015,2015-12-15,5407,2015-11-20,1450,M222,480,5,5,5,5407,0,0,0,,0,034,ASHLAND,GIDDINGS,340.00,E,N,A,-,N,,,,,,,,,,N,2,0,1,1,A,-,17,21712,A,N,-,A,A,A,-,-,A,A,0,,,,,Y,,A,07,1,0,0,0,0,0,0,0,0,"- ","- ",,,TULARE,VISALIA,-119.30411725,36.308123770000002
9236533,2020,2021-03-12,5407,2020-11-01,1713,A311,480,7,5,5,5407,0,0,0,,0,034,"W KIMBALL AV","S WATSON ST",0.00,,Y,A,-,N,,,,,,,,,,N,2,0,2,1,D,-,00,,,N,F,A,A,A,H,-,C,D,0,,,Y,,Y,,-,"- ",1,1,0,0,0,0,0,0,2,"- ","- ",36.296661376953125,-119.29605865478516,TULARE,VISALIA,-119.29508209228516,36.296619415283203
9378016,2021,2022-01-12,5407,2021-11-17,1706,C51,480,3,5,5,5407,0,0,0,,0,R12,"S MOONEY BL","AV 268",340.00,N,N,A,-,Y,TUL,6,63,-,-,4.570,H,-,S,Y,2,0,1,5,A,-,03,22350,,N,C,C,A,A,H,-,D,A,0,,,,,Y,,D,22,1,0,0,0,0,0,0,0,0,"- ","- ",36.276760101318359,-119.31336212158203,TULARE,VISALIA,-119.31346893310547,36.277614593505859
90530536,2017,2017-08-24,9480,2017-08-06,0425,019349,,7,3,9,5400,0,1,3,,1,064,"STATE ROUTE 198","FARMERSVILLE BLVD",2972.00,E,N,A,-,Y,,,198,,,,,,,Y,2,0,1,1,A,-,08,22107,,N,E,I,A,A,H,-,C,D,0,,,,,Y,,A,01,1,0,0,0,0,0,0,0,0,"- ","- ",36.326689999999999,-119.19835999999999,TULARE,UNINCORPORATED,-119.19835979,36.326758419999997
90666537,2018,2018-02-22,9480,2018-02-14,1740,017778,,3,2,9,5400,0,3,5,,2,003,"SR-99 S/B FROM DRIVE 92B","DRIVE 92B",0.00,,Y,A,-,Y,,,99,,,,R,,S,Y,2,0,1,2,A,-,09,21801,A,N,D,C,A,A,H,-,B,D,0,,,,,Y,,A,01,1,0,0,0,0,0,0,0,0,"- ","- ",36.266010284423828,-119.36403656005859,TULARE,UNINCORPORATED,-119.36403656005859,36.266010284423828
92112169,2023,2023-07-07,9480,2023-06-25,"222 ",020926,,7,3,9,5400,0,1,3,,1,034,"SR-198 W/B","SR-99 N/B",1584.00,E,N,A,-,Y,TUL,,198," ",R,4.022,H,,L,Y,2,0,4,1,A,-,01,23152,A,N,F,A,A,A,H,-,D,D,0,,,,,Y,,A,07,1,2,1,0,0,0,0,0,0,"- ","- ",36.3277587890625,-119.40386962890625,TULARE,UNINCORPORATED,-119.40383148193359,36.327835083007812
92146473,2023,2023-08-17,9480,2023-08-05,2325,021044,,6,3,9,5400,0,1,3,,1,021,"STATE ROUTE 63 (ROAD 124)","AVE. 392",1531.00,S,N,A,-,Y,TUL,,63," "," ",20.265,H,,R,Y,2,0,3,3,A,-,01,23153,A,N,B,C,A,A,H,-,D,D,0,,,,,Y,Y,A,01,2,1,0,0,0,0,0,0,0,"- ","- ",36.496829986572266,-119.28659820556641,TULARE,UNINCORPORATED,-119.28662872314453,36.496829986572266
91090137,2019,2019-12-27,9480,2019-08-10,2354,020612,,6,3,9,5400,0,3,5,,2,006,"AVENUE 264","ROAD 164",775.00,E,N,A,-,N,,,,,,,,,,Y,1,1,0,1,A,-,08,22107,,N,E,I,A,A,H,-,D,D,0,,,,,Y,,A,01,0,0,0,0,0,0,0,0,0,"- ","- ",36.268741607666016,-119.20445251464844,TULARE,UNINCORPORATED,-119.20445251464844,36.268741607666016
91183853,2020,2020-02-10,9481,2020-02-05,1935,015290,,3,2,9,5400,0,1,3,,1,032,"STATE ROUTE 190 (AVENUE 144)","ROAD 168",839.00,W,N,A,-,Y,,,190,,,,,,,Y,2,0,1,1,A,-,08,22107,,N,F,A,A,A,H,-,D,D,0,,,,,Y,Y,A,01,1,0,0,0,0,0,0,0,0,"- ","- ",36.05126953125,-119.19963073730469,TULARE,UNINCORPORATED,-119.19963073730469,36.051216125488281
91262065,2020,2020-08-12,9480,2020-06-12,1530,020273,,5,2,9,5400,0,1,3,,1,010,"SR-201 (AVENUE 400)","ROAD 74",0.00,,Y,A,-,Y,,,,,,,,,,Y,2,0,1,2,A,-,09,21802,A,N,D,C,A,A,H,-,A,A,0,,,,,Y,,A,01,1,0,0,0,0,0,0,0,0,"- ","- ",36.517040252685547,-119.40827941894531,TULARE,UNINCORPORATED,,
91855652,2022,2022-09-01,9480,2022-08-23,1524,017291,,2,2,9,5400,0,3,5,,2,001,"ROAD 56","AVENUE 416",0.00,,Y,A,-,N,,,,,,,,,,Y,2,0,1,2,A,-,12,21453,A,N,A,C,A,A,H,-,A,A,0,,,,,Y,,-,"- ",1,0,0,0,0,0,0,0,0,"- ","- ",36.546489715576172,-119.4486083984375,TULARE,UNINCORPORATED,,
91996404,2023,2023-02-16,9480,2023-02-05,1800,016995,,7,2,9,5400,0,1,3,,1,044,"STATE ROUTE 198","MEHRTEN DR",150.00,E,N,B,-,Y,TUL,,198," "," ",23.782,H,,R,N,2,0,1,2,A,-,03,22350,,N,D,C,A,A,H,-,D,D,0,,,Y,,Y,,C,02,1,0,0,0,0,0,0,0,1,"- ","- ",36.345859527587891,-119.05695343017578,TULARE,UNINCORPORATED,-119.05693054199219,36.345836639404297
92031623,2023,2023-03-29,9480,2023-03-26,"220 ",020450,,7,3,9,5400,0,3,5,,2,006,"ROCKY HILL DRIVE","SPRUCE ROAD",1584.00,E,N,A,-,N,,,,,,,,,,Y,2,0,1,1,A,-,01,23152,A,N,E,I,A,A,H,-,D,D,0,,,,,Y,Y,A,08,1,0,0,0,0,0,0,0,0,"- ","- ",36.296798706054688,-119.10996246337891,TULARE,UNINCORPORATED,-119.11217498779297,36.296825408935547
6498499,2014,2016-04-08,5406,2014-04-16,2003,52,5406,3,5,4,5406,0,0,0,,0,0WS,INYO,"H ST",122.00,W,N,A,-,Y,TUL,6,137,-,-,15.190,H,-,E,N,2,0,1,2,A,-,11,21954,A,N,A,B,D,A,H,-,C,D,0,Y,,,,Y,Y,N,60,1,0,0,0,1,0,0,0,0,"- ","- ",,,TULARE,TULARE,-119.35021519,36.204728469999999
6854731,2015,2015-07-14,9481,2015-06-01,2110,18982,,1,2,9,5400,0,3,5,,2,050,"E GIBBONS AV","S PLANO ST",528.00,W,N,A,-,N,,,,,,,,,,N,1,1,0,2,A,-,11,21956,A,N,G,B,E,A,H,-,D,D,0,Y,,,,Y,,N,60,0,0,0,1,0,0,0,0,0,"- ","- ",36.04045,-119.01058999999999,TULARE,UNINCORPORATED,-119.01027352,36.040427620000003
8033452,2016,2016-05-06,5407,2016-03-04,0317,M186,480,5,5,5,5407,0,0,0,,0,012,"VISALIA PKWY","WOODLAND ST",0.00,,Y,A,-,N,,,,,,,,,,N,2,0,1,1,A,-,00,23103,A,N,F,A,A,A,H,-,D,A,0,,,,,Y,,A,01,1,0,0,0,0,0,0,0,0,"- ","- ",36.291359999999997,-119.31825000000001,TULARE,VISALIA,-119.31826995999999,36.291430099999999
8078519,2016,2016-07-18,5407,2016-06-02,0344,M66,480,4,5,5,5407,0,0,0,,0,026,"ST JOHNS PKWY",CAIN,230.00,E,N,A,-,N,,,,,,,,,,Y,2,0,2,1,A,-,03,22350,,N,E,I,A,A,H,-,C,D,0,,,,,Y,,A,01,2,0,0,0,0,0,0,0,0,"- ","- ",,,TULARE,VISALIA,-119.27362977999999,36.350399979999999
8939309,2019,2021-05-28,5406,2019-08-24,1924,41,,6,5,4,5406,0,0,0,,0,03A,"RT 137",N,28.00,E,N,A,-,Y,TUL,6,137,-,-,15.870,H,-,E,N,1,1,0,2,A,-,11,21954,A,N,G,B,D,A,H,-,B,A,0,Y,,,,Y,,N,60,0,0,0,1,0,0,0,0,0,"- ","- ",,,TULARE,TULARE,-119.34141540527344,36.208702087402344
9481763,2022,2022-08-08,5405,2022-07-30,2153,265,SEC2,6,5,4,5405,0,0,0,,0,002,"HENDERSON AV","MAIN ST",103.00,E,N,A,-,N,,,,,,,,,,Y,2,0,1,2,A,-,08,22107,,N,E,I,A,A,H,-,C,D,0,,,,Y,Y,,F,26,1,0,0,0,0,0,0,0,0,"- ","- ",36.080108642578125,-119.01963043212891,TULARE,PORTERVILLE,-119.01934814453125,36.080146789550781
90113438,2016,2016-02-11,9480,2016-01-27,1740,015783,,3,2,9,5400,0,3,5,,2,006,"AVENUE 264","ROAD 108",2746.00,W,N,A,-,N,,,,,,,,,,Y,2,0,1,1,A,-,08,22107,,N,E,I,A,A,H,-,B,D,0,,,,,Y,,D,22,1,0,0,0,0,0,0,0,0,"- ","- ",36.26925,-119.34023999999999,TULARE,UNINCORPORATED,-119.34055585999999,36.26927001
91282566,2020,2020-08-07,9481,2020-07-30,1950,018029,,4,2,9,5400,0,1,3,,1,054,SR-190,"RIO VISTA DRIVE",10560.00,E,N,A,-,Y,,,190,,,,,,,Y,2,0,2,1,A,-,01,23152,A,N,E,I,A,A,H,-,B,D,0,,,,,Y,Y,A,01,1,0,1,0,0,0,0,0,0,"- ","- ",36.14923095703125,-118.75351715087891,TULARE,UNINCORPORATED,-118.75349426269531,36.149208068847656
91315349,2020,2020-09-30,9480,2020-08-30,0625,017108,,7,1,9,5400,0,1,3,,2,095,"STATE ROUTE 99 SOUTHBOUND","AVENUE 96 (TERRA BELLA AVENUE)",950.00,S,N,A,-,Y,,,99,,,,,,S,Y,1,1,0,1,A,-,01,23152,A,N,F,A,A,A,H,-,B,D,0,,,,,Y,Y,A,01,0,0,0,0,0,0,0,0,0,"- ","- ",35.962070465087891,-119.29067230224609,TULARE,UNINCORPORATED,-119.29060363769531,35.962062835693359
91587465,2021,2021-10-04,9481,2021-10-01,2325,019578,,5,3,9,5400,0,3,5,,2,030,"AVENUE 128","ROAD 208",1827.00,W,N,A,-,N,,,,,,,,,,Y,2,0,1,1,A,-,01,23152,A,N,E,I,A,A,H,-,D,D,0,,,,,Y,Y,D,22,1,0,0,0,0,0,0,0,0,"- ","- ",36.022308349609375,-119.10939025878906,TULARE,UNINCORPORATED,-119.11363220214844,36.022323608398438
92338472,2024,2024-03-14,9480,2024-02-28,"625 ",016233,,3,1,9,5400,0,3,5,,2,006,"AVENUE 280","ROAD 148",778.00,W,N,A,-,N,,,,,,,,,,Y,1,1,1,2,A,-,08,22107,,N,D,C,A,A,H,-,B,D,0,,,,,Y,,A,01,0,1,0,0,0,0,0,0,0,"- ","- ",36.298179626464844,-119.24571990966797,TULARE,UNINCORPORATED,-119.24564361572266,36.298191070556641
94509910,2024,2024-12-19,9480,2024-12-07,"800 ",016995,,6,1,9,5400,0,1,3,,1,060,"STATE ROUTE 137","ROAD 124",0.00,,Y,E,-,Y,TUL,,137," "," ",18.458,H,,R,Y,2,0,2,2,A,-,03,22350,,N,D,C,A,A,H,-,A,A,0,,,,Y,Y,,A,01,1,0,1,0,0,0,0,0,0,"- ","- ",36.210891723632812,-119.29611206054688,TULARE,UNINCORPORATED,-119.29611206054688,36.210891723632812
9083136,2020,2020-07-07,5406,2020-03-17,0645,30,5406,2,5,4,5406,0,0,0,,0,0AO,TULARE,ENTERPRISE,0.00,,Y,E,-,N,,,,,,,,,,Y,2,0,1,2,A,-,12,22450,A,N,D,C,A,B,H,-,A,A,0,,,,Y,Y,,A,07,1,0,0,0,0,0,0,0,0,"- ","- ",,,TULARE,TULARE,-119.38436889648438,36.210739135742188
90881705,2018,2018-12-12,9481,2018-12-06,2035,020238,,4,2,9,5400,0,2,4,,1,035,"RICHGROVE DRIVE","FRANCIS DRIVE",0.00,,Y,B,-,N,,,,,,,,,,Y,2,0,1,2,A,-,01,23152,A,N,D,C,A,A,H,-,C,A,0,,,,,Y,Y,A,01,1,0,0,0,0,0,0,0,0,"- ","- ",35.79949951171875,-119.10903167724609,TULARE,UNINCORPORATED,-119.10906219482422,35.799491882324219
91455570,2021,2021-04-21,9480,2021-04-10,1700,020060,,6,2,9,5400,0,1,3,,1,021,"STATE ROUTE 201 (ROAD 128)","AVENUE 392",430.00,N,N,A,-,Y,,,,,,,,,,Y,2,0,6,3,A,-,01,23152,A,N,B,C,A,A,H,-,A,D,0,,,,,Y,Y,A,01,2,4,0,0,0,0,0,0,0,"- ","- ",36.502468109130859,-119.28662872314453,TULARE,UNINCORPORATED,-119.28665161132812,36.502410888671875
92285135,2024,2024-01-11,9480,2024-01-08,1744,017452,,1,2,9,5400,0,3,5,,2,003,"DRIVE 92B",SR-99,0.00,,Y,A,-,N,,,,,,,,,,Y,2,0,2,2,A,-,09,21801,A,N,A,C,A,A,H,-,E,D,0,,,,,Y,,D,22,1,1,0,0,0,0,0,0,0,"- ","- ",36.266269683837891,-119.36427307128906,TULARE,UNINCORPORATED,-119.36396789550781,36.266551971435547
92404399,2024,2024-06-03,9480,2024-05-16,2115,021370,,4,2,9,5400,0,3,5,,2,004,"AVENUE 320","ROAD 220",30.00,E,N,A,-,N,,,,,,,,,,N,2,0,1,1,A,-,08,22107,,N,F,A,A,A,H,-,D,D,0,,,Y,,Y,,C,02,1,0,0,0,0,0,0,0,1,"- ","- ",36.368038177490234,-119.08011627197266,TULARE,UNINCORPORATED,-119.08018493652344,36.367904663085938
93768333,2024,2024-08-07,9480,2024-07-28,"855 ",019048,,7,1,9,5400,0,3,5,,2,004,"TOWER ROAD","KANEOHE AVENUE",378.00,N,N,A,-,N,,,,,,,,,,N,2,0,1,1,A,-,03,22350,,N,F,A,A,A,H,-,A,D,0,,,,,Y,,M,94,1,0,0,0,0,0,0,0,0,"- ","- ",36.353309631347656,-119.24185180664062,TULARE,UNINCORPORATED,-119.24186706542969,36.353263854980469
6514805,2014,2016-04-12,9480,2014-05-30,2236,018403,,5,3,9,5400,0,1,3,,2,095,"RT 99","AVE 24",3168.00,N,N,A,-,Y,TUL,6,99,-,-,3.680,H,-,S,Y,2,0,2,1,A,-,08,22107,,N,E,I,A,A,H,-,D,D,1,,,,,Y,,A,01,1,0,1,0,0,0,0,0,0,"- ","- ",35.836170000000003,-119.26133,TULARE,UNINCORPORATED,-119.26428841000001,35.842000149999997
6583404,2014,2014-08-18,9481,2014-07-25,1625,018815,,5,2,9,5400,0,3,5,,2,050,"SUCCESS VALLEY DR","RT 190",2112.00,S,N,A,-,N,,,,,,,,,,Y,2,0,1,1,A,-,08,22107,,N,E,I,A,A,H,-,A,D,0,,,,,Y,,A,01,1,0,0,0,0,0,0,0,0,"- ","- ",36.080010000000001,-118.89046,TULARE,UNINCORPORATED,-118.89046311,36.080074940000003
6612267,2014,2014-09-16,9481,2014-08-25,1330,16065,,1,1,9,5400,0,2,4,,1,051,"AVE 146","ROAD 284",450.00,W,N,A,-,N,,,,,,,,,,N,2,0,1,1,A,-,08,22107,,N,E,I,A,A,H,-,A,D,0,,,Y,,Y,,C,02,1,0,0,0,0,0,0,0,1,"- ","- ",36.052239999999998,-118.93956,TULARE,UNINCORPORATED,-118.93868723,36.052442370000001
8915797,2019,2019-08-14,5407,2019-03-23,2326,M203,480,6,5,5,5407,0,0,0,,0,,"N BEN MADDOX WY","E GOSHEN AV",0.00,,Y,A,-,N,,,,,,,,,,Y,2,0,3,2,A,-,01,23153,A,N,C,C,A,A,H,-,C,A,0,,,,,Y,Y,A,01,2,1,0,0,0,0,0,0,0,"- ","- ",36.334598541259766,-119.27870178222656,TULARE,VISALIA,-119.27877807617188,36.334621429443359
90335738,2016,2016-12-02,9480,2016-11-24,0238,019789,,4,3,9,5400,0,3,5,,2,003,"PRATT ST","PAIGE AVE",2165.00,N,N,A,-,N,,,,,,,,,,Y,2,0,1,1,A,-,01,23152,E,N,E,I,A,A,H,-,D,D,0,,,,,Y,,A,01,1,0,0,0,0,0,0,0,0,"- ","- ",36.188000000000002,-119.35781,TULARE,UNINCORPORATED,-119.35775278,36.187941449999997
90384622,2017,2017-02-02,9481,2017-01-27,0935,018707,,5,1,9,5400,0,3,5,,2,030,"AVENUE 96","ROAD 152",0.00,,Y,E,-,N,,,,,,,,,,Y,2,0,2,2,A,-,09,21801,A,N,D,C,A,A,H,-,A,D,0,,,,,Y,,E,22,1,0,1,0,0,0,0,0,0,"- ","- ",35.964390000000002,-119.23273,TULARE,UNINCORPORATED,-119.23271986,35.964390029999997
94703676,2025,2025-05-28,9480,2025-04-11,"30  ",022328,,5,3,9,5400,0,3,5,,2,005,"MARKET STREET","ELLSWORTH AVENUE",20.00,N,N,A,-,N,,,,,,,,,,Y,1,2,0,2,A,-,01,23152,G,N,A,C,A,A,H,-,C,D,0,,,Y,,Y,Y,C,02,0,0,0,0,0,0,0,2,0,"- ","- ",35.969230651855469,-119.29480743408203,TULARE,UNINCORPORATED,,
94748009,2025,2025-07-07,9480,2025-06-30,1753,021589,,1,2,9,5400,0,1,3,,2,093,"SR-99 N/B","CARTMILL AVE",1056.00,S,N,A,-,Y,TUL,,99," "," ",31.715,H,,R,Y,2,0,1,3,A,-,08,22107,,N,E,8,A,A,H,-,A,D,0,,,Y,,Y,,C,02,1,0,0,0,0,0,0,0,1,"- ","- ",36.238540649414062,-119.34439086914062,TULARE,UNINCORPORATED,-119.34429168701172,36.238582611083984
90678953,2018,2018-03-09,9480,2018-02-19,0546,016233,,1,3,9,5400,0,3,5,,2,001,"AVENUE 352","4TH AVENUE",4155.00,E,N,A,-,N,,,,,,,,,,Y,1,1,0,2,A,-,08,22107,,N,A,C,A,A,H,-,C,D,0,,,,Y,Y,,A,01,0,0,0,0,0,0,0,0,0,"- ","- ",36.430461883544922,-119.51496887207031,TULARE,UNINCORPORATED,-119.51496887207031,36.430461883544922
91260614,2020,2020-06-30,9480,2020-06-18,1645,016240,,4,2,9,5400,0,1,3,,2,091,"SR-99 N/B","ROAD 12",473.00,S,N,A,-,Y,,,99,,,,,,N,Y,2,0,2,2,A,-,03,22350,,N,C,C,A,A,H,-,A,D,0,,,,,Y,,A,01,1,0,1,0,0,0,0,0,0,"- ","- ",36.505100250244141,-119.54537200927734,TULARE,UNINCORPORATED,-119.54543304443359,36.505008697509766
91304869,2020,2020-09-15,9480,2020-09-06,0220,020612,,7,3,9,5400,0,1,3,,1,021,SR-63,SR-201,800.00,N,N,A,-,Y,,,63,,,,,,,Y,2,0,1,1,A,-,08,22107,,F,F,I,A,A,H,-,D,D,0,,,,,Y,,A,07,1,0,0,0,0,0,0,0,0,"- ","- ",36.489280700683594,-119.28666687011719,TULARE,UNINCORPORATED,-119.28663635253906,36.489276885986328
91773064,2022,2022-05-16,9480,2022-05-08,1600,020890,,7,2,9,5400,0,1,3,,2,015,"ROAD 96","AVENUE 160",35.00,N,N,A,-,N,,,,,,,,,,Y,2,0,1,1,A,-,08,22107,,N,F,I,A,A,H,-,A,D,0,,,,Y,Y,,G,25,1,0,0,0,0,0,0,0,0,"- ","- ",36.079971313476562,-119.35769653320312,TULARE,UNINCORPORATED,-119.35772705078125,36.080215454101562
91846711,2022,2022-08-23,9480,2022-08-13,0120,021370,,6,3,4,5406,0,1,3,,2,093,"STATE ROUTE 99 NORTHBOUND","AVENUE 200",56.00,S,N,A,-,Y,,,,,,,,,,Y,2,0,1,1,A,-,03,22350,,N,E,I,A,A,H,-,D,D,0,,,,,Y,,A,07,1,0,0,0,0,0,0,0,0,"- ","- ",36.109470367431641,-119.33072662353516,TULARE,TULARE,-119.33089447021484,36.150970458984375
92243807,2023,2023-11-24,9480,2023-11-15,1900,016995,,3,2,9,5400,0,3,5,,2,002,"SAND CREEK","ROAD 136",5280.00,E,N,B,C,N,,,,,,,,,,Y,2,0,1,1,A,-,03,22350,,N,F,I,A,B,H,-,D,D,0,,,,,Y,,D,22,1,0,0,0,0,0,0,0,0,"- ","- ",36.625019073486328,-119.25137329101562,TULARE,UNINCORPORATED,-119.25131988525391,36.625038146972656
6534523,2014,2014-07-29,5407,2014-05-28,2106,A14,480,3,5,5,5407,0,0,0,,0,033,WALNUT,CENTRAL,100.00,W,N,A,-,N,,,,,,,,,,N,2,0,1,2,A,-,05,21650,,N,D,G,A,A,H,-,C,D,0,,Y,,,Y,,L,04,1,0,0,0,0,0,1,0,0,"- ","- ",,,TULARE,VISALIA,-119.31240904000001,36.312964010000002
6536832,2014,2016-04-12,9480,2014-06-10,0500,12046,,2,3,9,5400,0,1,3,,2,091,"RT 99","MERRITT DR",9504.00,S,N,A,-,Y,TUL,6,99,-,-,46.910,H,-,N,Y,2,0,2,2,A,-,03,22350,,N,C,C,A,A,D,-,B,A,1,,,,Y,Y,,G,25,1,0,1,0,0,0,0,0,0,"- ","- ",36.430320000000002,-119.47349,TULARE,UNINCORPORATED,-119.47349287,36.430451959999999
7006023,2015,2015-07-28,9481,2015-06-22,0040,18657,,1,3,9,5400,0,1,3,,1,037,"RT 65","AVENUE 24",2640.00,S,N,A,-,Y,TUL,6,65,-,-,2.490,H,-,N,Y,1,1,1,2,A,-,05,21650,,N,A,C,A,A,H,-,D,D,0,,,,Y,Y,,A,07,0,0,1,0,0,0,0,0,0,"- ","- ",35.828119999999998,-119.05392999999999,TULARE,UNINCORPORATED,-119.05362363,35.82713785
7144535,2015,2016-01-06,5401,2015-05-23,2020,2132,5401,6,5,3,5401,0,0,0,,0,00B,"SIERRA WY","ROAD 70 RD",0.00,,Y,A,-,N,,,,,,,,,,Y,2,0,1,2,A,-,09,21804,A,N,A,C,A,A,H,-,C,D,0,,,,,Y,,A,01,1,0,0,0,0,0,0,0,0,"- ","- ",,,TULARE,DINUBA,-119.4172605,36.538857
8404754,2018,2018-06-15,5407,2018-04-05,0600,M222,480,4,5,5,5407,0,0,0,,0,025,"ACEQUIA AV",CHURCH,0.00,E,N,A,-,N,,,,,,,,,,Y,1,1,0,2,A,-,03,22350,,N,G,B,D,A,H,-,E,A,0,Y,,,,Y,,D,22,0,0,0,1,0,0,0,0,0,"- ","- ",36.329349517822266,-119.29064178466797,TULARE,VISALIA,-119.29116058349609,36.329231262207031
90314186,2016,2016-11-08,9481,2016-11-02,1835,019578,,3,2,9,5400,0,2,4,,1,031,"AVENUE 152","ROAD 168",40.00,W,N,A,-,N,,,,,,,,,,Y,2,0,1,2,A,-,03,22350,,N,C,C,A,A,H,-,D,D,0,,,,,Y,,A,07,1,0,0,0,0,0,0,0,0,"- ","- ",36.06568,-119.19712,TULARE,UNINCORPORATED,-119.19687519,36.065710469999999
90548933,2017,2017-09-15,9480,2017-09-09,0445,019697,,6,3,9,5400,0,3,5,,2,004,"AVENUE 296","ROAD 168",2112.00,E,N,A,-,N,,,,,,,,,,Y,2,0,4,1,A,-,01,23152,A,N,E,I,A,A,H,-,D,A,0,,,,,Y,Y,A,01,3,1,0,0,0,0,0,0,0,"- ","- ",36.327039999999997,-119.18894,TULARE,UNINCORPORATED,-119.19072850000001,36.327042040000002
90707039,2018,2018-04-17,9480,2018-04-02,1715,021186,,1,2,9,5400,0,1,3,,2,093,"SR-99 N/B","CALDWELL AVE",2112.00,S,N,A,-,Y,,,99,,,,,,N,Y,2,0,1,2,A,-,08,22107,,F,E,I,A,A,H,-,A,D,0,,,,,Y,,D,22,1,0,0,0,0,0,0,0,0,"- ","- ",36.292030334472656,-119.38092803955078,TULARE,UNINCORPORATED,-119.38114929199219,36.291877746582031
90723209,2018,2018-05-09,9480,2018-05-02,2500,015047,,3,4,9,5400,0,3,5,,2,002,"DRIVE 152","AVENUE 420",3909.00,N,N,A,-,N,,,,,,,,,,Y,2,0,1,1,A,-,03,22350,,N,E,I,A,A,H,-,D,D,0,,,,,Y,Y,A,07,1,0,0,0,0,0,0,0,0,"- ","- ",36.561538696289062,-119.23739624023438,TULARE,UNINCORPORATED,-119.23728942871094,36.561470031738281
90852515,2018,2018-11-05,9481,2018-10-28,0415,019578,,7,3,9,5400,0,3,5,,2,020,"BALCH PARK ROAD","BLUE OAK DRIVE",200.00,N,N,A,-,N,,,,,,,,,,Y,2,0,1,1,A,-,01,23152,A,N,E,I,A,A,H,-,D,D,0,,,,,Y,Y,A,01,1,0,0,0,0,0,0,0,0,"- ","- ",36.209148406982422,-118.80886840820312,TULARE,UNINCORPORATED,-118.80876922607422,36.208946228027344
91110514,2019,2019-10-31,9480,2019-10-17,1700,019186,,4,2,9,5400,0,3,5,,2,006,"AVENUE 261","TAMMY AVE",200.00,E,N,A,-,N,,,,,,,,,,N,2,0,1,2,A,-,11,21954,A,N,G,B,E,A,H,-,A,D,0,Y,,,,Y,,N,60,1,0,0,0,1,0,0,0,0,"- ","- ",36.264530181884766,-119.31072235107422,TULARE,UNINCORPORATED,-119.31119537353516,36.264488220214844
6500431,2014,2014-07-29,9480,2014-05-04,2119,017291,,7,2,9,5400,0,3,5,,2,002,"ROAD 120","AVE 424",0.00,,Y,A,-,N,,,,,,,,,,Y,2,0,3,4,A,-,01,23152,A,N,D,C,A,A,H,-,C,D,0,,,,,Y,Y,A,01,1,1,1,0,0,0,0,0,0,"- ","- ",36.55941,-119.30512,TULARE,UNINCORPORATED,-119.30500996000001,36.559400029999999
8910941,2020,2022-06-13,5406,2020-02-21,2301,30,5406,5,5,4,5406,0,0,0,,0,0AO,"J ST","RT 137",0.00,,Y,A,-,Y,TUL,6,137,-,R,15.381,I,6,E,Y,1,1,0,1,A,-,08,22107,,N,E,I,A,A,H,-,C,A,0,,,,,Y,Y,A,07,0,0,0,0,0,0,0,0,0,"- ","- ",,,TULARE,TULARE,-119.34683990478516,36.205226898193359