CASE_ID,ACCIDENT_YEAR,PROC_DATE,JURIS,COLLISION_DATE,COLLISION_TIME,OFFICER_ID,REPORTING_DISTRICT,DAY_OF_WEEK,CHP_SHIFT,POPULATION,CNTY_CITY_LOC,SPECIAL_COND,BEAT_TYPE,CHP_BEAT_TYPE,CITY_DIVISION_LAPD,CHP_BEAT_CLASS,BEAT_NUMBER,PRIMARY_RD,SECONDARY_RD,DISTANCE,DIRECTION,INTERSECTION,WEATHER_1,WEATHER_2,STATE_HWY_IND,CALTRANS_COUNTY,CALTRANS_DISTRICT,STATE_ROUTE,ROUTE_SUFFIX,POSTMILE_PREFIX,POSTMILE,LOCATION_TYPE,RAMP_INTERSECTION,SIDE_OF_HWY,TOW_AWAY,COLLISION_SEVERITY,NUMBER_KILLED,NUMBER_INJURED,PARTY_COUNT,PRIMARY_COLL_FACTOR,PCF_CODE_OF_VIOL,PCF_VIOL_CATEGORY,PCF_VIOLATION,PCF_VIOL_SUBSECTION,HIT_AND_RUN,TYPE_OF_COLLISION,MVIW,PED_ACTION,ROAD_SURFACE,ROAD_COND_1,ROAD_COND_2,LIGHTING,CONTROL_DEVICE,CHP_ROAD_TYPE,PEDESTRIAN_ACCIDENT,BICYCLE_ACCIDENT,MOTORCYCLE_ACCIDENT,TRUCK_ACCIDENT,NOT_PRIVATE_PROPERTY,ALCOHOL_INVOLVED,STWD_VEHTYPE_AT_FAULT,CHP_VEHTYPE_AT_FAULT,COUNT_SEVERE_INJ,COUNT_VISIBLE_INJ,COUNT_COMPLAINT_PAIN,COUNT_PED_KILLED,COUNT_PED_INJURED,COUNT_BICYCLIST_KILLED,COUNT_BICYCLIST_INJURED,COUNT_MC_KILLED,COUNT_MC_INJURED,PRIMARY_RAMP,SECONDARY_RAMP,LATITUDE,LONGITUDE,COUNTY,CITY,POINT_X,POINT_Y
8911342,2020,2020-07-22,5401,2020-04-20,1023,2126,5401,1,5,3,5401,0,0,0,,0,001,"N ALTA","GRIGGS RD",428.00,N,N,A,-,N,,,,,,,,,,N,1,1,0,2,A,-,21,22106,,N,C,C,A,A,H,-,A,D,0,,,,Y,Y,,G,27,0,0,0,0,0,0,0,0,0,"- ","- ",,,TULARE,DINUBA,-119.39511871337891,36.567543029785156
9005090,2019,2020-02-04,5407,2019-12-03,0831,12091,480,2,5,5,5407,0,0,0,,0,011,"W RIGGIN AV","AMERICAN ST",0.00,,Y,E,-,N,,,,,,,,,,Y,2,0,1,2,A,-,03,22350,,N,D,C,A,A,H,-,A,A,0,,,,Y,Y,,A,01,1,0,0,0,0,0,0,0,0,"- ","- ",36.356479644775391,-119.36782836914062,TULARE,VISALIA,-119.40354156494141,36.356369018554688
9320700,2022,2022-05-17,5407,2022-02-09,1920,M194,480,3,5,5,5407,0,0,0,,0,012,"COUNTY CENTER",VICTOR,21.00,N,N,A,-,N,,,,,,,,,,Y,1,1,0,2,A,-,11,21954,A,N,G,B,-,A,H,-,C,A,0,Y,,,,Y,,N,60,0,0,0,1,0,0,0,0,0,"- ","- ",36.30181884765625,-119.32277679443359,TULARE,VISALIA,-119.32263946533203,36.301677703857422
9810569,2025,2025-06-17,5405,2025-04-08,1831,282,SEC1,2,5,4,5405,0,0,0,,0,,"BELLEVIEW AV","VILLA ST",0.00,,Y,A,-,N,,,,,,,,,,Y,2,0,1,2,A,-,09,21802,A,N,D,G,A,A,H,-,A,A,0,,Y,,,Y,,L,04,1,0,0,0,0,0,1,0,0,"- ","- ",36.075019836425781,-119.03077697753906,TULARE,PORTERVILLE,-119.03053283691406,36.074779510498047
91639688,2021,2021-12-01,9481,2021-11-24,0725,017957,,3,1,9,5400,0,3,5,,2,020,"AVENUE 196","ROAD 276",4224.00,W,N,A,-,N,,,,,,,,,,Y,2,0,1,1,A,-,08,22107,,N,E,I,A,A,H,-,A,D,0,,,,,Y,,A,01,1,0,0,0,0,0,0,0,0,"- ","- ",36.145130157470703,-118.96927642822266,TULARE,UNINCORPORATED,-118.97296905517578,36.145088195800781
91659902,2021,2021-12-23,9481,2021-12-20,0202,021234,,1,3,9,5400,0,3,5,,2,030,"ROAD 192","COUNTY LINE ROAD",0.00,,Y,E,-,N,,,,,,,,,,Y,2,0,1,1,A,-,01,23152,A,N,E,I,A,A,H,-,D,A,0,,,,,Y,Y,A,07,1,0,0,0,0,0,0,0,0,"- ","- ",35.790668487548828,-119.14308929443359,TULARE,UNINCORPORATED,-119.143067,35.790697999999999
91867792,2022,2022-09-19,9480,2022-09-11,1930,019349,,7,2,9,5400,0,1,3,,1,044,"STATE ROUTE 198","HORSE CREEK ROAD",8448.00,W,N,A,-,Y,,,,,,,,,,N,2,0,1,1,D,-,00,,,F,H,A,A,A,H,-,D,D,0,,,,,Y,,-,"- ",1,0,0,0,0,0,0,0,0,"- ","- ",36.398868560791016,-119.97277069091797,TULARE,UNINCORPORATED,-118.97045135498047,36.397632598876953
90516747,2017,2017-12-21,9480,2017-07-23,0955,017108,,7,1,9,5400,0,3,5,,2,006,"ROAD 128 (SOUTH SANTA FE STREET)","TULARE IRRIGATION CANAL",150.00,N,N,A,-,N,,,,,,,,,,Y,1,1,0,1,A,-,08,22107,,N,E,I,A,A,H,-,A,D,0,,,,,Y,Y,A,01,0,0,0,0,0,0,0,0,0,"- ","- ",36.29177,-119.28753,TULARE,UNINCORPORATED,-119.28751320000001,36.291767909999997
90887709,2018,2018-12-21,9480,2018-12-12,0842,016210,,3,1,9,5400,0,3,5,,2,002,"MONSON DRIVE","ROAD 104",48.00,S,N,A,-,N,,,,,,,,,,Y,2,0,1,2,A,-,03,22350,,N,F,A,A,A,H,-,A,A,0,,,Y,Y,Y,,C,02,1,0,0,0,0,0,0,0,1,"- ","- ",36.495258331298828,-119.34017181396484,TULARE,UNINCORPORATED,-119.34049987792969,36.495586395263672
91156530,2019,2019-12-31,9480,2019-12-17,0735,013821,,2,1,9,5400,0,1,3,,1,051,"SR-43 S/B (CENTRAL VALLEY HWY)","AVENUE 56",2640.00,S,N,A,-,Y,,,43,,,,,,S,Y,2,0,2,2,A,-,08,22107,,N,B,C,A,A,H,-,A,D,0,,,,Y,Y,,D,22,2,0,0,0,0,0,0,0,0,"- ","- ",35.884601593017578,-119.40039825439453,TULARE,UNINCORPORATED,-119.40041351318359,35.884590148925781
91224093,2020,2020-04-10,9480,2020-04-05,0025,019828,,7,3,5,5407,0,1,3,,1,064,"SR-198 W/B","GIDDING ST.",0.00,,N,B,-,Y,,,198,,,,,,W,N,2,0,1,2,A,-,11,21954,A,N,G,B,D,A,H,-,D,D,0,Y,,,,Y,Y,N,60,1,0,0,0,1,0,0,0,0,"- ","- ",36.327091217041016,-119.30518341064453,TULARE,VISALIA,-119.30518341064453,36.326950073242188
91232779,2020,2020-05-01,9480,2020-04-29,2045,014628,,3,2,9,5400,0,1,3,,2,095,"SR-99 S/B","COUNTY LINE RD.",800.00,N,N,A,-,Y,,,99,,,,,,S,Y,2,0,2,1,A,-,01,23152,A,N,F,A,A,A,H,-,D,D,0,,,,,Y,Y,A,07,1,1,0,0,0,0,0,0,0,"- ","- ",35.792369842529297,-119.25227355957031,TULARE,UNINCORPORATED,-119.25233459472656,35.792320251464844
91515576,2021,2021-07-08,9480,2021-06-30,1412,019543,,3,2,9,5400,0,3,5,,2,002,"ROAD 144","AVENUE 392",2112.00,N,N,A,-,N,,,,,,,,,,Y,2,0,1,2,A,-,01,23152,F,N,B,C,A,A,H,-,A,D,0,,,,,Y,,A,01,1,0,0,0,0,0,0,0,0,"- ","- ",36.506439208984375,-119.2506103515625,TULARE,UNINCORPORATED,-119.25064849853516,36.506515502929688
6953970,2015,2015-07-09,9480,2015-06-22,1430,13656,,1,2,9,5400,0,3,5,,2,004,"ROAD 156","AVENUE 362",3840.00,N,N,A,-,N,,,,,,,,,,Y,2,0,6,2,A,-,05,21650,,N,B,C,A,A,H,-,A,D,0,,,,,Y,,D,22,1,4,1,0,0,0,0,0,0,"- ","- ",36.45843,-119.22354,TULARE,UNINCORPORATED,-119.22347037,36.457036549999998
9501518,2022,2022-10-17,5407,2022-08-15,0128,A369,480,1,5,5,5407,0,0,0,,0,O26,"N BEN MADDOX WY","SAINT JOHNS",821.00,N,N,A,-,N,,,,,,,,,,Y,2,0,1,1,A,-,01,23152,A,F,E,I,A,A,H,-,C,D,0,,,,,Y,Y,A,01,1,0,0,0,0,0,0,0,0,"- ","- ",36.352340698242188,-119.27880096435547,TULARE,VISALIA,-119.27893829345703,36.352500915527344
90966936,2019,2019-04-12,9481,2019-03-30,2315,017991,,6,3,9,5400,0,1,3,,1,053,"STATE ROUTE 190","RADELEFF AVENUE",0.00,,Y,A,-,Y,,,190,,,,,,,Y,2,0,2,2,A,-,12,22450,A,N,D,C,A,A,H,-,C,A,0,,,Y,,Y,,C,02,1,0,1,0,0,0,0,0,1,"- ","- ",36.125881195068359,-118.82241058349609,TULARE,UNINCORPORATED,-118.82237243652344,36.1258544921875
90987947,2018,2019-05-14,9481,2018-12-17,0712,021175,,1,1,9,5400,0,1,3,,1,012,"STATE ROUTE 65 (NORTHBOUND)","W. LINDA VISTA AVENUE",1056.00,N,N,B,-,Y,,,65,,,,,,,Y,1,1,4,5,A,-,01,23152,F,N,A,C,A,B,H,-,B,D,0,,,,,Y,,D,22,2,2,0,0,0,0,0,0,0,"- ","- ",36.106498718261719,-119.04460144042969,TULARE,UNINCORPORATED,-119.04465484619141,36.106464385986328
91041864,2019,2019-12-27,9480,2019-05-13,0756,016723,,1,1,9,5400,0,1,3,,1,021,"STATE ROUTE 63 (ROAD 124)","AVENUE 336",450.00,N,N,A,-,Y,,,63,,,,,,,Y,1,2,2,3,A,-,08,22107,,N,A,C,A,A,H,-,A,D,0,,,,Y,Y,,A,01,0,2,0,0,0,0,0,0,0,"- ","- ",36.400291442871094,-119.29621887207031,TULARE,UNINCORPORATED,-119.29630279541016,36.400291442871094
91238083,2020,2020-05-15,9481,2020-02-26,1704,019578,,3,2,9,5400,0,3,5,,2,050,"ROAD 256","AVENUE 108",0.00,,Y,A,-,N,,,,,,,,,,Y,1,1,5,3,A,-,09,21804,A,N,D,C,A,A,H,-,A,D,0,,,,,Y,,A,01,4,1,0,0,0,0,0,0,0,"- ","- ",35.985969543457031,-119.00002288818359,TULARE,UNINCORPORATED,-119.00000762939453,35.9859619140625
92284884,2024,2024-01-11,9480,2024-01-04,2058,020721,,4,2,5,5407,0,1,3,,2,095,"SR-99 N/B TO SR-198 E/B","PLAZA DR",5280.00,W,N,A,-,Y,,,,,,,,,,N,2,0,1,2,A,-,11,21954,A,N,G,B,D,A,H,-,D,D,0,Y,,,,Y,,N,60,1,0,0,0,1,0,0,0,0,"- ","- ",36.326129913330078,-119.40228271484375,TULARE,VISALIA,,
91325078,2020,2020-10-16,9481,2020-10-13,0630,015290,,2,1,9,5400,0,2,4,,2,052,"MOUNTAIN ROAD 137 (RESERVATION ROAD)","CHIMNEY ROAD",1056.00,W,N,A,-,N,,,,,,,,,,Y,2,0,3,2,A,-,05,21460,A,N,A,C,A,A,H,-,B,D,0,,,,,Y,,A,07,1,0,2,0,0,0,0,0,0,"- ","- ",36.015579223632812,-118.82884979248047,TULARE,UNINCORPORATED,,
91330409,2020,2020-10-28,9480,2020-08-28,0610,013656,,5,1,9,5400,0,3,5,,2,006,"ROAD 216","AVENUE 247",581.00,N,N,A,-,N,,,,,,,,,,Y,1,1,0,2,A,-,01,23152,F,N,E,I,A,A,H,-,B,D,0,,,,,Y,,A,01,0,0,0,0,0,0,0,0,0,"- ","- ",36.238800048828125,-119.09150695800781,TULARE,UNINCORPORATED,-119.091553,36.238650999999997
91703076,2021,2022-02-17,9480,2021-10-08,0939,019186,,5,1,4,5406,0,1,3,,2,093,"STATE ROUTE 99 NORTHBOUND","SOUTH K STREET OVERCROSSING",635.00,N,N,B,-,Y,,,99,,,,,,N,Y,1,1,0,2,A,-,08,22107,,N,D,C,A,B,H,-,A,D,0,,,,Y,Y,,A,01,0,0,0,0,0,0,0,0,0,"- ","- ",36.153350830078125,-119.33154296875,TULARE,TULARE,-119.33159637451172,36.153331756591797
92047683,2023,2023-04-18,9480,2023-04-01,2016,020837,,6,2,9,5400,0,1,3,,1,064,"STATE ROUTE 198 EASTBOUND","ROAD 196",1109.00,W,N,A,-,Y,TUL,,198," ",R,18.518,H,,R,Y,1,1,0,1,A,-,01,23152,A,N,E,8,A,A,H,-,D,D,0,,,,,Y,Y,A,01,0,0,0,0,0,0,0,0,0,"- ","- ",36.326148986816406,-119.13925933837891,TULARE,UNINCORPORATED,-119.13925933837891,36.326114654541016
92118676,2023,2023-07-17,9480,2023-04-28,1952,018861,,5,2,9,5400,0,3,5,,2,006,"AVENUE 256 (OAKDALE AVENUE)","ROAD 159",150.00,E,N,A,-,N,,,,,,,,,,Y,1,1,1,2,C,-,18,,,N,G,B,E,A,H,-,B,D,0,Y,,,,Y,Y,-,"- ",0,1,0,1,0,0,0,0,0,"- ","- ",36.254348754882812,-119.21746063232422,TULARE,UNINCORPORATED,-119.21749877929688,36.254318237304688
92137270,2023,2023-08-07,9481,2023-07-28,2110,019422,,5,2,9,5400,0,2,4,,1,011,"AVENUE 192","STATE ROUTE 65 S/B",25.00,W,N,A,-,Y,TUL,,65," "," ",24.551,H,,L,Y,2,0,1,1,A,-,01,23152,A,N,E,8,A,A,H,-,D,A,0,,,,,Y,Y,A,01,1,0,0,0,0,0,0,0,0,"- ","- ",36.138301849365234,-119.06768798828125,TULARE,UNINCORPORATED,-119.06755065917969,36.138374328613281
6292308,2015,2016-04-04,9435,2015-04-29,1555,17088,,3,2,9,5400,0,1,3,,2,184,"RT 180","RT 245",12672.00,E,N,A,-,Y,TUL,6,180,-,-,110.200,H,-,W,Y,1,1,0,1,A,-,03,22350,,N,F,A,A,A,H,-,A,D,0,,,Y,,Y,,C,02,0,0,0,0,0,0,0,1,0,"- ","- ",36.716250000000002,-118.96845,TULARE,UNINCORPORATED,-118.96831211999999,36.716156339999998
9302606,2021,2021-08-31,5406,2021-07-09,1716,27,,5,5,4,5406,0,0,0,,0,0ES,"PASEO DEL LAGO",TINTO,123.00,S,N,A,-,N,,,,,,,,,,Y,2,0,2,1,A,-,03,22350,,N,E,I,A,A,H,-,A,D,0,,,,,Y,,A,07,1,0,1,0,0,0,0,0,0,"- ","- ",,,TULARE,TULARE,-119.31783294677734,36.234218597412109
9511188,2022,2023-02-01,5403,2022-12-03,2049,848,VISAL,6,5,2,5403,0,0,0,,0,12F,"W FRONT ST","N SHASTA AV",144.00,E,N,B,C,N,,,,,,,,,,Y,2,0,1,1,A,-,08,22107,,N,E,I,A,B,H,-,C,D,0,,,,,Y,Y,A,01,1,0,0,0,0,0,0,0,0,"- ","- ",,,TULARE,FARMERSVILLE,-119.20899200439453,36.304679870605469
9604197,2023,2023-11-16,5407,2023-09-23,1805,A371,480,6,5,5,5407,0,0,0,,0,026,"W FERGUSON AV","RT 63",0.00,,-,A,-,Y,TUL,6,63,-,-,9.640,I,5,N,N,2,0,1,2,A,-,10,21950,A,F,D,G,A,A,H,-,A,A,0,,Y,,,Y,,A,01,1,0,0,0,0,0,1,0,0,"- ","- ",36.349510192871094,-119.29692077636719,TULARE,VISALIA,-119.29689025878906,36.349514007568359
90406505,2017,2017-03-06,9480,2017-02-23,2155,019789,,4,2,9,5400,0,3,5,,2,006,"AVENUE 272","ROAD 140",2112.00,W,N,A,-,N,,,,,,,,,,Y,2,0,1,1,A,-,08,22107,,N,E,I,A,A,H,-,D,D,0,,,,,Y,,A,07,1,0,0,0,0,0,0,0,0,"- ","- ",36.284669999999998,-119.26976999999999,TULARE,UNINCORPORATED,-118.96396,36.043770000000002
90961346,2018,2019-04-04,9480,2018-12-07,2155,018521,,5,2,9,5400,0,1,3,,1,030,"STATE ROUTE 137 (AVENUE 228)","ROAD 76",2640.00,W,N,A,-,Y,,,137,,,,,,,Y,1,1,0,2,A,-,01,23152,A,N,F,A,A,A,H,-,D,D,0,,,Y,,Y,Y,C,02,0,0,0,0,0,0,0,1,0,"- ","- ",36.203399658203125,-119.41033172607422,TULARE,UNINCORPORATED,-119.41033172607422,36.203418731689453
91586136,2021,2021-10-01,9480,2021-07-31,1435,019349,,6,2,9,5400,0,3,5,,2,001,"AVENUE 368","ROAD 52",1584.00,E,N,A,-,N,,,,,,,,,,Y,1,3,0,3,A,-,01,23152,G,N,A,C,A,A,H,-,A,D,0,,,,,Y,,A,01,0,0,0,0,0,0,0,0,0,"- ","- ",36.458869934082031,-119.45131683349609,TULARE,UNINCORPORATED,-119.45128631591797,36.458850860595703
92299614,2024,2024-01-29,9480,2024-01-25,1535,020837,,4,2,9,5400,0,3,5,,2,005,"ROAD 144","AVENUE 24",3960.00,N,N,A,-,N,,,,,,,,,,Y,2,0,1,1,A,-,08,22107,,N,E,8,A,A,H,-,A,D,0,,,,,Y,,A,01,1,0,0,0,0,0,0,0,0,"- ","- ",35.844890594482422,-119.25032043457031,TULARE,UNINCORPORATED,-119.25027465820312,35.844776153564453
94669151,2024,2025-04-29,9480,2024-08-11,"735 ",021628,,7,1,9,5400,0,3,5,,2,005,"AVENUE 56","ROAD 112",4752.00,W,N,A,-,N,,,,,,,,,,Y,2,0,6,2,A,-,01,23152,A,N,A,C,A,A,H,-,A,D,0,,,,,Y,Y,A,01,2,3,1,0,0,0,0,0,0,"- ","- ",35.891860961914062,-119.33737945556641,TULARE,UNINCORPORATED,-119.33820343017578,35.891841888427734
8682898,2018,2018-10-03,5406,2018-08-14,2103,35,5406,2,5,4,5406,0,0,0,,0,0ES,HILLMAN,PROSPERITY,100.00,N,N,A,-,N,,,,,,,,,,N,2,0,1,2,A,-,11,21954,A,N,G,B,D,A,H,-,C,D,0,Y,,,,Y,,N,60,1,0,0,0,1,0,0,0,0,"- ","- ",,,TULARE,TULARE,-119.33080291748047,36.226119995117188
9320598,2022,2022-04-22,5405,2022-03-27,1923,259,"SEC 1",7,5,4,5405,0,0,0,,0,,"HENDERSON AV","PATSY ST",57.00,W,N,A,-,N,,,,,,,,,,Y,1,1,2,2,A,-,05,21651,B,N,A,C,A,A,H,-,C,D,0,,,,,Y,,D,22,2,0,0,0,0,0,0,0,0,"- ","- ",36.079639434814453,-119.05693817138672,TULARE,PORTERVILLE,-119.05541229248047,36.080329895019531
90404341,2017,2017-04-07,9480,2017-01-04,1446,017709,,3,2,9,5400,0,3,5,,2,002,"ROAD 124","AVENUE 432",0.00,,Y,B,-,N,,,,,,,,,,Y,1,2,1,2,A,-,12,22450,A,N,D,C,A,B,H,-,A,A,0,,,,,Y,,A,01,0,0,1,0,0,0,0,0,0,"- ","- ",36.573509999999999,-119.29607,TULARE,UNINCORPORATED,-119.29611989999999,36.573550019999999
91004280,2019,2019-06-05,9480,2019-05-22,2145,019828,,3,2,9,5400,0,3,5,,2,004,"RD. 154","VISALIA AVE.",200.00,N,N,B,-,N,,,,,,,,,,N,2,0,1,2,A,-,08,22107,,F,G,B,E,A,H,-,D,D,0,Y,,,,Y,Y,-,99,1,0,0,0,1,0,0,0,0,"- ","- ",36.482120513916016,-119.22765350341797,TULARE,UNINCORPORATED,-119.2276611328125,36.482658386230469
91026165,2019,2019-07-08,9480,2019-06-29,0740,016723,,6,1,9,5400,0,3,5,,2,001,"AVENUE 384","ROAD 74",600.00,E,N,A,-,N,,,,,,,,,,Y,2,0,1,1,A,-,08,22107,,N,E,I,A,A,H,-,A,D,0,,,,,Y,,D,22,1,0,0,0,0,0,0,0,0,"- ","- ",36.488010406494141,-119.4061279296875,TULARE,UNINCORPORATED,-119.40618896484375,36.488075256347656
91264998,2020,2020-07-08,9480,2020-06-28,0130,018421,,7,3,9,5400,0,1,3,,1,044,"SR-198 (SIERRA DRIVE)","AVENUE 300",1109.00,W,N,A,-,Y,,,198,,,,,,,Y,2,0,1,1,A,-,01,23152,A,N,E,I,A,A,H,-,D,A,0,,,,,Y,Y,A,01,1,0,0,0,0,0,0,0,0,"- ","- ",36.329929351806641,-119.07440948486328,TULARE,UNINCORPORATED,-119.07432556152344,36.329860687255859
91684107,2022,2022-01-24,9480,2022-01-18,1525,020837,,2,2,9,5400,0,1,3,,2,095,"STATE ROUTE 99 NORTHBOUND","AVENUE 120",2640.00,N,N,A,-,Y,TUL,,99,,,15.925,H,,R,Y,2,0,1,2,A,-,03,22350,,F,F,A,A,A,H,-,A,D,0,,,Y,,Y,,C,02,1,0,0,0,0,0,0,0,1,"- ","- ",36.015529632568359,-119.30406188964844,TULARE,UNINCORPORATED,-119.30406188964844,36.015529632568359
92145385,2023,2023-08-16,9481,2023-08-12,"555 ",017957,,6,3,9,5400,0,3,5,,2,030,"ROAD 160","AVENUE 88",1584.00,S,N,A,-,N,,,,,,,,,,Y,2,0,1,2,A,-,05,21650,,N,B,C,A,A,H,-,D,D,0,,,,,Y,,M,46,1,0,0,0,0,0,0,0,0,"- ","- ",35.944580078125,-119.21485137939453,TULARE,UNINCORPORATED,-119.21483612060547,35.945552825927734
92336120,2024,2024-03-12,9480,2024-03-03,"40  ",021971,,7,3,9,5400,0,1,3,,2,095,"SR-99 N/B","AVENUE 120",1450.00,S,N,B,C,Y,TUL,,99," "," ",15.087,H,,R,Y,2,0,1,1,A,-,08,22107,,N,E,8,A,B,H,-,D,D,0,,,,,Y,,A,01,1,0,0,0,0,0,0,0,0,"- ","- ",36.003631591796875,-119.30126190185547,TULARE,UNINCORPORATED,-119.30139923095703,36.003620147705078
92352349,2024,2024-04-02,9480,2024-03-16,1807,022293,,6,2,9,5400,0,3,5,,2,002,"AVENUE 384","ROAD 86",364.00,W,N,A,-,N,,,,,,,,,,Y,2,0,3,2,A,-,08,22107,,F,A,C,A,A,H,-,A,D,0,,,,,Y,,A,01,3,0,0,0,0,0,0,0,0,"- ","- ",36.487728118896484,-119.38156127929688,TULARE,UNINCORPORATED,-119.38162994384766,36.48773193359375
6292296,2015,2015-06-24,5407,2015-04-14,0313,M66,480,2,5,5,5407,0,0,0,,0,026,"MCAULIFF ST","ST JOHNS PKWY",1220.00,N,N,A,-,N,,,,,,,,,,Y,1,1,2,2,A,-,01,23153,B,N,C,C,A,A,E,-,D,D,0,,,,,Y,Y,A,01,0,2,0,0,0,0,0,0,0,"- ","- ",,,TULARE,VISALIA,-119.25202,36.347610000000003
9520041,2022,2023-02-09,5406,2022-10-02,0231,55,,7,5,4,5406,0,0,0,,0,0AO,PROSPERITY,BRENTWOOD,14.00,W,N,A,-,N,,,,,,,,,,N,1,1,0,2,A,-,03,22350,,F,G,B,E,A,H,-,C,A,0,Y,,,,Y,,D,22,0,0,0,1,0,0,0,0,0,"- ","- ",,,TULARE,TULARE,-119.32643890380859,36.225841522216797
9520565,2022,2023-08-18,5406,2022-11-06,1647,35,5406,7,5,4,5406,0,0,0,,0,0WS,"RT 137","I ST",0.00,,Y,A,-,Y,TUL,6,137,-,-,15.280,I,5,W,N,1,1,0,2,A,-,12,22450,A,F,E,G,A,A,H,-,A,A,0,,Y,,,Y,,L,04,0,0,0,0,0,1,0,0,0,"- ","- ",,,TULARE,TULARE,-119.34864807128906,36.205009460449219
90535014,2017,2017-08-28,9480,2017-08-18,0519,018521,,5,3,9,5400,0,3,5,,2,003,"BEACON AVE","PRATT ST",460.00,E,N,A,-,N,,,,,,,,,,N,2,0,1,2,A,-,03,22350,,F,G,B,E,A,H,-,D,D,0,Y,,,,Y,,-,99,1,0,0,0,1,0,0,0,0,"- ","- ",36.172400000000003,-119.35599999999999,TULARE,UNINCORPORATED,-119.35613305,36.172390419999999
90820552,2018,2018-09-25,9480,2018-09-13,0340,019543,,4,3,9,5400,0,1,3,,1,051,"SR-43 (CENTRAL VALLEY HWY)","AVE 128",1493.00,N,N,A,-,Y,,,43,,,,,,,Y,2,0,1,2,A,-,05,21650,,N,B,C,A,A,H,-,D,D,0,,,,Y,Y,,A,01,1,0,0,0,0,0,0,0,0,"- ","- ",36.025638580322266,-119.50328063964844,TULARE,UNINCORPORATED,-119.50331878662109,36.025611877441406
90998876,2019,2019-05-30,9480,2019-05-18,2140,017291,,6,2,9,5400,0,1,3,,2,093,"STATE ROUTE-99 (SOUTHBOUND)","STATE ROUTE 198",1060.00,S,N,C,-,Y,,,99,,,,,,,Y,2,0,4,2,A,-,03,22350,,N,C,C,A,B,H,-,D,D,0,,,,,Y,,A,07,1,0,3,0,0,0,0,0,0,"- ","- ",36.320430755615234,-119.40072631835938,TULARE,UNINCORPORATED,-119.40072631835938,36.3204345703125
91306562,2020,2020-11-04,9480,2020-05-19,0727,018521,,2,1,9,5400,0,3,5,,2,001,"ROAD 80 SOUTHBOUND","AVENUE 360",6336.00,S,N,A,-,N,,,,,,,,,,Y,1,2,1,2,A,-,01,23152,F,N,C,C,A,A,H,-,A,D,0,,,,Y,Y,,A,01,0,0,1,0,0,0,0,0,0,"- ","- ",36.425289154052734,-119.39479827880859,TULARE,UNINCORPORATED,,
91466915,2021,2021-05-06,9480,2021-04-28,2102,019048,,3,2,9,5400,0,1,3,,1,064,"SR-198 W/B","FARMERSVILLE BLVD",1056.00,E,N,A,-,Y,,,198,,,,,,W,N,2,0,2,1,A,-,08,22107,,N,E,I,A,A,H,-,D,D,0,,,Y,,Y,,C,02,1,0,1,0,0,0,0,0,2,"- ","- ",36.326591491699219,-119.19985198974609,TULARE,UNINCORPORATED,-119.19985198974609,36.326900482177734
91933960,2022,2022-12-05,9480,2022-11-27,1623,017291,,7,2,9,5400,0,3,5,,2,001,"ROAD 64","AVENUE 424",2640.00,S,N,A,-,N,,,,,,,,,,N,2,0,1,2,A,-,03,22350,,N,D,C,A,A,H,-,A,D,0,,,Y,,Y,,C,02,1,0,0,0,0,0,0,0,1,"- ","- ",36.552951812744141,-119.43035888671875,TULARE,UNINCORPORATED,-119.43046569824219,36.553455352783203
91951116,2022,2022-12-23,9481,2022-12-12,0350,020917,,1,3,9,5400,0,2,4,,2,052,"MOUNTAIN 137 (RESERVATION ROAD)","POTHOLE ROAD",528.00,E,N,B,-,N,,,,,,,,,,Y,2,0,2,1,A,-,01,23152,A,N,E,I,A,B,H,-,D,D,0,,,,,Y,Y,A,01,1,1,0,0,0,0,0,0,0,"- ","- ",36.030010223388672,-118.87825012207031,TULARE,UNINCORPORATED,-118.87841033935547,36.030097961425781
92010494,2023,2023-03-06,9480,2023-02-24,1445,019349,,5,2,9,5400,0,1,3,,2,093,"STATE ROUTE 99 NORTHBOUND","PAIGE AVENUE",950.00,S,N,C,-,Y,TUL,,99," "," ",27.407,H,,R,Y,2,0,3,2,A,-,03,22350,,N,D,C,A,B,H,-,A,D,0,,,,,Y,,A,01,1,2,0,0,0,0,0,0,0,"- ","- ",36.179401397705078,-119.32865142822266,TULARE,UNINCORPORATED,-119.32866668701172,36.179401397705078
9150930,2020,2020-09-21,5407,2020-07-04,0448,M226,480,6,5,5,5407,0,0,0,,0,034,"S LOVERS LN","E CALDWELL AV",108.00,N,N,A,-,N,,,,,,,,,,Y,2,0,1,1,A,-,01,23152,B,N,B,A,A,A,H,-,B,A,0,,,Y,,Y,Y,O,05,1,0,0,0,0,0,0,0,1,"- ","- ",36.298290252685547,-119.26090240478516,TULARE,VISALIA,-119.26094818115234,36.29864501953125