CASE_ID,ACCIDENT_YEAR,PROC_DATE,JURIS,COLLISION_DATE,COLLISION_TIME,OFFICER_ID,REPORTING_DISTRICT,DAY_OF_WEEK,CHP_SHIFT,POPULATION,CNTY_CITY_LOC,SPECIAL_COND,BEAT_TYPE,CHP_BEAT_TYPE,CITY_DIVISION_LAPD,CHP_BEAT_CLASS,BEAT_NUMBER,PRIMARY_RD,SECONDARY_RD,DISTANCE,DIRECTION,INTERSECTION,WEATHER_1,WEATHER_2,STATE_HWY_IND,CALTRANS_COUNTY,CALTRANS_DISTRICT,STATE_ROUTE,ROUTE_SUFFIX,POSTMILE_PREFIX,POSTMILE,LOCATION_TYPE,RAMP_INTERSECTION,SIDE_OF_HWY,TOW_AWAY,COLLISION_SEVERITY,NUMBER_KILLED,NUMBER_INJURED,PARTY_COUNT,PRIMARY_COLL_FACTOR,PCF_CODE_OF_VIOL,PCF_VIOL_CATEGORY,PCF_VIOLATION,PCF_VIOL_SUBSECTION,HIT_AND_RUN,TYPE_OF_COLLISION,MVIW,PED_ACTION,ROAD_SURFACE,ROAD_COND_1,ROAD_COND_2,LIGHTING,CONTROL_DEVICE,CHP_ROAD_TYPE,PEDESTRIAN_ACCIDENT,BICYCLE_ACCIDENT,MOTORCYCLE_ACCIDENT,TRUCK_ACCIDENT,NOT_PRIVATE_PROPERTY,ALCOHOL_INVOLVED,STWD_VEHTYPE_AT_FAULT,CHP_VEHTYPE_AT_FAULT,COUNT_SEVERE_INJ,COUNT_VISIBLE_INJ,COUNT_COMPLAINT_PAIN,COUNT_PED_KILLED,COUNT_PED_INJURED,COUNT_BICYCLIST_KILLED,COUNT_BICYCLIST_INJURED,COUNT_MC_KILLED,COUNT_MC_INJURED,PRIMARY_RAMP,SECONDARY_RAMP,LATITUDE,LONGITUDE,COUNTY,CITY,POINT_X,POINT_Y
9786179,2024,2025-05-03,5407,2024-12-31,1202,M292,480,2,5,5,5407,0,0,0,,0,Q34,"W CAMERON AV","S STONEBROOK ST",0.00,,Y,A,-,N,,,,,,,,,,Y,1,1,1,2,A,-,08,22100,B,N,D,C,A,A,H,-,A,A,0,,,,,Y,,D,22,0,1,0,0,0,0,0,0,0,"- ","- ",36.294101715087891,-119.3067626953125,TULARE,VISALIA,-119.30527496337891,36.29412841796875
9829679,2025,2025-07-16,5407,2025-04-10,2203,A356,480,4,5,5,5407,0,0,0,,0,034,"W WHITENDALE AV","S GIDDINGS ST",0.00,,Y,A,-,N,,,,,,,,,,Y,2,0,1,2,A,-,09,21801,A,N,A,C,A,A,H,-,A,A,0,,,,,Y,,-,"- ",1,0,0,0,0,0,0,0,0,"- ","- ",,,TULARE,VISALIA,-119.30507659912109,36.305702209472656
90684499,2018,2018-03-19,9480,2018-03-11,0120,020890,,7,3,9,5400,0,1,3,,2,095,"STATE ROUTE 99 (SOUTHBOUND)","AVENUE 96",2640.00,S,N,B,-,Y,,,99,,,,,,,Y,2,0,2,1,A,-,01,23152,A,N,F,A,A,B,H,-,D,D,0,,,,,Y,Y,A,01,2,0,0,0,0,0,0,0,0,"- ","- ",35.957450866699219,-119.29109954833984,TULARE,UNINCORPORATED,-119.2911376953125,35.957443237304688
91601314,2021,2021-10-20,9480,2021-10-16,1540,019846,,6,2,9,5400,0,3,5,,2,002,"AVENUE 328","ROAD 92",986.00,E,N,E,-,N,,,,,,,,,,Y,2,0,1,2,A,-,03,22350,,N,C,C,A,A,H,-,A,D,0,,,,,Y,,A,07,1,0,0,0,0,0,0,0,0,"- ","- ",36.385398864746094,-119.36460876464844,TULARE,UNINCORPORATED,-119.36465454101562,36.385398864746094
91633031,2021,2021-11-23,9480,2021-11-12,0124,018861,,5,3,9,5400,0,1,3,,2,091,"STATE ROUTE 99 (N/B)","BETTY DRIVE",6435.00,N,N,A,-,Y,,,99,,,,,,,Y,2,0,1,2,A,-,08,22107,,N,E,I,A,A,H,-,D,D,0,,,,,Y,,A,01,1,0,0,0,0,0,0,0,0,"- ","- ",36.365520477294922,-119.43087005615234,TULARE,UNINCORPORATED,-119.43076324462891,36.365589141845703
91789273,2022,2024-03-12,9480,2022-04-03,1720,021370,,7,2,9,5400,0,3,5,,2,005,"AVENUE 120","ROAD 80",0.00,,Y,A,-,N,,,,,,,,,,N,1,1,1,2,A,-,09,21802,A,F,D,C,A,A,H,-,A,A,0,,,,,Y,,D,22,0,1,0,0,0,0,0,0,0,"- ","- ",36.007560729980469,-119.39338684082031,TULARE,UNINCORPORATED,-119.39337158203125,36.007560729980469
92092386,2023,2023-06-13,9480,2023-06-03,"300 ",020450,,6,3,9,5400,0,1,3,,1,030,SR-137,"ROAD 68",68.00,E,N,A,-,N,,,,,,,,,,Y,2,0,1,1,A,-,01,23152,A,N,E,I,A,A,H,-,D,D,0,,,,,Y,Y,A,01,1,0,0,0,0,0,0,0,0,"- ","- ",36.203521728515625,-119.42082214355469,TULARE,UNINCORPORATED,-119.42082214355469,36.203472137451172
92277097,2023,2024-01-02,9480,2023-11-16,1740,019048,,4,2,9,5400,0,3,5,,2,004,"AVENUE 320","ROAD 132",1056.00,W,N,A,-,N,,,,,,,,,,N,1,1,0,2,A,-,11,21956,A,N,G,B,E,A,H,-,D,D,0,Y,,,,Y,,N,60,0,0,0,1,0,0,0,0,0,"- ","- ",36.370960235595703,-119.28328704833984,TULARE,UNINCORPORATED,-119.28235626220703,36.370964050292969
92361187,2024,2024-04-10,9480,2024-04-07,"700 ",019048,,7,1,9,5400,0,3,5,,2,004,"AVENUE 328","ROAD 148",1170.00,W,N,A,-,N,,,,,,,,,,N,2,0,1,1,A,-,01,23152,A,N,E,I,A,A,H,-,B,D,0,,,,,Y,Y,D,22,1,0,0,0,0,0,0,0,0,"- ","- ",36.385231018066406,-119.24649810791016,TULARE,UNINCORPORATED,-119.24678039550781,36.385341644287109
92414287,2024,2024-06-13,9480,2024-04-07,2224,022293,,7,3,9,5400,0,3,5,,2,002,"AVENUE 384","SIMPSON ROAD",175.00,W,N,A,-,N,,,,,,,,,,Y,1,1,6,3,A,-,01,23152,A,N,B,C,A,A,H,-,D,D,0,,,,,Y,Y,A,01,2,2,2,0,0,0,0,0,0,"- ","- ",36.487258911132812,-119.33995056152344,TULARE,UNINCORPORATED,-119.34003448486328,36.487258911132812
6290337,2014,2014-12-22,9480,2014-03-14,1840,18403,,5,2,9,5400,0,1,3,,1,032,"RT 190","RT 99",0.00,,Y,A,-,Y,TUL,6,190,-,-,0.101,I,5,E,Y,1,1,1,2,A,-,09,21801,A,N,A,C,A,A,H,-,A,D,0,,,Y,,Y,,A,01,0,1,0,0,0,0,0,1,0,"- ","- ",36.051259999999999,-119.30906,TULARE,UNINCORPORATED,-119.30921737,36.051280499999997
6292151,2015,2015-05-19,9480,2015-02-13,2500,15282,,5,4,9,5400,0,1,3,,2,091,"RT 99","AVENUE 384",600.00,N,N,A,-,Y,TUL,6,99,-,-,51.920,H,-,N,N,1,1,0,2,A,-,08,22107,,F,G,B,E,A,D,H,B,D,1,Y,,,,Y,,-,99,0,0,0,1,0,0,0,0,0,"- ","- ",36.49221,-119.52191999999999,TULARE,UNINCORPORATED,-119.52015048,36.491129219999998
6511949,2014,2014-08-11,5405,2014-06-07,1603,106,,6,5,4,5405,0,0,0,,0,,"PROSPECT ST","BEL AIRE AV",0.00,,Y,A,-,N,,,,,,,,,,Y,2,0,1,2,A,-,09,21804,A,N,D,C,A,A,H,-,A,A,0,,,,,Y,,-,,1,0,0,0,0,0,0,0,0,"- ","- ",,,TULARE,PORTERVILLE,-119.04401009999999,36.082600110000001
8544082,2018,2018-01-31,5405,2018-01-11,1429,186,,4,5,4,5405,0,0,0,,0,002,"MAIN ST","NORTH GRAND AV",0.00,,Y,A,-,N,,,,,,,,,,Y,2,0,2,2,A,-,09,21801,A,N,D,C,A,A,H,-,A,A,0,,,,,Y,,-,,1,1,0,0,0,0,0,0,0,"- ","- ",,,TULARE,PORTERVILLE,-119.03516999999999,36.098219999999998
9794713,2025,2025-04-07,5405,2025-03-09,2238,323,SEC3,7,5,4,5405,0,0,0,,0,,"PLANO ST","VANDALIA AV",0.00,,Y,A,-,N,,,,,,,,,,Y,2,0,3,2,A,-,01,23153,A,N,D,C,A,A,H,-,C,D,0,,,,,Y,Y,A,01,2,1,0,0,0,0,0,0,0,"- ","- ",,,TULARE,PORTERVILLE,-119.00817108154297,36.052650451660156
90038430,2015,2015-10-26,9480,2015-09-02,1729,014351,,3,2,9,5400,0,3,5,,2,002,"ROAD 120","AVENUE 448",0.00,,Y,A,-,N,,,,,,,,,,Y,1,1,3,2,A,-,12,22450,A,N,D,C,A,A,H,-,A,A,0,,,,,Y,,D,22,0,2,1,0,0,0,0,0,0,"- ","- ",36.602420000000002,-119.30477,TULARE,UNINCORPORATED,-119.30484652,36.602672370000001
91817294,2022,2022-07-14,9481,2022-07-13,2200,016776,,3,3,9,5400,0,1,3,,1,012,"STATE ROUTE 65","AVENUE 196",0.00,,Y,A,-,Y,TUL,,65,,,25.127,H,,R,Y,2,0,3,2,A,-,12,21453,A,N,A,C,A,A,H,-,C,A,0,,,,,Y,,A,01,2,1,0,0,0,0,0,0,0,"- ","- ",36.145610809326172,-119.07248687744141,TULARE,UNINCORPORATED,-119.07225799560547,36.14569091796875
91957815,2022,2023-01-02,9481,2022-12-23,2200,018595,,5,3,9,5400,0,3,5,,2,010,"ROAD 168","AVENUE 192",2640.00,N,N,E,-,N,,,,,,,,,,N,2,0,1,1,A,-,08,22107,,N,E,I,A,B,E,-,D,D,0,,,,,Y,,A,01,1,0,0,0,0,0,0,0,0,"- ","- ",36.145149230957031,-119.196533203125,TULARE,UNINCORPORATED,-119.19670104980469,36.138259887695312
92229713,2023,2023-11-07,9481,2023-10-22,"55  ",021234,,7,3,9,5400,0,2,4,,1,031,"AVENUE 152","ROAD 176",2798.00,W,N,A,-,N,,,,,,,,,,Y,1,1,0,1,A,-,01,23152,,N,E,8,A,A,H,-,D,D,0,,,,,Y,Y,A,01,0,0,0,0,0,0,0,0,0,"- ","- ",36.065681457519531,-119.18836212158203,TULARE,UNINCORPORATED,-119.18827819824219,36.065715789794922
92288323,2024,2024-01-16,9480,2024-01-04,"410 ",020926,,4,3,9,5400,0,1,3,,2,093,"SR-99 S/B","AVENUE 260",4541.00,N,N,B,-,Y,TUL,,99," "," ",34.811,H,,L,Y,2,0,1,1,A,-,08,22107,,N,F,A,A,A,H,-,D,D,0,,,,Y,Y,,F,27,1,0,0,0,0,0,0,0,0,"- ","- ",36.277359008789062,-119.37191009521484,TULARE,UNINCORPORATED,-119.37183380126953,36.277393341064453
94696148,2025,2025-05-21,9481,2025-05-12,2316,019578,,1,3,9,5400,0,3,5,,2,020,"LINDMORE STREET (AVENUE 224)","HARVARD AVENUE (ROAD 220)",0.00,,Y,A,-,N,,,,,,,,,,Y,2,0,2,2,A,-,01,23152,A,N,D,C,A,A,H,-,A,A,0,,,,,Y,Y,A,07,1,1,0,0,0,0,0,0,0,"- ","- ",36.196269989013672,-119.08226013183594,TULARE,UNINCORPORATED,-119.08223724365234,36.196273803710938
90388558,2016,2017-04-07,9480,2016-07-01,0928,020612,,5,1,9,5400,0,1,3,,1,064,"STATE ROUTE 198 EASTBOUND","ROAD 182",2640.00,E,N,A,-,Y,,,198,,,,,,E,Y,1,1,3,4,A,-,08,22107,,N,C,E,E,A,H,-,A,D,0,Y,,,,Y,,D,22,1,2,0,0,2,0,0,0,0,"- ","- ",36.326309999999999,-119.15573000000001,TULARE,UNINCORPORATED,-119.15573051,36.326289580000001
90824605,2018,2018-09-28,9481,2018-09-24,1820,021234,,1,2,9,5400,0,3,5,,2,030,"AVENUE 8","ROAD 188",0.00,,Y,A,-,N,,,,,,,,,,Y,2,0,1,2,A,-,09,21801,A,N,D,C,A,A,H,-,A,D,0,,,,Y,Y,,F,26,1,0,0,0,0,0,0,0,0,"- ","- ",35.805149078369141,-119.152099609375,TULARE,UNINCORPORATED,-119.15210723876953,35.805149078369141
91473520,2021,2021-05-14,9480,2021-05-03,2150,017452,,1,2,9,5400,0,1,3,,2,091,"SR-99 N/B","MERRITT DRIVE",11088.00,S,N,A,-,Y,,,99,,,,,,N,Y,2,0,1,2,A,-,07,21658,A,N,C,C,A,A,H,-,D,D,0,,,,,Y,,A,01,1,0,0,0,0,0,0,0,0,"- ","- ",36.425941467285156,-119.47077178955078,TULARE,UNINCORPORATED,-119.47059631347656,36.426052093505859
91494825,2021,2021-06-11,9480,2021-06-04,1245,019427,,5,1,9,5400,0,3,5,,2,006,"AVENUE 288","ROAD 156",3570.00,W,N,A,-,N,,,,,,,,,,N,2,0,3,2,A,-,08,22107,,N,A,C,A,A,H,-,A,D,0,,,,,Y,,A,01,2,0,1,0,0,0,0,0,0,"- ","- ",36.312549591064453,-119.23651123046875,TULARE,UNINCORPORATED,-119.23679351806641,36.312538146972656
91775035,2022,2022-05-18,9481,2022-04-17,2200,018830,,7,3,9,5400,0,3,5,,2,050,"MOUNTAIN ROAD 160 (SUCCESS VALLEY DRIVE)","MOUNTAIN ROAD 137 (RESERVATION ROAD)",3168.00,N,N,A,-,N,,,,,,,,,,Y,1,1,0,2,A,-,05,21460,A,F,D,C,A,A,H,-,D,D,0,,,Y,,Y,,C,02,0,0,0,0,0,0,0,1,0,"- ","- ",36.041389465332031,-118.85826873779297,TULARE,UNINCORPORATED,,
91811062,2022,2022-07-06,9480,2022-06-29,1432,019543,,3,2,9,5400,0,3,5,,2,002,"ROAD 152","AVENUE 420",2112.00,N,N,A,-,N,,,,,,,,,,N,2,0,1,1,A,-,01,23152,A,N,E,I,A,A,H,-,A,D,0,,,,,Y,Y,A,01,1,0,0,0,0,0,0,0,0,"- ","- ",36.561809539794922,-119.23731994628906,TULARE,UNINCORPORATED,-119.23294830322266,36.557247161865234
8286853,2016,2017-01-24,5401,2016-12-18,2342,2120,5401,7,5,3,5401,0,0,0,,0,00B,"AMARILLO ST","S CRAWFORD AV",0.00,,Y,A,-,N,,,,,,,,,,Y,2,0,1,1,A,-,01,23152,A,N,E,I,A,A,H,-,C,D,0,,,,,Y,Y,A,07,1,0,0,0,0,0,0,0,0,"- ","- ",,,TULARE,DINUBA,,
90910116,2018,2019-03-27,9480,2018-12-21,1345,019186,,5,1,9,5400,0,3,5,,2,002,"AVENUE 448","HILLS VALLEY RD",0.00,,Y,B,-,N,,,,,,,,,,Y,1,1,2,2,A,-,09,21802,A,N,D,C,A,A,H,-,A,A,0,,,,,Y,,D,22,0,0,2,0,0,0,0,0,0,"- ","- ",36.602718353271484,-119.30484771728516,TULARE,UNINCORPORATED,-119.30484771728516,36.602699279785156
90949199,2019,2019-03-19,9480,2019-03-10,1500,020078,,7,2,9,5400,0,3,5,,2,006,"ROAD 156","AVENUE 288",1141.00,N,N,A,-,N,,,,,,,,,,Y,2,0,5,2,A,-,08,22107,,N,D,C,A,A,H,-,A,D,0,,,,,Y,,A,01,2,1,2,0,0,0,0,0,0,"- ","- ",36.316009521484375,-119.22470092773438,TULARE,UNINCORPORATED,-119.22467803955078,36.315582275390625
92086867,2023,2023-06-06,9481,2023-06-04,2010,020238,,7,2,9,5400,0,1,3,,1,037,"STATE ROUTE 65","AVENUE 112",2640.00,S,N,A,-,Y,TUL,,65," ",R,13.673,H,,R,N,2,0,1,1,C,-,18,,,N,H,J,A,A,H,-,B,D,0,,,Y,,Y,,-,"- ",1,0,0,0,0,0,0,0,1,"- ","- ",35.988010406494141,-119.04914093017578,TULARE,UNINCORPORATED,-119.04921722412109,35.988040924072266
6512506,2014,2014-08-06,5407,2014-05-31,1246,M203,480,6,5,5,5407,0,0,0,,0,033,CALDWELL,VILLA,0.00,,Y,A,-,N,,,,,,,,,,Y,2,0,1,3,A,-,08,22107,,N,D,C,A,A,H,-,A,A,0,,,Y,,Y,,C,02,1,0,0,0,0,0,0,0,1,"- ","- ",,,TULARE,VISALIA,-119.26422358000001,36.298246849999998
6686463,2014,2014-12-11,5404,2014-11-01,0238,L4,12,6,5,2,5404,0,0,0,,0,20L,"HERMOSA ST","CENTRAL AV",112.00,W,N,B,-,N,,,,,,,,,,Y,2,0,1,1,A,-,01,23140,,N,E,I,A,B,H,-,C,A,0,,,,,Y,Y,-,"- ",1,0,0,0,0,0,0,0,0,"- ","- ",,,TULARE,LINDSAY,-119.09787901,36.203190980000002
90019396,2015,2015-10-19,9480,2015-09-19,0316,018521,,6,3,9,5400,0,3,5,,2,002,"DRIVE 112 (AVENUE 412)","ROAD 112",0.00,,Y,A,-,N,,,,,,,,,,Y,2,0,3,1,A,-,01,23152,A,N,E,I,A,A,H,-,D,A,0,,,,,Y,Y,D,22,2,1,0,0,0,0,0,0,0,"- ","- ",36.536549999999998,-119.32276,TULARE,UNINCORPORATED,-119.322621,36.536472000000003
90111751,2015,2016-02-09,9480,2015-12-07,1750,015783,,1,2,9,5400,0,3,5,,2,006,"ROAD 140","AVENUE 272",1855.00,S,N,A,-,N,,,,,,,,,,N,1,1,0,2,A,-,11,21954,A,N,G,B,C,A,H,-,D,D,0,Y,,,,Y,,N,60,0,0,0,1,0,0,0,0,0,"- ","- ",36.162880000000001,-119.33251,TULARE,UNINCORPORATED,-118.96396,36.043770000000002
90514600,2017,2017-08-23,9480,2017-07-28,2240,018521,,5,3,9,5400,0,1,3,,1,051,"SR-43 (CENTRAL VALLEY HWY)","PALMER AVE",513.00,S,N,A,-,Y,,,43,,,,,,,Y,1,1,0,1,A,-,08,22107,,N,F,A,A,A,H,-,D,A,0,,,Y,,Y,,C,02,0,0,0,0,0,0,0,1,0,"- ","- ",35.863500000000002,-119.38420000000001,TULARE,UNINCORPORATED,-119.38430123000001,35.863424680000001
94567825,2025,2025-02-06,9480,2025-01-29,1655,017291,,3,2,9,5400,0,3,5,,2,001,"ROAD 68","AVENUE 304",365.00,N,N,A,-,N,,,,,,,,,,N,2,0,1,2,A,-,09,21804,A,N,D,C,A,A,H,-,A,D,0,,,Y,,Y,,D,22,1,0,0,0,0,0,0,0,1,"- ","- ",36.342720031738281,-119.42137145996094,TULARE,UNINCORPORATED,-119.42140197753906,36.342151641845703
94676758,2025,2025-05-06,9480,2025-04-12,"34  ",021682,,6,3,9,5400,0,3,5,,2,001,"ROAD 44","AVENUE 360",65.00,S,N,A,-,N,,,,,,,,,,Y,2,0,2,1,A,-,01,23152,G,N,F,A,A,A,H,-,D,A,0,,,,,Y,Y,D,22,1,1,0,0,0,0,0,0,0,"- ","- ",36.444271087646484,-119.47469329833984,TULARE,UNINCORPORATED,-119.47463989257812,36.444450378417969
6884450,2015,2016-11-05,9480,2015-04-04,1242,15282,,6,1,9,5400,0,1,3,,1,021,"RT 63","AVENUE 352",0.00,,Y,A,-,Y,TUL,6,63,-,-,15.110,I,5,N,Y,2,0,2,2,A,-,03,22350,,N,C,C,A,A,H,-,A,D,0,,,,,Y,,D,22,1,1,0,0,0,0,0,0,0,"- ","- ",36.428620000000002,-119.29576,TULARE,UNINCORPORATED,-119.29588231,36.428759919999997
9197595,2020,2021-02-02,5407,2020-11-17,1926,A311,480,2,5,5,5407,0,0,0,,0,,"N GIDDINGS ST","W FERGUSON AV",0.00,,Y,A,-,N,,,,,,,,,,N,2,0,1,2,A,-,10,21950,A,F,G,B,B,A,H,-,C,A,0,Y,,,,Y,,D,22,1,0,0,0,1,0,0,0,0,"- ","- ",36.350120544433594,-119.30565643310547,TULARE,VISALIA,-119.30564880371094,36.350131988525391
9678107,2024,2024-05-10,5407,2024-02-01,1119,M186,480,4,5,5,5407,0,0,0,,0,,"S WEST ST",CALDWELL,0.00,,Y,B,-,N,,,,,,,,,,Y,2,0,1,2,A,-,09,21801,A,N,A,C,A,A,H,-,A,A,0,,,,,Y,,A,01,1,0,0,0,0,0,0,0,0,"- ","- ",36.298168182373047,-119.29598236083984,TULARE,VISALIA,-119.29598999023438,36.298160552978516
6291123,2014,2015-12-29,9480,2014-05-30,1131,13914,,5,1,9,5400,0,1,3,,1,060,"RT 137","ROAD 188",2713.00,W,N,A,-,Y,TUL,6,137,-,-,25.890,H,-,W,Y,1,1,1,3,A,-,05,21650,,N,A,C,A,A,H,-,A,D,0,,,,Y,Y,,A,01,0,0,1,0,0,0,0,0,0,"- ","- ",36.210769999999997,-119.16349,TULARE,UNINCORPORATED,-119.16304301,36.210788809999997
6291280,2014,2014-10-22,9481,2014-08-05,1310,18029,,2,1,9,5400,0,3,5,,2,010,"ROAD 152","AVENUE 224",1584.00,S,N,A,-,N,,,,,,,,,,Y,1,1,1,2,A,-,05,21650,,N,A,C,A,A,H,-,A,D,0,,,,,Y,Y,A,01,1,0,0,0,0,0,0,0,0,"- ","- ",36.192770000000003,-119.23323000000001,TULARE,UNINCORPORATED,-119.23314729000001,36.192053659999999
6291327,2014,2014-10-20,9480,2014-07-04,2024,14351,,5,2,9,5400,0,3,5,,2,006,"KLINDERA AV","CALLISON RD",0.00,,Y,A,-,N,,,,,,,,,,N,1,1,0,1,A,-,12,22450,A,N,F,A,A,A,H,-,B,A,0,,Y,,,Y,,L,04,0,0,0,0,0,1,0,0,0,"- ","- ",36.060740000000003,-119.30389,TULARE,UNINCORPORATED,-119.30384988,36.060610019999999
6291436,2014,2016-01-12,9480,2014-08-23,0737,020612,,6,1,9,5400,0,1,3,,2,093,"RT 99","CALDWELL AV",2750.00,N,N,A,-,Y,TUL,6,99,-,-,36.930,H,-,S,Y,1,1,0,1,A,-,08,22107,,N,F,A,A,A,H,-,A,D,1,,,,,Y,,A,07,0,0,0,0,0,0,0,0,0,"- ","- ",36.304949999999998,-119.38994,TULARE,UNINCORPORATED,-119.38964999,36.30440162
6291559,2014,2014-11-05,9481,2014-09-23,0915,17957,,2,1,9,5400,0,3,5,,2,030,"AVENUE 24","ROAD 160",0.00,,Y,A,-,N,,,,,,,,,,Y,1,2,0,2,A,-,09,21802,A,N,D,C,A,A,H,-,B,A,0,,,,Y,Y,,A,01,0,0,0,0,0,0,0,0,0,"- ","- ",35.834420000000001,-119.21476,TULARE,UNINCORPORATED,-119.21470999,35.83406008
6291640,2014,2015-12-28,5406,2014-08-29,2238,77,5406,5,5,4,5406,0,0,0,,0,0AO,"PROSPERITY AV","HILLMAN ST",270.00,W,N,A,-,N,,,,,,,,,,N,1,1,0,2,A,-,11,21954,A,N,G,B,E,A,H,-,C,D,0,Y,,,,Y,Y,N,60,0,0,0,1,0,0,0,0,0,"- ","- ",,,TULARE,TULARE,-119.33167168,36.22552537
6291649,2014,2016-01-04,9480,2014-10-04,2500,016233,,6,4,9,5400,0,1,3,,2,095,"RT 99","AVENUE 96",1584.00,S,N,A,-,Y,TUL,6,99,-,-,11.910,H,-,N,Y,1,1,0,1,A,-,08,22107,,N,E,I,A,A,H,-,D,D,1,,,Y,,Y,Y,C,02,0,0,0,0,0,0,0,1,0,"- ","- ",35.958570000000002,-119.29086,TULARE,UNINCORPORATED,-119.2909709,35.958761989999999
6291808,2014,2015-01-12,9480,2014-11-14,1750,17311,,5,2,9,5400,0,1,3,,1,021,"RT 63","ELLA AV",0.00,,Y,A,-,Y,TUL,6,63,-,-,23.495,I,5,N,N,1,1,0,2,A,-,10,21950,A,F,G,B,B,A,H,-,C,D,0,Y,,,,Y,,A,01,0,0,0,1,0,0,0,0,0,"- ","- ",36.543640000000003,-119.28689,TULARE,UNINCORPORATED,-119.28689432,36.543653030000002
6292404,2015,2015-07-24,5401,2015-02-24,2110,2115,5401,2,5,3,5401,0,0,0,,0,00A,"N CRAWFORD AV","E SAGINAW AV",554.00,N,N,A,-,N,,,,,,,,,,Y,1,1,0,2,C,-,18,,,N,D,G,A,A,H,-,C,D,0,,Y,,,Y,Y,-,"- ",0,0,0,0,0,1,0,0,0,"- ","- ",,,TULARE,DINUBA,-119.37691830999999,36.554130299999997
6292434,2015,2015-07-31,5407,2015-05-31,1257,A77,480,7,5,5,5407,0,0,0,,0,033,"LOVERS LN","TULARE AV",0.00,,Y,A,-,N,,,,,,,,,,Y,1,1,3,2,A,-,09,21801,A,N,D,C,A,A,H,-,A,A,0,,,,,Y,,A,07,0,0,3,0,0,0,0,0,0,"- ","- ",,,TULARE,VISALIA,-119.26073988,36.319950009999999
6292940,2016,2017-10-02,5407,2016-12-16,2047,M218,480,5,5,5,5407,0,0,0,,0,025,"JACOB ST","ALLEN AV",36.00,S,N,A,-,N,,,,,,,,,,Y,1,1,0,2,A,-,11,21956,,N,G,B,D,A,H,-,D,A,0,Y,,,,Y,,N,60,0,0,0,1,0,0,0,0,0,"- ","- ",36.338039999999999,-119.30186,TULARE,VISALIA,-119.30213000000001,36.338121209999997
6386738,2014,2014-06-17,9480,2014-02-19,1500,012568,,3,2,9,5400,0,3,5,,2,002,"AVE 412","RD 96",132.00,W,N,A,-,N,,,,,,,,,,Y,2,0,1,1,A,-,08,22107,,N,E,I,A,A,H,-,A,D,0,,,,,Y,,A,01,1,0,0,0,0,0,0,0,0,"- ","- ",,,TULARE,UNINCORPORATED,-119.35908888,36.538297069999999
6417206,2014,2016-01-15,9480,2014-03-13,2250,17778,,4,3,9,5400,0,1,3,,1,064,"RT 198","UNION PACIFIC RR",823.00,E,N,A,-,Y,TUL,6,198,-,R,4.060,H,-,W,Y,2,0,1,1,A,-,"- ",,,N,F,A,A,A,H,-,D,D,1,,,,,Y,Y,A,08,1,0,0,0,0,0,0,0,0,"- ","- ",36.326520000000002,-119.40396,TULARE,UNINCORPORATED,-119.40323714,36.327637369999998
6433511,2014,2014-07-07,5406,2014-03-26,1838,52,5406,3,5,4,5406,0,0,0,,0,0ES,HILLMAN,PROSPERITY,0.00,,Y,A,-,N,,,,,,,,,,Y,2,0,1,3,A,-,12,21453,A,N,D,C,A,B,H,-,A,A,0,,,,,Y,,A,01,1,0,0,0,0,0,0,0,0,"- ","- ",,,TULARE,TULARE,-119.3308499,36.225850049999998
6486061,2014,2014-07-24,9480,2014-05-06,2313,17452,,2,3,9,5400,0,3,5,,2,003,"ROAD 44","AVENUE 280",0.00,,Y,A,-,N,,,,,,,,,,Y,2,0,4,2,A,-,12,22450,A,N,D,C,A,A,H,-,D,D,0,,,,,Y,,A,01,1,1,2,0,0,0,0,0,0,"- ","- ",36.297980000000003,-119.47463999999999,TULARE,UNINCORPORATED,-119.47434604,36.297888
6537281,2014,2016-04-08,9480,2014-06-14,1705,019048,,6,2,5,5407,0,1,3,,1,064,"RT 198","AKERS ST",1848.00,E,N,A,-,Y,TUL,6,198,-,-,7.130,H,-,W,Y,2,0,3,3,A,-,03,22350,,N,C,C,A,A,H,-,A,D,1,,,,,Y,,A,01,1,0,2,0,0,0,0,0,0,"- ","- ",36.327469999999998,-119.34362,TULARE,VISALIA,-119.34307198,36.327384940000002
6549137,2014,2014-08-14,9481,2014-06-22,1425,018029,,7,2,9,5400,0,3,5,,2,050,"MOUNTAIN ROAD 109","AVENUE 104",0.00,,Y,A,-,N,,,,,,,,,,Y,2,0,1,2,A,-,09,21802,A,F,F,A,A,A,H,-,A,A,0,,,Y,,Y,,A,01,1,0,0,0,0,0,0,0,1,"- ","- ",35.979059999999997,-118.97447,TULARE,UNINCORPORATED,-118.97420347000001,35.978667469999998
6559300,2014,2016-05-11,5404,2014-07-16,1747,L14,11,3,5,2,5404,0,0,0,,0,20L,"RT 65","FRESNO ST",0.00,,Y,A,-,Y,TUL,6,65,-,-,29.920,I,5,S,Y,2,0,4,3,A,-,03,22350,,N,D,D,A,A,H,-,A,A,0,,,,Y,Y,,F,26,1,1,2,0,0,0,0,0,0,"- ","- ",,,TULARE,LINDSAY,-119.10800904,36.208775680000002
6638048,2014,2014-10-01,5407,2014-08-23,0706,M243,480,6,5,5,5407,0,0,0,,0,034,CALDWELL,PINKHAM,0.00,,Y,A,-,N,,,,,,,,,,Y,2,0,1,2,A,-,09,21801,A,N,A,G,A,A,H,-,A,A,0,,Y,,,Y,Y,A,07,1,0,0,0,0,0,1,0,0,"- ","- ",,,TULARE,VISALIA,-119.26984996,36.298279999999998