CASE_ID,ACCIDENT_YEAR,PROC_DATE,JURIS,COLLISION_DATE,COLLISION_TIME,OFFICER_ID,REPORTING_DISTRICT,DAY_OF_WEEK,CHP_SHIFT,POPULATION,CNTY_CITY_LOC,SPECIAL_COND,BEAT_TYPE,CHP_BEAT_TYPE,CITY_DIVISION_LAPD,CHP_BEAT_CLASS,BEAT_NUMBER,PRIMARY_RD,SECONDARY_RD,DISTANCE,DIRECTION,INTERSECTION,WEATHER_1,WEATHER_2,STATE_HWY_IND,CALTRANS_COUNTY,CALTRANS_DISTRICT,STATE_ROUTE,ROUTE_SUFFIX,POSTMILE_PREFIX,POSTMILE,LOCATION_TYPE,RAMP_INTERSECTION,SIDE_OF_HWY,TOW_AWAY,COLLISION_SEVERITY,NUMBER_KILLED,NUMBER_INJURED,PARTY_COUNT,PRIMARY_COLL_FACTOR,PCF_CODE_OF_VIOL,PCF_VIOL_CATEGORY,PCF_VIOLATION,PCF_VIOL_SUBSECTION,HIT_AND_RUN,TYPE_OF_COLLISION,MVIW,PED_ACTION,ROAD_SURFACE,ROAD_COND_1,ROAD_COND_2,LIGHTING,CONTROL_DEVICE,CHP_ROAD_TYPE,PEDESTRIAN_ACCIDENT,BICYCLE_ACCIDENT,MOTORCYCLE_ACCIDENT,TRUCK_ACCIDENT,NOT_PRIVATE_PROPERTY,ALCOHOL_INVOLVED,STWD_VEHTYPE_AT_FAULT,CHP_VEHTYPE_AT_FAULT,COUNT_SEVERE_INJ,COUNT_VISIBLE_INJ,COUNT_COMPLAINT_PAIN,COUNT_PED_KILLED,COUNT_PED_INJURED,COUNT_BICYCLIST_KILLED,COUNT_BICYCLIST_INJURED,COUNT_MC_KILLED,COUNT_MC_INJURED,PRIMARY_RAMP,SECONDARY_RAMP,LATITUDE,LONGITUDE,COUNTY,CITY,POINT_X,POINT_Y
6648418,2014,2014-11-06,9480,2014-09-24,0650,013821,,3,1,9,5400,0,3,5,,2,005,"AVE 120","RD 96",0.00,,Y,A,-,N,,,,,,,,,,Y,2,0,1,2,A,-,09,21801,A,N,A,C,A,A,H,-,A,A,0,,,Y,,Y,,D,22,1,0,0,0,0,0,0,0,1,"- ","- ",36,-119,TULARE,UNINCORPORATED,-119.35768998,36.00761001
6649114,2014,2014-10-14,9480,2014-09-23,0744,018742,,2,1,9,5400,0,3,5,,2,001,"ROAD 64","AVENUE 424",0.00,,Y,A,-,N,,,,,,,,,,Y,2,0,2,2,A,-,09,21801,A,N,A,C,A,A,H,-,-,D,0,,,,,Y,,A,07,1,1,0,0,0,0,0,0,0,"- ","- ",36.5608,-119.43028,TULARE,UNINCORPORATED,-119.43034994,36.560690049999998
6669187,2014,2014-12-11,9481,2014-10-04,0525,018815,,6,3,9,5400,0,2,4,,2,052,"MTN 137","AVE 138",5808.00,E,N,A,-,N,,,,,,,,,,Y,2,0,1,2,A,-,05,21460,A,N,B,C,A,A,H,-,D,D,0,,,Y,,Y,,C,02,1,0,0,0,0,0,0,0,1,"- ","- ",36.026609999999998,-118.9258,TULARE,UNINCORPORATED,-118.92579496,36.026615309999997
6708528,2014,2015-01-08,9480,2014-11-05,0400,019186,,3,3,9,5400,0,1,3,,1,030,"RT 137","ROAD 68",3696.00,E,N,A,-,Y,,,137,,,,,,,Y,2,0,1,1,A,-,08,22107,,N,E,I,A,A,H,-,D,D,0,,,,,Y,,A,01,1,0,0,0,0,0,0,0,0,"- ","- ",36.203040000000001,-119.41244,TULARE,UNINCORPORATED,-119.41243759,36.203432769999999
6751163,2014,2015-07-24,5407,2014-12-22,0100,A266,480,1,5,5,5407,0,0,0,,0,034,WALNUT,CONYER,111.00,E,N,A,-,N,,,,,,,,,,Y,2,0,3,1,A,-,"- ",,,N,A,I,A,A,H,-,C,A,0,,,,,Y,Y,A,01,2,1,0,0,0,0,0,0,0,"- ","- ",,,TULARE,VISALIA,-119.3005137,36.312895699999999
6767433,2014,2015-02-18,5407,2014-12-25,1900,A154,480,4,5,5,5407,0,0,0,,0,026,"RT 63","W ROOSEVELT",105.00,S,N,A,-,Y,,,,,,,,,,Y,2,0,4,6,A,-,01,23153,,F,G,B,E,A,H,-,C,A,0,Y,,,,Y,Y,A,01,1,0,3,0,2,0,0,0,0,"- ","- ",,,TULARE,VISALIA,-119.29630521,36.3399547
6815985,2015,2016-10-31,9480,2015-02-03,0745,012568,,2,1,9,5400,0,1,3,,1,051,"RT 43","AVE 8",4224.00,N,N,E,-,Y,TUL,6,43,-,-,0.310,H,-,N,Y,2,0,7,1,A,-,08,22107,,N,F,A,A,A,H,-,A,D,0,,,,,Y,,A,07,1,4,2,0,0,0,0,0,0,"- ","- ",35.794539999999998,-119.35684000000001,TULARE,UNINCORPORATED,-119.35667526,35.794548239999997
6850336,2015,2015-03-30,9480,2015-03-13,0035,018742,,5,3,9,5400,0,3,5,,2,005,"ROAD 28","AVE 46",212.00,N,N,A,-,N,,,,,,,,,,Y,2,0,1,1,A,-,01,23152,A,N,E,I,A,A,H,-,D,D,0,,,,,Y,Y,D,22,1,0,0,0,0,0,0,0,0,"- ","- ",35.8735,-119.48727,TULARE,UNINCORPORATED,-119.10794185,35.874701709999997
6905643,2015,2015-05-21,5404,2015-04-20,0506,L31,20L,1,5,2,5404,0,0,0,,0,011,"RT 65","FRESNO ST",0.00,,N,A,-,Y,TUL,6,65,-,-,29.990,H,-,S,Y,1,1,7,3,A,-,01,23152,A,N,A,C,A,A,H,-,C,D,0,,,,,Y,Y,D,22,3,0,4,0,0,0,0,0,0,"- ","- ",,,TULARE,LINDSAY,-119.10871604,36.209689240000003
6914711,2015,2015-05-22,5406,2015-04-04,2013,42,D1,6,5,4,5406,0,0,0,,0,0WS,"J ST","PROSPERITY AV",27.00,N,N,A,-,N,,,,,,,,,,Y,2,0,1,2,A,-,00,23153,F,N,C,C,A,A,H,-,C,A,0,,,Y,,Y,Y,A,07,1,0,0,0,0,0,0,0,1,"- ","- ",,,TULARE,TULARE,-119.35205709,36.225672789999997
6957479,2015,2015-07-08,5407,2015-05-31,1313,A275,480,7,5,5,5407,0,0,0,,0,,"E HOUSTON ST","N LIBERTY ST",306.00,W,N,A,-,N,,,,,,,,,,N,2,0,1,2,A,-,09,21804,A,N,B,B,A,A,H,-,A,D,0,,Y,,,Y,Y,L,04,1,0,0,0,0,0,1,0,0,"- ","- ",,,TULARE,VISALIA,-119.28614792,36.341845640000003
6970549,2015,2015-07-21,9480,2015-05-28,2156,019543,,4,2,9,5400,0,3,5,,2,004,"AVENUE 320","SIERRA VIEW RD",247.00,W,N,A,-,N,,,,,,,,,,Y,2,0,1,1,A,-,01,23152,A,N,E,J,A,A,H,-,C,D,0,,,,,Y,Y,D,22,1,0,0,0,0,0,0,0,0,"- ","- ",36.370890000000003,-119.29176,TULARE,UNINCORPORATED,-119.29196812000001,36.370898580000002
6984535,2015,2015-07-18,9480,2015-06-21,2135,15783,,7,2,9,5400,0,3,5,,2,004,"ROAD 164","AVENUE 376",5808.00,S,N,A,-,N,,,,,,,,,,Y,2,0,1,3,A,-,08,22107,,F,D,C,A,A,H,-,D,D,0,,,Y,,Y,,A,01,1,0,0,0,0,0,0,0,1,"- ","- ",36.460360000000001,-119.20562,TULARE,UNINCORPORATED,-119.20569471,36.455875110000001
6992771,2015,2015-09-03,9480,2015-07-15,0719,13656,,3,1,9,5400,0,3,5,,2,004,"ROAD 132","AVENUE 352",0.00,,Y,A,-,N,,,,,,,,,,Y,2,0,4,2,A,-,12,22450,A,N,D,C,A,A,H,-,A,A,0,,,,,Y,,A,01,2,0,2,0,0,0,0,0,0,"- ","- ",36.428669999999997,-119.27797,TULARE,UNINCORPORATED,-119.27787996000001,36.428630120000001
7001203,2015,2016-12-17,9480,2015-06-20,0700,18521,,6,1,9,5400,0,1,3,,2,095,"RT 99","AVENUE 120",401.00,S,N,A,-,Y,TUL,6,99,-,-,15.290,H,-,N,Y,2,0,4,1,A,-,08,22107,,N,E,I,A,A,H,-,A,D,1,,,,,Y,,A,07,3,0,1,0,0,0,0,0,0,"- ","- ",36.00712,-119.30168,TULARE,UNINCORPORATED,-119.30159915999999,36.006543890000003
7003095,2015,2015-08-05,9480,2015-06-28,0240,019543,,7,3,9,5400,0,3,5,,2,002,"AVENUE 328","ROAD 92",2640.00,W,N,A,-,N,,,,,,,,,,Y,2,0,1,2,A,-,05,21650,,N,H,G,A,A,H,-,D,D,0,,Y,,,Y,Y,L,04,1,0,0,0,0,0,1,0,0,"- ","- ",36.385480000000001,-119.37616,TULARE,UNINCORPORATED,-119.37695965,36.385399960000001
7006309,2014,2015-11-24,5401,2014-08-06,2002,2112,5401,3,5,3,5401,0,0,0,,0,00A,"SAGINAW AV","CHARLES ST",0.00,,Y,A,-,N,,,,,,,,,,Y,1,1,1,2,A,-,09,21801,A,N,A,C,A,A,H,-,B,A,0,,,Y,,Y,,A,01,0,0,1,0,0,0,0,1,0,"- ","- ",,,TULARE,DINUBA,-119.37876986000001,36.552720039999997
7006550,2015,2017-04-11,5406,2015-11-27,1828,41,5406,5,5,4,5406,0,0,0,,0,0ES,"CROSS AV",LASPINA,0.00,,Y,A,-,N,,,,,,,,,,Y,1,1,0,2,A,-,12,21453,A,N,D,C,A,A,H,-,C,A,0,,,,,Y,,A,01,0,0,0,0,0,0,0,0,0,"- ","- ",,,TULARE,TULARE,-119.32194997000001,36.221330000000002
7006738,2015,2016-01-12,9480,2015-07-17,1315,17252,,5,1,9,5400,0,1,3,,1,051,"RT 43","4TH AV",20.00,S,N,A,-,Y,TUL,6,43,-,R,22.120,H,-,N,Y,1,1,1,2,A,-,05,21650,,N,E,I,A,A,H,-,A,D,0,,,,Y,Y,,G,26,0,0,1,0,0,0,0,0,0,"- ","- ",36.07056,-119.53546,TULARE,UNINCORPORATED,-119.53495681,36.069875580000001
7022673,2015,2017-01-12,9480,2015-07-23,1418,13656,,4,2,9,5400,0,1,3,,1,060,"RT 137","ROAD 132",1302.00,E,N,A,-,Y,TUL,6,137,-,-,19.710,H,-,W,Y,2,0,1,2,A,-,01,23152,A,N,C,E,A,A,H,-,A,D,0,,,,Y,Y,Y,D,22,1,0,0,0,0,0,0,0,0,"- ","- ",36.211010000000002,-119.27372,TULARE,UNINCORPORATED,-119.27379126,36.210929350000001
7041896,2015,2015-09-15,5405,2015-08-17,2052,207,,1,5,4,5405,0,0,0,,0,001,"WESTFIELD AV","MATHEW ST",688.00,E,N,A,-,N,,,,,,,,,,N,2,0,1,2,A,-,11,21954,A,N,A,B,D,A,H,-,C,D,0,Y,,,,Y,Y,N,60,1,0,0,0,1,0,0,0,0,"- ","- ",,,TULARE,PORTERVILLE,-119.05960437,36.087594869999997
7190177,2016,2018-09-25,5407,2016-03-17,1753,M218,5407,4,5,5,5407,0,0,0,,0,034,"WALNUT AV","BEN MADDOX WY",891.00,W,N,A,-,N,,,,,,,,,,Y,1,1,0,1,A,-,05,21650,A,N,E,I,A,A,H,-,A,A,0,,,,,Y,Y,A,01,0,0,0,0,0,0,0,0,0,"- ","- ",36.31268,-119.27401,TULARE,VISALIA,-119.27702107,36.312640000000002
7200139,2017,2019-04-08,5406,2017-04-09,1235,67,5406,7,5,4,5406,0,0,0,,0,0WS,"N J ST",PROSPERITY,0.00,,Y,A,-,N,,,,,,,,,,Y,1,1,0,2,A,-,12,21453,A,F,D,C,A,A,H,-,A,A,0,,,,,Y,Y,A,07,0,0,0,0,0,0,0,0,0,"- ","- ",,,TULARE,TULARE,-119.35203997000001,36.225600100000001
7200200,2017,2017-06-14,5405,2017-05-19,2131,203,,5,5,4,5405,0,0,0,,0,004,"TEAPOT DOME AV","NEWCOMB ST",0.00,,Y,A,-,N,,,,,,,,,,Y,1,1,2,2,A,-,05,21650,,N,D,C,A,A,H,-,D,A,0,,,,,Y,,-,,0,2,0,0,0,0,0,0,0,"- ","- ",,,TULARE,PORTERVILLE,-119.05340004999999,36.022260119999999
7213747,2016,2017-02-18,5407,2016-01-10,1327,M24,480,7,5,5,5407,0,0,0,,0,012,"NOBLE AV","RT 63",0.00,,Y,A,-,Y,TUL,6,63,-,L,7.949,I,5,S,Y,2,0,1,3,A,-,12,21453,A,N,D,C,F,A,H,-,A,A,0,Y,,,,Y,,-,"- ",1,0,0,0,1,0,0,0,0,"- ","- ",,,TULARE,VISALIA,-119.31411715,36.326516779999999
8010481,2016,2016-04-05,5407,2016-02-21,1848,M222,480,7,5,5,5407,0,0,0,,0,034,"WALNUT AV","PINKHAM ST",0.00,,Y,A,-,N,,,,,,,,,,N,2,0,2,2,A,-,01,23152,B,N,D,C,A,A,H,-,C,A,0,,,Y,,Y,Y,C,02,1,1,0,0,0,0,0,0,1,"- ","- ",36.312690000000003,-119.26953,TULARE,VISALIA,-119.26955998,36.312640080000001
8010556,2016,2016-04-05,5407,2016-03-14,1953,A277,480,1,5,5,5407,0,0,0,,0,033,"NOBLE AV","LOVERS LN",0.00,W,N,A,-,N,,,,,,,,,,Y,2,0,1,2,A,-,01,23153,,F,G,B,B,A,H,-,B,A,0,Y,,,,Y,Y,A,01,1,0,0,0,1,0,0,0,0,"- ","- ",,,TULARE,VISALIA,-119.26082995,36.326620009999999
8011851,2016,2016-04-14,5406,2016-03-09,2149,24,5406,3,5,4,5406,0,0,0,,0,0WS,"SOUTH K ST",ONEAL,118.00,S,N,A,-,N,,,,,,,,,,N,2,0,1,2,A,-,11,21954,A,N,G,B,C,A,H,-,C,D,0,Y,,,Y,Y,Y,N,60,1,0,0,0,1,0,0,0,0,"- ","- ",,,TULARE,TULARE,-119.34291294000001,36.193682269999996
8038274,2016,2017-02-23,5404,2016-05-05,1438,672,PSC,4,5,2,5404,0,0,0,,0,004,"RT 65",HERMOSA,1377.00,S,N,B,-,Y,TUL,6,65,-,-,29.230,H,-,S,Y,2,0,1,2,A,-,03,22350,,N,C,C,A,A,H,-,A,D,0,,,Y,,Y,,C,02,1,0,0,0,0,0,0,0,1,"- ","- ",,,TULARE,LINDSAY,-119.10242286,36.199966400000001
8109451,2016,2016-08-26,5405,2016-08-17,1907,221,5405,3,5,4,5405,0,0,0,,0,001,"HENDERSON AV","G ST",0.00,,Y,A,-,N,,,,,,,,,,Y,2,0,2,2,A,-,08,22107,,N,D,C,A,A,H,-,A,A,0,,,,,Y,,-,,1,1,0,0,0,0,0,0,0,"- ","- ",,,TULARE,PORTERVILLE,-119.02318001,36.080420050000001
8380061,2017,2017-10-25,5405,2017-05-01,1525,187,PORTE,1,5,4,5405,0,0,0,,0,004,"AVE 152","ROAD 223",72.00,E,N,A,-,N,,,,,,,,,,Y,1,1,0,1,A,-,08,22107,,N,F,I,A,A,H,-,A,A,0,,,,,Y,,-,,0,0,0,0,0,0,0,0,0,"- ","- ",,,TULARE,PORTERVILLE,-119.07290669,36.065817869999997
8404751,2018,2020-05-21,5407,2018-03-27,1519,M201,480,2,5,5,5407,0,0,0,,0,,"TULARE AV","GARDEN ST",0.00,,Y,A,-,N,,,,,,,,,,N,1,1,0,2,A,-,01,23153,A,N,G,B,D,A,H,-,A,A,0,Y,,,,Y,,A,01,0,0,0,1,0,0,0,0,0,"- ","- ",36.320018768310547,-119.29013061523438,TULARE,VISALIA,-119.28997039794922,36.320079803466797
8419670,2017,2018-06-19,5407,2017-06-24,0843,A244,480,6,5,5,5407,0,0,0,,0,,"RT 63",CAMERON,0.00,,Y,A,-,Y,TUL,6,63,-,-,5.760,H,-,S,N,2,0,1,2,A,-,09,21800,A,N,D,G,A,A,H,-,A,A,0,,Y,,,Y,,A,07,1,0,0,0,0,0,1,0,0,"- ","- ",,,TULARE,VISALIA,-119.31374735,36.294821480000003
8430740,2017,2017-09-14,5406,2017-08-24,1524,30,5C,4,5,4,5406,0,0,0,,0,0ES,MOONEY,ALPINE,0.00,,Y,A,-,N,,,,,,,,,,N,2,0,1,2,A,-,09,21801,A,N,D,C,A,A,H,-,A,A,0,,,,,Y,,A,01,1,0,0,0,0,0,0,0,0,"- ","- ",,,TULARE,TULARE,-119.31317993,36.202320090000001
8459125,2017,2018-04-03,5407,2017-08-06,1531,M222,480,7,5,5,5407,0,0,0,,0,,"W MINERAL KING AV","LOCUST ST",275.00,W,N,A,-,N,,,,,,,,,,Y,1,1,0,2,A,-,10,21954,B,N,A,B,D,A,H,-,A,A,0,Y,,,,Y,,A,01,0,0,0,1,0,0,0,0,0,"- ","- ",36.32788,-119.29491,TULARE,VISALIA,-119.29434200999999,36.32742871
8465697,2018,2019-04-02,5401,2018-04-18,2031,2127,5401,3,5,3,5401,0,0,0,,0,00A,"N ALTA AV","SEQUOIA DR",3.00,S,N,B,-,N,,,,,,,,,,Y,1,1,0,2,A,-,09,21801,A,N,A,C,A,A,H,-,C,D,0,,,Y,,Y,,D,23,0,0,0,0,0,0,0,1,0,"- ","- ",,,TULARE,DINUBA,-119.39511871337891,36.554901123046875
8607019,2018,2018-05-15,5407,2018-04-09,2103,A301,480,1,5,5,5407,0,0,0,,0,011,"N AKERS ST","W NICHOLAS CT",66.00,S,N,A,-,N,,,,,,,,,,Y,2,0,1,1,A,-,05,21650,,N,E,I,A,A,H,-,C,A,0,,,Y,,Y,,C,02,1,0,0,0,0,0,0,0,1,"- ","- ",36.334491729736328,-119.34976959228516,TULARE,VISALIA,-119.34989929199219,36.335597991943359
8658373,2018,2018-08-17,5407,2018-07-15,2216,M234,480,7,5,5,5407,0,0,0,,0,M11,GOSHEN,CAMP,0.00,,Y,A,-,N,,,,,,,,,,Y,2,0,4,1,A,-,01,23153,A,N,E,I,A,A,H,-,C,A,0,,,,,Y,Y,A,07,1,3,0,0,0,0,0,0,0,"- ","- ",36.313358306884766,-119.27400970458984,TULARE,VISALIA,-119.41439819335938,36.341720581054688
8728339,2018,2018-11-19,5407,2018-08-21,1152,M225,480,2,5,5,5407,0,0,0,,0,026,"N BEN MADDOX WY","BUENNA VISTA",141.00,S,N,A,-,N,,,,,,,,,,N,2,0,1,2,A,-,08,22107,,N,D,G,A,A,H,-,A,A,0,,Y,,,Y,,L,04,1,0,0,0,0,0,1,0,0,"- ","- ",,,TULARE,VISALIA,-119.27884674072266,36.345241546630859
8779166,2018,2019-02-02,5407,2018-12-11,2240,M226,480,2,5,5,5407,0,0,0,,0,033,"E NOBLE AV",MCAULIFF,30.00,E,N,B,-,N,,,,,,,,,,Y,2,0,5,3,A,-,01,23152,A,N,C,C,A,A,H,-,C,A,0,,,,,Y,Y,A,01,2,0,3,0,0,0,0,0,0,"- ","- ",36.326831817626953,-119.25183868408203,TULARE,VISALIA,-119.25180816650391,36.326839447021484
8794580,2019,2019-07-23,5404,2019-01-27,1039,692,20L,7,5,2,5404,0,0,0,,0,003,"RT 65",HERMOSA,0.00,,Y,E,-,Y,TUL,6,65,-,-,29.489,I,5,N,Y,2,0,6,2,A,-,12,21453,A,N,A,C,A,B,H,-,A,A,0,,,,,Y,,-,,5,0,1,0,0,0,0,0,0,"- ","- ",,,TULARE,LINDSAY,-119.10449981689453,36.203426361083984
8817022,2019,2019-03-15,5406,2019-02-06,0309,75,,3,5,4,5406,0,0,0,,0,0WS,"WEST ST",OLEMA,0.00,,Y,A,-,N,,,,,,,,,,Y,2,0,3,2,A,-,01,23152,A,N,C,E,A,A,H,-,C,D,0,,,,Y,Y,Y,A,01,1,0,2,0,0,0,0,0,0,"- ","- ",,,TULARE,TULARE,-119.36686706542969,36.212718963623047
8865604,2019,2019-05-30,5407,2019-02-24,1449,M186,180,7,5,5,5407,0,0,0,,0,,STOVER,CECIL,0.00,,Y,A,-,N,,,,,,,,,,Y,2,0,1,2,A,-,01,23153,F,N,E,I,A,A,H,-,A,A,0,,,,,Y,,A,07,1,0,0,0,0,0,0,0,0,"- ","- ",36.340808868408203,-119.2755126953125,TULARE,VISALIA,-119.27557373046875,36.34130859375
8930736,2019,2019-09-12,5407,2019-07-24,1515,M33,480,3,5,5,5407,0,0,0,,0,,COURT,HOWARD,135.00,N,N,A,-,N,,,,,,,,,,Y,2,0,1,2,A,-,03,22350,,N,C,C,A,A,H,-,A,A,0,,,Y,,Y,,C,02,1,0,0,0,0,0,0,0,1,"- ","- ",36.320121765136719,-119.29219055175781,TULARE,VISALIA,-119.29208374023438,36.318679809570312
8950614,2019,2019-10-23,5407,2019-06-15,2332,M203,480,6,5,5,5407,0,0,0,,0,,"W WALNUT AV",COURT,0.00,,Y,A,-,N,,,,,,,,,,Y,2,0,3,3,A,-,01,23152,F,N,D,C,A,A,H,-,C,A,0,,,,,Y,,A,01,3,0,0,0,0,0,0,0,0,"- ","- ",36.312908172607422,-119.30535125732422,TULARE,VISALIA,-119.29200744628906,36.312858581542969
8958179,2019,2019-10-21,5405,2019-09-30,1938,C29,,1,5,4,5405,0,0,0,,0,002,"HENDERSON AV","MAIN ST",0.00,,Y,A,-,N,,,,,,,,,,N,2,0,1,2,A,-,05,21650,,N,D,G,A,A,H,-,C,A,0,,Y,,,Y,Y,L,04,1,0,0,0,0,0,1,0,0,"- ","- ",,,TULARE,PORTERVILLE,-119.01969909667969,36.080150604248047
8968356,2019,2019-11-14,5407,2019-09-14,0608,A289,480,6,5,5,5407,0,0,0,,0,033,"LOVERS LN",TULARE,0.00,,Y,A,-,N,,,,,,,,,,Y,2,0,2,3,A,-,03,22350,,N,B,C,A,A,H,-,B,A,0,,,,,Y,Y,-,,1,0,1,0,0,0,0,0,0,"- ","- ",36.320598602294922,-119.26029968261719,TULARE,VISALIA,-119.2607421875,36.319950103759766
8970995,2019,2019-11-12,5407,2019-09-28,1406,M222,480,6,5,5,5407,0,0,0,,0,011,"DEMAREE ST","W GOSHEN AV",86.00,N,N,A,-,N,,,,,,,,,,Y,2,0,1,2,A,-,03,22350,,N,C,C,A,A,H,-,A,A,0,,,Y,,Y,,C,02,1,0,0,0,0,0,0,0,1,"- ","- ",36.338779449462891,-119.33196258544922,TULARE,VISALIA,-119.33196258544922,36.339065551757812
8989217,2019,2020-02-14,5406,2019-11-10,1724,45,5405,7,5,4,5406,0,0,0,,0,,H,"H ST 400",0.00,,-,A,-,N,,,,,,,,,,N,2,0,1,3,D,-,00,,,N,G,B,D,A,H,-,D,D,0,Y,,,,Y,,-,"- ",1,0,0,0,1,0,0,0,0,"- ","- ",,,TULARE,TULARE,-119.349656,36.203330000000001
90015066,2015,2015-10-19,9480,2015-07-19,0339,019828,,7,3,9,5400,0,1,3,,1,020,SR-201,"KINGS RIVER DR",157.00,E,N,B,-,Y,,,201,,,,,,,Y,1,1,0,1,A,-,08,22107,,N,E,I,A,A,H,-,D,D,0,,,,,Y,Y,D,22,0,0,0,0,0,0,0,0,0,"- ","- ",36.517850000000003,-119.50668,TULARE,UNINCORPORATED,-119.50667885999999,36.517921579999999
90021015,2015,2015-10-19,9481,2015-09-12,0725,018707,,6,1,9,5400,0,3,5,,2,030,"AVENUE 24","ROAD 160",0.00,,Y,B,-,N,,,,,,,,,,Y,2,0,1,2,A,-,09,21802,A,N,D,C,A,A,H,-,A,A,0,,,,Y,Y,,F,26,1,0,0,0,0,0,0,0,0,"- ","- ",35.834040000000002,-119.21469,TULARE,UNINCORPORATED,-119.21470999,35.83406008
90059014,2015,2015-11-24,9480,2015-11-15,1520,014628,,7,2,9,5400,0,3,5,,2,005,"AVE. 128","ROAD 124",0.00,,Y,B,-,N,,,,,,,,,,Y,2,0,1,2,A,-,12,22450,A,N,B,C,A,A,H,-,A,A,0,,,Y,,Y,,C,06,1,0,0,0,0,0,0,0,1,"- ","- ",36.022109999999998,-119.29478,TULARE,UNINCORPORATED,-119.29475986,36.02205
90061273,2015,2015-11-30,9480,2015-10-18,0025,019828,,7,3,9,5400,0,3,5,,2,006,"FOOTHILL AVE","AVENUE 250",2640.00,S,N,B,-,N,,,,,,,,,,Y,2,0,2,1,A,-,01,23152,A,N,E,I,A,A,H,-,D,D,0,,,,,Y,Y,A,07,1,1,0,0,0,0,0,0,0,"- ","- ",36.234789999999997,-119.07371999999999,TULARE,UNINCORPORATED,-119.07365084,36.234804959999998
90061939,2015,2015-11-30,9480,2015-09-15,0548,016210,,2,3,9,5400,0,1,3,,2,091,"SR-99 S/B","BETTY DR",7920.00,N,N,B,-,Y,,,99,,,,,,S,Y,1,2,3,4,A,-,03,22350,,N,C,C,A,B,D,-,D,D,0,,,,Y,Y,,G,25,0,1,2,0,0,0,0,0,0,"- ","- ",36.366990000000001,-119.43205,TULARE,UNINCORPORATED,-119.43200498,36.367019419999998
90079774,2015,2015-12-22,9480,2015-11-18,2500,015047,,3,4,9,5400,0,1,3,,2,091,"STATE ROUTE 99 (NORTHBOUND)","MERRITT AVENUE",3696.00,S,N,A,-,Y,,,99,,,,,,,Y,1,1,0,1,A,-,08,22107,,N,E,I,A,A,H,-,D,D,0,,,,,Y,,A,01,0,0,0,0,0,0,0,0,0,"- ","- ",36.44417,-119.48257,TULARE,UNINCORPORATED,-119.48268591,36.444072390000002
9008186,2019,2020-02-08,5405,2019-12-04,2214,245,,3,5,4,5405,0,0,0,,0,001,"MATHEW ST","LA VIDA AV",41.00,S,N,A,-,N,,,,,,,,,,N,2,0,1,2,A,-,11,21954,A,N,G,B,D,A,H,-,C,D,0,Y,,,,Y,,N,60,1,0,0,0,1,0,0,0,0,"- ","- ",,,TULARE,PORTERVILLE,-119.06192016601562,36.089656829833984
90150733,2016,2016-04-05,9480,2016-03-26,1700,018403,,6,2,9,5400,0,3,5,,2,003,"EVANS RD.","LERDA AVE",125.00,N,N,A,-,N,,,,,,,,,,N,2,0,1,2,A,-,11,21954,A,N,G,B,D,A,H,-,A,D,0,Y,,,,Y,,N,60,1,0,0,0,1,0,0,0,0,"- ","- ",36.055970000000002,-119.30888,TULARE,UNINCORPORATED,-119.30907726,36.056154550000002
90160402,2016,2016-04-19,9480,2016-04-05,2253,015783,,2,3,9,5400,0,3,5,,2,006,"AVENUE 200","SPACER DRIVE",0.00,,Y,A,-,N,,,,,,,,,,Y,2,0,2,2,A,-,12,22450,A,N,D,C,A,A,H,-,D,A,0,,,,,Y,,D,22,1,1,0,0,0,0,0,0,0,"- ","- ",36.152819999999998,-119.28635,TULARE,UNINCORPORATED,-119.28629999,36.15279005
90164599,2016,2016-05-02,9480,2016-03-20,0210,019828,,7,3,9,5400,0,3,5,,2,001,"COMMERCIAL RD","AVENUE 304",49.00,N,N,A,-,Y,,,,,,,,,,Y,2,0,1,1,A,-,01,23152,A,N,E,I,A,A,H,-,C,D,0,,,,,Y,Y,A,01,1,0,0,0,0,0,0,0,0,"- ","- ",36.341799999999999,-119.41956999999999,TULARE,UNINCORPORATED,-119.41957798,36.3418858
90179779,2016,2016-05-16,9480,2016-04-24,0350,019186,,7,3,9,5400,0,1,3,,1,051,"SR-43 (CENTRAL VALLEY HWY)","AVENUE 144",0.00,,Y,A,-,Y,,,43,,,,,,,N,2,0,5,2,A,-,01,23152,A,N,D,C,A,A,H,-,D,A,0,,,,,Y,Y,A,01,1,2,2,0,0,0,0,0,0,"- ","- ",36.05048,-119.52162,TULARE,UNINCORPORATED,-119.52152495,36.050549019999998
90231243,2016,2017-11-06,9481,2016-07-21,0522,018830,,4,3,9,5400,0,1,3,,1,032,"STATE ROUTE 190","ROAD 208",0.00,,Y,A,-,Y,,,190,,,,,,,Y,1,1,0,2,A,-,09,21802,A,N,D,C,A,A,H,-,B,A,0,,,,,Y,,A,01,0,0,0,0,0,0,0,0,0,"- ","- ",36.051290000000002,-119.10822,TULARE,UNINCORPORATED,-119.10822004000001,36.051209419999999
90235310,2016,2016-08-02,9481,2016-07-29,2300,019422,,5,3,9,5400,0,3,5,,2,030,"AVENUE 136 (SCRANTON AVE.)","ROAD 208",100.00,W,N,A,-,N,,,,,,,,,,Y,2,0,3,1,A,-,01,23152,A,N,F,A,A,A,H,-,D,D,0,,,,,Y,Y,A,07,1,1,1,0,0,0,0,0,0,"- ","- ",36.036790000000003,-119.10813,TULARE,UNINCORPORATED,-119.1077978,36.03678378
90239794,2016,2016-08-08,9481,2016-06-20,1525,015218,,1,2,9,5400,0,3,5,,2,050,"WORTH DRIVE","ROAD 284",8448.00,E,N,A,-,N,,,,,,,,,,Y,1,1,0,1,A,-,08,22107,,N,E,I,A,A,H,-,A,D,0,,,Y,,Y,,C,02,0,0,0,0,0,0,0,1,0,"- ","- ",36.06823,-118.92149000000001,TULARE,UNINCORPORATED,-118.92594338000001,36.067891260000003