CASE_ID,ACCIDENT_YEAR,PROC_DATE,JURIS,COLLISION_DATE,COLLISION_TIME,OFFICER_ID,REPORTING_DISTRICT,DAY_OF_WEEK,CHP_SHIFT,POPULATION,CNTY_CITY_LOC,SPECIAL_COND,BEAT_TYPE,CHP_BEAT_TYPE,CITY_DIVISION_LAPD,CHP_BEAT_CLASS,BEAT_NUMBER,PRIMARY_RD,SECONDARY_RD,DISTANCE,DIRECTION,INTERSECTION,WEATHER_1,WEATHER_2,STATE_HWY_IND,CALTRANS_COUNTY,CALTRANS_DISTRICT,STATE_ROUTE,ROUTE_SUFFIX,POSTMILE_PREFIX,POSTMILE,LOCATION_TYPE,RAMP_INTERSECTION,SIDE_OF_HWY,TOW_AWAY,COLLISION_SEVERITY,NUMBER_KILLED,NUMBER_INJURED,PARTY_COUNT,PRIMARY_COLL_FACTOR,PCF_CODE_OF_VIOL,PCF_VIOL_CATEGORY,PCF_VIOLATION,PCF_VIOL_SUBSECTION,HIT_AND_RUN,TYPE_OF_COLLISION,MVIW,PED_ACTION,ROAD_SURFACE,ROAD_COND_1,ROAD_COND_2,LIGHTING,CONTROL_DEVICE,CHP_ROAD_TYPE,PEDESTRIAN_ACCIDENT,BICYCLE_ACCIDENT,MOTORCYCLE_ACCIDENT,TRUCK_ACCIDENT,NOT_PRIVATE_PROPERTY,ALCOHOL_INVOLVED,STWD_VEHTYPE_AT_FAULT,CHP_VEHTYPE_AT_FAULT,COUNT_SEVERE_INJ,COUNT_VISIBLE_INJ,COUNT_COMPLAINT_PAIN,COUNT_PED_KILLED,COUNT_PED_INJURED,COUNT_BICYCLIST_KILLED,COUNT_BICYCLIST_INJURED,COUNT_MC_KILLED,COUNT_MC_INJURED,PRIMARY_RAMP,SECONDARY_RAMP,LATITUDE,LONGITUDE,COUNTY,CITY,POINT_X,POINT_Y
90281046,2016,2016-09-30,9480,2016-09-19,0015,017291,,1,3,9,5400,0,3,5,,2,004,"AVENUE 308","ROAD 168",115.00,E,N,A,-,N,,,,,,,,,,Y,2,0,1,1,A,-,01,23152,A,N,E,I,A,A,H,-,D,D,0,,,,,Y,Y,A,07,1,0,0,0,0,0,0,0,0,"- ","- ",36.348500000000001,-119.19765,TULARE,UNINCORPORATED,-119.19786999999999,36.348480000000002
90287675,2016,2016-10-10,9480,2016-08-07,0056,019828,,7,3,9,5400,0,1,3,,2,095,"SR-99 S/B","AVENUE 24",5280.00,N,N,A,-,Y,,,99,,,,,,S,Y,1,1,0,1,A,-,01,23152,A,N,F,A,A,A,H,-,D,D,0,,,,,Y,Y,A,07,0,0,0,0,0,0,0,0,0,"- ","- ",35.848370000000003,-119.26612,TULARE,UNINCORPORATED,-119.26603851,35.848388919999998
90287768,2016,2016-10-10,9480,2016-09-18,0300,018521,,7,3,9,5400,0,3,5,,2,006,"SPACER DR","AVENUE 192",230.00,N,N,A,-,N,,,,,,,,,,Y,2,0,4,1,A,-,08,22107,,N,F,A,A,A,H,-,C,D,0,,,,,Y,Y,A,01,1,2,1,0,0,0,0,0,0,"- ","- ",36.139099999999999,-119.27290000000001,TULARE,UNINCORPORATED,-119.27292464999999,36.138911159999999
90293203,2016,2016-10-17,9480,2016-09-21,0215,018657,,3,3,9,5400,0,1,3,,1,030,SR-137,"ROAD 84",862.00,W,N,A,-,Y,,,137,,,,,,,Y,2,0,1,1,A,-,01,23152,A,N,E,I,A,A,H,-,D,D,0,,,,,Y,Y,A,01,1,0,0,0,0,0,0,0,0,"- ","- ",36.20373,-119.3888,TULARE,UNINCORPORATED,-119.38879613,36.20348542
90297005,2016,2016-11-16,9481,2016-09-23,1635,018707,,5,2,9,5400,0,1,3,,1,037,"STATE ROUTE 65","AVENUE 32",2112.00,S,N,A,-,Y,,,65,,,,,,,Y,1,4,1,2,A,-,06,21751,,N,A,C,A,A,H,-,A,D,0,,,,Y,Y,,M,58,0,1,0,0,0,0,0,0,0,"- ","- ",35.842709999999997,-119.05373,TULARE,UNINCORPORATED,-119.05371239,35.84270995
90318893,2016,2016-11-14,9481,2016-11-06,1835,019578,,7,2,4,5405,0,1,3,,1,012,"STATE ROUTE 65","W. WESTFIELD AVENUE",78.00,S,N,A,-,Y,,,65,,,,,,,Y,2,0,1,5,A,-,03,22350,,N,C,C,A,A,H,-,D,D,0,,,,,Y,,D,22,1,0,0,0,0,0,0,0,0,"- ","- ",36.08728,-119.03946999999999,TULARE,PORTERVILLE,-119.03947248999999,36.087279979999998
90398597,2017,2017-02-23,9481,2017-02-13,1331,016065,,1,1,9,5400,0,3,5,,2,050,"AVENUE 120","ROAD 252",0.00,,Y,A,-,N,,,,,,,,,,Y,2,0,4,2,A,-,12,22450,A,N,D,C,A,A,H,-,A,A,0,,,,,Y,,D,22,3,1,0,0,0,0,0,0,0,"- ","- ",36.007840000000002,-119.00875000000001,TULARE,UNINCORPORATED,-119.00880011,36.007740030000001
9042820,2019,2020-02-25,5407,2019-12-02,1236,M66,480,1,5,5,5407,0,0,0,,0,,GIDDINGS,TULARE,0.00,,Y,B,-,N,,,,,,,,,,Y,2,0,4,5,A,-,12,21453,A,N,D,C,B,A,H,-,A,A,0,Y,,,,Y,,-,,3,1,0,0,1,0,0,0,0,"- ","- ",36.332759857177734,-119.30561828613281,TULARE,VISALIA,-119.30541229248047,36.320079803466797
90429420,2017,2017-04-07,9481,2017-03-26,2300,018982,,7,3,4,5405,0,1,3,,1,037,"S/B SR-65 TO W/B SR-190",SR-190,538.00,N,N,A,-,Y,,,65,,,,R,,,Y,2,0,1,1,A,-,01,23152,A,N,F,A,A,A,H,-,C,D,0,,,,,Y,Y,A,01,1,0,0,0,0,0,0,0,0,"- ","- ",36.053289999999997,-119.03962,TULARE,PORTERVILLE,-119.03962,36.053289999999997
90435983,2017,2017-04-17,9480,2017-04-12,0615,012568,,3,1,9,5400,0,1,3,,1,010,"SR-201 (AVE. 400)","RD. 28",0.00,,Y,A,-,Y,,,201,,,,,,,Y,2,0,9,2,A,-,12,22450,,N,D,C,A,A,H,-,B,A,0,,,,,Y,,A,01,1,0,8,0,0,0,0,0,0,"- ","- ",36.517980000000001,-119.51212,TULARE,UNINCORPORATED,-119.51212008,36.517909080000003
9043708,2019,2020-03-04,5407,2019-12-12,1120,M66,180,4,5,5,5407,0,0,0,,0,,"VISALIA PKWY",DANS,0.00,W,N,B,-,N,,,,,,,,,,Y,2,0,2,2,A,-,03,22350,,N,G,B,E,A,D,-,A,A,0,Y,,,,Y,,A,01,1,0,1,0,1,0,0,0,0,"- ","- ",36.291301727294922,-119.32248687744141,TULARE,VISALIA,-119.32583618164062,36.291351318359375
90439320,2017,2017-04-21,9480,2017-04-01,2035,019828,,6,2,9,5400,0,3,5,,2,001,"ROAD 216","AVENUE 256",176.00,S,N,A,-,N,,,,,,,,,,N,2,0,1,3,A,-,11,21954,A,F,G,B,E,A,H,-,D,D,0,Y,,,,Y,,N,60,1,0,0,0,1,0,0,0,0,"- ","- ",36.252980000000001,-119.09129,TULARE,UNINCORPORATED,-119.09133067,36.252957170000002
90460879,2017,2017-05-22,9480,2017-05-14,1845,019048,,7,2,9,5400,0,3,5,,2,004,"DRY CREEK DRIVE",SR-216,15840.00,N,N,B,-,N,,,,,,,,,,Y,2,0,2,1,A,-,03,22350,,N,E,I,A,A,H,-,A,D,0,,,Y,,Y,,C,02,2,0,0,0,0,0,0,0,2,"- ","- ",36.432209999999998,-119.02757,TULARE,UNINCORPORATED,-119.02794421,36.432049470000003
90463920,2017,2017-11-29,9480,2017-04-22,1144,015282,,6,1,9,5400,0,3,5,,2,002,"AVENUE 424","ROAD 120",0.00,,Y,A,-,N,,,,,,,,,,Y,2,0,5,2,A,-,12,22450,A,F,D,C,A,A,H,-,A,A,0,,,,,Y,,A,07,3,2,0,0,0,0,0,0,0,"- ","- ",36.559440000000002,-119.30501,TULARE,UNINCORPORATED,-119.30500996000001,36.559400029999999
90465188,2017,2017-05-31,9480,2017-05-20,1324,017709,,6,1,9,5400,0,3,5,,2,003,"AVENUE 240","ROAD 68",0.00,,Y,A,-,N,,,,,,,,,,Y,2,0,2,2,A,-,09,21802,A,N,D,C,A,A,H,-,A,A,0,,,,Y,Y,,A,07,1,1,0,0,0,0,0,0,0,"- ","- ",36.2256,-119.42112,TULARE,UNINCORPORATED,-119.42102998999999,36.225400090000001
90496217,2017,2017-07-07,9480,2017-06-28,1415,013656,,3,2,9,5400,0,1,3,,1,060,"SR-137 W/B","ROAD 180",40.00,E,N,A,-,Y,,,137,,,,,,W,Y,2,0,2,2,A,-,03,22350,,N,C,C,A,A,H,-,A,D,0,,,,,Y,,D,22,1,0,1,0,0,0,0,0,0,"- ","- ",36.210850000000001,-119.17185000000001,TULARE,UNINCORPORATED,-119.17185010999999,36.210809509999997
90509026,2017,2017-07-26,9480,2017-07-22,0915,015290,,6,1,4,5406,0,1,3,,2,093,"STATE ROUTE 99 (NORTHBOUND)","TULARE AVENUE",1320.00,S,N,A,-,Y,,,99,,,,,,,Y,2,0,2,3,A,-,03,22350,,N,C,C,A,A,D,-,A,A,0,,,,,Y,,A,07,1,1,0,0,0,0,0,0,0,"- ","- ",36.206870000000002,-119.32844,TULARE,TULARE,-119.32844184,36.206870019999997
90511651,2017,2017-07-28,9480,2017-07-14,0905,013821,,5,1,9,5400,0,1,3,,1,064,"SR-198 E/B TO FARMERSVILLE BOULEVARD","FARMERSVILLE BLVD",100.00,W,N,A,-,Y,,,198,,,,R,,E,Y,2,0,1,1,A,-,03,22350,,M,E,I,A,A,H,-,A,D,0,,,,,Y,,A,01,1,0,0,0,0,0,0,0,0,"- ","- ",36.3262,-119.20889,TULARE,UNINCORPORATED,-119.20889,36.3262
90528167,2017,2017-08-22,9480,2017-08-11,0045,017291,,5,3,9,5400,0,1,3,,1,010,"STATE ROUTE 201 (AVENUE 400)","ROAD 40",0.00,,Y,A,-,Y,,,201,,,,,,,Y,2,0,1,2,A,-,12,22450,A,N,D,C,A,A,H,-,D,A,0,,,,Y,Y,,G,25,1,0,0,0,0,0,0,0,0,"- ","- ",36.517569999999999,-119.48477,TULARE,UNINCORPORATED,-119.48476986,36.517619189999998
90542673,2017,2017-12-08,9480,2017-09-04,0150,019789,,1,3,9,5400,0,3,5,,2,006,"AVENUE 256","ROAD 132",1584.00,E,N,A,-,N,,,,,,,,,,Y,2,0,1,1,A,-,01,23152,A,N,E,I,A,A,H,-,D,D,0,,,,,Y,Y,A,01,1,0,0,0,0,0,0,0,0,"- ","- ",36.256399999999999,-119.27379999999999,TULARE,UNINCORPORATED,-119.27314097999999,36.256421690000003
90575980,2017,2017-10-23,9480,2017-10-21,2317,018861,,6,3,9,5400,0,1,3,,2,095,"SR-99 S/B","AVENUE 48",1056.00,S,N,A,-,Y,,,99,,,,,,S,Y,2,0,2,2,A,-,01,23152,A,N,A,C,A,A,H,-,D,D,0,,,,,Y,Y,A,01,2,0,0,0,0,0,0,0,0,"- ","- ",35.874339999999997,-119.27052,TULARE,UNINCORPORATED,-119.27057876000001,35.87434631
90586653,2017,2017-11-03,9480,2017-10-24,0243,017291,,2,3,9,5400,0,3,5,,2,003,"AVENUE 248","WEST ST",528.00,E,N,A,-,N,,,,,,,,,,Y,2,0,1,1,A,-,01,23152,A,N,E,I,A,A,H,-,D,D,0,,,,,Y,Y,D,22,1,0,0,0,0,0,0,0,0,"- ","- ",36.24015,-119.36436,TULARE,UNINCORPORATED,-119.36436,36.24015
90591307,2017,2017-11-09,9480,2017-10-12,0308,019828,,4,3,9,5400,0,1,3,,1,051,"SR-43 (CENTRAL VALLEY HWY)","AVENUE 24",3696.00,N,N,A,-,Y,,,43,,,,,,,Y,2,0,1,2,A,-,01,23152,A,N,A,C,A,A,H,-,D,D,0,,,,Y,Y,Y,A,01,1,0,0,0,0,0,0,0,0,"- ","- ",35.843919999999997,-119.37361,TULARE,UNINCORPORATED,-119.37368567999999,35.843893620000003
90614462,2017,2017-12-11,9480,2017-12-01,0920,014351,,5,1,9,5400,0,3,5,,2,002,"ROAD 92","AVENUE 320",0.00,,Y,A,-,N,,,,,,,,,,Y,2,0,3,2,A,-,12,22450,A,N,D,C,A,A,H,-,A,A,0,,,,,Y,,D,22,1,1,1,0,0,0,0,0,0,"- ","- ",36.221499999999999,-119.2204,TULARE,UNINCORPORATED,-119.36793986000001,36.370910019999997
90617801,2017,2017-12-21,9480,2017-10-26,1843,013656,,4,2,9,5400,0,3,5,,2,006,"ROAD 108","AVENUE 252 (PACIFIC AVENUE)",1157.00,N,N,A,-,N,,,,,,,,,,Y,1,1,3,3,A,-,08,22107,,N,A,C,A,A,H,-,C,D,0,,,,,Y,,A,01,1,0,2,0,0,0,0,0,0,"- ","- ",36.249839999999999,-119.33096999999999,TULARE,UNINCORPORATED,-119.00677,35.985999999999997
90644703,2017,2018-03-22,9480,2017-11-01,2152,015290,,3,2,5,5407,0,1,3,,1,064,"SR-152 EASTBOUND","MOONEY BOULEVARD",275.00,W,N,A,-,Y,,,,,,,,,,Y,1,1,1,2,A,-,01,23152,A,F,C,C,A,A,H,-,D,D,0,,,,,Y,Y,A,01,1,0,0,0,0,0,0,0,0,"- ","- ",36.326880000000003,-119.31438,TULARE,VISALIA,,
90651447,2017,2018-01-30,9481,2017-12-30,0304,019286,,6,3,9,5400,0,3,5,,2,050,"SOUTH DOYLE STREET","EAST ROBY AVENUE",97.00,S,N,B,-,N,,,,,,,,,,Y,1,1,1,1,A,-,01,23152,A,N,F,A,A,A,H,-,C,D,0,,,,,Y,Y,D,22,1,0,0,0,0,0,0,0,0,"- ","- ",36.061320000000002,-118.96380000000001,TULARE,UNINCORPORATED,-118.96390554,36.061993899999997
90656310,2017,2018-03-22,9480,2017-10-17,1415,017108,,2,2,9,5400,0,3,5,,2,006,"EAST FIR STREET","RANCHO VISTA AVENUE",209.00,E,N,A,-,N,,,,,,,,,,Y,1,1,2,1,A,-,03,22350,,N,E,I,A,A,G,-,A,A,0,,,,,Y,,A,01,0,2,0,0,0,0,0,0,0,"- ","- ",36.221609999999998,-119.08264,TULARE,UNINCORPORATED,-119.08250869,36.221584579999998
90686869,2018,2018-03-21,9480,2018-02-13,2043,013656,,2,2,9,5400,0,1,3,,1,060,"STATE ROUTE 137","ROAD 152",35.00,E,N,A,-,Y,,,137,,,,,,,Y,1,1,0,1,A,-,08,22107,,N,E,I,A,A,H,-,C,A,0,,,,,Y,Y,A,07,0,0,0,0,0,0,0,0,0,"- ","- ",36.210861206054688,-119.23341369628906,TULARE,UNINCORPORATED,-119.23341369628906,36.210826873779297
90692437,2018,2018-03-29,9480,2018-01-16,0300,013914,,2,3,9,5400,0,3,5,,2,002,"ROAD 120","ACEVES AVENUE",1056.00,S,N,E,-,N,,,,,,,,,,N,1,1,0,2,A,-,11,21954,A,F,G,B,D,A,H,-,D,D,0,Y,,,,Y,,N,60,0,0,0,1,0,0,0,0,0,"- ","- ",36.534599304199219,-119.30497741699219,TULARE,UNINCORPORATED,-119.30495452880859,36.534343719482422
90719958,2018,2018-05-14,9480,2018-05-02,0520,017311,,3,3,9,5400,0,3,5,,2,002,"AVENUE 320","ROAD 100",0.00,,Y,A,-,N,,,,,,,,,,Y,1,1,1,2,A,-,12,22450,A,N,D,C,A,A,H,-,D,A,0,,,,,Y,,D,22,1,0,0,0,0,0,0,0,0,"- ","- ",36.371040344238281,-119.34999084472656,TULARE,UNINCORPORATED,-119.35004000000001,36.370995000000001
90726524,2018,2018-05-15,9480,2018-05-04,2242,017291,,5,3,9,5400,0,3,5,,2,003,"ROAD 92 (WEST ST)","AVENUE 256",100.00,S,N,A,-,N,,,,,,,,,,Y,2,0,1,1,A,-,01,23152,A,N,E,I,A,A,H,-,D,D,0,,,,,Y,Y,A,01,1,0,0,0,0,0,0,0,0,"- ","- ",36.254520416259766,-119.36710357666016,TULARE,UNINCORPORATED,-119.00021362304688,35.95697021484375
90750993,2018,2018-06-19,9480,2018-06-01,2000,019543,,5,2,9,5400,0,3,5,,2,001,"ROAD 58","AVE 284",1056.00,S,N,A,-,N,,,,,,,,,,N,2,0,1,2,A,-,08,22107,,F,G,B,E,A,H,-,B,D,0,Y,,,,Y,,D,22,1,0,0,0,1,0,0,0,0,"- ","- ",36.476188659667969,-119.44297027587891,TULARE,UNINCORPORATED,-119.44309234619141,36.476177215576172
90755972,2018,2018-06-26,9480,2018-06-19,2310,021249,,2,3,9,5400,0,3,5,,2,005,"AVENUE 120","ROAD 144",2112.00,W,N,A,-,N,,,,,,,,,,Y,2,0,1,1,A,-,01,23152,A,N,E,I,A,A,H,-,D,D,0,,,,,Y,Y,A,01,1,0,0,0,0,0,0,0,0,"- ","- ",36.00762939453125,-119.25743103027344,TULARE,UNINCORPORATED,-119.25770568847656,36.007659912109375
90781575,2018,2018-07-31,9480,2018-06-24,0925,016210,,7,1,9,5400,0,3,5,,2,001,"AVENUE 424","ROAD 68",1247.00,E,N,A,-,N,,,,,,,,,,Y,1,1,0,1,A,-,08,22107,,N,F,A,A,A,H,-,A,D,0,,,,,Y,,A,01,0,0,0,0,0,0,0,0,0,"- ","- ",36.560611724853516,-119.41744232177734,TULARE,UNINCORPORATED,-119.41803741455078,36.560623168945312
90797412,2018,2018-09-24,9481,2018-07-28,2340,019578,,6,3,9,5400,0,3,5,,2,030,"RICHGROVE DRIVE","AVENUE 56",275.00,S,N,A,-,Y,,,,,,,,,,Y,1,1,0,1,A,-,01,23152,A,N,E,I,A,A,H,-,D,D,0,,,,,Y,Y,A,07,0,0,0,0,0,0,0,0,0,"- ","- ",35.891220092773438,-119.0538330078125,TULARE,UNINCORPORATED,-119.05374908447266,35.890964508056641
90814331,2018,2018-09-17,9480,2018-08-20,1950,017778,,1,2,9,5400,0,1,3,,2,095,"STATE ROUTE 99 (SOUTHBOUND)","AVENUE 76",164.00,S,N,A,-,Y,,,99,,,,,,,Y,1,1,3,1,A,-,08,22107,,N,E,I,A,A,H,-,B,D,0,,,,,Y,Y,A,07,2,1,0,0,0,0,0,0,0,"- ","- ",35.928020477294922,-119.28208923339844,TULARE,UNINCORPORATED,-119.28220367431641,35.928001403808594
90835847,2018,2019-01-23,9481,2018-06-08,2045,016995,,5,2,9,5400,0,3,5,,2,010,"AVENUE 192","ROAD 200",1056.00,W,N,A,-,N,,,,,,,,,,N,1,1,0,2,A,-,11,21956,A,N,G,B,E,A,H,-,D,D,0,Y,,,,Y,,N,60,0,0,0,1,0,0,0,0,0,"- ","- ",36.138301849365234,-119.12699890136719,TULARE,UNINCORPORATED,-119.12903594970703,36.138290405273438
90850299,2018,2018-10-31,9480,2018-10-27,1635,017778,,6,2,9,5400,0,1,3,,1,044,"STATE ROUTE 198","HORSE CREEK ROAD",9504.00,E,N,A,-,Y,,,198,,,,,,,Y,2,0,1,1,A,-,01,23152,A,N,E,I,A,A,H,-,A,D,0,,,,,Y,Y,A,01,1,0,0,0,0,0,0,0,0,"- ","- ",36.411388397216797,-118.93641662597656,TULARE,UNINCORPORATED,-118.93640899658203,36.411346435546875
90853242,2018,2018-11-05,9480,2018-10-30,1530,017452,,2,2,9,5400,0,3,5,,2,006,"ROAD 140","AVENUE 240",1056.00,N,N,A,-,N,,,,,,,,,,Y,2,0,4,5,A,-,03,22350,,N,C,C,A,A,H,-,A,D,0,,,,Y,Y,,F,21,1,1,2,0,0,0,0,0,0,"- ","- ",36.22930908203125,-119.26046752929688,TULARE,UNINCORPORATED,-119.26040649414062,36.228687286376953
90883044,2018,2018-12-14,9480,2018-12-06,1645,017108,,4,2,9,5400,0,3,5,,2,006,"ROAD 164","AVENUE 256",0.00,,Y,B,-,N,,,,,,,,,,Y,2,0,2,2,A,-,12,22450,A,N,D,C,A,B,H,-,D,A,0,,,,,Y,,D,22,1,1,0,0,0,0,0,0,0,"- ","- ",36.254230499267578,-119.20697021484375,TULARE,UNINCORPORATED,-119.20691994000001,36.254210059999998
90902245,2018,2019-01-11,9480,2018-12-21,1250,016233,,5,1,9,5400,0,1,3,,2,095,"SR-99 N/B",SR-190,1374.00,S,N,B,-,Y,,,99,,,,,,N,Y,2,0,1,1,A,-,08,22107,,N,E,I,A,A,H,-,A,D,0,,,,,Y,,A,07,1,0,0,0,0,0,0,0,0,"- ","- ",36.047199249267578,-119.31133270263672,TULARE,UNINCORPORATED,-119.311279296875,36.047203063964844
90945179,2019,2019-03-13,9480,2019-03-03,1936,019349,,7,2,9,5400,0,3,5,,2,006,"ROAD 156","AVENUE 292",385.00,S,N,A,-,N,,,,,,,,,,Y,2,0,1,1,C,-,18,,,N,H,H,A,A,H,-,D,D,0,,,,,Y,,-,"- ",1,0,0,0,0,0,0,0,0,"- ","- ",36.319480895996094,-119.22464752197266,TULARE,UNINCORPORATED,-119.22466278076172,36.31866455078125
90946338,2019,2019-03-14,9480,2019-03-02,0933,015047,,6,1,9,5400,0,3,5,,2,002,"AVENUE 424","ROAD 100",500.00,E,N,C,-,N,,,,,,,,,,Y,2,0,4,1,A,-,01,23152,A,N,E,I,A,B,F,-,A,D,0,,,,,Y,Y,A,07,1,0,3,0,0,0,0,0,0,"- ","- ",36.559600830078125,-119.34752655029297,TULARE,UNINCORPORATED,-119.34780883789062,36.559825897216797
90969760,2019,2019-04-17,9480,2019-04-10,1615,019349,,3,2,9,5400,0,3,5,,2,001,"AVENUE 424","ROAD 52",0.00,,Y,A,-,N,,,,,,,,,,Y,2,0,3,2,A,-,12,22450,A,N,D,C,A,A,H,-,A,A,0,,,,,Y,,A,01,1,2,0,0,0,0,0,0,0,"- ","- ",36.560878753662109,-119.45765686035156,TULARE,UNINCORPORATED,-119.45771026611328,36.560909271240234
90987284,2019,2019-05-13,9480,2019-04-23,0545,017108,,2,3,9,5400,0,3,5,,2,001,"DRIVE 60","AVENUE 328",1526.00,N,N,A,-,N,,,,,,,,,,Y,1,1,2,3,A,-,03,22350,,N,C,C,A,A,H,-,B,D,0,,,,,Y,,A,01,1,0,1,0,0,0,0,0,0,"- ","- ",36.388938903808594,-119.44680023193359,TULARE,UNINCORPORATED,-119.44673919677734,36.388961791992188
91047239,2019,2019-09-30,9481,2019-07-12,0655,017991,,5,1,9,5400,0,3,5,,2,050,"ROAD 248","AVENUE 82",1056.00,N,N,A,-,N,,,,,,,,,,Y,1,1,0,2,A,-,05,21650,,N,D,C,A,A,H,-,A,D,0,,,,Y,Y,Y,D,22,0,0,0,0,0,0,0,0,0,"- ","- ",35.941501617431641,-119.01804351806641,TULARE,UNINCORPORATED,-119.01807403564453,35.941616058349609
91074974,2019,2019-10-04,9481,2019-08-29,1645,018029,,4,2,9,5400,0,1,3,,1,012,"SR-65 (N/B)","LINDMORE STREET",0.00,,Y,A,-,Y,,,65,,,,,,,Y,2,0,1,1,A,-,08,22107,,N,E,I,A,A,H,-,A,D,0,,,,,Y,,A,01,1,0,0,0,0,0,0,0,0,"- ","- ",36.196178436279297,-119.09983825683594,TULARE,UNINCORPORATED,-119.09977722167969,36.196220397949219
91075466,2019,2019-09-16,9481,2019-09-04,0835,015290,,3,1,9,5400,0,3,5,,2,050,"AVENUE 56","ROAD 240",534.00,E,N,A,-,N,,,,,,,,,,Y,2,0,4,1,A,-,08,22107,,N,E,I,A,A,H,-,A,D,0,,,,,Y,,J,43,1,3,0,0,0,0,0,0,0,"- ","- ",35.891651153564453,-119.03640747070312,TULARE,UNINCORPORATED,-119.03408050537109,35.891635894775391
91081836,2019,2019-12-27,9480,2019-05-12,1838,019697,,7,2,9,5400,0,1,3,,1,030,"STATE ROUTE 137","ROAD 60",0.00,,Y,A,-,Y,,,137,,,,,,,Y,1,2,1,2,A,-,01,23152,A,N,D,C,A,A,H,-,A,A,0,,,,,Y,Y,D,22,1,0,0,0,0,0,0,0,0,"- ","- ",36.203060150146484,-119.43910980224609,TULARE,UNINCORPORATED,-119.43910980224609,36.203052520751953
91092319,2019,2019-10-08,9481,2019-10-02,1730,020332,,3,2,9,5400,0,2,4,,2,052,"MOUNTAIN ROAD 137 (RESERVATION ROAD)","ROAD 296",13728.00,E,N,A,-,N,,,,,,,,,,Y,2,0,2,1,A,-,08,22107,,N,E,I,A,A,H,-,A,D,0,,,,,Y,,A,01,1,0,1,0,0,0,0,0,0,"- ","- ",36.033351898193359,-118.86942291259766,TULARE,UNINCORPORATED,-118.86940002441406,36.033294677734375
91098575,2019,2019-10-16,9481,2019-08-16,1815,017894,,5,2,9,5400,0,2,4,,1,021,"ORANGE BELT DRIVE","AVENUE 184",0.00,,Y,A,-,N,,,,,,,,,,Y,1,2,2,3,A,-,03,22350,,N,C,C,A,A,H,-,A,D,0,,,,,Y,,D,22,0,2,0,0,0,0,0,0,0,"- ","- ",36.123600006103516,-119.04965209960938,TULARE,UNINCORPORATED,-119.04961400000001,36.123607
91099317,2019,2019-10-17,9481,2019-10-05,2300,019578,,6,3,4,5405,0,1,3,,1,037,"STATE ROUTE 65 SOUTHBOUND","OLIVE AVENUE",50.00,S,N,A,-,Y,,,,,,,,,,Y,2,0,1,1,A,-,01,23152,A,N,E,I,A,A,H,-,C,D,0,,,,,Y,Y,A,07,1,0,0,0,0,0,0,0,0,"- ","- ",36.065689086914062,-119.03553009033203,TULARE,PORTERVILLE,,
91101387,2019,2019-10-21,9481,2019-09-29,1525,018029,,7,2,9,5400,0,2,4,,1,021,"AVENUE 200","ORANGE BELT DRIVE",0.00,,Y,A,-,N,,,,,,,,,,Y,2,0,5,2,A,-,12,22450,A,N,D,C,A,A,H,-,A,A,0,,,,,Y,,D,22,1,3,1,0,0,0,0,0,0,"- ","- ",36.152801513671875,-119.06495666503906,TULARE,UNINCORPORATED,-119.06497192382812,36.152801513671875
91107589,2019,2019-10-28,9481,2019-10-15,1135,016147,,2,1,9,5400,0,3,5,,2,010,"ROAD 224","AVENUE 178",366.00,N,N,A,-,N,,,,,,,,,,Y,2,0,2,2,A,-,08,22107,,N,A,C,A,A,H,-,A,D,0,,,,,Y,,A,01,1,1,0,0,0,0,0,0,0,"- ","- ",33.113468170166016,-119.07138824462891,TULARE,UNINCORPORATED,-119.07142639160156,36.113792419433594
91115045,2019,2019-11-06,9480,2019-10-26,0525,020060,,6,3,5,5407,0,1,3,,1,064,"STATE ROUTE 198 W/B","BEN MADDOX WAY",1614.00,E,N,A,-,Y,,,198,,,,,,W,Y,2,0,2,2,A,-,01,23152,A,N,A,C,A,A,H,-,C,D,0,,,,,Y,Y,A,01,1,1,0,0,0,0,0,0,0,"- ","- ",36.32666015625,-119.27169799804688,TULARE,VISALIA,-119.27169036865234,36.326568603515625
91116322,2019,2019-11-08,9481,2019-11-06,1400,019422,,3,2,9,5400,0,3,5,,2,020,"ROAD 256","LYNCH DR",200.00,N,N,A,-,N,,,,,,,,,,Y,2,0,1,1,A,-,08,22107,,N,E,I,A,A,H,-,A,D,0,,,,,Y,,A,07,1,0,0,0,0,0,0,0,0,"- ","- ",36.112201690673828,-118.99990844726562,TULARE,UNINCORPORATED,-119.00019836425781,36.146049499511719
91135362,2019,2019-12-04,9480,2019-11-27,1713,017778,,3,2,9,5400,0,3,5,,2,002,"RIGGIN AVENUE","SHIRK ROAD",528.00,W,N,B,C,N,,,,,,,,,,N,2,0,1,2,C,-,18,,,N,C,G,A,B,H,-,D,D,0,,Y,,,Y,,-,"- ",1,0,0,0,0,0,1,0,0,"- ","- ",36.356449127197266,-119.37306976318359,TULARE,UNINCORPORATED,-119.36964416503906,36.356468200683594