CASE_ID,ACCIDENT_YEAR,PROC_DATE,JURIS,COLLISION_DATE,COLLISION_TIME,OFFICER_ID,REPORTING_DISTRICT,DAY_OF_WEEK,CHP_SHIFT,POPULATION,CNTY_CITY_LOC,SPECIAL_COND,BEAT_TYPE,CHP_BEAT_TYPE,CITY_DIVISION_LAPD,CHP_BEAT_CLASS,BEAT_NUMBER,PRIMARY_RD,SECONDARY_RD,DISTANCE,DIRECTION,INTERSECTION,WEATHER_1,WEATHER_2,STATE_HWY_IND,CALTRANS_COUNTY,CALTRANS_DISTRICT,STATE_ROUTE,ROUTE_SUFFIX,POSTMILE_PREFIX,POSTMILE,LOCATION_TYPE,RAMP_INTERSECTION,SIDE_OF_HWY,TOW_AWAY,COLLISION_SEVERITY,NUMBER_KILLED,NUMBER_INJURED,PARTY_COUNT,PRIMARY_COLL_FACTOR,PCF_CODE_OF_VIOL,PCF_VIOL_CATEGORY,PCF_VIOLATION,PCF_VIOL_SUBSECTION,HIT_AND_RUN,TYPE_OF_COLLISION,MVIW,PED_ACTION,ROAD_SURFACE,ROAD_COND_1,ROAD_COND_2,LIGHTING,CONTROL_DEVICE,CHP_ROAD_TYPE,PEDESTRIAN_ACCIDENT,BICYCLE_ACCIDENT,MOTORCYCLE_ACCIDENT,TRUCK_ACCIDENT,NOT_PRIVATE_PROPERTY,ALCOHOL_INVOLVED,STWD_VEHTYPE_AT_FAULT,CHP_VEHTYPE_AT_FAULT,COUNT_SEVERE_INJ,COUNT_VISIBLE_INJ,COUNT_COMPLAINT_PAIN,COUNT_PED_KILLED,COUNT_PED_INJURED,COUNT_BICYCLIST_KILLED,COUNT_BICYCLIST_INJURED,COUNT_MC_KILLED,COUNT_MC_INJURED,PRIMARY_RAMP,SECONDARY_RAMP,LATITUDE,LONGITUDE,COUNTY,CITY,POINT_X,POINT_Y
91138456,2019,2019-12-10,9481,2019-12-01,0300,020332,,7,3,4,5405,0,1,3,,1,012,"SR-65 N/B FROM OLIVE AVE","OLIVE AVE",250.00,N,N,B,-,Y,,,65,,,,R,,N,Y,2,0,1,1,A,-,08,22107,,N,E,I,A,B,H,-,D,D,0,,,,,Y,,A,01,1,0,0,0,0,0,0,0,0,"- ","- ",36.066909790039062,-119.03888702392578,TULARE,PORTERVILLE,-119.03888702392578,36.066909790039062
91143297,2019,2019-12-27,9480,2019-10-05,0620,017108,,6,1,9,5400,0,1,3,,2,095,"STATE ROUTE 99 NORTHBOUND","AVENUE 120",5280.00,S,N,A,-,Y,,,99,,,,,,N,Y,1,1,0,3,A,-,11,21954,A,F,G,B,E,A,H,-,D,D,0,Y,,,,Y,,N,60,0,0,0,1,0,0,0,0,0,"- ","- ",35.992420196533203,-119.2989501953125,TULARE,UNINCORPORATED,-119.29897308349609,35.992412567138672
91174926,2020,2020-04-13,9480,2020-01-13,1550,017854,,1,2,9,5400,0,3,5,,2,006,"AVENUE 256 (OAKDALE AVENUE)","ROAD 108 (HILLMAN ROAD)",0.00,,Y,A,-,N,,,,,,,,,,Y,1,1,1,2,A,-,09,21802,A,N,D,C,A,A,H,-,A,A,0,,,,,Y,,A,01,0,1,0,0,0,0,0,0,0,"- ","- ",36.271720886230469,-119.31905364990234,TULARE,UNINCORPORATED,-119.00000762939453,35.9859619140625
91190483,2020,2020-02-20,9480,2020-02-15,2030,019846,,6,2,9,5400,0,3,5,,2,002,"AVENUE 328","ROAD 108",7392.00,W,N,A,-,N,,,,,,,,,,Y,2,0,1,1,A,-,08,22107,,N,E,I,A,A,H,-,D,D,0,,,,,Y,,A,01,1,0,0,0,0,0,0,0,0,"- ","- ",36.385429382324219,-119.35752868652344,TULARE,UNINCORPORATED,-119.3572998046875,36.385307312011719
91201028,2020,2020-03-03,9480,2020-02-21,2153,019543,,5,2,9,5400,0,1,3,,2,091,"SR-99 N/B","AVE 284",2112.00,S,N,B,-,Y,,,99,,,,,,N,Y,2,0,1,3,A,-,07,21658,A,N,B,C,A,A,H,-,D,D,0,,,,,Y,,A,01,1,0,0,0,0,0,0,0,0,"- ","- ",36.485481262207031,-119.51072692871094,TULARE,UNINCORPORATED,-119.51076507568359,36.485427856445312
91203083,2020,2020-03-06,9480,2020-02-29,1510,020060,,6,2,9,5400,0,1,3,,1,051,"STATE ROUTE 43","AVENUE 120",1056.00,S,N,A,-,Y,,,43,,,,,,,Y,2,0,1,1,A,-,08,22107,,N,F,A,A,A,H,-,A,D,0,,,,,Y,,D,22,1,0,0,0,0,0,0,0,0,"- ","- ",36.002830505371094,-119.48674011230469,TULARE,UNINCORPORATED,-119.4866943359375,36.002864837646484
91219979,2019,2020-04-02,9480,2019-10-06,0510,020612,,7,3,9,5400,0,1,3,,1,051,"STATE ROUTE 43","AVENUE 56",0.00,,Y,A,-,Y,,,43,,,,,,,Y,1,1,1,2,A,-,01,23152,F,N,A,C,A,A,H,-,D,A,0,,,,Y,Y,,A,01,1,0,0,0,0,0,0,0,0,"- ","- ",35.891429901123047,-119.40535736083984,TULARE,UNINCORPORATED,-119.40538024902344,35.891414642333984
91229718,2020,2020-04-27,9480,2020-04-21,1733,019349,,2,2,9,5400,0,1,3,,2,091,"STATE ROUTE 99 S/B","AVENUE 384",2482.00,S,N,A,-,Y,,,,,,,,,,Y,2,0,1,1,A,-,08,22107,,N,F,A,A,A,H,-,A,D,0,,,,,Y,,A,01,1,0,0,0,0,0,0,0,0,"- ","- ",36.484268188476562,-119.570068359375,TULARE,UNINCORPORATED,,
91243930,2020,2020-05-28,9480,2020-04-17,1110,013656,,5,1,9,5400,0,3,5,,2,006,"AVENUE 264","ROAD 164",0.00,,Y,A,-,N,,,,,,,,,,Y,1,1,2,2,A,-,09,21802,A,N,D,C,A,A,H,-,A,A,0,,,,,Y,,D,22,1,0,1,0,0,0,0,0,0,"- ","- ",36.268791198730469,-119.20709228515625,TULARE,UNINCORPORATED,-119.207092,36.268791
91250605,2020,2020-06-11,9481,2020-06-08,1525,016065,,1,2,9,5400,0,2,4,,1,021,"AVENUE 184","ORANGE BELT DRIVE",0.00,,Y,A,-,N,,,,,,,,,,Y,2,0,4,2,A,-,09,21802,A,N,D,C,A,A,H,-,A,A,0,,,,,Y,,D,22,1,2,1,0,0,0,0,0,0,"- ","- ",36.123600006103516,-119.04959869384766,TULARE,UNINCORPORATED,-119.0496,36.123609999999999
91265640,2020,2020-07-08,9481,2020-07-04,1640,019422,,6,2,9,5400,0,3,5,,2,050,"MOUNTAIN ROAD 56","MOUNTAIN ROAD 109",6336.00,E,N,A,-,N,,,,,,,,,,Y,2,0,1,1,A,-,08,22107,,N,F,A,A,A,H,-,A,D,0,,,Y,,Y,,C,02,1,0,0,0,0,0,0,0,1,"- ","- ",35.891639709472656,-118.89877319335938,TULARE,UNINCORPORATED,,
91280963,2020,2020-08-05,9481,2020-07-26,1330,019162,,7,1,9,5400,0,1,3,,1,054,"MOUNTAIN ROAD 107 (WESTERN DIVIDE HWY)","FOREST RTE 22S02",3696.00,S,N,A,-,N,,,,,,,,,,Y,2,0,1,1,A,-,08,22107,,N,E,I,A,A,H,-,A,D,0,,,Y,,Y,,C,02,1,0,0,0,0,0,0,0,1,"- ","- ",35.997119903564453,-118.58483123779297,TULARE,UNINCORPORATED,,
91283633,2020,2020-08-10,9480,2020-06-10,0200,020890,,3,3,9,5400,0,1,3,,1,064,"STATE ROUTE 198 (WESTBOUND)","PLAZA DRIVE",3445.00,W,N,A,-,Y,,,198,,,,,,,Y,1,2,3,1,A,-,08,22107,,F,E,I,A,A,H,-,D,D,0,,,,,Y,,A,01,2,1,0,0,0,0,0,0,0,"- ","- ",36.327239990234375,-119.40167236328125,TULARE,UNINCORPORATED,-119.40166473388672,36.327354431152344
91313563,2020,2020-09-28,9480,2020-08-22,2315,018421,,6,3,5,5407,0,1,3,,1,064,"STATE ROUTE 198 WESTBOUND","LINWOOD AVE",500.00,W,N,A,-,Y,,,198,,,,,,W,Y,1,1,0,1,A,-,01,23152,A,N,E,I,A,A,H,-,C,A,0,,,,,Y,Y,A,07,0,0,0,0,0,0,0,0,0,"- ","- ",36.327358245849609,-119.3431396484375,TULARE,VISALIA,-119.3431396484375,36.327384948730469
91336403,2020,2020-11-02,9480,2020-10-22,0805,017108,,4,1,9,5400,0,1,3,,2,095,"STATE ROUTE 99 SOUTHBOUND","AVENUE 76",581.00,S,N,A,-,Y,,,99,,,,,,S,Y,2,0,2,2,A,-,08,22107,,N,B,C,A,A,H,-,A,D,0,,,,,Y,,A,01,1,1,0,0,0,0,0,0,0,"- ","- ",35.92633056640625,-119.28188323974609,TULARE,UNINCORPORATED,-119.28194427490234,35.926322937011719
91336476,2020,2020-11-02,9480,2020-10-21,2030,020273,,3,2,9,5400,0,3,5,,2,005,"ASH ST","WASHINGTON AVE",260.00,S,N,A,-,N,,,,,,,,,,N,2,0,1,2,A,-,11,21954,A,N,G,B,D,A,H,-,D,D,0,Y,,,,Y,,N,60,1,0,0,0,1,0,0,0,0,"- ","- ",35.882308959960938,-119.27960968017578,TULARE,UNINCORPORATED,-119.27963256835938,35.882328033447266
91339719,2020,2020-11-05,9481,2020-11-03,0815,017991,,2,1,9,5400,0,3,5,,2,010,"ROAD 224","AVENUE 176",0.00,,Y,A,-,N,,,,,,,,,,Y,2,0,1,3,A,-,03,22350,,N,C,C,A,A,H,-,A,D,0,,,,,Y,,A,01,1,0,0,0,0,0,0,0,0,"- ","- ",36.109279632568359,-119.07119750976562,TULARE,UNINCORPORATED,-119.07121276855469,36.109279632568359
91348074,2020,2020-11-18,9480,2020-11-13,1745,020837,,5,2,5,5407,0,1,3,,1,034,"STATE ROUTE 198 WESTBOUND","BEN MADDOX WAY",792.00,E,N,B,-,Y,,,198,,,,,,W,Y,2,0,4,3,A,-,01,23152,F,N,B,C,A,A,H,-,D,D,0,,,,,Y,,A,07,1,0,3,0,0,0,0,0,0,"- ","- ",36.326461791992188,-119.27552795410156,TULARE,VISALIA,-119.27553558349609,36.326385498046875
9138650,2020,2020-09-24,5403,2020-07-16,1234,844,,4,5,2,5403,0,0,0,,0,,"NORTH VENTURA AV","WEST ASH ST",0.00,,Y,A,-,N,,,,,,,,,,Y,2,0,2,2,A,-,12,22450,A,N,D,C,A,A,H,-,A,D,0,,,,,Y,Y,A,01,1,0,1,0,0,0,0,0,0,"- ","- ",,,TULARE,FARMERSVILLE,-119.21143341064453,36.301769256591797
9138872,2020,2020-10-24,5405,2020-08-09,1555,CSO26,,7,5,4,5405,0,0,0,,0,001,"MORTON AV","VILLA ST",0.00,,Y,A,-,N,,,,,,,,,,Y,2,0,1,2,A,-,09,21801,A,N,A,C,A,A,H,-,A,A,0,,,,,Y,,A,01,1,0,0,0,0,0,0,0,0,"- ","- ",36.073261260986328,-119.03060913085938,TULARE,PORTERVILLE,-119.0306396484375,36.073268890380859
91389819,2021,2021-01-18,9480,2021-01-13,0942,016210,,3,1,9,5400,0,3,5,,2,006,"AVENUE 272","ROAD 108",3010.00,W,N,A,-,N,,,,,,,,,,Y,2,0,1,1,A,-,08,22107,,N,E,I,A,A,H,-,A,D,0,,,,,Y,,A,01,1,0,0,0,0,0,0,0,0,"- ","- ",36.283779144287109,-119.34178924560547,TULARE,UNINCORPORATED,-119.34165191650391,36.283718109130859
91417949,2021,2021-03-01,9480,2021-02-11,1650,016723,,4,2,9,5400,0,3,5,,2,001,"AVENUE 376","ROAD 44",0.00,,Y,B,-,N,,,,,,,,,,Y,2,0,3,2,A,-,12,22450,A,F,D,C,A,A,H,-,A,A,0,,,,,Y,,-,99,2,1,0,0,0,0,0,0,0,"- ","- ",36.47357177734375,-119.47441864013672,TULARE,UNINCORPORATED,-119.47441864013672,36.473560333251953
91449593,2021,2021-04-13,9480,2021-04-04,1615,019697,,7,2,9,5400,0,1,3,,1,060,SR-137,"ROAD 188",0.00,,Y,A,-,Y,,,137,,,,,,,Y,2,0,1,2,A,-,09,21801,A,N,D,C,A,A,H,-,A,D,0,,,Y,,Y,,A,01,1,0,0,0,0,0,0,0,1,"- ","- ",36.210750579833984,-119.15409088134766,TULARE,UNINCORPORATED,-119.15409088134766,36.210784912109375
91486195,2021,2021-06-01,9480,2021-05-04,2045,017291,,2,2,9,5400,0,3,5,,2,001,"ROAD 80","STATE ROUTE 201 (AVENUE 400)",1015.00,N,N,A,-,N,,,,,,,,,,N,1,1,0,2,A,-,11,21956,A,N,G,B,E,A,H,-,D,D,0,Y,,,,Y,,N,60,0,0,0,1,0,0,0,0,0,"- ","- ",36.519641876220703,-119.39475250244141,TULARE,UNINCORPORATED,-119.39495086669922,36.519641876220703
91512859,2021,2021-07-05,9481,2021-06-26,0800,016147,,6,1,9,5400,0,1,3,,1,012,"STATE ROUTE 65","AVENUE 208",0.00,,Y,A,-,Y,,,65,,,,,,,Y,2,0,2,2,A,-,09,21802,A,N,D,C,A,A,H,-,A,A,0,,,,,Y,,A,01,2,0,0,0,0,0,0,0,0,"- ","- ",36.167278289794922,-119.08294677734375,TULARE,UNINCORPORATED,-119.08296966552734,36.167270660400391
91517922,2021,2021-07-12,9480,2021-07-04,0339,021249,,7,3,9,5400,0,1,3,,2,095,"SR-99 N/B","AVENUE 96",1848.00,S,N,A,-,Y,,,99,,,,,,N,Y,2,0,1,1,A,-,08,22107,,N,E,I,A,A,H,-,D,D,0,,,,,Y,,A,01,1,0,0,0,0,0,0,0,0,"- ","- ",35.948509216308594,-119.288818359375,TULARE,UNINCORPORATED,-119.28882598876953,35.948509216308594
91523532,2021,2022-03-14,9480,2021-05-09,0131,021249,,7,3,9,5400,0,1,3,,2,095,"STATE ROUTE 99 NORTHBOUND","AVENUE 24",1320.00,N,N,A,-,Y,,,99,,,,,,N,Y,1,1,0,2,A,-,08,22107,,N,C,C,A,A,H,-,D,D,0,,,,Y,Y,Y,A,01,0,0,0,0,0,0,0,0,0,"- ","- ",35.837440490722656,-119.26119995117188,TULARE,UNINCORPORATED,-119.26126098632812,35.837413787841797
91547770,2021,2021-08-18,9481,2021-08-11,2055,018113,,3,2,9,5400,0,2,4,,1,021,"AVENUE 196","ORANGE BELT DRIVE",230.00,E,N,A,-,N,,,,,,,,,,N,2,0,1,2,A,-,11,21955,,N,G,B,D,A,H,-,C,D,0,Y,,,,Y,,N,60,1,0,0,0,1,0,0,0,0,"- ","- ",36.1456298828125,-119.06011199951172,TULARE,UNINCORPORATED,-119.06018829345703,36.145549774169922
91553059,2021,2022-03-14,9480,2021-08-07,0110,020060,,6,3,9,5400,0,3,5,,2,003,"ROAD 112","AVENUE 176",5280.00,N,N,A,-,N,,,,,,,,,,Y,1,2,0,1,A,-,01,23152,A,N,E,I,A,A,H,-,D,D,0,,,,,Y,Y,A,01,0,0,0,0,0,0,0,0,0,"- ","- ",36.111289978027344,-119.32179260253906,TULARE,UNINCORPORATED,-119.32185363769531,36.123741149902344
91578652,2021,2021-09-24,9481,2021-09-15,1855,019422,,3,2,9,5400,0,3,5,,2,050,"POPLAR AVE","PIKE ST.",590.00,E,N,A,-,N,,,,,,,,,,N,2,0,1,1,A,-,08,22107,,N,H,A,A,A,H,-,A,D,0,,,Y,,Y,,C,06,1,0,0,0,0,0,0,0,1,"- ","- ",36.051460266113281,-118.98586273193359,TULARE,UNINCORPORATED,-118.98674011230469,36.051399230957031
9157897,2020,2020-12-01,5403,2020-09-20,0111,842,,7,5,2,5403,0,0,0,,0,,"NORTH FARMERSVILLE BL","E NOBLE AV",0.00,,Y,A,-,N,,,,,,,,,,Y,2,0,1,1,A,-,08,22107,,N,E,I,A,-,H,-,C,D,0,,,,,Y,Y,D,22,1,0,0,0,0,0,0,0,0,"- ","- ",,,TULARE,FARMERSVILLE,-119.20755767822266,36.325271606445312
91593556,2021,2021-10-11,9480,2021-09-17,0550,019427,,5,3,4,5406,0,1,3,,1,051,"STATE ROUTE 43","AVENUE 108",0.00,,N,A,-,Y,,,,,,,,,,Y,2,0,1,2,A,-,06,21751,,N,A,C,A,A,H,-,C,D,0,,,,,Y,,A,01,1,0,0,0,0,0,0,0,0,"- ","- ",35.983871459960938,-119.47280120849609,TULARE,TULARE,-119.47402191162109,35.985664367675781
91598716,2021,2021-10-18,9481,2021-10-06,1750,019422,,3,2,9,5400,0,3,5,,2,030,"ROAD 216","AVENUE 95",0.00,,Y,A,-,N,,,,,,,,,,Y,2,0,4,2,A,-,12,22450,A,N,D,C,A,A,H,-,A,A,0,,,,,Y,,A,07,1,0,3,0,0,0,0,0,0,"- ","- ",35.962459564208984,-119.08959197998047,TULARE,UNINCORPORATED,-119.08957672119141,35.962451934814453
91618488,2021,2021-11-08,9480,2021-11-02,1347,019647,,2,1,9,5400,0,3,5,,2,006,"AVENUE 288","ROAD 148",1162.00,E,N,A,-,N,,,,,,,,,,Y,2,0,1,1,A,-,08,22107,,N,E,I,A,A,H,-,A,D,0,,,,,Y,,A,01,1,0,0,0,0,0,0,0,0,"- ","- ",36.312271118164062,-119.23861694335938,TULARE,UNINCORPORATED,-119.23867797851562,36.312553405761719
91626249,2021,2022-03-14,9480,2021-10-01,2500,013914,,5,4,9,5400,0,1,3,,1,020,"STATE ROUTE 201 (AVENUE 400)","ROAD 116",20.00,E,N,A,-,Y,,,201,,,,,,,Y,1,1,0,1,A,-,01,23152,G,N,F,A,A,A,H,-,A,D,0,,,Y,,Y,Y,C,02,0,0,0,0,0,0,0,1,0,"- ","- ",36.515911102294922,-119.31316375732422,TULARE,UNINCORPORATED,-119.31315612792969,36.515975952148438
91630613,2021,2021-11-19,9481,2021-11-14,0415,021234,,7,3,9,5400,0,2,4,,1,031,"ROAD 238","TEAPOT DOME AVENUE",632.00,S,N,E,-,N,,,,,,,,,,Y,2,0,1,1,A,-,01,23152,A,N,E,I,A,A,H,-,D,D,0,,,,,Y,Y,A,01,1,0,0,0,0,0,0,0,0,"- ","- ",36.020698547363281,-119.02709197998047,TULARE,UNINCORPORATED,-119.02703094482422,36.020702362060547
91634129,2021,2021-11-24,9480,2021-11-13,0016,018521,,6,3,9,5400,0,1,3,,1,064,"SR-198 W/B","PLAZA DR",90.00,E,N,A,-,Y,,,,,,,,,,Y,2,0,1,1,A,-,01,23152,G,M,F,A,A,A,H,-,C,D,0,,,,,Y,Y,A,01,1,0,0,0,0,0,0,0,0,"- ","- ",36.327518463134766,-119.38971710205078,TULARE,UNINCORPORATED,-119.38992309570312,36.327381134033203
91639752,2021,2021-12-01,9481,2021-11-24,1200,015290,,3,1,9,5400,0,3,5,,2,050,"ROAD 252","AVENUE 128",500.00,S,N,A,-,N,,,,,,,,,,Y,2,0,1,1,A,-,08,22107,,N,E,I,A,A,H,-,A,D,0,,,,,Y,,A,01,1,0,0,0,0,0,0,0,0,"- ","- ",36.020561218261719,-119.00875854492188,TULARE,UNINCORPORATED,-119.008656,36.020860999999996
91643659,2021,2021-12-06,9480,2021-11-22,0115,020890,,1,3,9,5400,0,1,3,,2,084,"STATE ROUTE 63","OAKDALE AVENUE",1056.00,N,N,E,-,Y,,,63,,,,,,,Y,2,0,2,2,A,-,01,23152,A,F,C,C,A,A,H,-,D,D,0,,,,,Y,Y,A,07,1,1,0,0,0,0,0,0,0,"- ","- ",36.25701904296875,-119.31321716308594,TULARE,UNINCORPORATED,-119.31325531005859,36.25701904296875
91645756,2021,2021-12-07,9481,2021-11-28,1455,020901,,7,2,9,5400,0,3,5,,2,050,"AVENUE 80","ROAD 240",2640.00,E,N,A,-,N,,,,,,,,,,Y,2,0,3,2,A,-,08,22107,,N,D,C,A,A,H,-,A,D,0,,,,,Y,,D,22,1,2,0,0,0,0,0,0,0,"- ","- ",35.934539794921875,-119.02964782714844,TULARE,UNINCORPORATED,-119.02720642089844,35.935100555419922
9165926,2020,2020-10-31,5406,2020-09-07,2324,63,5406,1,5,4,5406,0,0,0,,0,0ES,BARDSLEY,LASPINA,0.00,,Y,A,-,N,,,,,,,,,,Y,2,0,1,4,A,-,01,23152,B,N,D,C,A,A,H,-,C,A,0,,,,,Y,Y,A,01,1,0,0,0,0,0,0,0,0,"- ","- ",,,TULARE,TULARE,-119.3221435546875,36.196681976318359
91669754,2021,2022-01-04,9480,2021-12-23,0640,016615,,4,1,9,5400,0,3,5,,2,003,"AVENUE 144","ROAD 96",0.00,,Y,B,C,N,,,,,,,,,,Y,2,0,1,2,A,-,11,21956,A,N,G,B,E,B,H,-,D,D,0,Y,,,,Y,,N,60,1,0,0,0,1,0,0,0,0,"- ","- ",36.051181793212891,-119.35762786865234,TULARE,UNINCORPORATED,-119.35764312744141,36.051181793212891
91674816,2021,2022-01-10,9481,2021-12-12,1715,020901,,7,2,9,5400,0,3,5,,2,050,"AVENUE 95","ROAD 248",0.00,,Y,A,-,N,,,,,,,,,,Y,2,0,1,2,A,-,09,21802,A,F,D,C,A,A,H,-,D,D,0,,,,,Y,,D,22,1,0,0,0,0,0,0,0,0,"- ","- ",35.962478637695312,-119.01804351806641,TULARE,UNINCORPORATED,-119.01810455322266,35.962390899658203
91686001,2022,2022-01-26,9480,2022-01-14,0345,018861,,5,3,9,5400,0,3,5,,2,003,"AVENUE 260","ROAD 64",2988.00,W,N,E,-,N,,,,,,,,,,Y,2,0,2,1,A,-,08,22107,,N,E,I,A,A,H,-,D,D,0,,,,,Y,,A,01,1,1,0,0,0,0,0,0,0,"- ","- ",36.261669158935547,-119.44017791748047,TULARE,UNINCORPORATED,-119.44008636474609,36.261714935302734
91718040,2022,2022-03-08,9480,2022-02-24,1445,019349,,4,2,9,5400,0,1,3,,1,010,"STATE ROUTE 201 (AVENUE 400)","ROAD 64",0.00,,Y,A,-,Y,TUL,,201,,,5.951,H,,R,Y,2,0,1,2,A,-,01,23152,A,N,D,C,A,A,H,-,A,A,0,,,,Y,Y,Y,A,01,1,0,0,0,0,0,0,0,0,"- ","- ",36.517280578613281,-119.43058776855469,TULARE,UNINCORPORATED,-119.43058776855469,36.517311096191406
91736981,2022,2022-03-30,9480,2022-03-12,0400,019828,,6,3,9,5400,0,1,3,,2,095,"SR-99 S/B","AVE. 152",0.30,S,N,A,-,Y,TUL,,99,,,19.098,H,,L,Y,2,0,1,1,A,-,01,23152,A,N,E,8,A,A,H,-,D,D,0,,,,,Y,Y,A,01,1,0,0,0,0,0,0,0,0,"- ","- ",36.060859680175781,-119.31263732910156,TULARE,UNINCORPORATED,-119.31257629394531,36.060871124267578
9174174,2020,2021-02-12,5407,2020-11-05,1727,C51,480,4,5,5,5407,0,0,0,,0,026,"N BURKE ST","E MARGALO AV",342.00,S,N,A,-,N,,,,,,,,,,N,2,0,1,2,C,-,18,,,N,G,B,D,A,H,-,C,D,0,Y,,,,Y,,-,"- ",1,0,0,0,1,0,0,0,0,"- ","- ",36.341831207275391,-119.28321075439453,TULARE,VISALIA,-119.283203125,36.345851898193359
91748741,2022,2022-05-09,9480,2022-03-26,1505,021159,,6,2,9,5400,0,3,5,,2,003,"AVENUE 216","ROAD 84",20.00,W,N,A,-,N,,,,,,,,,,Y,2,0,1,2,A,-,12,22450,A,N,D,C,A,A,H,-,A,D,0,,,,,Y,,A,01,1,0,0,0,0,0,0,0,0,"- ","- ",36.181781768798828,-119.38395690917969,TULARE,UNINCORPORATED,-119.38414001464844,36.181777954101562
91784801,2022,2022-05-31,9480,2022-05-25,1600,019846,,3,2,9,5400,0,1,3,,1,044,"SR-198 WESTBOUND","HORSE CREEK CAMPGROUND ENTRANCE (HORSE CREEK RD.)",0.00,,Y,A,-,Y,TUL,,198,,,32.777,H,,L,N,2,0,1,1,C,-,18,,,N,F,A,A,A,D,-,A,D,0,,,Y,,Y,,-,"- ",1,0,0,0,0,0,0,0,1,"- ","- ",36.389678955078125,-118.95848083496094,TULARE,UNINCORPORATED,-118.95846557617188,36.389698028564453
91785838,2022,2022-06-01,9481,2022-05-28,0944,018595,,6,1,9,5400,0,3,5,,2,050,"ROAD 248","DEER CREEK BRIDGE",1076.00,S,N,A,-,N,,,,,,,,,,Y,2,0,1,1,A,-,01,23152,A,N,E,I,A,A,H,-,A,D,0,,,,,Y,Y,A,01,1,0,0,0,0,0,0,0,0,"- ","- ",35.989570617675781,-119.01799774169922,TULARE,UNINCORPORATED,,
91791711,2022,2022-06-09,9480,2022-05-28,0301,017452,,6,3,9,5400,0,1,3,,2,091,"SR-99 S/B","MERRITT DR",2516.00,N,N,A,-,Y,TUL,,99,,,49.164,H,,L,N,2,0,1,1,A,-,01,23152,A,N,E,I,A,A,H,-,D,D,0,,,,,Y,Y,A,01,1,0,0,0,0,0,0,0,0,"- ","- ",36.458591461181641,-119.49320983886719,TULARE,UNINCORPORATED,-119.49303436279297,36.458621978759766
9179296,2020,2020-12-07,5407,2020-10-11,2047,A339,480,7,5,5,5407,0,0,0,,0,034,"S MC AULIFF ST","E WALNUT AV",0.00,,Y,A,-,N,,,,,,,,,,Y,2,0,4,3,A,-,01,23152,A,N,D,C,A,A,H,-,B,A,0,,,,,Y,Y,A,01,2,1,1,0,0,0,0,0,0,"- ","- ",,,TULARE,VISALIA,-119.25164031982422,36.312660217285156
91804002,2022,2022-06-27,9480,2022-05-22,1545,020890,,7,2,9,5400,0,3,5,,2,002,"AVENUE 456","ROAD 120 (HILLS VALLEY ROAD)",0.00,,Y,A,-,N,,,,,,,,,,Y,2,0,5,2,A,-,09,21802,A,N,D,C,A,A,H,-,A,A,0,,,,,Y,,A,01,3,2,0,0,0,0,0,0,0,"- ","- ",36.617160797119141,-119.30484008789062,TULARE,UNINCORPORATED,,
91805635,2022,2022-06-29,9481,2022-06-20,1420,020273,,1,2,9,5400,0,3,5,,2,050,"ROAD 248","AVENUE 88",528.00,S,N,A,-,N,,,,,,,,,,N,2,0,1,1,A,-,01,23152,A,N,E,I,A,A,H,-,A,D,0,,,,,Y,Y,A,01,1,0,0,0,0,0,0,0,0,"- ","- ",35.947780609130859,-119.01820373535156,TULARE,UNINCORPORATED,-119.01808929443359,35.948101043701172
91810110,2022,2022-07-05,9480,2022-06-23,2042,017291,,4,2,9,5400,0,3,5,,2,001,"ROAD 56","STATE ROUTE 201 (AVENUE 400)",166.00,N,N,A,-,N,,,,,,,,,,N,2,0,1,2,A,-,01,23152,A,N,C,C,A,A,H,-,D,D,0,,,,,Y,Y,D,22,1,0,0,0,0,0,0,0,0,"- ","- ",36.517288208007812,-119.45023345947266,TULARE,UNINCORPORATED,-119.44869232177734,36.517826080322266
91810655,2022,2022-07-05,9480,2022-06-26,1835,020890,,7,2,9,5400,0,1,3,,2,095,"STATE ROUTE 99 (SOUTHBOUND)","AVENUE 48",2112.00,S,N,A,-,Y,TUL,,99,,,5.800,H,,R,Y,2,0,1,1,A,-,01,23152,A,N,E,I,A,A,H,-,A,D,0,,,,,Y,Y,D,22,1,0,0,0,0,0,0,0,0,"- ","- ",35.872409820556641,-119.27073669433594,TULARE,UNINCORPORATED,-119.27055358886719,35.872398376464844
91816089,2022,2022-08-08,9480,2022-07-09,2125,021044,,6,2,9,5400,0,3,5,,2,001,"ROAD 64","AVENUE 430",1056.00,S,N,A,-,N,,,,,,,,,,N,1,1,0,2,A,-,08,22107,,N,D,C,A,A,H,-,D,D,0,,Y,,,Y,,L,04,0,0,0,0,0,1,0,0,0,"- ","- ",36.568508148193359,-119.43061828613281,TULARE,UNINCORPORATED,-119.4305419921875,36.568714141845703