CASE_ID,ACCIDENT_YEAR,PROC_DATE,JURIS,COLLISION_DATE,COLLISION_TIME,OFFICER_ID,REPORTING_DISTRICT,DAY_OF_WEEK,CHP_SHIFT,POPULATION,CNTY_CITY_LOC,SPECIAL_COND,BEAT_TYPE,CHP_BEAT_TYPE,CITY_DIVISION_LAPD,CHP_BEAT_CLASS,BEAT_NUMBER,PRIMARY_RD,SECONDARY_RD,DISTANCE,DIRECTION,INTERSECTION,WEATHER_1,WEATHER_2,STATE_HWY_IND,CALTRANS_COUNTY,CALTRANS_DISTRICT,STATE_ROUTE,ROUTE_SUFFIX,POSTMILE_PREFIX,POSTMILE,LOCATION_TYPE,RAMP_INTERSECTION,SIDE_OF_HWY,TOW_AWAY,COLLISION_SEVERITY,NUMBER_KILLED,NUMBER_INJURED,PARTY_COUNT,PRIMARY_COLL_FACTOR,PCF_CODE_OF_VIOL,PCF_VIOL_CATEGORY,PCF_VIOLATION,PCF_VIOL_SUBSECTION,HIT_AND_RUN,TYPE_OF_COLLISION,MVIW,PED_ACTION,ROAD_SURFACE,ROAD_COND_1,ROAD_COND_2,LIGHTING,CONTROL_DEVICE,CHP_ROAD_TYPE,PEDESTRIAN_ACCIDENT,BICYCLE_ACCIDENT,MOTORCYCLE_ACCIDENT,TRUCK_ACCIDENT,NOT_PRIVATE_PROPERTY,ALCOHOL_INVOLVED,STWD_VEHTYPE_AT_FAULT,CHP_VEHTYPE_AT_FAULT,COUNT_SEVERE_INJ,COUNT_VISIBLE_INJ,COUNT_COMPLAINT_PAIN,COUNT_PED_KILLED,COUNT_PED_INJURED,COUNT_BICYCLIST_KILLED,COUNT_BICYCLIST_INJURED,COUNT_MC_KILLED,COUNT_MC_INJURED,PRIMARY_RAMP,SECONDARY_RAMP,LATITUDE,LONGITUDE,COUNTY,CITY,POINT_X,POINT_Y
91833133,2022,2022-08-18,9481,2022-08-01,0550,017957,,1,3,9,5400,0,3,5,,2,050,"ROAD 264","DEER CREEK",6.00,N,N,A,-,N,,,,,,,,,,Y,2,0,1,1,A,-,08,22107,,N,E,I,A,A,H,-,D,D,0,,,,,Y,,A,07,1,0,0,0,0,0,0,0,0,"- ","- ",35.992198944091797,-118.98268890380859,TULARE,UNINCORPORATED,-118.98226165771484,36.007797241210938
91834925,2022,2022-08-08,9481,2022-07-27,1800,018595,,3,2,9,5400,0,1,3,,1,054,"MOUNTAIN ROAD 107 (GREAT WESTERN DIVIDE HIGHWAY)","FOREST ROUTE 21S94",10032.00,N,N,A,-,N,,,,,,,,,,Y,2,0,1,1,A,-,08,22107,,N,F,A,A,A,H,-,A,D,0,,,,,Y,,A,01,1,0,0,0,0,0,0,0,0,"- ","- ",36.039939880371094,-118.54379272460938,TULARE,UNINCORPORATED,,
91834936,2022,2022-08-08,9481,2022-07-30,1510,018113,,6,2,9,5400,0,3,5,,2,020,"N PLANO STREET","E REID AVENUE",2536.00,N,N,A,-,N,,,,,,,,,,Y,2,0,3,1,A,-,01,23152,A,N,F,A,A,A,H,-,A,A,0,,,,,Y,Y,D,22,2,1,0,0,0,0,0,0,0,"- ","- ",36.103309631347656,-119.00879669189453,TULARE,UNINCORPORATED,-119.00887298583984,36.103309631347656
91837977,2022,2022-08-11,9480,2022-08-04,0055,020612,,4,3,9,5400,0,1,3,,2,095,"STATE ROUTE 99 NORTHBOUND","AVENUE 76",1850.00,N,N,A,-,Y,TUL,,99,,,34.299,H,,R,N,2,0,1,1,A,-,01,23152,A,N,E,I,A,A,H,-,D,D,0,,,,,Y,Y,D,22,1,0,0,0,0,0,0,0,0,"- ","- ",36.271080017089844,-119.36717987060547,TULARE,UNINCORPORATED,-119.36729431152344,36.271026611328125
91841273,2022,2022-09-22,9480,2022-08-10,1755,019349,,3,2,5,5407,0,1,3,,1,064,"STATE ROUTE 198","PLAZA DRIVE",1742.00,E,N,A,-,Y,TUL,,198,,R,5.143,H,,R,Y,2,0,2,3,A,-,03,22350,,N,C,C,A,A,H,-,A,D,0,,,,,Y,,A,01,2,0,0,0,0,0,0,0,0,"- ","- ",36.327060699462891,-119.38381958007812,TULARE,VISALIA,-119.38381958007812,36.32708740234375
91877130,2022,2022-09-29,9480,2022-09-17,0955,018861,,6,1,9,5400,0,3,5,,2,003,"AVENUE 144","BURNETT RD",0.00,,Y,A,-,N,,,,,,,,,,N,2,0,1,1,A,-,03,22350,,N,F,A,A,A,H,-,A,A,0,,,,,Y,,A,01,1,0,0,0,0,0,0,0,0,"- ","- ",36.051250457763672,-119.31281280517578,TULARE,UNINCORPORATED,-119.31268310546875,36.051273345947266
91882947,2022,2022-10-05,9481,2022-09-29,2345,020917,,4,3,9,5400,0,2,4,,2,052,"MOUNTAIN ROAD 137 (RESERVATION ROAD)","ROAD 296",1584.00,W,N,A,-,N,,,,,,,,,,Y,2,0,3,2,A,-,01,23152,A,N,A,C,A,A,H,-,D,D,0,,,,,Y,Y,A,07,1,2,0,0,0,0,0,0,0,"- ","- ",36.026699066162109,-118.91590118408203,TULARE,UNINCORPORATED,-118.91582489013672,36.026653289794922
91886627,2022,2022-10-10,9481,2022-09-29,1620,021234,,4,2,9,5400,0,1,3,,1,053,"STATE ROUTE 190 EASTBOUND","MAIN STREET",1056.00,E,N,A,-,Y,TUL,,190,,,16.695,H,,R,Y,2,0,5,4,A,-,03,22350,,N,C,C,A,A,H,-,A,A,0,,,,,Y,,A,01,1,0,4,0,0,0,0,0,0,"- ","- ",36.051021575927734,-119.01309967041016,TULARE,UNINCORPORATED,-119.01309967041016,36.051002502441406
91889232,2021,2022-10-13,9480,2021-12-30,0130,020890,,4,3,9,5400,0,3,5,,2,006,"AVENUE 432 (FLORAL AVENUE)","PORTER AVENUE",0.00,,Y,B,-,N,,,,,,,,,,Y,1,1,1,1,A,-,01,23152,A,N,E,I,A,B,H,-,D,A,0,,,,,Y,Y,A,01,1,0,0,0,0,0,0,0,0,"- ","- ",36.574420928955078,-119.36808776855469,TULARE,UNINCORPORATED,-119.36808000000001,36.574539000000001
91891467,2022,2022-10-17,9480,2022-08-12,1150,019186,,5,1,9,5400,0,3,5,,2,003,"CARTMILL AVENUE","SACRAMENTO STREET",19.00,W,N,A,-,N,,,,,,,,,,Y,1,1,0,1,A,-,08,22107,,N,E,I,A,A,H,-,A,D,0,,,,,Y,,A,01,0,0,0,0,0,0,0,0,0,"- ","- ",36.240108489990234,-119.36192321777344,TULARE,UNINCORPORATED,-119.36167144775391,36.240169525146484
91893311,2022,2022-12-13,9480,2022-08-25,1539,018840,,4,2,9,5400,0,1,3,,1,010,"STATE ROUTE 201 (AVENUE 400)","ROAD 24",0.00,,Y,A,-,Y,TUL,,201,,,0.898,H,,R,Y,1,1,0,2,A,-,09,21802,A,N,D,C,A,A,H,-,A,A,0,,,Y,,Y,,D,22,0,0,0,0,0,0,0,1,0,"- ","- ",36.517898559570312,-119.52114105224609,TULARE,UNINCORPORATED,-119.52114105224609,36.517871856689453
91896064,2022,2022-10-21,9480,2022-10-13,2007,018840,,4,2,9,5400,0,3,5,,2,006,"STATE ROUTE 63","AVENUE 264",200.00,S,N,A,-,Y,TUL,,63,,,3.967,H,,R,Y,2,0,1,2,A,-,01,23152,A,N,C,C,A,A,H,-,D,D,0,,,Y,,Y,Y,C,02,1,0,0,0,0,0,0,0,1,"- ","- ",36.268810272216797,-119.31340026855469,TULARE,UNINCORPORATED,-119.31324005126953,36.268810272216797
91900950,2022,2022-12-28,9480,2022-09-21,1944,019846,,3,2,9,5400,0,1,3,,1,021,"STATE ROUTE 63 (ROAD 128)","DAWSON AVENUE",0.00,,Y,B,-,Y,TUL,,63,,,23.254,H,,R,N,1,1,0,2,A,-,11,21954,A,N,G,B,D,A,H,-,D,D,0,Y,,,,Y,Y,N,60,0,0,0,1,0,0,0,0,0,"- ","- ",36.540229797363281,-119.28691864013672,TULARE,UNINCORPORATED,-119.286865234375,36.540229797363281
91906500,2022,2022-11-01,9480,2022-10-26,0411,021249,,3,3,9,5400,0,3,5,,2,006,"ROAD 212","CHESTNUT AVE",450.00,S,N,A,-,N,,,,,,,,,,Y,2,0,1,1,A,-,08,22107,,N,F,A,A,A,H,-,D,D,0,,,,,Y,,A,07,1,0,0,0,0,0,0,0,0,"- ","- ",36.235580444335938,-119.10056304931641,TULARE,UNINCORPORATED,-119.10056304931641,36.235626220703125
91911622,2022,2022-11-07,9480,2022-10-16,2100,016240,,7,2,9,5400,0,3,5,,2,001,"MERRITT DRIVE","ROAD 36",224.00,E,N,A,-,N,,,,,,,,,,Y,2,0,1,1,A,-,08,22107,,N,E,J,A,A,H,-,D,D,0,,,,,Y,Y,A,01,1,0,0,0,0,0,0,0,0,"- ","- ",36.456558227539062,-119.48230743408203,TULARE,UNINCORPORATED,-119.49170684814453,36.451824188232422
91930656,2022,2022-12-08,9480,2022-11-25,1158,016233,,5,1,9,5400,0,1,3,,1,044,SR-198,SR-216,749.00,E,N,A,-,Y,TUL,,198,,,28.101,H,,R,Y,1,1,0,2,A,-,03,22350,,N,C,C,A,A,H,-,A,D,0,,,Y,,Y,,C,02,0,0,0,0,0,0,0,1,0,"- ","- ",36.396888732910156,-119.02031707763672,TULARE,UNINCORPORATED,-119.02030944824219,36.396881103515625
91939519,2022,2022-12-12,9480,2022-12-03,0805,019349,,6,1,9,5400,0,1,3,,2,095,"STATE ROUTE 99","COUNTY LINE ROAD",845.00,N,N,C,-,Y,TUL,,99,,,0.162,H,,L,Y,2,0,1,1,A,-,03,22350,,N,E,J,A,B,H,-,A,D,0,,,,,Y,,A,01,1,0,0,0,0,0,0,0,0,"- ","- ",35.792381286621094,-119.25257873535156,TULARE,UNINCORPORATED,-119.25243377685547,35.792457580566406
91943387,2022,2022-12-15,9480,2022-09-23,1830,020890,,5,2,9,5400,0,1,3,,1,064,"STATE ROUTE 198 W/B TO DEMAREE STREET","DEMAREE STREET",528.00,E,N,A,-,Y,TUL,,198,,,7.918,H,,L,Y,1,1,0,3,A,-,03,22350,,F,C,2,A,A,H,-,A,A,0,,,Y,,Y,,D,22,0,0,0,0,0,0,0,1,0,"- ","- ",36.327350616455078,-119.32901000976562,TULARE,UNINCORPORATED,-119.32900238037109,36.327190399169922
91945233,2022,2022-12-19,9480,2022-12-09,0030,017452,,5,3,9,5400,0,3,5,,2,002,"AVENUE 416","ROAD 152",8448.00,W,N,B,-,N,,,,,,,,,,N,2,0,1,1,A,-,01,23152,G,N,F,I,A,A,H,-,D,D,0,,,,,Y,Y,D,22,1,0,0,0,0,0,0,0,0,"- ","- ",36.544219970703125,-119.23536682128906,TULARE,UNINCORPORATED,-119.25087738037109,36.544330596923828
91947942,2022,2022-12-21,9480,2022-12-16,0715,017108,,5,1,9,5400,0,1,3,,1,030,"SR137 (AVE 228)","ROAD 68",0.00,,Y,E,-,Y,TUL,,137,,,11.223,H,,R,Y,2,0,2,2,A,-,03,22350,,N,D,C,A,B,H,-,A,A,0,,,,Y,Y,,A,07,2,0,0,0,0,0,0,0,0,"- ","- ",36.203510284423828,-119.42111206054688,TULARE,UNINCORPORATED,-119.42111206054688,36.203475952148438
91984331,2023,2023-02-08,9480,2023-01-04,1905,017291,,3,2,9,5400,0,3,5,,2,001,"AVENUE 416","ROAD 48",0.00,,Y,B,-,N,,,,,,,,,,N,1,1,1,2,A,-,01,23152,F,N,D,C,A,A,H,-,C,A,0,,,,,Y,,A,01,1,0,0,0,0,0,0,0,0,"- ","- ",36.546531677246094,-119.46663665771484,TULARE,UNINCORPORATED,,
91993784,2023,2023-02-14,9481,2023-01-31,1840,018113,,2,2,9,5400,0,3,5,,2,010,"AVENUE 184","ROAD 208",0.00,,Y,A,-,N,,,,,,,,,,Y,2,0,3,2,A,-,12,22450,A,F,D,C,A,A,H,-,D,A,0,,,,,Y,,A,01,2,1,0,0,0,0,0,0,0,"- ","- ",36.123798370361328,-119.10749053955078,TULARE,UNINCORPORATED,-119.10752105712891,36.123786926269531
92005197,2023,2023-02-28,9481,2023-02-15,"648 ",016147,,3,1,9,5400,0,3,5,,2,010,"AVENUE 208","ROAD 216",0.00,,Y,A,-,N,,,,,,,,,,Y,1,1,1,2,A,-,12,22450,A,N,D,2,A,A,H,-,B,A,0,,,,Y,Y,,A,01,0,1,0,0,0,0,0,0,0,"- ","- ",36.167209625244141,-119.09036254882812,TULARE,UNINCORPORATED,-119.09037780761719,36.167182922363281
92010063,2023,2023-03-06,9481,2023-03-02,"955 ",017957,,4,1,9,5400,0,3,5,,2,020,"ROAD 276","AVENUE 176",2640.00,N,N,A,-,N,,,,,,,,,,N,2,0,1,1,A,-,08,22107,,N,E,I,A,A,H,-,A,D,0,,,,,Y,,A,08,1,0,0,0,0,0,0,0,0,"- ","- ",36.117038726806641,-118.95558929443359,TULARE,UNINCORPORATED,-118.95552825927734,36.119491577148438
92023336,2023,2023-03-21,9480,2023-03-10,2020,016995,,5,2,9,5400,0,3,5,,2,004,"CHEROKEE OAKS DR","CRYSTAL DR",0.00,,Y,B,C,N,,,,,,,,,,N,2,0,4,2,A,-,12,22450,A,N,D,C,A,B,H,-,D,A,0,,,,,Y,,M,96,1,2,1,0,0,0,0,0,0,"- ","- ",36.418838500976562,-118.91831970214844,TULARE,UNINCORPORATED,-118.91828155517578,36.418876647949219
92032887,2023,2023-03-30,9480,2023-03-04,1555,020837,,6,2,9,5400,0,3,5,,2,005,"ROAD 140","AVENUE 92",750.00,S,N,B,-,N,,,,,,,,,,Y,1,1,0,1,A,-,01,23152,A,N,E,I,A,A,H,-,A,D,0,,,,,Y,Y,A,01,0,0,0,0,0,0,0,0,0,"- ","- ",35.954898834228516,-119.25946044921875,TULARE,UNINCORPORATED,-119.25942993164062,35.954891204833984
92047469,2023,2023-04-18,9480,2023-01-10,"554 ",018521,,2,3,9,5400,0,1,3,,2,091,"STATE ROUTE 99 NORTHBOUND","BETTY DRIVE",6336.00,N,N,C,G,Y,TUL,,99," "," ",42.076,H,,R,Y,1,1,0,1,A,-,01,23152,E,N,E,J,A,B,C,-,D,D,0,,,Y,,Y,,C,02,0,0,0,0,0,0,0,1,0,"- ","- ",36.368358612060547,-119.43256378173828,TULARE,UNINCORPORATED,-119.43255615234375,36.368362426757812
92048414,2023,2023-04-19,9480,2023-04-02,2005,020837,,7,2,9,5400,0,1,3,,1,045,"STATE ROUTE 245 (MILLWOOD DRIVE)","AVENUE 368",1250.00,N,N,A,-,Y,TUL,,245," "," ",11.199,H,,R,Y,1,1,1,2,A,-,01,23152,A,N,A,C,A,A,H,-,D,D,0,,,,,Y,Y,A,07,0,1,0,0,0,0,0,0,0,"- ","- ",36.460708618164062,-119.12570190429688,TULARE,UNINCORPORATED,-119.12570190429688,36.460708618164062
9205256,2020,2021-02-11,5405,2020-12-22,1314,259,SEC4,2,5,4,5405,0,0,0,,0,,"NEWCOMB ST","PUTNAM AV",6.00,N,N,A,-,N,,,,,,,,,,Y,2,0,1,2,A,-,03,22350,,N,C,C,A,A,H,-,A,A,0,,,,,Y,,A,01,1,0,0,0,0,0,0,0,0,"- ","- ",36.069660186767578,-119.05265808105469,TULARE,PORTERVILLE,-119.05297088623047,36.069507598876953
92110803,2023,2023-07-06,9480,2023-07-02,2120,019543,,7,2,9,5400,0,1,3,,1,030,SR-137,"OAKMORE ST.",0.00,,Y,A,-,Y,TUL,,137," "," ",18.459,H,,R,Y,2,0,2,2,A,-,09,21802,A,N,D,C,A,A,H,-,C,A,0,,,,Y,Y,,D,22,1,0,1,0,0,0,0,0,0,"- ","- ",36.210891723632812,-119.29609680175781,TULARE,UNINCORPORATED,-119.29609680175781,36.210891723632812
92116032,2023,2023-07-13,9481,2023-07-05,"630 ",018595,,3,1,9,5400,0,3,5,,2,030,"ROAD 200","AVENUE 0 (COUNTY LINE ROAD)",0.00,,Y,A,-,N,,,,,,,,,,Y,2,0,1,1,A,-,01,23152,A,N,E,I,A,A,H,-,A,D,0,,,,,Y,Y,A,01,1,0,0,0,0,0,0,0,0,"- ","- ",35.790748596191406,-119.12526702880859,TULARE,UNINCORPORATED,,
92144538,2023,2023-11-22,9480,2023-08-07,2122,019543,,1,2,9,5400,0,3,5,,2,002,"SR-201 (AVENUE 400)","COUNTY ROAD 112",400.00,E,N,A,-,Y,TUL,,201," "," ",12.198,H,,R,N,1,1,0,2,A,-,11,21956,A,N,G,B,E,A,H,-,D,D,0,Y,,,,Y,,N,60,0,0,0,1,0,0,0,0,0,"- ","- ",36.516021728515625,-119.31873321533203,TULARE,UNINCORPORATED,-119.31873321533203,36.516025543212891
92172437,2023,2023-09-18,9480,2023-06-30,1325,021370,,5,1,9,5400,0,1,S,,2,106,"STATE ROUTE 43","AVENUE 56",0.00,,Y,A,-,Y,TUL,,43," "," ",7.759,H,,R,Y,1,1,1,2,A,-,12,22450,A,N,D,C,A,A,H,-,A,A,0,,,,,Y,Y,A,01,0,1,0,0,0,0,0,0,0,"- ","- ",35.891368865966797,-119.40531921386719,TULARE,UNINCORPORATED,-119.40533447265625,35.891361236572266
92176523,2023,2023-09-21,9480,2023-09-13,1405,018840,,3,2,9,5400,0,3,5,,2,003,"AVENUE 192","ROAD 36",0.00,,Y,A,-,N,,,,,,,,,,Y,2,0,1,1,A,-,08,22107,,N,F,A,A,A,H,-,A,D,0,,,,Y,Y,,G,25,1,0,0,0,0,0,0,0,0,"- ","- ",36.137760162353516,-119.49279022216797,TULARE,UNINCORPORATED,-119.49295043945312,36.137737274169922
92181351,2023,2023-09-28,9480,2023-07-09,1616,020890,,7,2,9,5400,0,1,3,,1,020,"STATE ROUTE 201 (AVENUE 384)","ROAD 176",0.00,,Y,A,-,Y,TUL,,201," "," ",19.996,H,,R,Y,1,1,2,2,A,-,01,23152,F,N,D,2,A,A,H,-,A,D,0,,,Y,,Y,,C,02,1,1,0,0,0,0,0,1,1,"- ","- ",36.485500335693359,-119.17859649658203,TULARE,UNINCORPORATED,-119.17859649658203,36.485511779785156
92224656,2023,2023-10-31,9480,2023-08-17,1240,018861,,4,1,9,5400,0,1,3,,1,051,"STATE ROUTE 43 (CENTRAL VALLEY HIGHWAY)","AVENUE 120",0.00,,Y,A,-,Y,TUL,,43," ",R,17.096,H,,R,Y,1,1,2,2,A,-,09,21801,A,N,D,C,A,A,H,-,A,D,0,,,,Y,Y,,A,01,2,0,0,0,0,0,0,0,0,"- ","- ",36.007308959960938,-119.48992919921875,TULARE,UNINCORPORATED,-119.48995971679688,36.007297515869141
9224101,2021,2021-03-26,5407,2021-02-01,2247,A331,480,1,5,5,5407,0,0,0,,0,R12,"W CALDWELL AV","S DEMAREE ST",0.00,,Y,A,-,N,,,,,,,,,,Y,2,0,1,3,A,-,01,23152,B,N,D,D,A,A,H,-,C,A,0,,,,,Y,Y,A,01,1,0,0,0,0,0,0,0,0,"- ","- ",36.298370361328125,-119.33148956298828,TULARE,VISALIA,-119.33146667480469,36.298385620117188
92246436,2023,2023-11-28,9480,2023-11-19,1820,021547,,7,2,9,5400,0,3,5,,2,006,"SPRUCE AVENUE","AVENUE 244",0.00,,Y,A,-,N,,,,,,,,,,Y,2,0,1,3,A,-,09,21801,A,F,B,C,A,A,H,-,D,D,0,,,Y,,Y,,-,99,1,0,0,0,0,0,0,0,1,"- ","- ",36.231479644775391,-119.11843872070312,TULARE,UNINCORPORATED,-119.11846160888672,36.231586456298828
92262004,2023,2023-12-14,9481,2023-12-04,1425,018029,,1,2,9,5400,0,1,3,,1,032,SR-190,"ROAD 208",0.00,,Y,A,-,Y,TUL,,190," "," ",11.412,H,,R,Y,2,0,3,2,A,-,09,21802,A,N,D,C,A,A,H,-,A,A,0,,,,,Y,,A,01,1,1,1,0,0,0,0,0,0,"- ","- ",36.051189422607422,-119.10746002197266,TULARE,UNINCORPORATED,-119.10746002197266,36.05120849609375
92264726,2023,2023-12-18,9480,2023-12-09,1325,016995,,6,1,9,5400,0,3,5,,2,006,"AVENUE 256","STATE ROUTE 63",0.00,,Y,A,-,Y,TUL,,63," "," ",3.004,H,,L,Y,2,0,2,2,A,-,09,21801,A,N,D,C,A,A,H,-,A,A,0,,,,,Y,,A,01,1,0,1,0,0,0,0,0,0,"- ","- ",36.254920959472656,-119.31317901611328,TULARE,UNINCORPORATED,-119.31324005126953,36.254920959472656
92271991,2023,2023-12-27,9480,2023-12-18,2312,017452,,1,3,9,5400,0,1,3,,1,021,"SR-63 (ROAD 124)","AVENUE 368",0.00,,Y,B,-,N,,,,,,,,,,Y,2,0,3,2,A,-,12,22450,A,N,D,C,A,B,H,-,C,A,0,,,,,Y,,D,22,1,1,1,0,0,0,0,0,0,"- ","- ",,,TULARE,UNINCORPORATED,-119.29543304443359,36.457729339599609
92298229,2024,2024-01-26,9480,2024-01-18,"423 ",020450,,4,3,5,5407,0,2,S,,2,901,"HURLEY AVENUE","NORTH CRENSHAW STREET",62.00,E,N,A,-,N,,,,,,,,,,Y,2,0,1,1,A,-,08,22107,,N,E,I,A,A,H,-,C,D,0,,,Y,,Y,,C,02,1,0,0,0,0,0,0,0,1,"- ","- ",36.334419250488281,-119.34506225585938,TULARE,VISALIA,-119.34510803222656,36.334453582763672
92315260,2024,2024-02-15,9481,2024-02-07,2500,016147,,3,4,9,5400,0,3,5,,2,010,"AVENUE 224","ROAD 203",717.00,W,N,B,-,N,,,,,,,,,,Y,1,1,0,1,A,-,08,22107,,N,E,I,A,B,H,-,D,D,0,,,,,Y,,A,01,0,0,0,0,0,0,0,0,0,"- ","- ",36.196201324462891,-119.12262725830078,TULARE,UNINCORPORATED,-119.12245941162109,36.196250915527344
92327797,2024,2024-03-01,9480,2024-02-10,2028,022293,,6,2,9,5400,0,1,3,,2,095,"STATE ROUTE 99 NORTHBOUND FROM AVENUE 24","AVENUE 24",480.00,N,N,A,-,Y,TUL,,99," "," ",3.112,H,,R,Y,1,1,0,1,A,-,01,23152,A,N,E,I,A,A,H,-,D,D,0,,,,,Y,Y,D,22,0,0,0,0,0,0,0,0,0,"- ","- ",35.834548950195312,-119.26029968261719,TULARE,UNINCORPORATED,-119.26047515869141,35.834522247314453
92334621,2024,2024-03-19,9480,2024-03-02,"525 ",022293,,6,3,4,5406,0,1,3,,2,093,"N/B SR-99","E. CROSS AVENUE",110.00,S,N,B,C,Y,TUL,,99," "," ",29.863,H,,R,Y,2,0,2,3,A,-,03,22350,,N,E,I,A,B,H,-,D,D,0,,,,Y,Y,,G,25,2,0,0,0,0,0,0,0,0,"- ","- ",36.214828491210938,-119.32917022705078,TULARE,TULARE,-119.32911682128906,36.214839935302734
92377767,2024,2024-04-29,9480,2024-04-17,1530,018861,,3,2,9,5400,0,1,3,,1,051,"STATE ROUTE 43 (CENTRAL VALLEY HIGHWAY)","AVENUE 56",0.00,,Y,A,-,Y,TUL,,43," "," ",7.759,H,,R,Y,2,0,2,2,A,-,09,21802,A,N,D,C,A,A,H,-,A,A,0,,,,,Y,,A,01,1,1,0,0,0,0,0,0,0,"- ","- ",35.891368865966797,-119.40531921386719,TULARE,UNINCORPORATED,-119.40533447265625,35.891361236572266
92378808,2024,2024-04-30,9480,2024-04-19,1745,021370,,5,2,9,5400,0,1,3,,1,040,"STATE ROUTE 216","ROAD 158",0.00,,Y,A,-,Y,TUL,,216," "," ",4.319,H,,R,Y,2,0,3,3,A,-,09,21801,A,N,D,C,A,A,H,-,A,A,0,,,,,Y,,A,07,1,0,2,0,0,0,0,0,0,"- ","- ",36.34912109375,-119.22048187255859,TULARE,UNINCORPORATED,-119.22048187255859,36.349128723144531
92401372,2024,2024-06-03,9480,2024-05-16,2033,019349,,4,2,9,5400,0,3,5,,2,001,"STATE ROUTE 201","ROAD 74",0.00,,Y,A,-,N,,,,,,,,,,Y,2,0,2,2,A,-,09,21802,A,N,D,C,A,A,H,-,D,A,0,,,,,Y,,A,01,1,0,1,0,0,0,0,0,0,"- ","- ",36.517078399658203,-119.40834045410156,TULARE,UNINCORPORATED,-119.4083251953125,36.517059326171875
92412697,2024,2024-06-12,9420,2024-06-06,1935,023401,,4,2,9,5400,0,3,5,,2,020,"MOUNTAIN HIGHWAY 99","GOLD LEDGE CAMPGROUND",1056.00,S,N,A,-,N,,,,,,,,,,Y,2,0,2,1,A,-,08,22107,,N,E,I,A,A,H,-,B,D,0,,,,,Y,,A,07,1,1,0,0,0,0,0,0,0,"- ","- ",35.871589660644531,-118.45439910888672,TULARE,UNINCORPORATED,,
92413230,2024,2024-06-12,9480,2024-06-09,1500,018204,,7,2,9,5400,0,3,5,,2,006,"AVE 224","RD 152",1475.00,W,N,A,-,N,,,,,,,,,,Y,2,0,1,1,A,-,08,22107,,N,E,I,A,A,H,-,A,D,0,,,,,Y,,A,01,1,0,0,0,0,0,0,0,0,"- ","- ",36.196460723876953,-119.23825073242188,TULARE,UNINCORPORATED,-119.23820495605469,36.1964111328125
92421614,2024,2024-06-24,9480,2024-06-14,2330,022328,,5,3,9,5400,0,1,3,,1,064,"E/B SR-198","LOVERS LANE",1848.00,W,N,A,-,Y,TUL,,198," ",R,11.278,H,,R,Y,2,0,1,1,A,-,01,23152,G,N,E,I,A,A,H,-,C,D,0,,,,,Y,Y,D,22,1,0,0,0,0,0,0,0,0,"- ","- ",36.326789855957031,-119.26882934570312,TULARE,UNINCORPORATED,-119.26883697509766,36.326808929443359
92440814,2024,2024-08-01,9480,2024-07-06,1645,019932,,6,2,9,5400,0,3,5,,2,004,"ROAD 220","AVENUE 312",1416.00,S,N,A,-,N,,,,,,,,,,Y,2,0,1,1,A,-,01,23152,A,N,E,I,A,A,H,-,A,D,0,,,,,Y,Y,A,01,1,0,0,0,0,0,0,0,0,"- ","- ",36.350650787353516,-119.08071899414062,TULARE,UNINCORPORATED,-119.08063507080078,36.350654602050781
9256153,2021,2023-06-17,5406,2021-04-04,1715,53,5406,7,5,4,5406,0,0,0,,0,0SE,MORRISON,"ALPINE ST",310.00,S,N,A,-,N,,,,,,,,,,Y,1,1,0,1,A,-,03,22350,,N,B,I,A,A,H,-,A,D,0,,,Y,,Y,Y,C,02,0,0,0,0,0,0,0,1,0,"- ","- ",,,TULARE,TULARE,-119.30350494384766,36.201202392578125
9256289,2021,2021-06-29,5406,2021-05-23,1857,39,5406,7,5,4,5406,0,0,0,,0,0AO,BLACKSTONE,"EDISON POLE #4110057E",21.00,N,N,A,-,N,,,,,,,,,,Y,1,1,0,2,A,-,09,21804,A,N,D,C,A,A,H,-,A,D,0,,,,,Y,,A,01,0,0,0,0,0,0,0,0,0,"- ","- ",,,TULARE,TULARE,,
9258709,2021,2021-05-07,5407,2021-04-09,1941,12014,SR142,5,5,5,5407,0,0,0,,0,012,"S ROSSMOOR CT","W PARADISE AV",54.00,N,N,A,-,N,,,,,,,,,,N,2,0,1,2,A,-,05,21202,A,N,A,G,A,A,H,-,D,D,0,,Y,,,Y,,L,04,1,0,0,0,0,0,1,0,0,"- ","- ",36.316509246826172,-119.34162139892578,TULARE,VISALIA,-119.29206085205078,36.316619873046875
9272429,2021,2021-06-09,5407,2021-04-25,0038,A339,480,7,5,5,5407,0,0,0,,0,033,"S SANTE FE ST","E PARADISE AV",0.00,,Y,A,-,N,,,,,,,,,,Y,2,0,3,2,A,-,09,21802,A,N,D,C,A,A,H,-,C,D,0,,,,,Y,,A,01,1,2,0,0,0,0,0,0,0,"- ","- ",,,TULARE,VISALIA,-119.28749084472656,36.316493988037109