CASE_ID,ACCIDENT_YEAR,PROC_DATE,JURIS,COLLISION_DATE,COLLISION_TIME,OFFICER_ID,REPORTING_DISTRICT,DAY_OF_WEEK,CHP_SHIFT,POPULATION,CNTY_CITY_LOC,SPECIAL_COND,BEAT_TYPE,CHP_BEAT_TYPE,CITY_DIVISION_LAPD,CHP_BEAT_CLASS,BEAT_NUMBER,PRIMARY_RD,SECONDARY_RD,DISTANCE,DIRECTION,INTERSECTION,WEATHER_1,WEATHER_2,STATE_HWY_IND,CALTRANS_COUNTY,CALTRANS_DISTRICT,STATE_ROUTE,ROUTE_SUFFIX,POSTMILE_PREFIX,POSTMILE,LOCATION_TYPE,RAMP_INTERSECTION,SIDE_OF_HWY,TOW_AWAY,COLLISION_SEVERITY,NUMBER_KILLED,NUMBER_INJURED,PARTY_COUNT,PRIMARY_COLL_FACTOR,PCF_CODE_OF_VIOL,PCF_VIOL_CATEGORY,PCF_VIOLATION,PCF_VIOL_SUBSECTION,HIT_AND_RUN,TYPE_OF_COLLISION,MVIW,PED_ACTION,ROAD_SURFACE,ROAD_COND_1,ROAD_COND_2,LIGHTING,CONTROL_DEVICE,CHP_ROAD_TYPE,PEDESTRIAN_ACCIDENT,BICYCLE_ACCIDENT,MOTORCYCLE_ACCIDENT,TRUCK_ACCIDENT,NOT_PRIVATE_PROPERTY,ALCOHOL_INVOLVED,STWD_VEHTYPE_AT_FAULT,CHP_VEHTYPE_AT_FAULT,COUNT_SEVERE_INJ,COUNT_VISIBLE_INJ,COUNT_COMPLAINT_PAIN,COUNT_PED_KILLED,COUNT_PED_INJURED,COUNT_BICYCLIST_KILLED,COUNT_BICYCLIST_INJURED,COUNT_MC_KILLED,COUNT_MC_INJURED,PRIMARY_RAMP,SECONDARY_RAMP,LATITUDE,LONGITUDE,COUNTY,CITY,POINT_X,POINT_Y
9275802,2021,2021-07-01,5404,2021-05-30,2054,671,20L,7,5,2,5404,0,0,0,,0,012,"RT 65","HERMOSA ST",0.00,,Y,A,-,Y,TUL,6,65,-,-,29.491,I,5,S,Y,2,0,1,2,A,-,11,21456,,N,G,B,D,A,H,-,C,A,0,Y,,,,Y,Y,N,60,1,0,0,0,1,0,0,0,0,"- ","- ",,,TULARE,LINDSAY,-119.10466003417969,36.203273773193359
9288450,2021,2021-07-07,5407,2021-05-01,1800,C57,480,6,5,5,5407,0,0,0,,0,033,"E WALNUT AV","S COURT ST",0.00,,Y,A,-,N,,,,,,,,,,N,2,0,1,2,A,-,12,21453,A,N,D,G,A,A,H,-,A,A,0,,Y,,,Y,,L,04,1,0,0,0,0,0,1,0,0,"- ","- ",36.312850952148438,-119.29200744628906,TULARE,VISALIA,-119.29201507568359,36.312858581542969
9292653,2021,2021-07-28,5402,2021-04-19,1547,812,,1,5,2,5402,0,0,0,,0,12E,"NORTH B ST","PEACH DR",0.00,,Y,A,-,N,,,,,,,,,,Y,2,0,1,2,A,-,08,22107,,N,B,C,A,A,H,-,A,D,0,,,,,Y,,-,,1,0,0,0,0,0,0,0,0,"- ","- ",,,TULARE,EXETER,-119.13880157470703,36.301139831542969
9320105,2021,2021-12-21,5407,2021-04-21,0235,M194,480,3,5,5,5407,0,0,0,,0,R12,"RT 63","W WALNUT AV",0.00,,Y,A,-,Y,TUL,6,63,-,-,7.010,I,5,S,Y,1,1,1,2,A,-,12,21453,A,N,D,C,A,A,H,-,C,A,0,,,,,Y,,A,07,0,0,1,0,0,0,0,0,0,"- ","- ",,,TULARE,VISALIA,-119.31395721435547,36.31298828125
9320107,2021,2021-12-07,5401,2021-05-14,2155,2119,5401,5,5,3,5401,0,0,0,,0,00A,"MILLARD WY","HAYES AV",0.00,,Y,A,-,N,,,,,,,,,,N,1,1,0,1,A,-,03,22350,,N,E,I,A,A,H,-,C,A,0,,,Y,,Y,,C,02,0,0,0,0,0,0,0,1,0,"- ","- ",,,TULARE,DINUBA,-119.38207244873047,36.548198699951172
9320295,2021,2022-01-20,5406,2021-12-04,1112,63,5406,6,5,4,5406,0,0,0,,0,0AO,"RT 137",CHERRY,0.00,,Y,A,-,Y,TUL,6,137,-,-,16.116,I,5,W,Y,1,1,1,2,A,-,03,22350,,N,D,C,A,A,H,-,A,A,0,,,,,Y,,A,01,1,0,0,0,0,0,0,0,0,"- ","- ",,,TULARE,TULARE,-119.33731079101562,36.209392547607422
9320560,2021,2022-03-24,5407,2021-08-12,0225,M203,480,4,5,5,5407,0,0,0,,0,,"W NOBLE AV",MARTIN,0.00,,N,A,-,N,,,,,,,,,,N,1,1,0,2,A,-,11,21956,,F,G,B,E,A,H,-,D,A,0,Y,,,,Y,,N,60,0,0,0,1,0,0,0,0,0,"- ","- ",36.326499938964844,-119.30792999267578,TULARE,VISALIA,-119.30670166015625,36.326519012451172
9320666,2022,2022-05-04,5406,2022-03-27,1149,78,5406,7,5,4,5406,0,0,0,,0,0ES,WALNUT,CARDOZA,0.00,,Y,A,-,N,,,,,,,,,,Y,1,1,0,2,A,-,03,22350,,N,D,C,A,A,H,-,A,D,0,,,Y,,Y,,C,02,0,0,0,0,0,0,0,1,0,"- ","- ",,,TULARE,TULARE,-119.32527923583984,36.193042755126953
9320915,2022,2022-07-27,5406,2022-05-03,2107,24,5406,2,5,4,5406,0,0,0,,0,0AO,BLACKSTONE,KERN,480.00,S,N,A,-,N,,,,,,,,,,N,1,1,0,2,A,-,11,21954,A,N,G,B,D,A,H,-,C,D,0,Y,,,,Y,,N,60,0,0,0,1,0,0,0,0,0,"- ","- ",,,TULARE,TULARE,-119.33108520507812,36.206211090087891
9322875,2021,2021-10-06,5407,2021-08-26,2112,A352,480,4,5,5,5407,0,0,0,,0,Q34,"RT 63","AVENUE 264",562.00,S,N,A,-,Y,TUL,6,63,-,-,3.900,H,-,N,Y,2,0,1,1,A,-,01,23152,F,M,E,I,A,A,H,-,C,A,0,,,,,Y,,A,01,1,0,0,0,0,0,0,0,0,"- ","- ",,,TULARE,VISALIA,-119.313232421875,36.267856597900391
9350929,2021,2021-11-10,5407,2021-09-26,1114,C57,480,7,5,5,5407,0,0,0,,0,033,"S SANTA FE ST","E CYPRESS AV",0.00,,Y,A,-,N,,,,,,,,,,Y,2,0,2,2,A,-,12,22450,,N,D,C,A,A,H,-,A,A,0,,,,,Y,,A,07,1,0,1,0,0,0,0,0,0,"- ","- ",36.323738098144531,-119.28775024414062,TULARE,VISALIA,-119.28775024414062,36.323757171630859
9378502,2021,2021-12-14,5407,2021-10-17,2103,A353,480,7,5,5,5407,0,0,0,,0,012,"MOONEY BL","MID VALLEY AV",60.00,N,N,A,-,Y,TUL,6,63,-,-,5.270,H,-,S,Y,2,0,2,2,A,-,03,22350,,N,C,C,A,A,H,-,C,A,0,,,Y,,Y,,C,02,2,0,0,0,0,0,0,0,2,"- ","- ",,,TULARE,VISALIA,-119.31365966796875,36.287738800048828
9409023,2022,2022-03-03,5407,2022-02-02,0758,M282,480,3,5,5,5407,0,0,0,,0,012,"W WHITENDALE AV","S CHINOWTH ST",274.00,,N,A,-,N,,,,,,,,,,Y,2,0,1,3,A,-,04,21703,,F,C,B,A,A,H,-,A,A,0,,,,,Y,,D,22,1,0,0,0,0,0,0,0,0,"- ","- ",36.305530548095703,-119.3360595703125,TULARE,VISALIA,-119.33607482910156,36.305522918701172
94355160,2024,2024-08-15,9481,2024-08-12,2220,019578,,1,3,9,5400,0,3,5,,2,030,"COUNTY LINE ROAD (AVENUE 0)","REED ROAD",1620.00,E,N,A,-,N,,,,,,,,,,Y,2,0,2,2,A,-,01,23152,A,N,C,C,A,A,H,-,D,D,0,,,,,Y,Y,A,01,1,0,1,0,0,0,0,0,0,"- ","- ",35.790679931640625,-119.1552734375,TULARE,UNINCORPORATED,-119.15532684326172,35.790653228759766
94371525,2024,2024-08-27,9480,2024-05-24,1645,016995,,5,2,9,5400,0,1,3,,1,064,"STATE ROUTE 198 (EASTBOUND)","ROAD 156",4066.00,W,N,A,-,Y,TUL,,198," ",R,12.973,H,,R,Y,1,1,0,3,A,-,01,23152,A,N,C,C,A,A,H,-,A,D,0,,,Y,,Y,Y,C,02,0,0,0,0,0,0,0,1,0,"- ","- ",36.326881408691406,-119.23857879638672,TULARE,UNINCORPORATED,-119.23857879638672,36.326881408691406
94405152,2024,2024-09-23,9480,2024-09-16,1332,021589,,1,1,9,5400,0,1,3,,2,091,"SR-99 N/B",SR-198,1320.00,N,N,A,-,Y,TUL,,99," ",R,39.235,H,,R,Y,2,0,1,2,A,-,01,23152,A,N,C,C,A,A,H,-,A,D,0,,,,Y,Y,Y,A,07,1,0,0,0,0,0,0,0,0,"- ","- ",36.331539154052734,-119.41114807128906,TULARE,UNINCORPORATED,-119.41114044189453,36.33154296875
94424433,2024,2024-10-09,9481,2024-10-01,1545,017957,,2,2,9,5400,0,3,5,,2,010,"ROAD 220","AVENUE 196",0.00,,Y,A,-,N,,,,,,,,,,Y,2,0,3,2,A,-,12,22450,A,N,D,2,A,A,H,-,A,A,0,,,,,Y,,A,07,1,0,2,0,0,0,0,0,0,"- ","- ",36.145549774169922,-119.08071136474609,TULARE,UNINCORPORATED,-119.08074188232422,36.145530700683594
94429128,2024,2024-10-14,9481,2024-10-07,1655,017957,,1,2,9,5400,0,3,5,,2,050,"AVENUE 124","ROAD 252",0.00,,Y,A,-,N,,,,,,,,,,Y,2,0,1,2,A,-,09,21802,A,N,D,C,A,A,H,-,A,A,0,,,,,Y,,A,07,1,0,0,0,0,0,0,0,0,"- ","- ",36.014968872070312,-119.00875091552734,TULARE,UNINCORPORATED,-119.00872802734375,36.015022277832031
94540593,2025,2025-01-21,9480,2025-01-05,1152,018861,,7,1,9,5400,0,3,5,,2,002,"AVENUE 424","ROAD 120",0.00,,Y,A,-,N,,,,,,,,,,Y,2,0,2,2,A,-,01,23152,A,N,D,C,A,A,H,-,A,A,0,,,,,Y,Y,A,07,1,1,0,0,0,0,0,0,0,"- ","- ",36.559459686279297,-119.30499267578125,TULARE,UNINCORPORATED,-119.30500793457031,36.559402465820312
94544719,2025,2025-01-21,9480,2025-01-12,1235,016995,,7,1,9,5400,0,3,5,,2,005,"ROAD 144","AVENUE 8",1584.00,N,N,A,-,N,,,,,,,,,,Y,2,0,1,1,A,-,08,22107,,N,E,I,A,A,H,-,A,D,0,,,,,Y,,D,22,1,0,0,0,0,0,0,0,0,"- ","- ",35.810260772705078,-119.25029754638672,TULARE,UNINCORPORATED,-119.250244140625,35.809215545654297
94570155,2024,2025-02-07,9480,2024-09-30,1337,018861,,1,1,9,5400,0,1,3,,1,044,"STATE ROUTE 198 (SIERRA DRIVE) WESTBOUND","HORSE CREEK ROAD",50.00,E,N,A,-,Y,TUL,,198," "," ",33.520,H,,L,Y,1,1,5,2,A,-,01,23152,A,N,A,C,A,A,H,-,A,D,0,,,,Y,Y,Y,A,01,2,2,1,0,0,0,0,0,0,"- ","- ",36.388401031494141,-118.94664764404297,TULARE,UNINCORPORATED,-118.94663238525391,36.388397216796875
94572256,2025,2025-02-10,9480,2025-02-02,"0   ",021589,,7,3,9,5400,0,1,3,,2,091,SR-99,"AVE 328",3221.00,N,N,A,-,Y,TUL,,99," "," ",43.989,H,,R,Y,2,0,2,2,A,-,01,23152,A,N,C,C,A,A,H,-,D,D,0,,,,,Y,Y,A,07,1,1,0,0,0,0,0,0,0,"- ","- ",36.392898559570312,-119.44875335693359,TULARE,UNINCORPORATED,-119.44873809814453,36.392906188964844
94572526,2025,2025-02-10,9480,2025-02-04,"858 ",019048,,2,1,9,5400,0,3,5,,2,002,"AVENUE 320","ROAD 100",271.00,W,N,A,-,N,,,,,,,,,,N,2,0,1,1,A,-,08,22107,,N,E,I,A,A,H,-,A,D,0,,,,,Y,,A,01,1,0,0,0,0,0,0,0,0,"- ","- ",36.371070861816406,-119.35021209716797,TULARE,UNINCORPORATED,-119.3509521484375,36.370994567871094
94585288,2025,2025-02-20,9481,2025-02-11,1245,019149,,2,1,9,5400,0,2,4,,1,021,"AVENUE 196","ROAD 248",90.00,E,N,A,-,N,,,,,,,,,,Y,2,0,4,2,A,-,21,22106,,N,D,2,A,A,H,-,A,D,0,,,,,Y,,A,01,1,2,1,0,0,0,0,0,0,"- ","- ",36.145561218261719,-119.01773834228516,TULARE,UNINCORPORATED,-119.01774597167969,36.145538330078125
9460398,2022,2022-06-28,5405,2022-06-11,0959,286,"SEC 1",6,5,4,5405,0,0,0,,0,,"G ST","HENDERSON AV",3.00,S,N,A,-,N,,,,,,,,,,N,2,0,1,2,A,-,05,21650,1,N,A,G,A,A,H,-,A,D,0,,Y,,,Y,,L,04,1,0,0,0,0,0,1,0,0,"- ","- ",36.080230712890625,-119.02349090576172,TULARE,PORTERVILLE,-119.02317810058594,36.080410003662109
94612158,2025,2025-03-20,9480,2025-03-10,"830 ",018861,,1,1,9,5400,0,1,3,,2,091,"SR-99 N/B","SR-198 W/B",4197.00,N,N,A,-,Y,TUL,,99," "," ",40.041,H,,R,Y,2,0,1,1,A,-,01,23152,A,N,E,I,A,A,H,-,A,D,0,,,,,Y,Y,A,07,1,0,0,0,0,0,0,0,0,"- ","- ",36.339031219482422,-119.41732025146484,TULARE,UNINCORPORATED,-119.41741180419922,36.338977813720703
9464362,2022,2022-09-06,5405,2022-03-22,2500,259,"SEC 3",2,5,4,5405,0,0,0,,0,,"W ORANGE AV","D ST",0.00,E,N,A,-,N,,,,,,,,,,N,1,1,0,2,B,-,22,,,F,G,B,F,A,H,-,D,D,0,Y,,,,Y,,-,99,0,0,0,1,0,0,0,0,0,"- ","- ",36.060859680175781,-119.01825714111328,TULARE,PORTERVILLE,-119.01853942871094,36.061237335205078
94669222,2025,2025-04-29,9481,2025-04-17,1440,021227,,4,2,9,5400,0,3,5,,2,030,"AVENUE 120","ROAD 152",0.00,,Y,A,-,N,,,,,,,,,,Y,2,0,5,2,A,-,12,22450,A,N,D,2,A,A,H,-,A,A,0,,,,,Y,,A,07,2,1,2,0,0,0,0,0,0,"- ","- ",36.007720947265625,-119.23271179199219,TULARE,UNINCORPORATED,-119.23273468017578,36.007732391357422
94710281,2025,2025-06-02,9481,2025-05-26,"0   ",022793,,1,3,9,5400,0,3,5,,2,010,"AVENUE 208","ROAD 168",962.00,E,N,A,-,N,,,,,,,,,,Y,2,0,4,1,A,-,01,23152,A,N,F,A,A,A,H,-,D,D,0,,,,,Y,Y,A,07,2,2,0,0,0,0,0,0,0,"- ","- ",36.167221069335938,-119.19570159912109,TULARE,UNINCORPORATED,-119.1943359375,36.167266845703125
94717512,2025,2025-06-09,9480,2025-04-01,1910,021044,,2,2,9,5400,0,3,5,,2,006,"ROAD 192","AVENUE 264",1109.00,S,N,C,-,N,,,,,,,,,,Y,2,0,2,1,A,-,08,22107,,F,E,8,A,B,H,-,B,D,0,,,,,Y,,A,01,1,1,0,0,0,0,0,0,0,"- ","- ",36.265090942382812,-119.14534759521484,TULARE,UNINCORPORATED,-119.14521789550781,36.265178680419922
94718414,2025,2025-06-09,9480,2025-05-29,1100,019543,,4,1,9,5400,0,3,5,,2,002,"AVENUE 416","ROAD 104",0.00,,Y,A,-,N,,,,,,,,,,Y,2,0,3,1,A,-,03,22350,,N,E,I,A,A,H,-,A,A,0,,,,,Y,,A,01,3,0,0,0,0,0,0,0,0,"- ","- ",36.545341491699219,-119.34047698974609,TULARE,UNINCORPORATED,,
94758802,2025,2025-07-11,9481,2025-06-28,1405,021227,,6,2,9,5400,0,3,5,,2,010,"ROAD 212","CITRIS STREET",1584.00,S,N,A,-,N,,,,,,,,,,N,2,0,1,2,A,-,08,22107,,N,B,G,A,A,H,-,A,D,0,,Y,,,Y,,L,04,1,0,0,0,0,0,1,0,0,"- ","- ",36.177391052246094,-119.09938812255859,TULARE,UNINCORPORATED,,
94772702,2025,2025-07-22,9481,2025-06-10,2118,019578,,2,2,9,5400,0,3,5,,2,030,"ROAD 180","AVENUE 8",1240.00,S,N,A,-,N,,,,,,,,,,Y,1,1,0,1,A,-,08,22107,,N,E,I,A,A,H,-,D,D,0,,,,,Y,,A,01,0,0,0,0,0,0,0,0,0,"- ","- ",35.801700592041016,-119.16999053955078,TULARE,UNINCORPORATED,-119.16994476318359,35.801727294921875
9493660,2022,2022-09-14,5407,2022-07-04,1550,C59,480,1,5,5,5407,0,0,0,,0,025,"W RIGGIN AV","N VALLEY",364.00,W,N,A,-,N,,,,,,,,,,Y,2,0,2,1,A,-,03,22350,,N,E,I,A,A,H,-,A,A,0,,,,,Y,,A,01,1,0,1,0,0,0,0,0,0,"- ","- ",36.356491088867188,-119.33203125,TULARE,VISALIA,-119.32602691650391,36.356403350830078
9505421,2022,2022-10-20,5405,2022-09-01,0823,236,SEC2,4,5,4,5405,0,0,0,,0,,"MAIN ST","REID AV",0.00,,Y,A,-,N,,,,,,,,,,Y,2,0,3,2,A,-,03,22350,,N,C,C,A,A,H,-,A,A,0,,,,,Y,,D,22,1,0,2,0,0,0,0,0,0,"- ","- ",36.096378326416016,-119.03382110595703,TULARE,PORTERVILLE,-119.03382110595703,36.096370697021484
9507034,2022,2022-11-16,5406,2022-09-01,1700,78,5406,4,5,4,5406,0,0,0,,0,0WS,PROSPERITY,H,188.00,W,N,-,-,N,,,,,,,,,,Y,2,0,1,1,D,-,00,,,N,-,-,A,-,-,-,-,-,0,,,,,Y,,-,"- ",1,0,0,0,0,0,0,0,0,"- ","- ",,,TULARE,TULARE,-119.35381317138672,36.225685119628906
9520755,2023,2023-07-25,5407,2023-04-26,1626,M333,480,3,5,5,5407,0,0,0,,0,P33,"S BEN MADDOX WY","E NOBLE AV",587.00,S,N,A,-,N,,,,,,,,,,Y,1,1,0,2,A,-,09,21804,A,N,D,C,A,A,H,-,A,A,0,,,Y,,Y,,A,07,0,0,0,0,0,0,0,1,0,"- ","- ",36.326099395751953,-119.27850341796875,TULARE,VISALIA,-119.27834320068359,36.324542999267578
9523659,2022,2022-12-06,5407,2022-10-06,1606,A374,480,4,5,5,5407,0,0,0,,0,025,"W CENTER AV","N PARK ST",15.00,N,N,A,-,N,,,,,,,,,,Y,2,0,1,2,A,-,09,21802,A,N,D,C,A,A,H,-,A,A,0,,,,,Y,,A,07,1,0,0,0,0,0,0,0,0,"- ","- ",36.331089019775391,-119.30670928955078,TULARE,VISALIA,-119.30709075927734,36.330989837646484
9523893,2022,2022-11-22,5407,2022-09-28,1413,M226,480,3,5,5,5407,0,0,0,,0,026,"E ST JOHNS PKWY","N CLARK ST",189.00,W,N,A,-,N,,,,,,,,,,Y,2,0,1,1,A,-,05,21650,,N,E,I,A,A,H,-,A,A,0,,,Y,,Y,,C,02,1,0,0,0,0,0,0,0,1,"- ","- ",36.351058959960938,-119.28473663330078,TULARE,VISALIA,-119.28523254394531,36.351348876953125
9524774,2022,2022-12-08,5407,2022-10-30,2029,A349,480,7,5,5,5407,0,0,0,,0,Q34,"W WHITENDALE AV","S CONYER ST",0.00,,Y,A,-,N,,,,,,,,,,Y,2,0,1,2,A,-,08,22107,,N,D,C,A,A,H,-,C,A,0,,,,,Y,,A,01,1,0,0,0,0,0,0,0,0,"- ","- ",36.305679321289062,-119.29991912841797,TULARE,VISALIA,-119.29994201660156,36.305656433105469
9566881,2023,2023-05-31,5405,2023-04-28,1100,254,SEC1,5,5,4,5405,0,0,0,,0,,"MORTON AV","PROSPECT ST",10.00,E,N,A,-,N,,,,,,,,,,Y,2,0,1,2,A,-,10,21950,A,N,G,B,B,A,H,-,A,A,0,Y,,,,Y,,A,07,1,0,0,0,1,0,0,0,0,"- ","- ",36.073280334472656,-119.04392242431641,TULARE,PORTERVILLE,-119.04388427734375,36.073280334472656
9567248,2023,2023-06-15,5405,2023-04-20,1339,304,"SEC 3",4,5,4,5405,0,0,0,,0,,"TEAPOT DOME AVENUE","NEWCOMB STREET",0.00,,Y,A,-,N,,,,,,,,,,Y,2,0,3,2,A,-,12,22450,A,N,D,C,A,A,H,-,A,A,0,,,,,Y,,D,22,2,0,1,0,0,0,0,0,0,"- ","- ",36.022258758544922,-119.05339813232422,TULARE,PORTERVILLE,-119.05339813232422,36.022258758544922
9591599,2023,2023-07-24,5406,2023-06-06,1509,61,5406,2,5,4,5406,0,0,0,,0,0AO,E,GAIL,28.00,S,N,A,-,N,,,,,,,,,,Y,2,0,1,2,C,-,18,,,N,A,C,A,A,H,-,A,D,0,,,,Y,Y,,-,"- ",1,0,0,0,0,0,0,0,0,"- ","- ",,,TULARE,TULARE,-119.35781097412109,36.229251861572266
9607026,2023,2023-09-21,5405,2023-08-22,1158,106,SEC1,2,5,4,5405,0,0,0,,0,,"PROSPECT ST","PIONEER AV",162.00,N,N,A,-,N,,,,,,,,,,Y,2,0,3,4,A,-,03,22350,,N,C,-,A,A,H,-,A,A,0,,,,,Y,,D,22,1,1,1,0,0,0,0,0,0,"- ","- ",36.091140747070312,-119.04421997070312,TULARE,PORTERVILLE,-119.04424285888672,36.091583251953125
9610973,2023,2023-09-13,5407,2023-07-09,"857 ",C60,480,7,5,5,5407,0,0,0,,0,034,"S LOVERS LN","E WALNUT AV",354.00,N,N,A,-,N,,,,,,,,,,Y,2,0,1,1,A,-,03,22350,,N,A,I,A,A,H,-,A,A,0,,,,,Y,,A,01,1,0,0,0,0,0,0,0,0,"- ","- ",36.312690734863281,-119.26055908203125,TULARE,VISALIA,-119.26052093505859,36.313682556152344
9610977,2023,2023-09-13,5407,2023-07-14,1515,12536,480,5,5,5,5407,0,0,0,,0,012,"S WOODLAND ST","W TULARE AV",0.00,,Y,A,-,N,,,,,,,,,,Y,2,0,3,2,A,-,12,21453,A,N,H,C,A,A,H,-,A,A,0,,,,,Y,,A,01,2,1,0,0,0,0,0,0,0,"- ","- ",36.320178985595703,-119.31838226318359,TULARE,VISALIA,-119.31839752197266,36.320148468017578
9624023,2023,2023-09-25,5407,2023-07-22,1818,M186,480,6,5,5,5407,0,0,0,,0,,"E CALDWELL AV",PINKHAM,115.00,E,N,A,-,N,,,,,,,,,,Y,1,1,2,2,A,-,01,23152,F,N,E,E,A,A,H,-,A,A,0,,,,,Y,,A,07,0,1,1,0,0,0,0,0,0,"- ","- ",36.29827880859375,-119.26976776123047,TULARE,VISALIA,-119.26946258544922,36.298290252685547
9640714,2024,2024-07-16,5406,2024-06-15,"436 ",B3OTM,DIST3,6,5,4,5406,0,0,0,,0,EAST,"BARDSLEY AV","O ST",20.00,N,N,A,-,N,,,,,,,,,,Y,1,2,1,2,A,-,01,23153,A,N,D,C,A,A,H,-,C,A,0,,,,,Y,Y,A,01,1,0,0,0,0,0,0,0,0,"- ","- ",36.196578979492188,-119.33860015869141,TULARE,TULARE,-119.33979034423828,36.196609497070312
9640777,2024,2024-09-11,5407,2024-04-07,"13  ",M203,480,7,5,5,5407,0,0,0,,0,011,"SHANNON PKWY",MENDONCA,118.00,W,N,A,-,N,,,,,,,,,,Y,1,1,0,1,A,-,05,21650,,N,E,I,A,A,H,-,C,A,0,,,,,Y,,A,01,0,0,0,0,0,0,0,0,0,"- ","- ",,,TULARE,VISALIA,-119.32865142822266,36.361541748046875
9661842,2023,2024-02-02,5407,2023-08-17,2311,M203,480,4,5,5,5407,0,0,0,,0,,"S BEN MADDOX WY","TULARE AV",1119.00,N,N,A,-,N,,,,,,,,,,Y,1,1,0,1,A,-,01,23152,A,N,E,I,A,A,H,-,C,A,0,,,Y,,Y,Y,C,02,0,0,0,0,0,0,0,1,0,"- ","- ",36.32611083984375,-119.27851104736328,TULARE,VISALIA,-119.27703094482422,36.323139190673828
9688814,2024,2024-07-09,5405,2024-04-02,2014,282,SEC1,2,5,4,5405,0,0,0,,0,,"HENDERSON AV","PROSPECT ST",850.00,W,N,A,-,N,,,,,,,,,,Y,2,0,1,2,A,-,11,21955,,F,G,B,D,A,H,-,B,D,0,Y,,,,Y,Y,N,60,1,0,0,0,1,0,0,0,0,"- ","- ",36.079898834228516,-119.04728698730469,TULARE,PORTERVILLE,-119.04684448242188,36.080390930175781
9690343,2024,2024-05-10,5407,2024-03-28,1733,12350,480,4,5,5,5407,0,0,0,,0,025,"W SWEET AVE","N STEVENSON ST",0.00,,Y,A,-,N,,,,,,,,,,N,2,0,1,2,A,-,12,22450,A,N,D,G,A,A,H,-,A,A,0,,Y,,,Y,,L,04,1,0,0,0,0,0,1,0,0,"- ","- ",36.343059539794922,-119.2999267578125,TULARE,VISALIA,-119.29994964599609,36.343070983886719
9700184,2024,2024-06-28,5405,2024-05-19,1302,263,SEC2,7,5,4,5405,0,0,0,,0,,"PLANO ST","GRAND AV",162.00,N,N,A,-,N,,,,,,,,,,Y,2,0,1,1,A,-,03,22350,,N,F,A,A,A,G,-,A,D,0,,,Y,,Y,,C,02,1,0,0,0,0,0,0,0,1,"- ","- ",,,TULARE,PORTERVILLE,-119.00858306884766,36.077053070068359
9714379,2024,2024-07-15,5407,2024-05-12,2305,12619,480,7,5,5,5407,0,0,0,,0,026,"ST JOHNS PKWY","LOVERS LN",300.00,W,N,A,-,N,,,,,,,,,,Y,2,0,1,2,A,-,01,23152,B,N,B,E,A,A,H,-,C,A,0,,,,,Y,Y,A,01,1,0,0,0,0,0,0,0,0,"- ","- ",,,TULARE,VISALIA,-119.26202392578125,36.347057342529297
9724387,2024,2024-09-09,5407,2024-07-02,2241,C68,480,2,5,5,5407,0,0,0,,0,033,"TULARE AV","CHURCH ST",0.00,,Y,A,-,N,,,,,,,,,,N,2,0,2,2,A,-,09,21804,A,N,D,C,A,A,H,-,B,A,0,,,Y,,Y,,C,02,1,0,1,0,0,0,0,0,1,"- ","- ",,,TULARE,VISALIA,-119.29111480712891,36.320095062255859
9763084,2024,2025-01-09,5407,2024-09-29,1627,C62,480,7,5,5,5407,0,0,0,,0,012,"W WALNUT AV","S LINWOOD ST",0.00,,Y,A,-,N,,,,,,,,,,Y,2,0,1,2,A,-,03,22350,,N,D,C,A,A,H,-,A,A,0,,,,,Y,,D,22,1,0,0,0,0,0,0,0,0,"- ","- ",36.312778472900391,-119.34062957763672,TULARE,VISALIA,-119.34063720703125,36.312786102294922
9768347,2024,2025-01-08,5407,2024-10-02,"18  ",A372,480,3,5,5,5407,0,0,0,,0,P33,"COURT ST","MYRTLE AV",72.00,N,N,A,-,N,,,,,,,,,,N,2,0,1,2,A,-,11,21966,,F,B,B,D,A,H,-,D,A,0,Y,,,,Y,,N,60,1,0,0,0,1,0,0,0,0,"- ","- ",,,TULARE,VISALIA,-119.29228210449219,36.325145721435547
9770869,2024,2025-01-07,5404,2024-12-21,1449,671,20L,6,5,2,5404,0,0,0,,0,010,"TULARE RD","ELMWOOD AV",0.00,,Y,A,-,N,,,,,,,,,,Y,2,0,1,1,A,-,08,22107,,N,E,I,A,A,H,-,A,A,0,,,Y,,Y,,C,02,1,0,0,0,0,0,0,0,1,"- ","- ",,,TULARE,LINDSAY,-119.09249114990234,36.210563659667969
9792967,2025,2025-03-18,5405,2025-03-06,"607 ",313,SEC1,4,5,4,5405,0,0,0,,0,,"PROSPECT ST","GRAND AV",39.00,S,N,C,-,N,,,,,,,,,,Y,2,0,1,2,A,-,11,21954,A,N,G,B,D,B,H,-,C,A,0,Y,,,,Y,,N,60,1,0,0,0,1,0,0,0,0,"- ","- ",36.076789855957031,-119.04396820068359,TULARE,PORTERVILLE,-119.04396057128906,36.076683044433594
9814999,2025,2025-06-10,5406,2025-03-25,2103,DQYKF,DIST3,2,5,4,5406,0,0,0,,0,EAST,BARDSLEY,SPRUCE,0.00,,Y,A,-,N,,,,,,,,,,Y,2,0,1,2,A,-,09,21802,A,F,D,C,A,A,H,-,C,A,0,,,Y,,Y,,A,01,1,0,0,0,0,0,0,0,1,"- ","- ",36.196651458740234,-119.32717895507812,TULARE,TULARE,-119.32723999023438,36.196659088134766