CASE_ID,ACCIDENT_YEAR,PROC_DATE,JURIS,COLLISION_DATE,COLLISION_TIME,OFFICER_ID,REPORTING_DISTRICT,DAY_OF_WEEK,CHP_SHIFT,POPULATION,CNTY_CITY_LOC,SPECIAL_COND,BEAT_TYPE,CHP_BEAT_TYPE,CITY_DIVISION_LAPD,CHP_BEAT_CLASS,BEAT_NUMBER,PRIMARY_RD,SECONDARY_RD,DISTANCE,DIRECTION,INTERSECTION,WEATHER_1,WEATHER_2,STATE_HWY_IND,CALTRANS_COUNTY,CALTRANS_DISTRICT,STATE_ROUTE,ROUTE_SUFFIX,POSTMILE_PREFIX,POSTMILE,LOCATION_TYPE,RAMP_INTERSECTION,SIDE_OF_HWY,TOW_AWAY,COLLISION_SEVERITY,NUMBER_KILLED,NUMBER_INJURED,PARTY_COUNT,PRIMARY_COLL_FACTOR,PCF_CODE_OF_VIOL,PCF_VIOL_CATEGORY,PCF_VIOLATION,PCF_VIOL_SUBSECTION,HIT_AND_RUN,TYPE_OF_COLLISION,MVIW,PED_ACTION,ROAD_SURFACE,ROAD_COND_1,ROAD_COND_2,LIGHTING,CONTROL_DEVICE,CHP_ROAD_TYPE,PEDESTRIAN_ACCIDENT,BICYCLE_ACCIDENT,MOTORCYCLE_ACCIDENT,TRUCK_ACCIDENT,NOT_PRIVATE_PROPERTY,ALCOHOL_INVOLVED,STWD_VEHTYPE_AT_FAULT,CHP_VEHTYPE_AT_FAULT,COUNT_SEVERE_INJ,COUNT_VISIBLE_INJ,COUNT_COMPLAINT_PAIN,COUNT_PED_KILLED,COUNT_PED_INJURED,COUNT_BICYCLIST_KILLED,COUNT_BICYCLIST_INJURED,COUNT_MC_KILLED,COUNT_MC_INJURED,PRIMARY_RAMP,SECONDARY_RAMP,LATITUDE,LONGITUDE,COUNTY,CITY,POINT_X,POINT_Y
9829976,2025,2025-07-23,5407,2025-04-08,"808 ",A427,480,2,5,5,5407,0,0,0,,0,025,"RT 63","WEST MINERAL KING AV",0.00,,Y,A,-,Y,TUL,6,63,-,-,8.013,I,5,N,Y,2,0,1,2,A,-,17,21657,,N,D,C,A,A,H,-,A,A,0,,,Y,,Y,,A,01,1,0,0,0,0,0,0,0,1,"- ","- ",,,TULARE,VISALIA,-119.29229736328125,36.327457427978516
6290152,2014,2014-03-17,5407,2014-02-12,1853,M160,0480,3,5,5,5407,0,0,0,,0,011,"PLAZA DR","GOSHEN AV",0.00,,Y,A,-,N,,,,,,,,,,N,1,1,3,2,A,-,12,21453,A,N,D,C,A,A,H,-,C,A,0,,,,,Y,,-,"- ",0,1,2,0,0,0,0,0,0,"- ","- ",,,TULARE,VISALIA,-119.394459,36.341937000000001
6290200,2014,2014-04-02,9480,2014-02-22,1905,17778,,6,2,9,5400,0,1,3,,1,040,"RT 216","ROAD 158",724.00,W,N,A,-,Y,TUL,6,216,-,-,7.180,H,-,E,Y,1,1,4,2,A,-,08,22107,,F,D,C,A,A,H,-,D,D,0,,,,,Y,,A,01,0,0,4,0,0,0,0,0,0,"- ","- ",,,TULARE,UNINCORPORATED,-119.21078583000001,36.384957149999998
6290218,2014,2014-03-28,9481,2014-02-24,0700,16065,,1,1,9,5400,0,3,5,,2,050,"ROAD 248","AVENUE 102",154.00,N,N,A,-,N,,,,,,,,,,Y,1,2,0,1,A,-,08,22107,,N,E,I,A,A,H,-,A,D,0,,,,,Y,,A,01,0,0,0,0,0,0,0,0,0,"- ","- ",35.975270000000002,-119.01799,TULARE,UNINCORPORATED,-119.0180165,35.975522519999998
6291408,2014,2014-10-27,5407,2014-09-08,2018,M243,480,1,5,5,5407,0,0,0,,0,033,"NOBLE AV",MCAULIFF,720.00,W,N,A,-,N,,,,,,,,,,Y,1,1,0,2,A,-,11,21956,A,N,G,B,E,A,H,-,D,A,0,Y,,,,Y,,N,60,0,0,0,1,0,0,0,0,0,"- ","- ",,,TULARE,VISALIA,-119.25435163,36.326851120000001
6291772,2014,2014-12-22,9481,2014-11-09,1810,17795,,7,2,9,5400,0,3,5,,2,050,"TYLER AV","CONNER ST",32.00,W,N,A,-,N,,,,,,,,,,N,1,1,3,5,A,-,01,23152,A,F,E,I,F,A,H,-,D,D,0,Y,,,,Y,Y,A,01,0,2,1,1,2,0,0,0,0,"- ","- ",36.059829999999998,-118.98612,TULARE,UNINCORPORATED,-118.98621811,36.05979851
6292306,2015,2017-04-04,5407,2015-04-26,2033,M33,480,7,5,5,5407,0,0,0,,0,025,"RT 63",VINE,330.00,S,N,A,-,Y,TUL,6,63,-,-,9.460,H,-,S,Y,1,1,0,2,A,-,11,21954,A,N,G,B,D,A,H,-,C,D,0,Y,,,,Y,Y,N,60,0,0,0,1,0,0,0,0,0,"- ","- ",,,TULARE,VISALIA,-119.29690374,36.346872070000003
6341606,2014,2014-06-09,9480,2014-01-06,0802,13656,,1,1,9,5400,0,3,5,,2,006,"AVENUE 200","ROAD 132",323.00,W,N,A,-,N,,,,,,,,,,Y,2,0,2,3,A,-,09,21801,A,N,B,C,A,A,-,-,A,D,0,,,,Y,Y,,G,25,1,1,0,0,0,0,0,0,0,"- ","- ",36.152810000000002,-119.27869,TULARE,UNINCORPORATED,-119.27855295000001,36.152781269999998
6342711,2014,2014-06-16,9480,2014-01-27,1635,013821,,1,2,9,5400,0,3,5,,2,003,"I ST","AVENUE 184",0.00,,Y,A,-,N,,,,,,,,,,Y,2,0,2,2,A,-,01,23152,A,N,D,C,A,A,H,-,A,A,0,,,,,Y,Y,D,22,1,1,0,0,0,0,0,0,0,"- ","- ",,,TULARE,UNINCORPORATED,-119.32992991,36.123600089999996
6363606,2014,2014-06-10,5407,2014-01-16,1747,A247,480,4,5,5,5407,0,0,0,,0,026,HOUSTON,CAIN,0.00,,Y,A,-,N,,,,,,,,,,N,2,0,1,2,A,-,05,21650,,N,H,G,A,A,H,-,C,A,0,,Y,,,Y,Y,L,04,1,0,0,0,0,0,1,0,0,"- ","- ",,,TULARE,VISALIA,-119.27438998,36.34188005
6394466,2014,2014-06-13,5407,2014-02-04,1717,A85,480,2,5,5,5407,0,0,0,,0,012,WHITEDALE,CHINOWTH,60.00,E,N,B,-,N,,,,,,,,,,Y,2,0,1,2,A,-,04,21703,,N,C,C,A,A,H,-,B,A,0,,,,,Y,,A,,1,0,0,0,0,0,0,0,0,"- ","- ",,,TULARE,VISALIA,-119.3358618,36.305519250000003
6397285,2014,2014-07-28,5406,2014-01-12,0016,74,5406,7,5,4,5406,0,0,0,,0,0SW,"PAIGE AV","WEST ST",4.00,W,N,A,-,N,,,,,,,,,,Y,2,0,2,1,A,-,01,23153,A,N,F,J,A,A,H,-,C,A,0,,,,,Y,Y,A,01,1,0,1,0,0,0,0,0,0,"- ","- ",,,TULARE,TULARE,-119.36637354,36.181919899999997
6398238,2014,2014-06-17,5407,2014-02-20,1722,M234,480,4,5,5,5407,0,0,0,,0,025,GIDDINGS,MURRAY,54.00,S,N,A,-,N,,,,,,,,,,Y,2,0,1,2,A,-,09,21804,A,N,G,G,A,A,H,-,A,A,0,,Y,,,Y,,L,04,1,0,0,0,0,0,1,0,0,"- ","- ",,,TULARE,VISALIA,-119.30549173,36.333461819999997
6417012,2014,2016-01-26,5405,2014-03-06,1140,186,,4,5,4,5405,0,0,0,,0,004,"RT 65","SCRANTON AV",1764.00,N,N,A,-,Y,TUL,6,65,-,-,17.460,H,-,S,,2,0,1,1,C,-,18,,,N,E,J,A,A,H,-,A,A,0,,,,,Y,,-,"- ",1,0,0,0,0,0,0,0,0,"- ","- ",,,TULARE,PORTERVILLE,-119.0394402,36.041524889999998
6428050,2014,2015-11-20,5407,2014-03-26,1407,A262,480,3,5,5,5407,0,0,0,,0,025,"RT 63",PROSPECT,0.00,,Y,C,-,Y,TUL,6,63,-,-,9.340,I,5,S,Y,2,0,2,2,A,-,09,21453,C,N,D,C,A,B,H,-,A,A,0,,,,,Y,,D,22,1,1,0,0,0,0,0,0,0,"- ","- ",,,TULARE,VISALIA,-119.29688018,36.345137719999997
6428526,2014,2014-07-22,5406,2014-02-11,1817,42,,2,5,4,5406,0,0,0,,0,0ES,"TEX DR",LASPINA,0.00,,N,A,-,N,,,,,,,,,,Y,2,0,3,2,A,-,01,23153,A,N,A,C,A,A,H,-,D,D,0,,,,,Y,Y,A,07,2,1,0,0,0,0,0,0,0,"- ","- ",,,TULARE,TULARE,-119.32949997999999,36.162930090000003
6429453,2014,2015-11-17,9480,2014-02-08,2125,017709,,6,2,4,5406,0,1,3,,2,093,"RT 99","TULARE AV",740.00,N,N,B,-,Y,TUL,6,99,-,-,29.664,R,2,S,Y,2,0,1,1,A,-,01,23152,A,N,F,A,A,A,H,-,D,D,1,,,,,Y,Y,A,01,1,0,0,0,0,0,0,0,0,TO,"- ",,,TULARE,TULARE,-119.32880199,36.21193573
6452073,2014,2014-07-25,9481,2014-04-11,2145,19162,,5,2,9,5400,0,3,5,,2,050,"CRABTREE AV","PAGE ST",0.00,,Y,A,-,N,,,,,,,,,,Y,2,0,1,2,A,-,03,22350,,N,D,C,A,A,H,-,D,A,0,,,Y,,Y,,-,"- ",1,0,0,0,0,0,0,0,1,"- ","- ",36.058750000000003,-118.97195000000001,TULARE,UNINCORPORATED,-118.97201009,36.058650059999998
6478297,2014,2014-07-11,5407,2014-04-02,0057,A108,480,3,5,5,5407,0,0,0,,0,012,DEMAREE,NOBLE,0.00,,Y,B,C,N,,,,,,,,,,Y,2,0,1,1,A,-,01,23152,A,N,E,I,A,B,H,-,C,A,0,,,,,Y,Y,A,,1,0,0,0,0,0,0,0,0,"- ","- ",,,TULARE,VISALIA,-119.33176989,36.326630039999998
6515856,2014,2014-08-14,9480,2014-06-24,2220,017291,,2,3,9,5400,0,3,5,,2,004,"AVE 296","ROAD 196",334.00,W,N,A,-,N,,,,,,,,,,Y,2,0,1,1,A,-,01,23152,A,N,F,A,A,A,H,-,C,D,0,,,,,Y,Y,A,07,1,0,0,0,0,0,0,0,0,"- ","- ",36.327100000000002,-119.13557,TULARE,UNINCORPORATED,-119.13604245000001,36.32624783
6571245,2014,2016-05-11,9481,2014-07-13,2225,018982,,7,3,4,5405,0,1,3,,1,053,"RT 190","MAIN ST",764.00,W,N,A,-,Y,TUL,6,190,-,-,1.631,H,-,W,Y,2,0,1,1,A,-,01,23152,A,N,F,A,A,A,H,-,C,D,0,,,,,Y,Y,A,01,1,0,0,0,0,0,0,0,0,"- ","- ",36.05151,-119.02110999999999,TULARE,PORTERVILLE,-119.28209345,36.051296010000002
6598025,2014,2014-09-08,9480,2014-08-03,0132,18563,,7,3,9,5400,0,3,5,,2,003,"AVENUE 144","ROAD 112",1056.00,E,N,A,-,N,,,,,,,,,,N,2,0,1,2,A,-,11,21956,A,N,A,B,E,A,H,-,D,D,0,Y,,,,Y,Y,N,60,1,0,0,0,1,0,0,0,0,"- ","- ",36.05124,-119.31887999999999,TULARE,UNINCORPORATED,-119.31837131,36.051264830000001
6606250,2014,2016-01-04,9480,2014-07-29,1840,17291,,2,2,9,5400,0,3,5,,2,006,"YOKOHL VALLEY DR","ROAD 228",15312.00,E,N,A,-,N,,,,,,,,,,Y,1,1,0,1,A,-,01,23152,A,N,E,I,A,A,H,-,A,D,0,,,,,Y,Y,A,01,0,0,0,0,0,0,0,0,0,"- ","- ",36.688200000000002,-119.01775000000001,TULARE,UNINCORPORATED,-119.021523,36.268859259999999
6606384,2015,2016-02-05,5407,2015-11-11,1807,M66,,3,5,5,5407,0,0,0,,0,012,"AKERS ST","WAGNER AV",266.00,N,N,B,-,N,,,,,,,,,,Y,1,2,1,2,A,-,03,22350,,N,D,C,A,A,H,-,C,D,0,,,Y,,Y,,C,02,1,0,0,0,0,0,0,1,0,"- ","- ",,,TULARE,VISALIA,-119.34961293000001,36.311479900000002
6623002,2014,2016-05-13,9480,2014-09-01,1522,014628,,1,2,9,5400,0,1,3,,2,095,"RT 99","AVE 24",7234.00,S,N,A,-,Y,TUL,6,99,-,-,1.780,H,-,S,Y,2,0,1,1,A,-,08,22107,,N,E,I,A,A,H,-,A,D,1,,,,,Y,,A,01,1,0,0,0,0,0,0,0,0,"- ","- ",35.813870000000001,-119.25806,TULARE,UNINCORPORATED,-119.25837733,35.815185419999999
6649117,2014,2014-10-14,9480,2014-09-18,0550,020612,,4,3,9,5400,0,3,5,,2,001,"AVENUE 416","ROAD 48",35.00,E,N,A,-,N,,,,,,,,,,Y,2,0,1,2,A,-,09,21801,A,N,D,C,A,A,H,-,D,D,0,,,Y,,Y,,A,01,1,0,0,0,0,0,0,0,1,"- ","- ",36.546599999999998,-119.46644000000001,TULARE,UNINCORPORATED,-119.46663827,36.546482249999997
6664072,2014,2016-05-11,9480,2014-07-20,1700,012401,,7,2,9,5400,0,1,3,,1,040,"RT 216","RD 228",1056.00,E,N,A,-,Y,TUL,6,216,-,-,16.900,H,-,W,N,2,0,1,1,A,-,08,22107,,N,F,A,A,A,H,-,A,D,0,,,Y,,Y,,C,02,1,0,0,0,0,0,0,0,1,"- ","- ",,,TULARE,UNINCORPORATED,-119.05542496,36.40642639
6664510,2014,2014-10-22,9481,2014-09-28,0047,018963,,7,3,9,5400,0,3,5,,2,050,"WORTH AV","ROAD 284",464.00,W,N,A,-,N,,,,,,,,,,Y,2,0,1,1,A,-,01,23152,A,N,E,I,A,A,H,-,D,D,0,,,Y,,Y,Y,C,02,1,0,0,0,0,0,0,0,1,"- ","- ",36.052410000000002,-118.93902,TULARE,UNINCORPORATED,-118.93902,36.052410000000002
6664979,2014,2014-12-12,9481,2014-10-01,0620,14265,,3,1,9,5400,0,1,3,,1,012,"RT 65","AVE 196",0.00,,Y,A,-,Y,,,65,,,,,,,Y,2,0,6,2,A,-,09,21453,C,N,D,C,A,A,H,-,A,A,0,,,,,Y,,A,07,1,2,3,0,0,0,0,0,0,"- ","- ",36.145470000000003,-119.07231,TULARE,UNINCORPORATED,-119.07243241,36.145404550000002
6675019,2014,2016-05-11,5407,2014-09-06,1240,A266,480,6,5,5,5407,0,0,0,,0,034,"RT 63","ASHLAND AV",0.00,,Y,A,-,Y,TUL,6,63,-,-,6.750,H,-,N,Y,2,0,1,3,A,-,04,21703,,F,C,C,A,A,H,-,A,A,0,,,,,Y,,-,99,1,0,0,0,0,0,0,0,0,"- ","- ",,,TULARE,VISALIA,-119.31374956000001,36.309219089999999
6678265,2014,2015-04-14,9480,2014-09-13,0001,19846,,6,3,9,5400,0,1,3,,2,091,"RT 99","ROAD 12",911.00,S,N,A,-,Y,TUL,6,99,-,R,53.640,H,-,S,Y,1,1,0,3,A,-,01,23152,D,N,C,E,A,A,D,-,C,D,1,,,,Y,Y,Y,G,25,0,0,0,0,0,0,0,0,0,"- ","- ",36.504890000000003,-119.54548,TULARE,UNINCORPORATED,-119.54557179,36.504866579999998
6678266,2014,2015-04-14,9480,2014-09-30,2335,17311,,2,3,9,5400,0,3,5,,2,001,"ROAD 60","AVENUE 328",4752.00,N,N,A,-,N,,,,,,,,,,N,1,1,0,2,A,-,11,21954,A,N,G,B,E,A,H,-,D,D,0,Y,,,Y,Y,,N,60,0,0,0,1,0,0,0,0,0,"- ","- ",36.398629999999997,-119.45277,TULARE,UNINCORPORATED,-119.44465,36.385809999999999
6678365,2017,2019-04-05,5405,2017-10-05,1021,236,,4,5,4,5405,0,0,0,,0,001,"GRAND AV","PROSPECT ST",0.00,,Y,A,-,N,,,,,,,,,,N,1,1,0,2,A,-,10,21950,C,N,G,B,B,A,H,-,A,A,0,Y,,,,Y,,A,01,0,0,0,1,0,0,0,0,0,"- ","- ",,,TULARE,PORTERVILLE,-119.04396001000001,36.076790039999999
6699226,2014,2014-11-19,9480,2014-10-22,2000,012046,,3,2,9,5400,0,1,3,,1,040,"RT 216","AVE 320",1056.00,S,N,A,-,Y,,,216,,,,,,,N,2,0,1,2,A,-,11,21954,A,N,G,B,D,A,H,-,D,D,0,Y,,,,Y,,N,60,1,0,0,0,1,0,0,0,0,"- ","- ",36.367260000000002,-119.21575,TULARE,UNINCORPORATED,-119.2158202,36.367263680000001
6709982,2014,2015-01-12,9481,2014-11-04,1130,14265,,2,1,9,5400,0,3,5,,2,010,"AVE 208","ROAD 216",0.00,,Y,A,-,N,,,,,,,,,,Y,2,0,2,2,A,-,09,21802,A,N,D,C,A,A,H,-,A,A,0,,,,,Y,,A,01,1,0,1,0,0,0,0,0,0,"- ","- ",36.16704,-119.09041999999999,TULARE,UNINCORPORATED,-119.09038012000001,36.167180100000003
6711025,2014,2015-01-12,9480,2014-11-13,1747,19846,,4,2,9,5400,0,3,5,,2,001,"BETTY DR","NUTMEG RD",51.00,W,N,A,-,N,,,,,,,,,,Y,2,0,1,2,A,-,11,21954,A,N,G,B,D,A,H,-,B,D,0,Y,,,,Y,,N,60,1,0,0,0,1,0,0,0,0,"- ","- ",36.350999999999999,-119.42609,TULARE,UNINCORPORATED,-119.42594828999999,36.350883469999999
6718575,2017,2019-04-05,5407,2017-09-08,0534,M222,480,5,5,5,5407,0,0,0,,0,034,"S SANTA FE ST",WALNUT,0.00,S,N,A,-,N,,,,,,,,,,Y,1,1,0,2,A,-,03,22350,,N,G,B,D,A,H,-,C,A,0,Y,,,,Y,,A,01,0,0,0,1,0,0,0,0,0,"- ","- ",36.312899999999999,-119.28742,TULARE,VISALIA,-119.28742990000001,36.31287004
6718632,2017,2019-04-08,5406,2017-12-24,2036,75,4B,7,5,4,5406,0,0,0,,0,0ES,"J ST",CROSS,314.00,N,N,A,-,N,,,,,,,,,,N,1,1,0,2,A,-,09,21804,,F,B,G,A,A,H,-,D,D,0,,Y,,Y,Y,,L,04,0,0,0,0,0,1,0,0,0,"- ","- ",,,TULARE,TULARE,-119.34918522,36.213866410000001
6718678,2017,2018-03-01,5407,2017-12-09,0751,M33,480,6,5,5,5407,0,0,0,,0,00R,AKERS,PARKWOOD,0.00,,Y,A,-,N,,,,,,,,,,N,1,1,1,3,A,-,10,21950,A,N,G,B,B,A,H,-,A,A,0,Y,,,,Y,,D,22,1,0,0,1,1,0,0,0,0,"- ","- ",36.31277,-119.34954,TULARE,VISALIA,-119.3496269,36.31276647
6726473,2014,2015-01-07,5407,2014-10-15,1858,M218,480,3,5,5,5407,0,0,0,,0,012,DEMAREE,LAUREL,0.00,,Y,A,-,N,,,,,,,,,,Y,2,0,1,2,A,-,11,21954,A,N,G,B,D,A,H,-,D,A,0,Y,,,,Y,,N,60,1,0,0,0,1,0,0,0,0,"- ","- ",,,TULARE,VISALIA,-119.33172997,36.320810010000002
6819066,2015,2015-03-17,9480,2015-02-06,0640,013656,,5,1,9,5400,0,3,5,,2,006,"RD 140","AVE 248",50.00,S,N,A,-,N,,,,,,,,,,Y,2,0,1,2,A,-,05,21460,A,F,B,C,A,A,H,-,B,D,0,,,,,Y,,D,22,1,0,0,0,0,0,0,0,0,"- ","- ",36.240070000000003,-119.26061,TULARE,UNINCORPORATED,-119.26051828999999,36.240172800000003
6854117,2014,2015-03-23,5407,2014-12-13,1904,M243,480,6,5,5,5407,0,0,0,,0,026,"BEN MADDOX",DOUGLAS,8.00,N,N,A,-,N,,,,,,,,,,Y,1,1,0,2,A,-,10,21950,A,N,G,B,B,A,H,-,C,A,0,Y,,,,Y,,A,01,0,0,0,1,0,0,0,0,0,"- ","- ",,,TULARE,VISALIA,-119.27881994000001,36.338241949999997
6854470,2014,2015-04-28,9480,2014-12-28,0225,18563,,7,3,9,5400,0,1,3,,1,051,"RT 43","AVE 16",2640.00,S,N,A,-,Y,TUL,6,43,-,-,1.600,H,-,N,Y,1,1,1,2,A,-,01,23152,A,F,A,C,A,A,H,-,D,D,0,,,,,Y,Y,D,22,0,1,0,0,0,0,0,0,0,"- ","- ",35.811410000000002,-119.3625,TULARE,UNINCORPORATED,-119.36273167,35.812138060000002
6854701,2015,2015-07-15,9480,2015-05-24,0053,017709,,7,3,9,5400,0,1,3,,2,093,"RT 99","AVENUE 280",266.00,N,N,A,-,Y,TUL,6,99,-,-,36.460,H,-,S,Y,1,1,1,1,A,-,01,23152,A,N,F,I,A,A,H,-,C,D,1,,,,,Y,Y,A,01,1,0,0,0,0,0,0,0,0,"- ","- ",36.298220000000001,-119.38497,TULARE,UNINCORPORATED,-119.3851729,36.298774659999999
6869549,2015,2015-04-10,9480,2015-03-15,2305,019186,,7,3,9,5400,0,3,5,,2,002,"AVENUE 416","ROAD 125",40.00,W,N,A,-,N,,,,,,,,,,N,2,0,1,2,A,-,11,21954,A,F,G,B,D,A,H,-,C,D,0,Y,,,,Y,Y,N,60,1,0,0,0,1,0,0,0,0,"- ","- ",36.544899999999998,-119.29394000000001,TULARE,UNINCORPORATED,-119.29382175000001,36.544815120000003
6882896,2015,2015-04-22,9480,2015-03-31,1130,12251,,2,1,9,5400,0,3,5,,2,006,"ROCKY HILL DR","RD 204",9504.00,E,N,A,-,N,,,,,,,,,,N,2,0,1,1,A,-,03,22350,,N,F,A,A,A,H,-,A,D,0,,Y,,,Y,,L,04,1,0,0,0,0,0,1,0,0,"- ","- ",36.30086,-119.09011,TULARE,UNINCORPORATED,-119.09098237000001,36.301085700000002
6909267,2015,2015-05-15,9481,2015-04-27,0950,16065,,1,1,9,5400,0,3,5,,2,050,"ROAD 252","AVENUE 120",0.00,,Y,A,-,N,,,,,,,,,,Y,2,0,2,1,A,-,05,21752,D,N,F,A,A,A,H,-,A,D,0,,,Y,,Y,,C,02,2,0,0,0,0,0,0,0,2,"- ","- ",36.007779999999997,-119.00884000000001,TULARE,UNINCORPORATED,-119.00880011,36.007740030000001
6911216,2015,2017-02-02,9480,2015-04-22,1320,013821,,3,1,9,5400,0,1,3,,2,093,"RT 99","AVE 200",3158.00,N,N,A,-,Y,TUL,6,99,-,-,26.030,H,-,N,N,2,0,1,2,A,-,08,22107,,N,G,B,E,A,H,-,A,D,1,Y,,,Y,Y,,G,25,1,0,0,0,1,0,0,0,0,"- ","- ",36.151130000000002,-119.33087,TULARE,UNINCORPORATED,-119.33243898000001,36.159668590000003
6920459,2015,2016-12-17,9480,2015-05-18,0810,14628,,1,1,9,5400,0,1,3,,2,093,"RT 99","AV 184",2112.00,S,N,A,-,Y,TUL,6,99,-,-,23.090,H,-,S,Y,2,0,1,2,A,-,03,22350,,F,C,C,A,A,H,-,A,D,1,,,,,Y,,D,22,1,0,0,0,0,0,0,0,0,"- ","- ",36.117280000000001,-119.32429,TULARE,UNINCORPORATED,-119.32442220999999,36.117657559999998
6957497,2015,2015-06-27,9481,2015-05-25,0535,18029,,1,3,9,5400,0,3,5,,2,030,"ROAD 236","AVENUE 80",6336.00,S,N,A,-,N,,,,,,,,,,Y,2,0,4,3,A,-,05,21460,A,N,A,C,A,A,H,-,B,D,0,,,,,Y,,A,01,1,1,2,0,0,0,0,0,0,"- ","- ",35.916679999999999,-119.04485,TULARE,UNINCORPORATED,-119.04490586,35.91777742
6982769,2015,2015-07-20,5406,2015-06-13,2344,42,,6,5,4,5406,0,0,0,,0,0WS,"J ST",KERN,0.00,,Y,A,-,N,,,,,,,,,,N,2,0,1,2,A,-,10,21950,A,F,D,B,B,A,H,-,C,D,0,Y,,,,Y,,D,22,1,0,0,0,1,0,0,0,0,"- ","- ",,,TULARE,TULARE,-119.34724996,36.2065001
6986404,2015,2015-07-22,5407,2015-05-15,1430,M222,480,5,5,5,5407,0,0,0,,0,026,HOUSTON,GODDARD,0.00,,Y,A,-,N,,,,,,,,,,Y,2,0,1,2,A,-,09,21801,A,N,A,C,A,A,H,-,A,A,0,,,Y,,Y,,C,03,1,0,0,0,0,0,0,0,1,"- ","- ",,,TULARE,VISALIA,-119.26557993999999,36.341930050000002
6992335,2015,2015-08-04,9480,2015-07-11,0429,018521,,6,3,9,5400,0,3,5,,2,005,"AVE 96","ROAD 96",2112.00,W,N,A,-,N,,,,,,,,,,Y,2,0,2,1,A,-,08,22107,,N,F,A,A,A,H,-,D,D,0,,,,,Y,,D,22,1,1,0,0,0,0,0,0,0,"- ","- ",35.964179999999999,-119.36508000000001,TULARE,UNINCORPORATED,-119.36477976,35.964166329999998
6998040,2015,2015-07-28,5407,2015-05-17,2055,M201,480,7,5,5,5407,0,0,0,,0,026,"BEN MADDOX WY","HOUSTON AV",548.00,S,N,A,-,N,,,,,,,,,,Y,2,0,1,2,A,-,11,21954,A,N,G,B,D,A,H,-,D,A,0,Y,,,,Y,Y,N,60,1,0,0,0,1,0,0,0,0,"- ","- ",,,TULARE,VISALIA,-119.2788139,36.340356219999997
7003228,2015,2015-08-03,5405,2015-07-08,1934,158,CITY,3,5,4,5405,0,0,0,,0,003,"E ST","CHERRY AV",380.00,S,N,A,-,N,,,,,,,,,,Y,2,0,1,2,A,-,08,22107,,N,D,C,A,A,H,-,A,D,0,,,,,Y,,-,,1,0,0,0,0,0,0,0,0,"- ","- ",,,TULARE,PORTERVILLE,-119.01996990000001,36.068097530000003
7006341,2015,2015-12-10,5407,2015-09-09,1814,M186,0480,3,5,5,5407,0,0,0,,0,026,"BEN MADDOX WY","DOUGLAS AV",0.00,,Y,A,-,N,,,,,,,,,,Y,1,1,0,2,A,-,03,22350,,N,D,C,A,A,H,-,A,A,0,,,Y,,Y,,C,02,0,0,0,0,0,0,0,1,0,"- ","- ",,,TULARE,VISALIA,-119.27881991,36.338220100000001
7006524,2015,2015-12-29,5406,2015-10-16,1855,55,5406,5,5,4,5406,0,0,0,,0,0SW,"E BARDSLEY",LASPINA,154.00,W,N,B,-,N,,,,,,,,,,N,1,1,0,3,A,-,08,22107,,F,B,G,A,A,H,-,C,A,0,,Y,,,Y,Y,L,04,0,0,0,0,0,1,0,0,0,"- ","- ",,,TULARE,TULARE,-119.3226614,36.196680000000001
7011473,2015,2015-09-21,5407,2015-08-18,1229,M66,480,2,5,5,5407,0,0,0,,0,025,ACEQUIA,JOHNSON,6.00,E,N,A,-,N,,,,,,,,,,N,2,0,1,2,A,-,10,21950,A,N,G,B,B,A,H,-,A,A,0,Y,,,,Y,,A,,1,0,0,0,1,0,0,0,0,"- ","- ",,,TULARE,VISALIA,-119.29880966,36.329200540000002
7011501,2015,2015-09-21,5407,2015-08-15,1740,A274,480,6,5,5,5407,0,0,0,,0,012,"PLAZA DR","AVIATION DR",600.00,W,N,A,-,N,,,,,,,,,,Y,2,0,1,1,A,-,03,22350,,N,E,I,A,A,H,-,A,D,0,,,,,Y,,-,,1,0,0,0,0,0,0,0,0,"- ","- ",,,TULARE,VISALIA,-119.38093901000001,36.312669929999998
7020403,2015,2015-08-14,5407,2015-06-26,2305,M218,480,5,5,5,5407,0,0,0,,0,012,TULARE,MOONEY,72.00,W,N,A,-,N,,,,,,,,,,Y,2,0,1,2,A,-,11,21954,A,N,G,B,D,A,H,-,D,A,0,Y,,,,Y,Y,N,60,1,0,0,0,1,0,0,0,0,"- ","- ",,,TULARE,VISALIA,-119.31423411999999,36.32021666
7058010,2014,2015-11-14,5401,2014-03-23,1651,2118,DINI,7,5,3,5401,0,0,0,,0,00N,"CALIFORNIA AV","E PARK WY",0.00,,N,A,-,N,,,,,,,,,,N,2,0,1,2,A,-,03,22350,,M,C,G,A,A,H,-,A,D,0,,Y,Y,,Y,,C,02,1,0,0,0,0,0,1,0,0,"- ","- ",,,TULARE,DINUBA,-119.38225998,36.542880029999999
7118018,2015,2015-11-17,5403,2015-10-26,1150,842,FARME,1,5,2,5403,0,0,0,,0,5403,"RD 164","AVE 291",3.00,N,N,A,-,N,,,,,,,,,,Y,2,0,1,1,A,-,03,22350,,N,H,A,A,A,B,-,A,D,0,,,Y,,Y,,C,02,1,0,0,0,0,0,0,0,1,"- ","- ",,,TULARE,FARMERSVILLE,-119.20695662,36.317733009999998
7124626,2015,2015-12-02,5405,2015-11-03,1929,207,,2,5,4,5405,0,0,0,,0,003,"JAYE ST","SPRINGVILLE DR",504.00,N,N,B,-,N,,,,,,,,,,Y,2,0,1,1,A,-,01,23152,F,N,E,I,A,A,H,-,C,D,0,,,,,Y,Y,-,,1,0,0,0,0,0,0,0,0,"- ","- ",,,TULARE,PORTERVILLE,-119.02625089999999,36.056312599999998
7180353,2015,2017-02-03,5407,2015-12-30,1858,M186,480,3,5,5,5407,0,0,0,,0,025,"RT 63",WEST,38.00,S,N,A,-,Y,TUL,6,63,-,-,8.970,H,-,S,N,2,0,3,2,A,-,09,21453,B,N,D,C,A,A,H,-,C,A,0,,,Y,,Y,Y,A,01,1,0,2,0,0,0,0,0,1,"- ","- ",,,TULARE,VISALIA,-119.29639503999999,36.340041630000002