CASE_ID,ACCIDENT_YEAR,PROC_DATE,JURIS,COLLISION_DATE,COLLISION_TIME,OFFICER_ID,REPORTING_DISTRICT,DAY_OF_WEEK,CHP_SHIFT,POPULATION,CNTY_CITY_LOC,SPECIAL_COND,BEAT_TYPE,CHP_BEAT_TYPE,CITY_DIVISION_LAPD,CHP_BEAT_CLASS,BEAT_NUMBER,PRIMARY_RD,SECONDARY_RD,DISTANCE,DIRECTION,INTERSECTION,WEATHER_1,WEATHER_2,STATE_HWY_IND,CALTRANS_COUNTY,CALTRANS_DISTRICT,STATE_ROUTE,ROUTE_SUFFIX,POSTMILE_PREFIX,POSTMILE,LOCATION_TYPE,RAMP_INTERSECTION,SIDE_OF_HWY,TOW_AWAY,COLLISION_SEVERITY,NUMBER_KILLED,NUMBER_INJURED,PARTY_COUNT,PRIMARY_COLL_FACTOR,PCF_CODE_OF_VIOL,PCF_VIOL_CATEGORY,PCF_VIOLATION,PCF_VIOL_SUBSECTION,HIT_AND_RUN,TYPE_OF_COLLISION,MVIW,PED_ACTION,ROAD_SURFACE,ROAD_COND_1,ROAD_COND_2,LIGHTING,CONTROL_DEVICE,CHP_ROAD_TYPE,PEDESTRIAN_ACCIDENT,BICYCLE_ACCIDENT,MOTORCYCLE_ACCIDENT,TRUCK_ACCIDENT,NOT_PRIVATE_PROPERTY,ALCOHOL_INVOLVED,STWD_VEHTYPE_AT_FAULT,CHP_VEHTYPE_AT_FAULT,COUNT_SEVERE_INJ,COUNT_VISIBLE_INJ,COUNT_COMPLAINT_PAIN,COUNT_PED_KILLED,COUNT_PED_INJURED,COUNT_BICYCLIST_KILLED,COUNT_BICYCLIST_INJURED,COUNT_MC_KILLED,COUNT_MC_INJURED,PRIMARY_RAMP,SECONDARY_RAMP,LATITUDE,LONGITUDE,COUNTY,CITY,POINT_X,POINT_Y
7190193,2016,2018-09-27,5406,2016-05-01,0035,45,5406,7,5,4,5406,0,0,0,,0,0ES,"E LEVIN","E LEVIN 1600 BLOCK",0.00,,N,A,-,N,,,,,,,,,,N,1,1,0,2,D,-,00,,,F,H,G,A,A,H,-,C,D,0,,Y,,,Y,Y,-,"- ",0,0,0,0,0,1,0,0,0,"- ","- ",,,TULARE,TULARE,,
7190210,2016,2016-06-17,5407,2016-04-04,0905,M218,480,1,5,5,5407,0,0,0,,0,034,"SANTA FE ST","MONTE VISTA AV",225.00,N,N,A,-,N,,,,,,,,,,Y,1,1,0,2,A,-,07,21658,A,N,B,G,A,A,H,-,A,A,0,,Y,,,Y,,L,04,0,0,0,0,0,1,0,0,0,"- ","- ",36.303719999999998,-119.28722999999999,TULARE,VISALIA,-119.28727223999999,36.304337169999997
7193139,2016,2016-03-04,5405,2016-02-13,1029,230,,6,5,4,5405,0,0,0,,0,003,"MAIN ST","TULE RIVER PKWY",119.00,S,N,A,-,N,,,,,,,,,,Y,2,0,2,2,A,-,01,23152,A,N,D,C,A,A,H,-,A,D,0,,,,,Y,Y,A,01,1,0,1,0,0,0,0,0,0,"- ","- ",,,TULARE,PORTERVILLE,,
7194480,2016,2017-02-18,5404,2016-02-13,2317,682,15,6,5,2,5404,0,0,0,,0,20L,"RT 65","HERMOSA ST",7.00,S,N,A,-,Y,TUL,6,65,-,-,29.491,I,5,S,Y,2,0,1,2,A,-,11,21456,B,N,G,B,B,A,H,-,C,A,0,Y,,,,Y,Y,N,60,1,0,0,0,1,0,0,0,0,"- ","- ",,,TULARE,LINDSAY,-119.10465752,36.203272030000001
7200021,2017,2017-08-15,5407,2017-02-25,0234,M186,480,6,5,5,5407,0,0,0,,0,00M,"N LINDWOOD ST",MODOC,190.00,S,N,A,-,N,,,,,,,,,,Y,1,2,0,1,A,-,01,23152,F,N,E,I,A,A,H,-,C,A,0,,,,,Y,Y,A,01,0,0,0,0,0,0,0,0,0,"- ","- ",36.35378,-119.34101,TULARE,VISALIA,-119.34102774,36.353246009999999
8010487,2016,2016-04-05,5407,2016-03-04,0159,M256,480,5,5,5,5407,0,0,0,,0,033,"SANTA FE",TULARE,0.00,,Y,A,-,N,,,,,,,,,,Y,2,0,3,1,A,-,01,23153,,N,E,I,A,A,H,-,C,A,0,,,,,Y,Y,A,01,3,0,0,0,0,0,0,0,0,"- ","- ",,,TULARE,VISALIA,-119.28772995,36.320110110000002
8022370,2016,2016-04-22,5406,2016-02-25,1637,25,,4,5,4,5406,0,0,0,,0,0ES,"FOSTER DR","TURNER ST",0.00,,Y,A,-,N,,,,,,,,,,N,2,0,2,2,A,-,09,21800,A,N,D,C,A,A,H,-,A,D,0,,,Y,,Y,,A,01,1,1,0,0,0,0,0,0,1,"- ","- ",,,TULARE,TULARE,-119.31649987,36.184880049999997
8078213,2016,2016-07-15,5407,2016-06-25,0105,A266,480,6,5,5,5407,0,0,0,,0,012,"CALDWELL AV","JACKIE ST",150.00,W,N,A,-,N,,,,,,,,,,Y,2,0,1,1,A,-,01,23152,A,N,E,I,A,A,-,-,C,D,0,,,,,Y,Y,-,,1,0,0,0,0,0,0,0,0,"- ","- ",,,TULARE,VISALIA,-119.32463851,36.298397790000003
8078237,2016,2016-07-15,5407,2016-06-11,0535,M226,480,6,5,5,5407,0,0,0,,0,012,WALNUT,AVIATION,528.00,E,N,B,-,N,,,,,,,,,,Y,2,0,1,1,A,-,03,22350,,N,E,I,A,A,H,-,B,A,0,,,Y,,Y,,C,02,1,0,0,0,0,0,0,0,1,"- ","- ",,,TULARE,VISALIA,-119.37708072,36.312723320000003
8100477,2016,2017-02-22,5407,2016-07-09,1907,A274,480,6,5,5,5407,0,0,0,,0,012,"RT 63","TULARE AV",0.00,,Y,A,-,Y,TUL,6,63,-,-,7.510,I,5,S,Y,2,0,3,2,A,-,12,21453,A,N,D,C,A,A,H,-,A,A,0,,,,,Y,,A,07,1,2,0,0,0,0,0,0,0,"- ","- ",,,TULARE,VISALIA,-119.31406153,36.320235390000001
8118671,2016,2016-09-12,5406,2016-08-24,1542,84,A1,3,5,4,5406,0,0,0,,0,0AO,"WEST ST","CAPINERO DR",54.00,N,N,A,-,N,,,,,,,,,,Y,2,0,2,1,D,-,00,,,N,E,I,A,A,A,-,A,D,0,,,,,Y,,-,"- ",1,0,1,0,0,0,0,0,0,"- ","- ",,,TULARE,TULARE,,
8161325,2016,2017-03-02,5406,2016-10-03,1423,84,2B,1,5,4,5406,0,0,0,,0,0AO,"RT 137","INYO AV",0.00,,Y,A,-,Y,TUL,6,137,-,-,15.210,I,5,E,Y,2,0,1,2,A,-,09,21802,A,N,G,G,A,A,H,-,A,A,0,,Y,,,Y,,L,04,1,0,0,0,0,0,1,0,0,"- ","- ",,,TULARE,TULARE,-119.34985987,36.204779350000003
8164431,2016,2016-12-15,5405,2016-10-23,2131,211,,7,5,4,5405,0,0,0,,0,004,"OLIVE AV","COBB ST",243.00,W,N,A,-,N,,,,,,,,,,N,2,0,1,2,A,-,11,21954,A,N,G,B,D,A,H,-,D,D,0,Y,,,,Y,Y,N,60,1,0,0,0,1,0,0,0,0,"- ","- ",,,TULARE,PORTERVILLE,-119.04114016,36.065836619999999
8166588,2016,2018-09-27,5403,2016-12-11,1709,835,,7,5,2,5403,0,0,0,,0,,"VISALIA RD",ZERO,56.00,W,N,A,-,N,,,,,,,,,,Y,1,1,1,3,A,-,03,22350,,N,G,B,D,A,H,-,C,D,0,Y,,,,Y,Y,A,01,0,1,0,1,0,0,0,0,0,"- ","- ",,,TULARE,FARMERSVILLE,,
8166938,2016,2018-09-24,5407,2016-09-05,0528,M33,480,1,5,5,5407,0,0,0,,0,00M,PLAZA,GOSHEN,672.00,N,N,A,-,N,,,,,,,,,,Y,1,1,0,2,A,-,03,22350,,N,C,C,A,A,H,-,C,D,0,,,Y,Y,Y,Y,C,02,0,0,0,0,0,0,0,1,0,"- ","- ",,,TULARE,VISALIA,-119.39456998999999,36.343897579999997
8167103,2017,2019-04-08,5406,2017-07-07,1247,30,,5,5,4,5406,0,0,0,,0,0AO,BARDSLEY,"R ST",46.00,E,N,A,-,N,,,,,,,,,,N,1,1,0,2,A,-,11,21954,A,N,G,B,D,A,H,-,A,A,0,Y,,,,Y,Y,N,60,0,0,0,1,0,0,0,0,0,"- ","- ",,,TULARE,TULARE,-119.33558425,36.196629999999999
8167105,2017,2019-04-08,5405,2017-09-20,0824,236,,3,5,4,5405,0,0,0,,0,004,"OLIVE AV","PORTER RD",0.00,,Y,A,-,N,,,,,,,,,,Y,1,1,0,2,A,-,17,21451,A,N,D,C,A,A,H,-,A,A,0,,,,,Y,,-,,0,0,0,0,0,0,0,0,0,"- ","- ",,,TULARE,PORTERVILLE,-119.03818013999999,36.066030009999999
8170326,2016,2016-11-18,5405,2016-11-01,2056,201,,2,5,4,5405,0,0,0,,0,002,"WESTFIELD AV","VILLA ST",185.00,W,N,A,-,N,,,,,,,,,,Y,2,0,1,1,A,-,08,22107,,N,F,I,A,A,H,-,D,D,0,,,,,Y,,-,,1,0,0,0,0,0,0,0,0,"- ","- ",,,TULARE,PORTERVILLE,-119.03158529,36.087537529999999
8170563,2017,2018-06-29,5407,2017-12-09,1500,A278,480,6,5,5,5407,0,0,0,,0,Q34,"W CAMERON AV","MOONEY BL",0.00,,Y,A,-,Y,TUL,6,63,-,-,5.739,H,-,N,N,2,0,1,2,A,-,10,21950,A,N,D,G,A,A,H,-,A,A,0,,Y,,,Y,,A,01,1,0,0,0,0,0,1,0,0,"- ","- ",36.294550000000001,-119.31363,TULARE,VISALIA,-119.31353727,36.294523949999999
8203059,2016,2017-03-01,5407,2016-12-03,2108,M218,480,6,5,5,5407,0,0,0,,0,026,"RT 63",OAK,0.00,,Y,A,-,Y,TUL,6,63,-,-,8.330,I,5,N,Y,2,0,1,2,A,-,00,23153,E,N,B,B,D,A,H,-,C,A,0,Y,,,,Y,,A,08,1,0,0,0,1,0,0,0,0,"- ","- ",36.331980000000001,-119.29234,TULARE,VISALIA,-119.29236280000001,36.331973679999997
8326249,2017,2018-03-22,5404,2017-02-08,0533,686,20L,3,5,2,5404,0,0,0,,0,012,HERMOSA,"RT 65",33.00,E,N,B,-,Y,TUL,6,65,-,-,29.491,I,5,N,Y,2,0,1,2,A,-,10,21950,A,N,G,B,B,B,H,-,C,A,0,Y,,,,Y,Y,A,07,1,0,0,0,1,0,0,0,0,"- ","- ",,,TULARE,LINDSAY,-119.10452054,36.203449339999999
8337441,2017,2018-11-20,5405,2017-03-28,0921,124,5405,2,5,4,5405,0,0,0,,0,003,"PLANO ST","DATE AV",0.00,,Y,A,-,N,,,,,,,,,,N,1,1,0,2,A,-,10,21950,A,N,G,B,B,A,H,-,A,A,0,Y,,,,Y,,-,,0,0,0,1,0,0,0,0,0,"- ","- ",,,TULARE,PORTERVILLE,-119.00779006,36.058500029999998
8393445,2017,2017-06-19,5405,2017-06-07,1452,P236,,3,5,4,5405,0,0,0,,0,001,"MAIN ST","NORTH GRAND AV",0.00,,Y,A,-,N,,,,,,,,,,Y,2,0,5,2,A,-,05,21650,,N,A,C,A,A,H,-,A,D,0,,,,,Y,,-,,1,2,2,0,0,0,0,0,0,"- ","- ",,,TULARE,PORTERVILLE,-119.03516999999999,36.098216999999998
8404363,2017,2019-04-09,5407,2017-05-05,2034,M33,480,5,5,5,5407,0,0,0,,0,,"N DINUBA BL","VINE AV",60.00,N,N,A,-,Y,TUL,6,63,-,-,9.530,H,-,S,Y,1,1,1,2,A,-,11,21954,A,N,G,B,D,A,H,-,C,A,0,Y,,,,Y,Y,N,60,0,0,1,1,0,0,0,0,0,"- ","- ",,,TULARE,VISALIA,-119.29691828,36.34788708
8440173,2017,2017-09-07,5407,2017-08-16,1401,M222,480,3,5,5,5407,0,0,0,,0,012,"DEMAREE ST","VISALIA PKWY",0.00,,Y,A,-,N,,,,,,,,,,Y,2,0,1,2,A,-,12,21453,A,N,D,C,A,A,H,-,A,A,0,,,,,Y,,A,01,1,0,0,0,0,0,0,0,0,"- ","- ",36.29119,-119.33145,TULARE,VISALIA,-119.33141986,36.29127003
8457686,2017,2017-10-04,5405,2017-09-25,1146,124,5405,1,5,4,5405,0,0,0,,0,003,"OLIVE AV","A ST",107.00,E,N,A,-,N,,,,,,,,,,Y,2,0,1,2,A,-,05,21650,1,N,A,G,A,A,H,-,A,A,0,,Y,,,Y,,L,04,1,0,0,0,0,0,1,0,0,"- ","- ",,,TULARE,PORTERVILLE,-119.01269861999999,36.065100100000002
8465439,2017,2018-10-05,5406,2017-09-06,2000,41,5406,3,5,4,5406,0,0,0,,0,0WS,"WEST ST","KERN AV",0.00,,Y,A,-,N,,,,,,,,,,N,1,1,2,4,A,-,10,21950,A,N,G,B,B,A,H,-,C,A,0,Y,,,,Y,,A,07,2,0,0,0,2,0,0,0,0,"- ","- ",,,TULARE,TULARE,-119.36682998000001,36.204910060000003
8517865,2017,2017-12-18,5406,2017-11-13,1452,41,4B,1,5,4,5406,0,0,0,,0,0ES,"O ST","MARTIN LUTHER KING",34.00,N,N,A,-,N,,,,,,,,,,Y,2,0,2,2,A,-,01,23152,A,N,A,C,A,A,H,-,A,A,0,,,,,Y,Y,A,07,1,1,0,0,0,0,0,0,0,"- ","- ",,,TULARE,TULARE,-119.33977830000001,36.202383300000001
8525139,2017,2018-01-18,5407,2017-12-04,1832,A286,480,1,5,5,5407,0,0,0,,0,034,CALDWELL,BURKE,0.00,,N,A,-,N,,,,,,,,,,Y,2,0,1,2,A,-,09,21801,A,N,A,C,A,A,H,-,C,A,0,,,Y,,Y,,A,01,1,0,0,0,0,0,0,0,1,"- ","- ",,,TULARE,VISALIA,-119.28270995,36.298110100000002
8525186,2017,2018-01-11,5407,2017-11-25,0919,C45,480,6,5,5,5407,0,0,0,,0,00Q,"E WALNUT AV","S GARDEN ST",0.00,,Y,A,-,N,,,,,,,,,,N,2,0,1,2,A,-,04,21703,,N,C,C,A,A,H,-,A,A,0,,,,,Y,,A,01,1,0,0,0,0,0,0,0,0,"- ","- ",36.312869999999997,-119.28966,TULARE,VISALIA,-119.28966998999999,36.312870089999997
8568493,2017,2018-03-13,5407,2017-12-08,1810,282,480,5,5,5,5407,0,0,0,,0,011,"N DEMAREE ST","W ELOWIN",15.00,S,N,A,-,N,,,,,,,,,,N,2,0,2,2,A,-,11,21954,A,N,G,B,D,A,H,-,C,A,0,Y,,,,Y,,N,60,1,1,0,0,1,0,0,0,0,"- ","- ",36.343940000000003,-119.33197,TULARE,VISALIA,-119.33198,36.343898840000001
8610415,2018,2018-05-07,5407,2018-03-24,1753,A306,480,6,5,5,5407,0,0,0,,0,026,"N SANTA FE ST","DOUGLAS AV",103.00,N,N,A,-,N,,,,,,,,,,N,2,0,1,2,A,-,03,22350,,F,G,B,E,A,H,-,A,A,0,Y,,,,Y,,-,,1,0,0,0,1,0,0,0,0,"- ","- ",36.339210510253906,-119.28791809082031,TULARE,VISALIA,-119.28793334960938,36.338413238525391
8628762,2018,2018-06-20,5406,2018-05-24,0105,41,5406,4,5,4,5406,0,0,0,,0,0DT,"K ST",LEVIN,74.00,S,N,A,-,N,,,,,,,,,,N,2,0,1,2,A,-,11,21954,A,N,G,B,D,A,H,-,C,D,0,Y,,,Y,Y,Y,N,60,1,0,0,0,1,0,0,0,0,"- ","- ",,,TULARE,TULARE,-119.34189605712891,36.189128875732422
8648259,2018,2018-10-17,5405,2018-09-18,1058,186,,2,5,4,5405,0,0,0,,0,001,"RT 65","LINDA VISTA AV",0.00,,Y,A,-,Y,TUL,6,65,-,-,21.830,I,5,N,Y,1,2,0,2,A,-,09,21801,A,N,D,C,A,A,H,-,A,A,0,,,,,Y,,-,,0,0,0,0,0,0,0,0,0,"- ","- ",,,TULARE,PORTERVILLE,-119.04294586181641,36.104343414306641
8710809,2018,2020-05-26,5406,2018-08-28,0415,41,2B,2,5,4,5406,0,0,0,,0,0WS,PROSPERITY,"E ST",0.00,,Y,A,-,N,,,,,,,,,,N,1,1,0,2,A,-,12,21453,A,N,D,G,A,A,H,-,C,A,0,,Y,,,Y,Y,L,04,0,0,0,0,0,1,0,0,0,"- ","- ",,,TULARE,TULARE,-119.35781097412109,36.225700378417969
8735693,2018,2019-01-18,5407,2018-10-05,2133,11891,480,5,5,5,5407,0,0,0,,0,025,"RT 63",FERGUSON,660.00,N,N,A,-,Y,TUL,6,63,-,-,9.760,H,-,S,N,2,0,1,2,A,-,11,21955,,N,A,B,D,A,H,-,C,A,0,Y,,,,Y,,N,60,1,0,0,0,1,0,0,0,0,"- ","- ",36.351131439208984,-119.29708862304688,TULARE,VISALIA,-119.29695129394531,36.351268768310547
8779133,2018,2019-02-05,5407,2018-12-31,2347,11623,480,1,5,5,5407,0,0,0,,0,025,"W PROSPECT AV","N GIDDINGS",90.00,E,N,A,-,N,,,,,,,,,,N,2,0,1,2,A,-,01,23152,A,N,C,E,A,A,H,-,C,D,0,,,,,Y,Y,A,01,1,0,0,0,0,0,0,0,0,"- ","- ",36.345230102539062,-119.30561828613281,TULARE,VISALIA,-119.30531311035156,36.345226287841797
8857334,2019,2019-05-10,5407,2019-04-17,1400,11893,480,3,5,5,5407,0,0,0,,0,026,"E MINERAL KING","S LOVERS LN",126.00,W,N,A,-,N,,,,,,,,,,N,2,0,1,2,A,-,04,21703,,N,C,G,A,A,H,-,A,D,0,,Y,,,Y,,L,04,1,0,0,0,0,0,1,0,0,"- ","- ",36.327480316162109,-119.29486083984375,TULARE,VISALIA,-119.26127624511719,36.328071594238281
8882420,2019,2019-07-19,5407,2019-06-02,1835,11894,480,7,5,5,5407,0,0,0,,0,,"E MINERAL KING AV","SANTA FE",0.00,,Y,A,-,N,,,,,,,,,,N,2,0,1,2,A,-,12,21453,A,N,B,G,A,A,H,-,A,A,0,,Y,,,Y,,-,"- ",1,0,0,0,0,0,1,0,0,"- ","- ",36.327449798583984,-119.28780364990234,TULARE,VISALIA,-119.28781127929688,36.327438354492188
8897769,2019,2019-08-13,5407,2019-07-02,1715,A277,480,2,5,5,5407,0,0,0,,0,012,"NOBLE AV","LINWOOD ST",0.00,,Y,A,-,N,,,,,,,,,,Y,2,0,4,2,A,-,12,21453,A,N,D,C,A,A,H,-,A,A,0,,,,,Y,,A,01,1,0,3,0,0,0,0,0,0,"- ","- ",,,TULARE,VISALIA,-119.34076690673828,36.326961517333984
8910946,2020,2022-06-13,5406,2020-02-26,1730,63,5406,3,5,4,5406,0,0,0,,0,0AO,"SAN JOAQUIN AV","H ST",0.00,,Y,A,-,N,,,,,,,,,,Y,1,1,1,3,A,-,12,22450,A,N,D,C,A,A,H,-,B,A,0,,,,,Y,Y,A,01,0,1,0,0,0,0,0,0,0,"- ","- ",,,TULARE,TULARE,-119.35115814208984,36.210018157958984
8910950,2020,2020-05-15,5405,2020-03-01,1847,243,,7,5,4,5405,0,0,0,,0,003,"RT 190","MARTIN ST",0.00,,Y,A,-,Y,TUL,6,190,-,-,17.650,H,-,W,Y,1,1,3,2,A,-,03,22350,,N,A,C,A,A,H,-,D,A,0,,,,,Y,,-,,0,2,1,0,0,0,0,0,0,"- ","- ",,,TULARE,PORTERVILLE,-118.99601745605469,36.05120849609375
8911380,2020,2020-08-07,5407,2020-04-02,2039,M282,480,4,5,5,5407,0,0,0,,0,025,"N BRIDGE ST","E PARKER CT",326.00,N,N,A,-,N,,,,,,,,,,Y,1,1,1,3,A,-,11,21954,A,N,G,B,E,A,H,-,C,A,0,Y,,,,Y,Y,-,"- ",0,1,0,1,1,0,0,0,0,"- ","- ",36.343639373779297,-119.28913116455078,TULARE,VISALIA,-119.28909301757812,36.344554901123047
8911690,2020,2022-06-13,5407,2020-07-02,2024,M282,480,4,5,5,5407,0,0,0,,0,034,"W CALDWELL AV","S WEST ST",0.00,,Y,A,-,N,,,,,,,,,,Y,1,1,0,2,A,-,09,21453,C,N,A,C,A,A,H,-,B,A,0,,,Y,,Y,Y,I,11,0,0,0,0,0,0,0,1,0,"- ","- ",36.298191070556641,-119.29596710205078,TULARE,VISALIA,-119.29598999023438,36.298160552978516
8911868,2020,2022-06-13,5407,2020-08-27,2111,M282,480,4,5,5,5407,0,0,0,,0,026,"RT 63","SHANNON PKWY",403.00,S,N,A,-,Y,TUL,6,63,-,-,10.330,H,-,N,Y,1,1,0,2,A,-,11,21954,A,F,G,B,D,A,H,-,C,A,0,Y,,,,Y,Y,N,60,0,0,0,1,0,0,0,0,0,"- ","- ",36.356208801269531,-119.29698944091797,TULARE,VISALIA,-119.29700469970703,36.359420776367188
8927404,2019,2019-08-30,5405,2019-08-14,1400,245,5405,3,5,4,5405,0,0,0,,0,001,"NORTH  NEWCOMB","MEMORY AV",20.00,N,N,A,-,N,,,,,,,,,,N,2,0,1,2,A,-,08,22107,,N,D,C,A,A,H,-,A,D,0,,,,,Y,,-,,1,0,0,0,0,0,0,0,0,"- ","- ",,,TULARE,PORTERVILLE,-119.05280303955078,36.077663421630859
8931474,2019,2019-09-17,5407,2019-08-10,2209,A302,480,6,5,5,5407,0,0,0,,0,033,"SOUTH BEN MADDOX WY","TULARE AV",880.00,N,N,A,-,N,,,,,,,,,,N,2,0,1,2,A,-,11,21954,A,N,G,B,E,A,H,-,C,D,0,Y,,,,Y,Y,N,60,1,0,0,0,1,0,0,0,0,"- ","- ",36.322368621826172,-119.27529144287109,TULARE,VISALIA,-119.27674102783203,36.322532653808594
8938323,2019,2019-09-26,5404,2019-09-14,1835,677,,6,5,2,5404,0,0,0,,0,014,"HONOLULU ST",LINDERO,51.00,W,N,A,-,N,,,,,,,,,,N,2,0,1,2,A,-,03,22350,,N,C,G,A,A,H,-,B,D,0,,Y,,,Y,,-,,1,0,0,0,0,0,1,0,0,"- ","- ",,,TULARE,LINDSAY,-119.08119964599609,36.203636169433594
8939726,2023,2025-06-28,5403,2023-12-16,2303,845,,6,5,2,5403,0,0,0,,0,,"W VISALIA RD","S. VIRGINIA AV",0.00,,Y,A,-,N,,,,,,,,,,Y,1,1,0,2,A,-,11,21954,A,N,G,B,D,A,H,-,C,D,0,Y,,,,Y,,N,60,0,0,0,1,0,0,0,0,0,"- ","- ",,,TULARE,FARMERSVILLE,-119.21597290039062,36.297828674316406
8967919,2019,2020-06-10,5407,2019-09-23,2227,A295,480,1,5,5,5407,0,0,0,,0,012,"S DEMAREE ST","W NOBLE AV",0.00,,Y,A,-,Y,TUL,6,198,-,-,7.564,R,4,W,Y,2,0,1,1,A,-,05,21650,,N,E,I,A,A,H,-,C,A,0,,,,,Y,,D,22,1,0,0,0,0,0,0,0,0,"- ","- ",36.326641082763672,-119.33174133300781,TULARE,VISALIA,-119.33530426025391,36.327384948730469
8968332,2019,2019-11-14,5407,2019-09-27,1954,A302,480,5,5,5,5407,0,0,0,,0,026,"LOVERS LN","E MINERAL KING AV",0.00,,Y,A,-,N,,,,,,,,,,N,2,0,1,2,A,-,10,21950,A,N,A,B,B,A,H,-,C,A,0,Y,,,,Y,,-,,1,0,0,0,1,0,0,0,0,"- ","- ",36.327999114990234,-119.26069641113281,TULARE,VISALIA,-119.26084899902344,36.328098297119141
90017960,2015,2015-10-19,9480,2015-08-23,2030,015283,,7,2,9,5400,0,3,5,,2,002,"AVENUE 416","ROAD 105",17.00,W,N,A,-,N,,,,,,,,,,N,2,0,1,2,A,-,10,21950,A,N,G,B,B,A,H,-,C,A,0,Y,,,,Y,,A,01,1,0,0,0,1,0,0,0,0,"- ","- ",36.324300000000001,-119.20175,TULARE,UNINCORPORATED,-119.33835447,36.54519294
90020759,2015,2015-10-19,9480,2015-09-11,1100,018861,,5,1,9,5400,0,3,5,,2,004,"ROAD 168","AVENUE 308",1058.00,N,N,A,-,Y,,,,,,,,,,Y,2,0,2,1,A,-,00,22017,,N,E,I,A,A,H,-,A,D,0,,,,,Y,,A,07,2,0,0,0,0,0,0,0,0,"- ","- ",36.35154,-119.19786999999999,TULARE,UNINCORPORATED,-119.19785923000001,36.3513831
90026352,2015,2015-10-19,9480,2015-09-20,1700,017252,,7,2,9,5400,0,1,3,,1,051,"STATE ROUTE 43","AVENUE 144",76.00,S,N,A,-,Y,,,43,,,,,,,Y,2,0,2,2,A,-,03,22350,,F,C,C,A,A,H,-,A,D,0,,,Y,,Y,,C,02,1,1,0,0,0,0,0,0,2,"- ","- ",36.05077,-119.52169000000001,TULARE,UNINCORPORATED,-119.52168700999999,36.050772170000002
90028432,2015,2015-10-19,9481,2015-10-07,0610,018707,,3,1,9,5400,0,3,5,,2,030,"ROAD 208",SR-190,1056.00,S,N,A,-,N,,,,,,,,,,Y,2,0,1,2,A,-,03,22350,,N,D,C,A,A,H,-,D,D,0,,,,Y,Y,,D,22,1,0,0,0,0,0,0,0,0,"- ","- ",36.047559999999997,-119.10751,TULARE,UNINCORPORATED,-118.70959999999999,36.162260000000003
90029527,2015,2015-10-19,9480,2015-09-13,1725,019543,,7,2,9,5400,0,3,5,,2,005,"AVENUE 76","ROAD 132",0.00,,Y,A,-,N,,,,,,,,,,Y,2,0,1,2,A,-,12,22450,A,F,D,C,A,A,H,-,A,A,0,,,,,Y,Y,A,07,1,0,0,0,0,0,0,0,0,"- ","- ",35.928170000000001,-119.27705,TULARE,UNINCORPORATED,-119.27704989999999,35.928070030000001
90038182,2015,2015-10-26,9480,2015-10-06,1319,013656,,2,1,9,5400,0,1,3,,1,040,"SR-216 (IVANHOE DRIVE)","JASMINE AVE",44.00,S,N,A,-,Y,,,216,,,,,,,Y,2,0,2,2,A,-,06,21751,,N,B,C,A,A,H,-,A,A,0,,,,,Y,,A,07,1,0,1,0,0,0,0,0,0,"- ","- ",36.37668,-119.21561,TULARE,UNINCORPORATED,-119.21563671,36.37668008
90041059,2015,2015-10-29,9480,2015-10-10,1920,019258,,6,2,9,5400,0,3,5,,2,006,"AVENUE 256","ROAD 156",20.00,W,N,A,-,N,,,,,,,,,,Y,2,0,2,3,A,-,03,22350,,N,C,C,A,A,H,-,D,D,0,,,Y,,Y,,A,01,1,0,1,0,0,0,0,0,2,"- ","- ",36.254519999999999,-119.22479,TULARE,UNINCORPORATED,-119.22481775999999,36.254380529999999
90047150,2015,2015-11-09,9481,2015-10-19,0639,018830,,1,1,9,5400,0,2,4,,1,035,"AVENUE 56","ROAD 208",16.00,W,N,A,-,N,,,,,,,,,,Y,1,1,2,2,A,-,03,22350,,N,C,C,A,A,H,-,D,D,0,,,,,Y,,D,22,0,0,2,0,0,0,0,0,0,"- ","- ",35.891719999999999,-119.10769000000001,TULARE,UNINCORPORATED,-119.10790394999999,35.891780060000002
90048830,2015,2015-11-11,9480,2015-10-25,0218,018742,,7,3,9,5400,0,1,3,,2,093,"SR-99 S/B",SR-190,528.00,N,N,A,-,Y,,,99,,,,,,S,Y,2,0,4,1,A,-,08,22107,,F,E,I,A,A,H,-,C,D,0,,,,,Y,,A,01,2,1,1,0,0,0,0,0,0,"- ","- ",36.05256,-119.31111,TULARE,UNINCORPORATED,-119.31099159,36.05255322
90052692,2015,2015-11-17,9481,2015-08-01,0852,018815,,6,1,9,5400,0,1,3,,1,012,"STATE ROUTE 65 (SOUTHBOUND)","AVENUE 196",3168.00,S,N,A,-,Y,,,65,,,,,,,Y,1,1,1,1,A,-,08,22107,,N,E,I,A,A,H,-,A,D,0,,,,,Y,,A,01,0,1,0,0,0,0,0,0,0,"- ","- ",36.13541,-119.06529999999999,TULARE,UNINCORPORATED,-119.06522167999999,36.135472010000001
9005367,2019,2020-01-14,5407,2019-11-03,1703,A291,480,7,5,5,5407,0,0,0,,0,,"S BEN MADDOX WY","E NOBLE AV",317.00,,N,A,-,N,,,,,,,,,,Y,2,0,1,1,A,-,03,22350,,N,E,I,A,A,H,-,A,A,0,,,Y,,Y,,C,02,1,0,0,0,0,0,0,0,1,"- ","- ",36.32611083984375,-119.27851104736328,TULARE,VISALIA,-119.27854156494141,36.32611083984375
90066721,2015,2015-12-07,9480,2015-10-19,0538,017709,,1,3,9,5400,0,1,3,,1,064,"SR-198 W/B","ROAD 156",1025.00,E,N,A,-,Y,,,198,,,,,,W,Y,1,1,0,1,A,-,08,22107,,N,F,A,A,A,H,-,D,D,0,,,,,Y,,A,01,0,0,0,0,0,0,0,0,0,"- ","- ",36.326860000000003,-119.22069,TULARE,UNINCORPORATED,-119.22068543,36.32679976
90086602,2015,2015-12-31,9480,2015-12-18,1508,015282,,5,2,9,5400,0,3,5,,2,002,"ROAD 142","AVENUE 420",530.00,N,N,A,-,N,,,,,,,,,,N,2,0,1,2,A,-,09,21804,A,N,D,C,A,A,H,-,A,D,0,,,Y,,Y,,C,06,1,0,0,0,0,0,0,0,1,"- ","- ",36.554099999999998,-119.25548000000001,TULARE,UNINCORPORATED,-119.25543802999999,36.553034310000001