CASE_ID,ACCIDENT_YEAR,PROC_DATE,JURIS,COLLISION_DATE,COLLISION_TIME,OFFICER_ID,REPORTING_DISTRICT,DAY_OF_WEEK,CHP_SHIFT,POPULATION,CNTY_CITY_LOC,SPECIAL_COND,BEAT_TYPE,CHP_BEAT_TYPE,CITY_DIVISION_LAPD,CHP_BEAT_CLASS,BEAT_NUMBER,PRIMARY_RD,SECONDARY_RD,DISTANCE,DIRECTION,INTERSECTION,WEATHER_1,WEATHER_2,STATE_HWY_IND,CALTRANS_COUNTY,CALTRANS_DISTRICT,STATE_ROUTE,ROUTE_SUFFIX,POSTMILE_PREFIX,POSTMILE,LOCATION_TYPE,RAMP_INTERSECTION,SIDE_OF_HWY,TOW_AWAY,COLLISION_SEVERITY,NUMBER_KILLED,NUMBER_INJURED,PARTY_COUNT,PRIMARY_COLL_FACTOR,PCF_CODE_OF_VIOL,PCF_VIOL_CATEGORY,PCF_VIOLATION,PCF_VIOL_SUBSECTION,HIT_AND_RUN,TYPE_OF_COLLISION,MVIW,PED_ACTION,ROAD_SURFACE,ROAD_COND_1,ROAD_COND_2,LIGHTING,CONTROL_DEVICE,CHP_ROAD_TYPE,PEDESTRIAN_ACCIDENT,BICYCLE_ACCIDENT,MOTORCYCLE_ACCIDENT,TRUCK_ACCIDENT,NOT_PRIVATE_PROPERTY,ALCOHOL_INVOLVED,STWD_VEHTYPE_AT_FAULT,CHP_VEHTYPE_AT_FAULT,COUNT_SEVERE_INJ,COUNT_VISIBLE_INJ,COUNT_COMPLAINT_PAIN,COUNT_PED_KILLED,COUNT_PED_INJURED,COUNT_BICYCLIST_KILLED,COUNT_BICYCLIST_INJURED,COUNT_MC_KILLED,COUNT_MC_INJURED,PRIMARY_RAMP,SECONDARY_RAMP,LATITUDE,LONGITUDE,COUNTY,CITY,POINT_X,POINT_Y
90097468,2015,2016-01-19,9480,2015-12-25,0230,019258,,5,3,9,5400,0,1,3,,2,095,"SR-99 S/B","AVENUE 56",3094.00,N,N,B,-,Y,,,99,,,,,,S,Y,2,0,2,2,A,-,01,23152,A,N,C,C,A,B,H,-,D,D,0,,,,Y,Y,Y,A,01,1,0,1,0,0,0,0,0,0,"- ","- ",35.899790000000003,-119.27775,TULARE,UNINCORPORATED,-119.27775652,35.899788479999998
90107368,2016,2016-05-11,9480,2016-01-05,2125,017311,,2,2,9,5400,0,3,5,,2,004,"AVENUE 328","LINCOLN ROAD",0.00,,Y,A,-,N,,,,,,,,,,Y,1,1,0,1,A,-,01,23152,E,N,E,I,A,B,H,-,D,A,0,,,,,Y,,A,01,0,0,0,0,0,0,0,0,0,"- ","- ",36.385460000000002,-119.29483,TULARE,UNINCORPORATED,-119.29508993,36.385540079999998
90110817,2016,2016-02-08,9480,2016-01-15,0315,019258,,5,3,9,5400,0,1,3,,2,091,"SR-99 N/B","BETTY DR",528.00,N,N,A,-,Y,,,99,,,,,,N,Y,2,0,2,2,A,-,01,23152,A,N,A,C,A,A,H,-,D,D,0,,,,,Y,Y,A,01,2,0,0,0,0,0,0,0,0,"- ","- ",36.353189999999998,-119.42771,TULARE,UNINCORPORATED,-119.42777777000001,36.353170810000002
90127491,2016,2016-03-02,9480,2016-02-18,1005,013656,,4,1,9,5400,0,3,5,,2,006,"ROAD 124","AVENUE 256",0.00,,Y,A,-,N,,,,,,,,,,Y,2,0,3,2,A,-,12,22450,A,N,D,C,A,A,H,-,A,A,0,,,,,Y,,A,07,1,2,0,0,0,0,0,0,0,"- ","- ",36.255960000000002,-119.29635999999999,TULARE,UNINCORPORATED,-119.29632989,36.255850000000002
90139375,2016,2016-03-18,9480,2016-02-27,1740,019828,,6,2,9,5400,0,1,3,,1,060,SR-137,"ROAD 188",301.00,E,N,A,-,Y,,,,,,,,,,Y,2,0,1,2,A,-,01,23152,A,N,B,C,A,A,H,-,D,D,0,,,,Y,Y,Y,A,01,1,0,0,0,0,0,0,0,0,"- ","- ",36.379739999999998,-119.29683,TULARE,UNINCORPORATED,,
90140314,2016,2016-03-21,9481,2016-03-17,1548,018742,,4,2,9,5400,0,2,4,,1,034,"ROAD 192","AVENUE 80",1056.00,S,N,A,B,N,,,,,,,,,,Y,2,0,1,1,A,-,08,22107,,N,E,I,A,A,H,-,A,D,0,,,,,Y,,A,01,1,0,0,0,0,0,0,0,0,"- ","- ",35.932870000000001,-119.14364999999999,TULARE,UNINCORPORATED,-119.14382205,35.932472349999998
90151979,2016,2016-04-06,9480,2016-03-30,1824,015783,,3,2,9,5400,0,3,5,,2,006,"AVENUE 248","ROAD 164",0.00,,Y,A,-,N,,,,,,,,,,Y,2,0,2,2,A,-,09,21802,A,N,D,C,A,A,H,-,A,A,0,,,,,Y,,A,01,2,0,0,0,0,0,0,0,0,"- ","- ",36.240180000000002,-119.2059,TULARE,UNINCORPORATED,-119.2059,36.240180000000002
90159465,2016,2016-04-18,9480,2016-02-20,1540,015783,,6,2,9,5400,0,1,3,,2,093,"SR-99 S/B","AVENUE 152 (OLIVE STREET)",554.00,S,N,A,-,Y,,,99,,,,,,S,Y,1,1,4,3,A,-,03,22350,,N,E,I,A,A,H,-,A,D,0,,,,,Y,,D,22,1,2,1,0,0,0,0,0,0,"- ","- ",36.064039999999999,-119.31314,TULARE,UNINCORPORATED,-119.31345091999999,36.063927110000002
90164708,2016,2016-04-25,9480,2016-02-07,1409,018204,,7,2,9,5400,0,3,5,,2,005,"ROAD 136","AVENUE 84",228.00,S,N,B,-,N,,,,,,,,,,Y,1,1,0,2,A,-,09,21804,A,N,C,C,A,A,H,-,A,D,0,,,Y,,Y,,C,06,0,0,0,0,0,0,0,1,0,"- ","- ",35.942219999999999,-119.26827,TULARE,UNINCORPORATED,-119.26824999999999,35.941904309999998
90166855,2016,2016-04-27,9480,2016-04-18,0235,015783,,1,3,9,5400,0,1,3,,2,091,"SR-99 N/B","AVENUE 304",1056.00,N,N,A,-,Y,,,99,,,,,,N,Y,2,0,1,2,A,-,03,22350,,N,C,C,A,A,H,-,D,D,0,,,,Y,Y,,A,01,1,0,0,0,0,0,0,0,0,"- ","- ",36.343710000000002,-119.42149999999999,TULARE,UNINCORPORATED,-119.42144157,36.343759239999997
90170741,2016,2016-05-02,9480,2016-03-30,0828,012251,,3,1,9,5400,0,3,5,,2,006,"AVENUE 240","ROAD 152",0.00,,Y,A,-,N,,,,,,,,,,Y,1,1,2,2,A,-,12,22450,A,N,D,C,A,A,H,-,A,A,0,,,,,Y,,D,22,0,1,1,0,0,0,0,0,0,"- ","- ",36.225490000000001,-119.23353,TULARE,UNINCORPORATED,-119.23353985999999,36.225459999999998
90171515,2016,2016-05-03,9480,2016-05-01,1622,017709,,7,2,9,5400,0,3,5,,2,002,"AVENUE 384 W/B","ROAD 114",1056.00,W,N,A,-,N,,,,,,,,,,Y,2,0,1,1,A,-,01,23152,A,N,E,I,A,A,H,-,A,D,0,,,,,Y,Y,D,22,1,0,0,0,0,0,0,0,0,"- ","- ",36.48715,-119.32155,TULARE,UNINCORPORATED,-119.32162823,36.487045250000001
90198110,2016,2016-06-09,9481,2016-05-31,2000,018314,,2,2,9,5400,0,3,5,,2,010,"ROAD 152","AVENUE 224",0.00,,Y,A,-,N,,,,,,,,,,Y,2,0,5,2,A,-,05,21650,,N,A,C,A,A,H,-,B,A,0,,,,,Y,,A,01,2,0,3,0,0,0,0,0,0,"- ","- ",36.196359999999999,-119.23318999999999,TULARE,UNINCORPORATED,-119.23320990000001,36.196400079999997
90212461,2016,2016-06-29,9480,2016-05-24,0538,012568,,2,3,9,5400,0,1,3,,1,010,"SR-201 (AVE. 400)","RD. 24",196.00,W,N,B,-,Y,,,201,,,,,,,N,1,1,0,2,A,-,08,22107,,F,H,G,A,A,H,-,B,D,0,,Y,,,Y,,D,22,0,0,0,0,0,1,0,0,0,"- ","- ",36.517800000000001,-119.52186,TULARE,UNINCORPORATED,-119.52185978999999,36.517907620000003
90219209,2016,2016-07-08,9481,2016-07-01,1510,018707,,5,2,9,5400,0,3,5,,2,030,"AVENUE 8","ROAD 180",1056.00,E,N,A,-,N,,,,,,,,,,Y,2,0,1,1,A,-,01,23152,A,N,E,I,A,A,H,-,A,D,0,,,,,Y,Y,A,01,1,0,0,0,0,0,0,0,0,"- ","- ",35.80509,-119.16686,TULARE,UNINCORPORATED,-119.16641275000001,35.805130009999999
90221245,2016,2016-07-12,9480,2016-05-13,0845,015282,,5,1,9,5400,0,3,5,,2,001,"AVENUE 360","ROAD 52",1477.00,W,N,A,-,N,,,,,,,,,,Y,1,1,0,1,A,-,08,22107,,N,F,A,A,A,H,-,A,D,0,,,,,Y,,D,22,0,0,0,0,0,0,0,0,0,"- ","- ",36.444319999999998,-119.46296,TULARE,UNINCORPORATED,-119.461837,36.444290240000001
90222684,2016,2016-07-14,9480,2016-07-01,1840,018861,,5,2,9,5400,0,1,3,,2,095,"SR-99 N/B","AVENUE 56",2112.00,N,N,A,-,Y,,,99,,,,,,N,Y,2,0,1,1,A,-,08,22107,,N,E,I,A,A,H,-,A,D,0,,,,,Y,,A,07,1,0,0,0,0,0,0,0,0,"- ","- ",35.896700000000003,-119.27652,TULARE,UNINCORPORATED,-119.27651707,35.896701319999998
90227715,2016,2016-07-21,9480,2016-06-25,1015,016723,,6,1,9,5400,0,3,5,,2,005,"BORCHARDT DRIVE","AVENUE 56",528.00,W,N,A,-,N,,,,,,,,,,Y,2,0,4,1,A,-,08,22107,,N,E,I,A,A,H,-,A,D,0,,,,,Y,,A,07,2,1,1,0,0,0,0,0,0,"- ","- ",35.890700000000002,-119.44907000000001,TULARE,UNINCORPORATED,-119.44902247,35.89068288
90230991,2016,2016-08-11,9480,2016-04-02,1449,017252,,6,2,9,5400,0,3,5,,2,003,"AVENUE 208","ROAD 84",0.00,,Y,A,-,N,,,,,,,,,,Y,1,1,1,2,A,-,12,22450,A,N,D,C,A,A,H,-,A,A,0,,,,,Y,,A,01,0,1,0,0,0,0,0,0,0,"- ","- ",36.167459999999998,-119.38442999999999,TULARE,UNINCORPORATED,-119.38396988,36.167410089999997
90234737,2016,2016-08-01,9481,2016-07-23,0925,018707,,6,1,9,5400,0,3,5,,2,030,"AVENUE 128","ROAD 208",0.00,,Y,A,-,N,,,,,,,,,,Y,2,0,5,2,A,-,09,21802,A,N,D,C,A,A,H,-,A,A,0,,,,,Y,,A,01,1,2,2,0,0,0,0,0,0,"- ","- ",36.022309999999997,-119.10748,TULARE,UNINCORPORATED,-119.10746004000001,36.022290050000002
90257372,2016,2016-08-30,9480,2016-08-21,2019,018521,,7,2,9,5400,0,3,5,,2,005,"STATE STREET","CENTER AVENUE",148.00,N,N,A,-,N,,,,,,,,,,N,2,0,5,7,A,-,01,23152,A,F,B,E,F,A,H,-,C,D,0,Y,,,,Y,Y,A,07,2,3,0,0,4,0,0,0,0,"- ","- ",35.8857,-119.2713,TULARE,UNINCORPORATED,-119.27144281,35.886069069999998
90266441,2016,2016-09-13,9481,2016-08-30,1925,019162,,2,2,9,5400,0,1,3,,1,012,"STATE ROUTE 65","AVENUE 208",0.00,,Y,A,-,Y,,,65,,,,,,,Y,2,0,2,2,A,-,09,21802,A,N,D,C,A,A,H,-,A,A,0,,,,,Y,,A,07,1,0,1,0,0,0,0,0,0,"- ","- ",36.167090000000002,-119.08324,TULARE,UNINCORPORATED,-119.0831724,36.167123220000001
90270602,2016,2016-09-19,9481,2016-07-08,0555,018707,,5,3,9,5400,0,3,5,,2,030,"COUNTY LINE ROAD (AVENUE 0)","ROAD 184",0.00,,Y,A,-,N,,,,,,,,,,Y,1,1,2,2,A,-,05,21752,D,N,A,C,A,A,H,-,A,D,0,,,,,Y,,A,01,2,0,0,0,0,0,0,0,0,"- ","- ",35.790660000000003,-119.16092999999999,TULARE,UNINCORPORATED,-119.1609399,35.790640029999999
90274267,2016,2016-09-22,9480,2016-08-11,2500,019048,,4,4,9,5400,0,1,3,,1,020,SR-201,"PIEDRA DR.",105.00,E,N,A,-,Y,,,201,,,,,,,Y,1,1,0,1,A,-,08,22107,,N,E,I,A,A,H,-,D,D,0,,,,,Y,,A,01,0,0,0,0,0,0,0,0,0,"- ","- ",36.473199999999999,-119.1523,TULARE,UNINCORPORATED,-119.15226513,36.473243189999998
90277442,2016,2017-11-06,9481,2016-09-25,1241,018815,,7,1,9,5400,0,1,3,,1,012,"STATE ROUTE 65 (NORTHBOUND)","LINDA VISTA AVENUE",0.00,,Y,A,-,Y,,,65,,,,,,,Y,1,1,2,2,A,-,12,22450,A,N,B,C,A,A,H,-,A,A,0,,,,,Y,,A,01,0,1,1,0,0,0,0,0,0,"- ","- ",36.104320000000001,-119.04297,TULARE,UNINCORPORATED,-119.04294264000001,36.104338900000002
90281980,2016,2016-10-03,9480,2016-09-21,2135,019828,,3,2,9,5400,0,3,5,,2,003,"ROAD 96","AVENUE 144",0.00,,Y,B,-,N,,,,,,,,,,Y,2,0,3,2,A,-,12,22450,A,N,D,C,A,A,H,-,D,A,0,,,,Y,Y,,G,25,2,1,0,0,0,0,0,0,0,"- ","- ",36.05095,-119.35763,TULARE,UNINCORPORATED,-119.35763992,36.051160019999998
90287843,2016,2016-10-10,9480,2016-09-24,0626,016723,,6,1,9,5400,0,3,5,,2,002,"ROAD 124","AVENUE 432",1938.00,S,N,A,-,N,,,,,,,,,,Y,2,0,1,2,A,-,11,21954,A,N,G,B,D,A,H,-,D,D,0,Y,,,,Y,,A,01,1,0,0,0,1,0,0,0,0,"- ","- ",36.568159999999999,-119.29608,TULARE,UNINCORPORATED,-119.29605509,36.56823223
90300095,2016,2016-10-25,9480,2016-07-08,1241,016210,,5,1,9,5400,0,1,3,,1,020,SR-201,"ROAD 156",906.00,E,N,A,-,Y,,,201,,,,,,,Y,1,1,0,2,A,-,08,22107,,N,E,I,A,A,H,-,A,D,0,,,,Y,Y,,E,22,0,0,0,0,0,0,0,0,0,"- ","- ",36.48592,-119.22020999999999,TULARE,UNINCORPORATED,-119.22020976,36.485942389999998
90308158,2016,2016-11-01,9480,2016-10-17,1825,018657,,1,2,9,5400,0,3,5,,2,005,"BORCHARDT DRIVE","AVENUE 54",50.00,E,N,A,-,N,,,,,,,,,,Y,2,0,1,1,A,-,01,23152,A,N,E,I,A,A,H,-,B,D,0,,,,,Y,Y,A,08,1,0,0,0,0,0,0,0,0,"- ","- ",35.887549999999997,-119.45344,TULARE,UNINCORPORATED,-119.45382182,35.887580190000001
90308934,2016,2016-11-01,9480,2016-08-27,1805,018861,,6,2,9,5400,0,1,3,,1,051,"SR-43 (CENTRAL VALLEY HWY)","AVENUE 56",0.00,,Y,A,-,Y,,,43,,,,,,,Y,1,1,7,2,A,-,12,22450,A,N,D,C,A,A,H,-,A,A,0,,,,,Y,,D,22,3,1,3,0,0,0,0,0,0,"- ","- ",35.891489999999997,-119.4054,TULARE,UNINCORPORATED,-119.40542495,35.891471690000003
90342747,2016,2016-12-12,9480,2016-12-03,0818,015282,,6,1,9,5400,0,3,5,,2,002,"AVENUE 328","ROAD 112",22.00,W,N,A,-,N,,,,,,,,,,Y,2,0,3,2,A,-,01,23152,A,N,C,C,A,A,H,-,A,D,0,,,,,Y,Y,A,01,1,0,2,0,0,0,0,0,0,"- ","- ",36.385390000000001,-119.32317999999999,TULARE,UNINCORPORATED,-119.32323467000001,36.385499760000002
90348306,2016,2016-12-19,9480,2016-12-02,0737,013914,,5,1,9,5400,0,3,5,,2,006,"AVENUE 256","ROAD 164",0.00,,Y,B,E,N,,,,,,,,,,Y,1,1,0,2,A,-,12,22450,A,N,D,C,A,A,H,-,A,A,0,,,,Y,Y,,G,25,0,0,0,0,0,0,0,0,0,"- ","- ",36.254260000000002,-119.20692,TULARE,UNINCORPORATED,-119.20692150000001,36.254213999999997
90353223,2016,2016-12-27,9480,2016-11-05,1425,017108,,6,2,9,5400,0,1,3,,1,065,"STATE ROUTE 65","AVENUE 288 (MARINETTE AVENUE)",0.00,,Y,A,-,Y,,,65,,,,,,,Y,1,1,0,2,A,-,09,21802,A,N,D,C,A,A,H,-,A,A,0,,,,,Y,,A,01,0,0,0,0,0,0,0,0,0,"- ","- ",36.311579999999999,-119.13523000000001,TULARE,UNINCORPORATED,-119.13526045,36.311581220000001
90359222,2016,2017-01-26,9480,2016-11-26,2028,019349,,6,2,9,5400,0,3,5,,2,001,"ROAD 56","AVENUE 408",0.00,,Y,C,-,N,,,,,,,,,,Y,2,0,3,2,A,-,05,21752,D,F,D,C,A,B,H,-,C,D,0,,,,,Y,,D,22,2,0,1,0,0,0,0,0,0,"- ","- ",36.5321,-119.4492,TULARE,UNINCORPORATED,-119.44863995999999,36.531860109999997
90411279,2016,2017-04-07,9480,2016-12-24,1820,019349,,6,2,9,5400,0,1,3,,1,040,"STATE ROUTE 216 (ROAD 160)","ROSALINE ROAD",0.00,,Y,A,-,Y,,,,,,,,,,N,1,1,0,2,A,-,08,22107,,F,G,B,E,A,H,-,C,D,0,Y,,,,Y,,D,22,0,0,0,1,0,0,0,0,0,"- ","- ",36.384300000000003,-119.21550000000001,TULARE,UNINCORPORATED,,
90416451,2017,2017-04-06,9480,2017-02-10,1732,018521,,5,2,9,5400,0,1,3,,1,010,"SR-201 (AVENUE 400)","ROAD 74",0.00,,Y,B,-,Y,,,201,,,,,,,Y,1,2,2,2,A,-,09,21802,A,N,D,C,A,B,H,-,B,A,0,,,,,Y,,A,01,1,0,1,0,0,0,0,0,0,"- ","- ",36.517000000000003,-119.4083,TULARE,UNINCORPORATED,-119.4082994,36.517056480000001
9042794,2020,2020-03-06,5406,2020-01-07,2227,41,2B,2,5,4,5406,0,0,0,,0,0DT,BARDSLEY,K,16.00,W,N,A,-,N,,,,,,,,,,N,2,0,1,2,D,-,00,,,N,G,B,B,A,H,-,C,A,0,Y,,,,Y,,-,"- ",1,0,0,0,1,0,0,0,0,"- ","- ",,,TULARE,TULARE,-119.34363555908203,36.196559906005859
90428257,2017,2017-04-05,9480,2017-04-04,1905,017452,,2,2,9,5400,0,1,3,,2,093,"SR-99 S/B","AVENUE 280",5280.00,S,N,A,-,Y,,,99,,,,,,S,Y,2,0,1,2,A,-,07,21658,A,F,F,A,A,A,H,-,A,D,0,,,Y,Y,Y,,G,25,1,0,0,0,0,0,0,0,1,"- ","- ",36.282130000000002,-119.37485,TULARE,UNINCORPORATED,-119.37492951,36.282077639999997
90428560,2017,2017-04-06,9481,2017-03-30,1955,019578,,4,2,9,5400,0,3,5,,2,050,"SPRINGVILLE AVENUE","CONNER STREET",225.00,W,N,A,-,N,,,,,,,,,,Y,2,0,1,1,A,-,01,23152,A,N,E,I,A,A,H,-,D,D,0,,,,,Y,Y,A,01,1,0,0,0,0,0,0,0,0,"- ","- ",36.054859999999998,-118.98618,TULARE,UNINCORPORATED,-118.98684015000001,36.054961460000001
90437604,2017,2017-04-19,9480,2017-04-14,1008,016233,,5,1,9,5400,0,1,3,,2,095,"SR-99 N/B","AVE. 48",2635.00,S,N,A,-,Y,,,99,,,,,,N,Y,2,0,1,1,A,-,08,22107,,N,E,I,A,A,H,-,A,D,0,,,,,Y,,D,22,1,0,0,0,0,0,0,0,0,"- ","- ",35.870249999999999,-119.27055,TULARE,UNINCORPORATED,-119.27061614,35.87024821
90443429,2017,2017-04-27,9480,2017-04-19,0623,016210,,3,1,9,5400,0,3,5,,2,002,"AVENUE 384","ROAD 96",407.00,W,N,B,-,N,,,,,,,,,,Y,2,0,1,1,A,-,08,22107,,N,E,I,A,A,H,-,A,D,0,,,,,Y,,A,01,1,0,0,0,0,0,0,0,0,"- ","- ",36.487569999999998,-119.35898,TULARE,UNINCORPORATED,-119.35999305999999,36.487474970000001
90446123,2017,2017-05-01,9480,2017-04-23,0359,018521,,7,3,9,5400,0,1,3,,1,010,"SR-201 (AVENUE 400)","ROAD 80",0.00,,Y,A,G,Y,,,201,,,,,,,Y,2,0,1,2,A,-,01,23152,A,N,D,C,A,A,H,-,C,A,0,,,,,Y,Y,A,07,1,0,0,0,0,0,0,0,0,"- ","- ",36.5169,-119.3947,TULARE,UNINCORPORATED,-119.39470072,36.516869759999999
90450073,2017,2017-09-18,9480,2017-04-26,1255,017252,,3,1,9,5400,0,3,5,,2,005,"ROAD 136","AVENUE 72",2806.00,S,N,A,-,N,,,,,,,,,,Y,1,1,0,2,A,-,09,21804,A,N,D,C,A,A,H,-,A,D,0,,,Y,,Y,,C,06,0,0,0,0,0,0,0,1,0,"- ","- ",35.913539999999998,-119.26819,TULARE,UNINCORPORATED,-119.26813174999999,35.913109710000001
90456009,2017,2017-08-04,9480,2017-04-24,1330,014351,,1,1,9,5400,0,1,3,,1,044,"STATE ROUTE 198 (EASTBOUND)","KAWEAH RECREATION AREA BOAT RAMP #2",2640.00,W,N,A,-,Y,,,,,,,,,,Y,1,1,0,1,A,-,08,22107,,N,E,I,A,A,H,-,A,D,0,,,Y,,Y,,C,02,0,0,0,0,0,0,0,1,0,"- ","- ",36.401600000000002,-119.98983,TULARE,UNINCORPORATED,,
90462444,2017,2017-05-24,9480,2017-05-20,2140,018657,,6,2,9,5400,0,3,5,,2,006,"AVENUE 224 (BARDSLEY AVENUE)","ROAD 124 (OAKMORE ST.)",1056.00,E,N,A,-,N,,,,,,,,,,Y,2,0,3,2,A,-,01,23152,A,N,A,C,A,A,H,-,D,D,0,,,,,Y,Y,A,01,2,1,0,0,0,0,0,0,0,"- ","- ",36.291240000000002,-119.29124,TULARE,UNINCORPORATED,-119.29230094,36.196360679999998
90465592,2017,2017-05-26,9480,2017-05-22,1414,014351,,1,2,9,5400,0,3,5,,2,004,"ROAD 156","AVENUE 330",330.00,S,N,A,-,N,,,,,,,,,,Y,2,0,2,2,A,-,08,22107,,N,C,E,A,A,H,-,A,D,0,,,,,Y,,A,07,1,1,0,0,0,0,0,0,0,"- ","- ",36.387869999999999,-119.22489,TULARE,UNINCORPORATED,-119.22483515,36.387864710000002
90472129,2017,2017-09-19,9480,2017-05-15,1740,014351,,1,2,9,5400,0,3,5,,2,004,"AVENUE 328","ROAD 127",1316.00,E,N,A,-,N,,,,,,,,,,Y,1,1,3,2,A,-,01,23152,A,N,A,C,A,A,H,-,A,D,0,,,,,Y,Y,A,07,2,0,1,0,0,0,0,0,0,"- ","- ",36.385599999999997,-119.28400000000001,TULARE,UNINCORPORATED,-119.28563401,36.385579389999997
90492625,2017,2017-07-03,9480,2017-06-23,2009,014351,,5,2,9,5400,0,3,5,,2,004,"EL RIO DR","RT 216",1505.00,E,N,A,-,N,,,,,,,,,,Y,2,0,3,1,A,-,01,23152,A,N,E,I,A,A,H,-,D,D,0,,,,,Y,Y,D,22,1,1,1,0,0,0,0,0,0,"- ","- ",36.357889999999998,-119.21147999999999,TULARE,UNINCORPORATED,-119.21153694,36.35795581
90498133,2017,2017-07-11,9481,2017-06-29,2100,020612,,4,2,9,5400,0,1,3,,1,053,"STATE ROUTE 190","ROAD 284",2112.00,E,N,A,-,Y,,,190,,,,,,,Y,2,0,3,2,A,-,05,21460,A,N,A,C,A,A,H,-,D,D,0,,,,,Y,,A,01,2,0,1,0,0,0,0,0,0,"- ","- ",36.047710000000002,-118.92903,TULARE,UNINCORPORATED,-118.92903391999999,36.047723570000002
90516530,2017,2017-08-08,9481,2017-07-23,0140,020612,,7,3,9,5400,0,3,5,,2,050,"ROAD 252","AVENUE 128",2112.00,N,N,A,-,N,,,,,,,,,,N,2,0,1,2,A,-,11,21956,,N,G,B,E,A,H,-,D,D,0,Y,,,,Y,Y,N,60,1,0,0,0,1,0,0,0,0,"- ","- ",36.023440000000001,-119.00861,TULARE,UNINCORPORATED,-119.00858492,36.027991309999997
90551468,2017,2017-09-19,9480,2017-09-11,2145,018657,,1,2,9,5400,0,3,5,,2,006,"ROAD 140","AVENUE 224",0.00,,Y,A,-,N,,,,,,,,,,Y,2,0,1,2,A,-,01,23152,A,N,C,C,A,A,H,-,D,A,0,,,,,Y,Y,D,22,1,0,0,0,0,0,0,0,0,"- ","- ",36.196710000000003,-119.26012,TULARE,UNINCORPORATED,-119.26008997,36.196440099999997
90553046,2017,2017-09-21,9481,2017-09-11,1100,019149,,1,1,9,5400,0,1,3,,1,037,"STATE ROUTE 65","AVENUE 56",6864.00,S,N,A,-,N,,,65,,,,,,,Y,2,0,4,1,A,-,08,22107,,N,F,A,A,A,H,-,A,D,0,,,,,Y,,A,01,1,2,1,0,0,0,0,0,0,"- ","- ",35.872280000000003,-119.05352000000001,TULARE,UNINCORPORATED,-119.05344739,35.872282519999999
90568310,2017,2017-11-08,9481,2017-09-17,1805,017957,,7,2,9,5400,0,3,5,,2,010,"AVENUE 224","ROAD 196",1056.00,W,N,A,-,N,,,,,,,,,,Y,1,1,0,1,A,-,01,23152,A,N,E,I,A,A,H,-,A,D,0,,,,,Y,Y,A,07,0,0,0,0,0,0,0,0,0,"- ","- ",36.196309999999997,-119.14022,TULARE,UNINCORPORATED,-119.13934483,36.196316099999997
90585622,2017,2017-11-02,9481,2017-10-20,2130,019286,,5,2,9,5400,0,2,4,,1,021,"ORANGE BELT DRIVE","AVENUE 208",675.00,N,N,A,-,N,,,,,,,,,,Y,2,0,3,1,A,-,01,23152,A,N,F,A,A,A,H,-,D,D,0,,,,,Y,Y,A,07,1,2,0,0,0,0,0,0,0,"- ","- ",36.168340000000001,-119.07340000000001,TULARE,UNINCORPORATED,-119.07374738,36.168996100000001
90592724,2017,2017-11-13,9481,2017-10-30,0915,015218,,1,1,9,5400,0,3,5,,2,030,"ROAD 176","AVENUE 96",270.00,N,N,A,-,N,,,,,,,,,,Y,2,0,1,1,A,-,08,22107,,N,E,J,A,A,H,-,A,A,0,,,,,Y,,D,22,1,0,0,0,0,0,0,0,0,"- ","- ",35.965330000000002,-119.17879000000001,TULARE,UNINCORPORATED,-119.17870259,35.96512087
90593701,2017,2017-11-14,9480,2017-10-27,2200,019828,,5,3,9,5400,0,3,5,,2,005,"PARK AVE.","TULE RD",175.00,E,N,A,-,N,,,,,,,,,,N,2,0,1,1,A,-,08,22107,,N,F,A,A,A,H,-,C,D,0,,,Y,,Y,,C,03,1,0,0,0,0,0,0,0,1,"- ","- ",35.889519999999997,-119.4868,TULARE,UNINCORPORATED,-119.48669135999999,35.889489019999999
90600410,2017,2017-11-22,9481,2017-10-18,0255,019104,,3,3,9,5400,0,3,5,,2,010,"STATE ROUTE 65","ROAD 203",500.00,N,N,A,-,Y,,,65,,,,,,,Y,2,0,4,1,A,-,08,22107,,F,E,I,A,A,H,-,D,D,0,,,,,Y,,A,01,3,0,1,0,0,0,0,0,0,"- ","- ",36.210889999999999,-119.12255,TULARE,UNINCORPORATED,-119.12255024,36.210796209999998
90602650,2017,2017-11-27,9481,2017-07-15,0550,018707,,6,3,9,5400,0,3,5,,2,030,"ROAD 168","AVENUE 48",0.00,,Y,A,-,N,,,,,,,,,,Y,1,1,1,2,A,-,12,22450,A,N,D,C,A,A,H,-,B,A,0,,,,,Y,,A,01,1,0,0,0,0,0,0,0,0,"- ","- ",35.877400000000002,-119.19761,TULARE,UNINCORPORATED,-119.19710987000001,35.87743004
90602665,2017,2017-12-22,9481,2017-10-17,2145,021234,,2,2,9,5400,0,3,5,,2,050,"SOUTH DOYLE STREET","EAST ROBY AVENUE",291.00,S,N,A,-,N,,,,,,,,,,Y,1,1,0,1,A,-,01,23152,A,N,E,I,A,A,H,-,D,D,0,,,,,Y,Y,D,22,0,0,0,0,0,0,0,0,0,"- ","- ",36.061320000000002,-118.96380000000001,TULARE,UNINCORPORATED,-118.96389662,36.061461700000002