CASE_ID,ACCIDENT_YEAR,PROC_DATE,JURIS,COLLISION_DATE,COLLISION_TIME,OFFICER_ID,REPORTING_DISTRICT,DAY_OF_WEEK,CHP_SHIFT,POPULATION,CNTY_CITY_LOC,SPECIAL_COND,BEAT_TYPE,CHP_BEAT_TYPE,CITY_DIVISION_LAPD,CHP_BEAT_CLASS,BEAT_NUMBER,PRIMARY_RD,SECONDARY_RD,DISTANCE,DIRECTION,INTERSECTION,WEATHER_1,WEATHER_2,STATE_HWY_IND,CALTRANS_COUNTY,CALTRANS_DISTRICT,STATE_ROUTE,ROUTE_SUFFIX,POSTMILE_PREFIX,POSTMILE,LOCATION_TYPE,RAMP_INTERSECTION,SIDE_OF_HWY,TOW_AWAY,COLLISION_SEVERITY,NUMBER_KILLED,NUMBER_INJURED,PARTY_COUNT,PRIMARY_COLL_FACTOR,PCF_CODE_OF_VIOL,PCF_VIOL_CATEGORY,PCF_VIOLATION,PCF_VIOL_SUBSECTION,HIT_AND_RUN,TYPE_OF_COLLISION,MVIW,PED_ACTION,ROAD_SURFACE,ROAD_COND_1,ROAD_COND_2,LIGHTING,CONTROL_DEVICE,CHP_ROAD_TYPE,PEDESTRIAN_ACCIDENT,BICYCLE_ACCIDENT,MOTORCYCLE_ACCIDENT,TRUCK_ACCIDENT,NOT_PRIVATE_PROPERTY,ALCOHOL_INVOLVED,STWD_VEHTYPE_AT_FAULT,CHP_VEHTYPE_AT_FAULT,COUNT_SEVERE_INJ,COUNT_VISIBLE_INJ,COUNT_COMPLAINT_PAIN,COUNT_PED_KILLED,COUNT_PED_INJURED,COUNT_BICYCLIST_KILLED,COUNT_BICYCLIST_INJURED,COUNT_MC_KILLED,COUNT_MC_INJURED,PRIMARY_RAMP,SECONDARY_RAMP,LATITUDE,LONGITUDE,COUNTY,CITY,POINT_X,POINT_Y
90605502,2017,2017-11-29,9480,2017-11-22,1835,017778,,3,2,9,5400,0,3,5,,2,003,"ROAD 68","AVENUE 192",12.00,S,N,A,-,N,,,,,,,,,,Y,2,0,1,1,A,-,01,23152,A,N,E,I,A,A,H,-,D,A,0,,,,,Y,Y,D,22,1,0,0,0,0,0,0,0,0,"- ","- ",36.138159999999999,-119.42148,TULARE,UNINCORPORATED,-119.42147,36.138159999999999
90620956,2017,2017-12-22,9481,2017-11-07,1640,018029,,2,2,9,5400,0,3,5,,2,020,"BALCH PARK ROAD (MTN 296)","BATTLE MOUNTAIN ROAD (MTN 256)",5808.00,S,N,A,-,N,,,,,,,,,,N,1,1,0,2,A,-,01,23152,A,F,A,G,A,A,H,-,B,D,0,,Y,,,Y,Y,A,01,0,0,0,0,0,1,0,0,0,"- ","- ",36.237000000000002,-118.79185,TULARE,UNINCORPORATED,-118.79185081,36.236987149999997
90640269,2017,2018-01-16,9481,2017-11-30,1144,018742,,4,1,9,5400,0,2,4,,1,051,"WORTH DRIVE","AVENUE 146",500.00,E,N,A,-,N,,,,,,,,,,N,1,1,0,2,A,-,11,21956,,F,G,B,E,A,H,-,A,D,0,Y,,,,Y,,N,60,0,0,0,1,0,0,0,0,0,"- ","- ",36.054290000000002,-118.94803,TULARE,UNINCORPORATED,-118.94803,36.054290000000002
90642631,2018,2018-01-18,9481,2018-01-08,1720,019154,,1,2,9,5400,0,2,4,,2,052,"RESERVATION ROAD (MOUNTAIN 137)","CHIMNEY ROAD",500.00,W,N,C,-,N,,,,,,,,,,Y,2,0,2,1,A,-,08,22107,,N,E,I,A,B,H,-,D,D,0,,,,,Y,,D,22,1,1,0,0,0,0,0,0,0,"- ","- ",36.016048431396484,-118.82723999023438,TULARE,UNINCORPORATED,-118.8275146484375,36.015792846679688
90646504,2017,2018-03-22,9480,2017-11-21,1310,013821,,2,1,9,5400,0,3,5,,2,005,"ROAD 144","AVENUE 52",0.00,,Y,A,-,N,,,,,,,,,,Y,1,1,1,2,A,-,09,21802,A,N,D,C,A,A,H,-,A,A,0,,,,,Y,,A,01,0,1,0,0,0,0,0,0,0,"- ","- ",35.884709999999998,-119.25039,TULARE,UNINCORPORATED,-119.25038997,35.884670040000003
90647442,2018,2018-01-25,9481,2018-01-19,1415,018707,,5,2,9,5400,0,2,4,,2,052,"RESERVATION ROAD (MTN. 137)","CHIMNEY ROAD",528.00,W,N,C,-,N,,,,,,,,,,Y,2,0,3,2,A,-,03,22350,,N,A,C,A,B,H,-,A,D,0,,,,,Y,,A,01,1,0,2,0,0,0,0,0,0,"- ","- ",36.015960693359375,-118.82734680175781,TULARE,UNINCORPORATED,-118.82762145996094,36.015731811523438
90652541,2018,2018-01-31,9480,2018-01-28,1637,018421,,7,2,9,5400,0,1,3,,2,091,"SR-99 N/B","AVENUE 304",1056.00,S,N,A,-,Y,,,99,,,,,,N,Y,2,0,1,1,A,-,08,22107,,N,E,I,A,A,H,-,A,D,0,,,,,Y,,A,01,1,0,0,0,0,0,0,0,0,"- ","- ",36.338718414306641,-119.41709136962891,TULARE,UNINCORPORATED,-119.41715240478516,36.338668823242188
9065776,2020,2020-11-04,5407,2020-05-17,0051,A331,480,7,5,5,5407,0,0,0,,0,M11,"W LARK CT","LINDSEY ST",60.00,W,N,A,-,N,,,,,,,,,,Y,2,0,1,1,A,-,01,23153,A,N,E,I,A,A,H,-,C,D,0,,,,,Y,Y,M,96,1,0,0,0,0,0,0,0,0,"- ","- ",36.355800628662109,-119.36480712890625,TULARE,VISALIA,,
90659934,2017,2018-02-12,9481,2017-08-30,1630,018707,,3,2,9,5400,0,2,4,,2,052,"RESERVATION ROAD (MTN. 137)","ROAD 296",2640.00,W,N,A,-,N,,,,,,,,,,Y,1,1,1,1,A,-,01,23152,A,N,E,I,A,A,D,-,A,A,0,,,,,Y,Y,A,01,0,1,0,0,0,0,0,0,0,"- ","- ",36.026020000000003,-118.91927,TULARE,UNINCORPORATED,-118.91915761999999,36.026206350000002
90660853,2018,2018-02-13,9480,2018-02-06,2029,015282,,2,2,9,5400,0,1,3,,1,060,"STATE ROUTE 137 (AVENUE 232)","ROAD 148",200.00,W,N,A,-,Y,,,137,,,,,,,Y,2,0,2,3,A,-,01,23152,A,N,D,C,A,A,H,-,D,D,0,,,,,Y,Y,E,22,1,0,1,0,0,0,0,0,0,"- ","- ",36.210880279541016,-119.24317169189453,TULARE,UNINCORPORATED,-119.24317169189453,36.210891723632812
90676638,2018,2018-03-07,9481,2018-02-12,1815,019104,,1,2,9,5400,0,3,5,,2,020,"AVENUE 196","ROAD 230",0.00,,Y,A,-,N,,,,,,,,,,N,2,0,1,2,A,-,10,21950,A,F,G,B,B,A,H,-,C,A,0,Y,,,,Y,,A,01,1,0,0,0,1,0,0,0,0,"- ","- ",36.145538330078125,-119.05821228027344,TULARE,UNINCORPORATED,-119.05830383300781,36.145549774169922
90677279,2018,2018-03-07,9480,2018-02-23,1525,015282,,5,2,9,5400,0,1,3,,1,021,"STATE ROUTE 63 (ROAD 124)","AVENUE 352",2420.00,N,N,A,-,Y,,,63,,,,,,,Y,2,0,2,2,A,-,03,22350,,N,C,C,A,A,H,-,A,D,0,,,,,Y,,A,01,1,0,1,0,0,0,0,0,0,"- ","- ",36.435619354248047,-119.29570770263672,TULARE,UNINCORPORATED,-119.29576110839844,36.435619354248047
90685423,2018,2018-03-20,9481,2018-03-14,2240,019104,,3,3,9,5400,0,2,4,,1,021,"AVENUE 196","ROAD 248",2112.00,E,N,C,-,N,,,,,,,,,,Y,2,0,2,1,A,-,01,23152,A,N,E,I,A,B,H,-,D,D,0,,,,,Y,Y,A,01,2,0,0,0,0,0,0,0,0,"- ","- ",36.145591735839844,-119.01125335693359,TULARE,UNINCORPORATED,-119.01090240478516,36.145523071289062
90698376,2018,2018-04-04,9481,2018-03-05,0738,015218,,1,1,9,5400,0,3,5,,2,030,"AVENUE 88","ROAD 224",0.00,,Y,A,-,N,,,,,,,,,,Y,1,1,3,2,A,-,09,21802,A,N,D,C,A,A,H,-,A,A,0,,,,,Y,,A,01,0,2,1,0,0,0,0,0,0,"- ","- ",35.949668884277344,-119.07174682617188,TULARE,UNINCORPORATED,-119.07173919677734,35.949649810791016
90700338,2018,2018-04-06,9481,2018-03-27,1640,018029,,2,2,9,5400,0,2,4,,1,051,"E SPRINGVILLE AVENUE","ROAD 274",1584.00,E,N,A,-,N,,,,,,,,,,Y,2,0,4,1,A,-,08,22107,,N,E,I,A,A,H,-,A,D,0,,,,,Y,,A,07,1,0,3,0,0,0,0,0,0,"- ","- ",36.055019378662109,-118.95378112792969,TULARE,UNINCORPORATED,-118.95378875732422,36.055091857910156
90710886,2018,2018-04-23,9480,2018-04-12,0554,015282,,4,3,9,5400,0,3,5,,2,002,"ROAD 120","AVENUE 432",0.00,,Y,B,-,N,,,,,,,,,,Y,2,0,3,3,A,-,09,21801,A,N,D,C,A,B,H,-,B,A,0,,,,,Y,,A,08,2,0,1,0,0,0,0,0,0,"- ","- ",36.57379150390625,-119.30522918701172,TULARE,UNINCORPORATED,-119.30515289306641,36.573719024658203
90711896,2018,2018-04-24,9480,2018-04-10,1550,016723,,2,2,9,5400,0,1,3,,1,040,"STATE ROUTE 216 (ROAD 160)","AVENUE 320",0.00,,N,A,-,Y,,,216,,,,,,,Y,2,0,1,2,A,-,08,22107,,N,C,E,A,A,H,-,A,D,0,,,,,Y,,A,07,1,0,0,0,0,0,0,0,0,"- ","- ",36.368671417236328,-119.21560668945312,TULARE,UNINCORPORATED,-119.21574401855469,36.368675231933594
90713267,2018,2018-04-25,9481,2018-02-18,0156,020612,,7,3,9,5400,0,2,4,,1,021,"ROAD 228 (STRATHMORE ROAD)","AVENUE 204",477.00,S,N,A,-,N,,,,,,,,,,Y,1,1,0,1,A,-,08,22107,,F,E,I,A,A,H,-,D,D,0,,,,,Y,Y,D,22,0,0,0,0,0,0,0,0,0,"- ","- ",36.157970428466797,-119.06300354003906,TULARE,UNINCORPORATED,-119.06306457519531,36.15875244140625
90716774,2018,2018-04-30,9480,2018-04-24,2040,018421,,2,2,9,5400,0,3,5,,2,002,"AVENUE 416","SULTANA RD",130.00,E,N,A,-,N,,,,,,,,,,N,2,0,1,2,A,-,11,21954,A,N,G,B,D,A,H,-,C,D,0,Y,,,,Y,,N,60,1,0,0,0,1,0,0,0,0,"- ","- ",36.545230865478516,-119.33921051025391,TULARE,UNINCORPORATED,-119.339111328125,36.545200347900391
90729326,2018,2018-05-18,9480,2018-05-15,1320,015047,,2,1,9,5400,0,1,3,,1,021,"RT 63","AVENUE 326",91.00,N,N,A,-,Y,,,63,,,,,,,Y,2,0,1,2,A,-,08,22107,,N,D,C,A,A,H,-,A,D,0,,,Y,,Y,,D,22,1,0,0,0,0,0,0,0,1,"- ","- ",36.381980895996094,-119.29670715332031,TULARE,UNINCORPORATED,-119.29686737060547,36.381980895996094
90730803,2018,2018-05-21,9480,2018-05-20,1610,017778,,7,2,9,5400,0,1,3,,1,021,"STATE ROUTE 63 (ROAD 128)","PRIMERO DRIVE",528.00,S,N,A,-,Y,,,63,,,,,,,Y,2,0,1,2,A,-,05,21650,,N,D,C,A,A,H,-,A,A,0,,,Y,Y,Y,,C,02,1,0,0,0,0,0,0,0,1,"- ","- ",36.598659515380859,-119.28597259521484,TULARE,UNINCORPORATED,-119.28604888916016,36.598697662353516
90741605,2018,2018-06-05,9480,2018-05-30,1710,017108,,3,2,9,5400,0,3,5,,2,001,"RIGGIN AVENUE","ROAD 72",0.00,,Y,A,-,N,,,,,,,,,,Y,2,0,2,2,A,-,09,21802,A,F,D,C,A,A,H,-,A,A,0,,,,,Y,,A,01,1,1,0,0,0,0,0,0,0,"- ","- ",36.356250762939453,-119.41245269775391,TULARE,UNINCORPORATED,-119.4124527,36.356250760000002
90745064,2018,2018-06-11,9480,2018-05-23,1305,016723,,3,1,9,5400,0,1,3,,1,045,"STATE ROUTE 245 (ROAD 204)","AVENUE 314",0.00,,Y,A,-,Y,,,245,,,,,,,Y,2,0,3,2,A,-,01,23152,A,N,A,C,A,A,H,-,A,A,0,,,,,Y,Y,D,22,1,0,2,0,0,0,0,0,0,"- ","- ",36.358528137207031,-119.11627960205078,TULARE,UNINCORPORATED,-119.11625671386719,36.358505249023438
90753851,2018,2018-06-22,9480,2018-06-15,1557,015282,,5,2,9,5400,0,1,3,,1,020,"STATE ROUTE 201 (AVENUE 384)","ROAD 156",2640.00,E,N,A,-,Y,,,,,,,,,,Y,2,0,2,1,A,-,08,22107,,N,E,I,A,A,H,-,A,D,0,,,,,Y,,A,01,1,0,1,0,0,0,0,0,0,"- ","- ",36.485889434814453,-119.21456909179688,TULARE,UNINCORPORATED,,
90770897,2018,2018-07-17,9480,2018-06-26,1150,013821,,2,1,9,5400,0,1,3,,1,010,"SR-201 (AVENUE-400) W/B","ROAD 48",0.00,,Y,A,-,Y,,,,,,,,,,Y,2,0,4,3,A,-,09,21802,A,N,D,C,A,A,H,-,A,A,0,,,,Y,Y,,A,08,2,0,2,0,0,0,0,0,0,"- ","- ",36.517658233642578,-119.46694183349609,TULARE,UNINCORPORATED,,
90773352,2018,2018-07-20,9420,2018-07-17,1245,021788,,2,1,9,5400,0,3,5,,2,020,"MOUNTAIN HIGHWAY 99","SHERMAN PASS ROAD",21120.00,S,N,A,-,N,,,,,,,,,,Y,2,0,1,1,A,-,03,22350,,N,F,A,A,A,H,-,A,D,0,,,Y,,Y,,C,02,1,0,0,0,0,0,0,0,1,"- ","- ",35.543048858642578,-118.29672241210938,TULARE,UNINCORPORATED,-118.48670196533203,35.930572509765625
90774517,2018,2018-07-23,9480,2018-07-15,2235,019828,,7,3,9,5400,0,1,3,,2,095,"SR-99 N/B","AVENUE 56",4224.00,N,N,A,-,Y,,,99,,,,,,N,Y,2,0,2,3,A,-,03,22350,,N,C,C,A,A,D,-,D,D,0,,,,,Y,,D,22,1,0,1,0,0,0,0,0,0,"- ","- ",35.90203857421875,-119.27796173095703,TULARE,UNINCORPORATED,-119.27796936035156,35.90203857421875
9078408,2020,2020-10-02,5407,2020-03-11,2021,A266,480,3,5,5,5407,0,0,0,,0,034,"RT 63","WALNUT AV",360.00,S,N,C,-,Y,TUL,6,63,-,-,6.940,H,-,N,Y,2,0,1,2,A,-,07,21658,A,N,B,C,A,A,H,-,A,D,0,,,Y,,Y,,A,01,1,0,0,0,0,0,0,0,1,"- ","- ",,,TULARE,VISALIA,-119.31378173828125,36.311981201171875
9078415,2020,2020-10-02,5407,2020-03-03,2309,A336,480,2,5,5,5407,0,0,0,,0,,"RT 63","AVE 164",351.00,N,N,A,-,Y,TUL,6,63,-,-,4.080,H,-,S,Y,2,0,3,2,A,-,01,23153,A,N,C,C,A,A,H,-,C,A,0,,,,,Y,Y,A,01,3,0,0,0,0,0,0,0,0,"- ","- ",36.269439697265625,-119.31329345703125,TULARE,VISALIA,-119.31340026855469,36.270439147949219
90786530,2018,2018-08-08,9480,2018-07-29,2125,019186,,7,2,9,5400,0,3,5,,2,005,"STATE ST","CLAY AVE",10.00,N,N,A,-,N,,,,,,,,,,N,2,0,1,2,A,-,11,21950,B,N,G,B,D,A,H,-,C,D,0,Y,,,,Y,,N,60,1,0,0,0,1,0,0,0,0,"- ","- ",35.883209228515625,-119.27075958251953,TULARE,UNINCORPORATED,-119.27077484130859,35.883098602294922
90789640,2018,2018-08-13,9481,2018-08-06,0635,016065,,1,1,9,5400,0,3,5,,2,030,"AVENUE 8","ROAD 216",0.00,,Y,A,-,N,,,,,,,,,,Y,2,0,1,2,A,-,05,21650,,N,D,C,A,A,H,-,A,D,0,,,,,Y,,A,01,1,0,0,0,0,0,0,0,0,"- ","- ",35.805198669433594,-119.08920288085938,TULARE,UNINCORPORATED,-119.08920288085938,35.805229187011719
90790185,2018,2018-08-14,9480,2018-08-04,2035,019186,,6,2,9,5400,0,3,5,,2,001,"AVENUE 430","ROAD 64",2376.00,N,N,A,-,N,,,,,,,,,,N,2,0,1,2,A,-,03,22350,,N,D,C,A,A,H,-,B,D,0,,,Y,Y,Y,,C,02,1,0,0,0,0,0,0,0,1,"- ","- ",36.571701049804688,-119.43792724609375,TULARE,UNINCORPORATED,-119.43063354492188,36.571609497070312
90791021,2018,2018-08-15,9480,2018-08-04,2210,018421,,6,3,9,5400,0,3,5,,2,004,"MILLWOOD DR","AVENUE 348",1056.00,S,N,A,-,N,,,,,,,,,,Y,2,0,4,1,A,-,01,23152,A,N,E,I,A,A,H,-,D,A,0,,,,,Y,Y,D,22,1,3,0,0,0,0,0,0,0,"- ","- ",36.419441223144531,-119.12779235839844,TULARE,UNINCORPORATED,-119.12776947021484,36.419513702392578
90797447,2018,2018-08-24,9481,2018-08-15,2305,019578,,3,3,9,5400,0,1,3,,1,032,"STATE ROUTE 190","ROAD 193",520.00,E,N,A,-,Y,,,190,,,,,,,Y,2,0,1,2,A,-,01,23152,A,N,E,J,A,A,H,-,D,D,0,,,,,Y,Y,A,07,1,0,0,0,0,0,0,0,0,"- ","- ",36.051250457763672,-119.13921356201172,TULARE,UNINCORPORATED,-119.13921356201172,36.051246643066406
90814313,2018,2018-09-17,9480,2018-08-17,2039,018204,,5,2,9,5400,0,1,3,,1,065,"STATE ROUTE 65 (ROAD 196)","AVENUE 256",0.00,,Y,A,-,Y,,,,,,,,,,Y,1,1,0,2,A,-,12,22450,A,N,D,C,A,A,H,-,C,A,0,,,,Y,Y,,D,22,0,0,0,0,0,0,0,0,0,"- ","- ",36.253570556640625,-119.13627624511719,TULARE,UNINCORPORATED,-119.1363525390625,36.253570556640625
90817028,2018,2018-09-19,9480,2018-08-04,0505,021186,,6,3,9,5400,0,3,5,,2,006,"AVENUE 192","SPACER DRIVE",316.00,E,N,A,-,N,,,,,,,,,,Y,1,1,1,2,A,-,05,21651,A,N,A,C,A,A,H,-,D,D,0,,,,,Y,Y,A,01,1,0,0,0,0,0,0,0,0,"- ","- ",36.138370513916016,-119.27156066894531,TULARE,UNINCORPORATED,-119.271240234375,36.138347625732422
90822597,2018,2018-09-27,9480,2018-09-16,1315,018861,,7,1,9,5400,0,3,5,,2,005,"RHODEN COURT","ASH STREET",0.00,,Y,A,-,N,,,,,,,,,,N,2,0,1,2,A,-,09,21800,B,N,D,G,A,A,H,-,A,D,0,,Y,,,Y,,L,04,1,0,0,0,0,0,1,0,0,"- ","- ",35.881629943847656,-119.27948760986328,TULARE,UNINCORPORATED,-119.27945709228516,35.881599426269531
90822613,2018,2018-09-27,9480,2018-09-16,1510,019349,,7,2,9,5400,0,3,5,,2,003,"ROAD 48","AVENUE 236",492.00,N,N,A,-,N,,,,,,,,,,Y,2,0,1,1,A,-,01,23152,A,N,F,A,A,A,H,-,A,D,0,,,,,Y,Y,D,22,1,0,0,0,0,0,0,0,0,"- ","- ",36.218830108642578,-119.46598815917969,TULARE,UNINCORPORATED,-119.46602630615234,36.219242095947266
90824651,2018,2018-09-28,9481,2018-09-18,0730,21788,,2,1,9,5400,0,3,5,,2,030,"MOUNTAIN HIGHWAY 50","GREAT WESTERN DIVIDE HIGHWAY",2112.00,W,N,A,-,N,,,,,,,,,,Y,2,0,2,1,A,-,08,22107,,N,E,I,A,A,H,-,A,D,0,,,,,Y,,D,22,2,0,0,0,0,0,0,0,0,"- ","- ",35.570461273193359,-118.36595916748047,TULARE,UNINCORPORATED,-118.61960601806641,35.950874328613281
90830773,2018,2018-10-08,9480,2018-09-26,0202,019543,,3,3,9,5400,0,1,3,,2,093,"SR-99 N/B TO SR-198 E/B","SR-198 E/B",2038.00,S,N,A,-,Y,,,99,,,,R,,N,Y,2,0,1,1,A,-,01,23152,A,N,F,A,A,A,H,-,D,D,0,,,,,Y,Y,A,01,1,0,0,0,0,0,0,0,0,"- ","- ",36.320960998535156,-119.39990997314453,TULARE,UNINCORPORATED,-119.39990997314453,36.320960998535156
90834565,2018,2018-10-12,9481,2018-05-09,0940,018707,,3,1,9,5400,0,3,5,,2,030,"AVENUE 24","ROAD 184",400.00,W,N,A,-,N,,,,,,,,,,Y,1,1,1,1,A,-,01,23152,F,N,E,I,A,A,H,-,A,D,0,,,,,Y,,D,22,1,0,0,0,0,0,0,0,0,"- ","- ",35.834129333496094,-119.16252899169922,TULARE,UNINCORPORATED,-119.16250610351562,35.834148406982422
90841535,2018,2018-10-22,9480,2018-10-13,2330,021249,,6,3,9,5400,0,1,3,,1,044,SR-198,"MEHRTEN DR",0.00,,Y,A,-,Y,,,,,,,,,,Y,2,0,3,2,A,-,01,23152,A,N,D,C,A,A,H,-,D,A,0,,,,,Y,Y,A,01,1,1,1,0,0,0,0,0,0,"- ","- ",36.204448699951172,-119.32579803466797,TULARE,UNINCORPORATED,-119.05718994140625,36.345668792724609
90843190,2018,2018-10-24,9480,2018-10-16,0140,016145,,2,3,9,5400,0,1,3,,2,093,"SR-99 N/B","CARTMILL AVE",528.00,N,N,A,-,Y,,,99,,,,,,N,Y,2,0,1,2,A,-,08,22107,,F,D,C,A,A,H,-,C,D,0,,,,Y,Y,,A,01,1,0,0,0,0,0,0,0,0,"- ","- ",36.244659423828125,-119.34877014160156,TULARE,UNINCORPORATED,-119.34876251220703,36.244667053222656
90854509,2018,2019-03-05,9480,2018-10-24,1535,017108,,3,2,9,5400,0,3,5,,2,006,"AVENUE 245","ROAD 212",0.00,,Y,A,-,N,,,,,,,,,,Y,1,1,1,2,A,-,01,23152,A,N,D,C,A,A,H,-,A,A,0,,,,,Y,Y,D,22,0,1,0,0,0,0,0,0,0,"- ","- ",36.233219146728516,-119.10057067871094,TULARE,UNINCORPORATED,-119.10054779052734,36.233180999755859
90871850,2018,2018-11-30,9481,2018-11-24,1918,019280,,6,2,9,5400,0,3,5,,2,010,"AVENUE 160","DRIVE 208",0.00,,Y,A,-,N,,,,,,,,,,Y,2,0,2,1,A,-,08,22107,,N,F,A,A,A,H,-,C,A,0,,,,,Y,,A,01,1,0,1,0,0,0,0,0,0,"- ","- ",36.079788208007812,-119.11212921142578,TULARE,UNINCORPORATED,-119.107525,36.077874999999999
90873662,2018,2018-12-03,9481,2018-11-20,1645,017991,,2,2,9,5400,0,1,3,,1,053,SR-190,"HEAD QUARTERS DRIVE",0.00,,Y,A,-,Y,,,190,,,,,,,Y,2,0,2,2,A,-,03,22350,,N,D,C,A,A,H,-,B,D,0,,,Y,,Y,,C,02,2,0,0,0,0,0,0,0,2,"- ","- ",36.056381225585938,-118.91513824462891,TULARE,UNINCORPORATED,-118.9151611328125,36.056400299072266
90877645,2018,2019-03-15,9480,2018-09-13,2154,020612,,4,2,9,5400,0,1,3,,1,040,"STATE ROUTE 216 (MILLWOOD DRIVE)","AVENUE 336",0.00,,Y,A,-,Y,,,216,,,,,,,Y,1,1,1,2,A,-,01,23152,G,N,D,C,A,A,H,-,C,A,0,,,,,Y,Y,A,01,1,0,0,0,0,0,0,0,0,"- ","- ",36.399368286132812,-119.16941070556641,TULARE,UNINCORPORATED,-119.16941833496094,36.399383544921875
90878163,2018,2019-03-27,9480,2018-10-28,1218,016210,,7,1,4,5406,0,1,3,,2,093,"STATE ROUTE 99 N/B FROM STATE ROUTE 137","STATE ROUTE 99 N/B",207.00,E,N,A,-,Y,,,99,,,,R,,N,Y,1,1,1,1,A,-,03,22350,,N,F,A,A,A,H,-,A,D,0,,,Y,,Y,,C,02,1,0,0,0,0,0,0,1,1,"- ","- ",36.208938598632812,-119.32839202880859,TULARE,TULARE,-119.32839202880859,36.208938598632812
90881367,2018,2018-12-12,9480,2018-12-02,2500,016210,,7,4,9,5400,0,3,5,,2,004,"ROAD 132","AVENUE 320",574.00,N,N,B,E,N,,,,,,,,,,Y,2,0,1,1,A,-,08,22107,,N,F,A,A,B,H,-,D,D,0,,,Y,,Y,,C,02,1,0,0,0,0,0,0,0,1,"- ","- ",36.372509002685547,-119.27883148193359,TULARE,UNINCORPORATED,-119.27877044677734,36.372520446777344
90886464,2018,2019-03-27,9480,2018-11-28,1035,015047,,3,1,9,5400,0,3,5,,2,002,"AVENUE 432 (FLORAL AVENUE)","PORTER AVENUE",0.00,,Y,C,-,N,,,,,,,,,,Y,1,1,0,1,A,-,12,22450,A,N,E,I,A,B,H,-,A,A,0,,,,,Y,,D,22,0,0,0,0,0,0,0,0,0,"- ","- ",36.574539184570312,-119.36788177490234,TULARE,UNINCORPORATED,-119.368075,36.574534
90902737,2019,2019-01-11,9480,2019-01-06,2243,020612,,7,3,9,5400,0,3,5,,2,001,"ROAD 80","STATE ROUTE 201",700.00,S,N,C,-,N,,,,,,,,,,Y,2,0,2,2,A,-,01,23152,A,N,C,C,A,B,H,-,D,D,0,,,,,Y,Y,A,01,1,1,0,0,0,0,0,0,0,"- ","- ",36.514671325683594,-119.39463806152344,TULARE,UNINCORPORATED,-119.39468383789062,36.514739990234375
90919525,2019,2019-02-05,9480,2019-01-27,0120,020612,,7,3,9,5400,0,1,3,,1,040,"STATE ROUTE 216","AVENUE 320",920.00,S,N,B,-,Y,,,216,,,,,,,Y,2,0,1,1,A,-,01,23152,A,N,E,I,A,A,H,-,D,D,0,,,,,Y,Y,A,01,1,0,0,0,0,0,0,0,0,"- ","- ",36.369400024414062,-119.21565246582031,TULARE,UNINCORPORATED,-119.21570587158203,36.369403839111328
90931446,2019,2019-02-21,9480,2019-02-13,1240,015282,,3,1,9,5400,0,1,3,,2,091,"STATE ROUTE 99 SOUTHBOUND","AVENUE 328 O/C",8441.00,N,N,B,C,Y,,,,,,,,,,Y,2,0,1,1,A,-,08,22107,,N,E,I,A,B,H,-,A,D,0,,,,Y,Y,,G,27,1,0,0,0,0,0,0,0,0,"- ","- ",36.407310485839844,-119.45358276367188,TULARE,UNINCORPORATED,,
90933341,2018,2019-04-10,9480,2018-10-14,1920,019697,,7,2,9,5400,0,1,3,,2,095,"STATE ROUTE 99 (SOUTHBOUND)","COURT AVENUE",1584.00,N,N,A,-,Y,,,99,,,,,,,Y,1,3,1,2,A,-,01,23152,A,N,A,C,A,A,H,-,B,A,0,,,,,Y,Y,A,01,1,0,0,0,0,0,0,0,0,"- ","- ",35.975971221923828,-119.29528045654297,TULARE,UNINCORPORATED,-119.29527282714844,35.975971221923828
90952521,2019,2019-03-25,9480,2019-03-14,0600,013821,,4,1,5,5407,0,3,5,,2,002,"AVENUE 384","ROAD 36",261.00,E,N,A,-,N,,,,,,,,,,Y,2,0,2,2,A,-,09,21801,A,N,D,C,A,A,H,-,D,D,0,,,,,Y,,A,01,2,0,0,0,0,0,0,0,0,"- ","- ",36.48870849609375,-119.49150848388672,TULARE,VISALIA,-119.49300384521484,36.488712310791016
90963313,2019,2019-04-08,9480,2019-03-31,1900,019697,,7,2,5,5407,0,1,3,,1,064,"SR-198 W/B","SHIRK RD",3168.00,W,N,A,-,Y,,,198,,,,,,W,Y,2,0,2,2,A,-,07,21658,A,N,H,I,A,A,H,-,A,D,0,,,,,Y,,A,01,1,1,0,0,0,0,0,0,0,"- ","- ",36.327430725097656,-119.37838745117188,TULARE,VISALIA,-119.37838745117188,36.327167510986328
90970954,2019,2019-04-19,9480,2019-04-09,1725,020078,,2,2,9,5400,0,3,5,,2,003,"AVENUE 144","ROAD 112",0.00,,Y,A,-,N,,,,,,,,,,Y,2,0,5,2,A,-,09,21801,A,N,D,C,A,A,H,-,A,D,0,,,,,Y,,A,01,1,3,1,0,0,0,0,0,0,"- ","- ",36.051250457763672,-119.32189178466797,TULARE,UNINCORPORATED,-119.32193756103516,36.051250457763672