CASE_ID,ACCIDENT_YEAR,PROC_DATE,JURIS,COLLISION_DATE,COLLISION_TIME,OFFICER_ID,REPORTING_DISTRICT,DAY_OF_WEEK,CHP_SHIFT,POPULATION,CNTY_CITY_LOC,SPECIAL_COND,BEAT_TYPE,CHP_BEAT_TYPE,CITY_DIVISION_LAPD,CHP_BEAT_CLASS,BEAT_NUMBER,PRIMARY_RD,SECONDARY_RD,DISTANCE,DIRECTION,INTERSECTION,WEATHER_1,WEATHER_2,STATE_HWY_IND,CALTRANS_COUNTY,CALTRANS_DISTRICT,STATE_ROUTE,ROUTE_SUFFIX,POSTMILE_PREFIX,POSTMILE,LOCATION_TYPE,RAMP_INTERSECTION,SIDE_OF_HWY,TOW_AWAY,COLLISION_SEVERITY,NUMBER_KILLED,NUMBER_INJURED,PARTY_COUNT,PRIMARY_COLL_FACTOR,PCF_CODE_OF_VIOL,PCF_VIOL_CATEGORY,PCF_VIOLATION,PCF_VIOL_SUBSECTION,HIT_AND_RUN,TYPE_OF_COLLISION,MVIW,PED_ACTION,ROAD_SURFACE,ROAD_COND_1,ROAD_COND_2,LIGHTING,CONTROL_DEVICE,CHP_ROAD_TYPE,PEDESTRIAN_ACCIDENT,BICYCLE_ACCIDENT,MOTORCYCLE_ACCIDENT,TRUCK_ACCIDENT,NOT_PRIVATE_PROPERTY,ALCOHOL_INVOLVED,STWD_VEHTYPE_AT_FAULT,CHP_VEHTYPE_AT_FAULT,COUNT_SEVERE_INJ,COUNT_VISIBLE_INJ,COUNT_COMPLAINT_PAIN,COUNT_PED_KILLED,COUNT_PED_INJURED,COUNT_BICYCLIST_KILLED,COUNT_BICYCLIST_INJURED,COUNT_MC_KILLED,COUNT_MC_INJURED,PRIMARY_RAMP,SECONDARY_RAMP,LATITUDE,LONGITUDE,COUNTY,CITY,POINT_X,POINT_Y
90974816,2019,2019-06-28,9481,2019-04-12,0035,019149,,5,3,9,5400,0,3,5,,2,050,"S. INDIANA STREET","W. TEAPOT DOME AVENUE",0.00,,Y,A,-,N,,,,,,,,,,Y,2,0,2,4,A,-,01,23152,A,F,E,I,F,A,H,-,D,A,0,Y,,,,Y,Y,A,01,1,1,0,0,1,0,0,0,0,"- ","- ",36.022239685058594,-119.03555297851562,TULARE,UNINCORPORATED,-119.03555297851562,36.022220611572266
90976597,2019,2019-05-17,9480,2019-03-17,0010,020612,,7,3,9,5400,0,3,5,,2,004,"ROAD 220","AVENUE 312",1300.00,S,N,A,-,N,,,,,,,,,,Y,1,1,1,1,A,-,08,22107,,N,E,I,A,A,H,-,D,D,0,,,,,Y,Y,A,01,1,0,0,0,0,0,0,0,0,"- ","- ",36.332618713378906,-119.08460235595703,TULARE,UNINCORPORATED,-119.08061981201172,36.350975036621094
90989800,2019,2019-05-16,9481,2019-05-04,2035,021234,,6,2,9,5400,0,3,5,,2,010,"AVENUE 208","ROAD 208",709.00,W,N,A,-,N,,,,,,,,,,Y,2,0,1,1,A,-,01,23152,A,N,E,I,A,A,H,-,D,D,0,,,,,Y,Y,A,01,1,0,0,0,0,0,0,0,0,"- ","- ",36.167148590087891,-119.10948181152344,TULARE,UNINCORPORATED,-119.11048889160156,36.167160034179688
90993911,2019,2019-05-22,9481,2019-05-15,1345,019162,,3,1,9,5400,0,3,5,,2,050,"ROAD 238","AVENUE 112",1056.00,S,N,B,-,N,,,,,,,,,,Y,2,0,3,1,A,-,08,22107,,N,F,A,A,A,H,-,A,D,0,,,,,Y,,A,07,1,2,0,0,0,0,0,0,0,"- ","- ",35.988399505615234,-119.0458984375,TULARE,UNINCORPORATED,-119.04599761962891,35.9884033203125
91002427,2019,2019-06-03,9480,2019-05-28,0530,016723,,2,3,9,5400,0,1,3,,1,021,"STATE ROUTE 63","RAILROAD DRIVE",0.00,,Y,A,-,Y,,,63,,,,,,,Y,2,0,1,2,A,-,09,21801,A,N,D,C,A,A,H,-,B,D,0,,,,,Y,,D,22,1,0,0,0,0,0,0,0,0,"- ","- ",36.521991729736328,-119.28672790527344,TULARE,UNINCORPORATED,-119.2867431640625,36.521987915039062
91003978,2019,2019-06-05,9481,2019-06-01,2220,019578,,6,3,4,5405,0,1,3,,1,037,"STATE ROUTE 65","OLIVE AVENUE",2112.00,S,N,A,-,Y,,,65,,,,,,,Y,2,0,2,2,A,-,03,22350,,N,C,C,A,A,H,-,D,D,0,,,,,Y,,A,01,1,0,1,0,0,0,0,0,0,"- ","- ",36.059490203857422,-119.03952789306641,TULARE,PORTERVILLE,-119.03948211669922,36.059490203857422
91004229,2019,2019-06-05,9480,2019-05-28,1552,019111,,2,2,9,5400,0,3,5,,2,006,"AVENUE 256 (OAKDALE AVENUE)","ROAD 108 (HILLMAN ROAD)",0.00,,Y,A,-,N,,,,,,,,,,Y,2,0,3,2,A,-,12,22450,A,N,D,C,A,A,H,-,A,A,0,,,,,Y,,A,01,1,2,0,0,0,0,0,0,0,"- ","- ",36.254768371582031,-119.33110809326172,TULARE,UNINCORPORATED,-119.00000762939453,35.9859619140625
91005915,2019,2019-06-07,9481,2019-05-30,1300,013643,,4,1,9,5400,0,3,5,,2,010,"ROAD 180","AVENUE 208",0.00,,Y,A,-,N,,,,,,,,,,Y,2,0,2,2,A,-,09,21802,A,N,D,C,A,A,H,-,A,A,0,,,,,Y,,M,58,1,0,1,0,0,0,0,0,0,"- ","- ",36.167259216308594,-119.17075347900391,TULARE,UNINCORPORATED,-119.17075347900391,36.167240142822266
91017320,2019,2019-06-25,9480,2019-06-20,1918,018204,,4,2,9,5400,0,1,3,,2,093,"SR 99 N/B J ST ON RAMP","DRIVE 92B",3205.00,S,N,B,-,Y,,,99,,,,R,,N,Y,2,0,1,1,A,-,01,23152,A,N,F,A,A,A,H,-,A,D,0,,,Y,,Y,Y,C,02,1,0,0,0,0,0,0,0,1,"- ","- ",36.259010314941406,-119.35951232910156,TULARE,UNINCORPORATED,-119.35951232910156,36.259010314941406
91017771,2019,2019-06-26,9481,2019-06-23,0140,016776,,7,3,9,5400,0,3,5,,2,010,"AVENUE 200","ROAD 204",341.00,E,N,A,-,N,,,,,,,,,,Y,2,0,2,1,A,-,08,22107,,N,E,I,A,A,H,-,D,D,0,,,,,Y,,D,22,2,0,0,0,0,0,0,0,0,"- ","- ",36.152690887451172,-119.11521911621094,TULARE,UNINCORPORATED,-119.11551666259766,36.152748107910156
91018704,2019,2019-06-27,9480,2019-06-15,0020,020612,,6,3,9,5400,0,3,5,,2,003,"AVENUE 232","ROAD 60",1100.00,W,N,A,-,N,,,,,,,,,,Y,2,0,2,2,A,-,03,22350,,N,E,C,A,A,H,-,D,D,0,,,,,Y,,A,08,1,1,0,0,0,0,0,0,0,"- ","- ",36.210250854492188,-119.44383239746094,TULARE,UNINCORPORATED,-119.44279479980469,36.210346221923828
91025940,2019,2019-07-08,9480,2019-06-18,2214,018521,,2,3,9,5400,0,1,3,,1,034,"SR-198 E/B","ROAD 68",1056.00,W,N,A,-,Y,,,198,,,,,,E,Y,2,0,2,2,A,-,03,22350,,N,C,C,A,A,H,-,D,D,0,,,,Y,Y,,A,01,1,0,1,0,0,0,0,0,0,"- ","- ",36.327190399169922,-119.42459869384766,TULARE,UNINCORPORATED,-119.42459869384766,36.327106475830078
91029470,2019,2019-07-12,9481,2019-07-05,0458,019578,,5,3,9,5400,0,3,5,,2,010,"ROAD 188","AVENUE 224",1056.00,S,N,A,-,N,,,,,,,,,,Y,2,0,1,3,A,-,01,23152,A,N,A,E,A,A,H,-,D,D,0,,,,Y,Y,Y,A,01,1,0,0,0,0,0,0,0,0,"- ","- ",36.192478179931641,-119.15355682373047,TULARE,UNINCORPORATED,-119.07176208496094,36.13079833984375
91037716,2019,2019-07-25,9481,2019-06-17,1540,017894,,1,2,9,5400,0,3,5,,2,010,"ROAD 224","AVENUE 178",1218.00,N,N,A,-,N,,,,,,,,,,Y,1,1,3,3,A,-,08,22107,,N,A,C,A,A,H,-,A,D,0,,,,,Y,,D,22,1,1,1,0,0,0,0,0,0,"- ","- ",36.116989135742188,-119.07156372070312,TULARE,UNINCORPORATED,-119.07154083251953,36.116130828857422
91040807,2019,2019-07-29,9481,2019-06-29,0756,019162,,6,1,9,5400,0,1,3,,1,053,"STATE ROUTE 190","UPPER GLOBE DRIVE",2112.00,W,N,A,-,Y,,,190,,,,,,,Y,1,3,0,2,A,-,05,21460,A,N,A,C,A,A,H,-,A,D,0,,,Y,,Y,,C,02,0,0,0,0,0,0,0,2,0,"- ","- ",36.103378295898438,-118.81951904296875,TULARE,UNINCORPORATED,-118.81954193115234,36.103408813476562
91052984,2019,2019-08-15,9480,2019-08-09,1545,016995,,5,2,9,5400,0,3,5,,2,005,"ROAD 120","AVENUE 120",2112.00,S,N,A,-,N,,,,,,,,,,Y,2,0,1,2,A,-,09,21801,A,N,A,C,A,A,H,-,A,D,0,,,,Y,Y,,G,25,1,0,0,0,0,0,0,0,0,"- ","- ",36.000541687011719,-119.30386352539062,TULARE,UNINCORPORATED,-119.30388641357422,36.002288818359375
91058216,2019,2019-08-23,9480,2019-08-19,0532,017452,,1,3,9,5400,0,1,3,,1,010,"SR-201 (AVENUE 400)","ROAD 40",0.00,,Y,A,-,Y,,,,,,,,,,Y,2,0,4,2,A,-,12,22450,A,N,D,C,A,A,H,-,D,A,0,,,,,Y,,D,22,2,2,0,0,0,0,0,0,0,"- ","- ",36.517570495605469,-119.48497772216797,TULARE,UNINCORPORATED,,
91068537,2019,2019-09-05,9480,2019-09-01,1700,018202,,7,2,9,5400,0,3,5,,2,005,"ROAD 112","AVE 120",2112.00,N,N,A,-,N,,,,,,,,,,Y,2,0,2,1,A,-,08,22107,,N,E,I,A,A,H,-,A,D,0,,,,,Y,,A,01,1,0,1,0,0,0,0,0,0,"- ","- ",36.013988494873047,-119.32196807861328,TULARE,UNINCORPORATED,-119.32191467285156,36.013545989990234
91090528,2019,2019-10-04,9480,2019-01-19,2200,020612,,6,3,9,5400,0,3,5,,2,006,"AVENUE 288","ROAD 156",1220.00,E,N,A,-,N,,,,,,,,,,N,1,1,0,2,A,-,08,22107,,F,B,B,E,A,H,-,D,D,0,Y,,,,Y,Y,A,01,0,0,0,1,0,0,0,0,0,"- ","- ",36.314361572265625,-119.22049713134766,TULARE,UNINCORPORATED,-119.22055053710938,36.312408447265625
91096462,2019,2019-10-14,9480,2019-10-02,2045,016995,,3,2,9,5400,0,3,5,,2,006,"ROAD 140","AVENUE 272",40.00,S,N,A,-,N,,,,,,,,,,Y,2,0,1,1,A,-,01,23152,A,N,E,I,A,A,H,-,D,D,0,,,,,Y,Y,A,01,1,0,0,0,0,0,0,0,0,"- ","- ",36.284030914306641,-119.26094818115234,TULARE,UNINCORPORATED,-118.96395874023438,36.043769836425781
91098001,2019,2019-10-15,9480,2019-09-24,1845,017778,,2,2,9,5400,0,3,5,,2,002,"AVENUE 392","ROAD 118",45.00,E,N,A,-,N,,,,,,,,,,Y,1,1,0,2,A,-,03,22350,,N,C,C,A,A,H,-,B,D,0,,,,,Y,,A,01,0,0,0,0,0,0,0,0,0,"- ","- ",36.501430511474609,-119.30899047851562,TULARE,UNINCORPORATED,-119.30894470214844,36.501407623291016
91098967,2019,2019-10-16,9480,2019-10-06,1550,016995,,7,2,5,5407,0,1,3,,1,064,"STATE ROUTE 198 (W/B)","CONYER ST",23.00,E,N,A,-,Y,,,198,,,,,,,Y,2,0,1,2,A,-,01,23152,A,N,C,C,A,A,H,-,A,D,0,,,,,Y,Y,D,22,1,0,0,0,0,0,0,0,0,"- ","- ",36.327060699462891,-119.3009033203125,TULARE,VISALIA,-119.3009033203125,36.326923370361328
91100631,2019,2019-10-18,9480,2019-10-14,0940,017108,,1,1,9,5400,0,3,5,,2,005,"AVENUE 144","ROAD 72",659.00,E,N,A,-,N,,,,,,,,,,Y,2,0,4,2,A,-,08,22107,,N,E,I,A,A,H,-,A,D,0,,,,,Y,,A,01,1,2,1,0,0,0,0,0,0,"- ","- ",36.051010131835938,-119.40763854980469,TULARE,UNINCORPORATED,-119.40900421142578,36.051074981689453
91110520,2019,2019-12-27,9480,2019-08-07,1750,019111,,3,2,9,5400,0,3,5,,2,006,"AVENUE 256 (OAKDALE AVENUE)","ROAD 124 (OAKMORE STREET)",0.00,,Y,A,-,N,,,,,,,,,,Y,1,1,6,2,A,-,12,22450,A,N,D,C,A,A,H,-,A,A,0,,,,,Y,,A,01,0,4,2,0,0,0,0,0,0,"- ","- ",36.255878448486328,-119.29633331298828,TULARE,UNINCORPORATED,-119.29633331298828,36.255851745605469
91111063,2019,2019-10-31,9480,2019-10-24,1632,019349,,4,2,9,5400,0,1,3,,1,045,"STATE ROUTE 245","AVENUE 300",0.00,,Y,A,-,Y,,,245,,,,,,,Y,2,0,5,2,A,-,01,23152,A,N,D,C,A,A,H,-,A,A,0,,,,,Y,Y,A,07,1,1,3,0,0,0,0,0,0,"- ","- ",36.333110809326172,-119.11683654785156,TULARE,UNINCORPORATED,-119.11684417724609,36.333110809326172
91113497,2019,2019-11-05,9480,2019-10-27,0244,018521,,7,3,9,5400,0,1,3,,1,051,"SR-43 (CENTRAL VALLEY HWY)","AVE 24",5280.00,N,N,A,-,Y,,,43,,,,,,,Y,2,0,3,2,A,-,05,21650,,N,A,C,A,A,H,-,D,D,0,,,,,Y,,A,01,1,1,1,0,0,0,0,0,0,"- ","- ",35.848018646240234,-119.37516021728516,TULARE,UNINCORPORATED,-119.37510681152344,35.848037719726562
91122836,2019,2019-11-18,9480,2019-11-13,1030,016723,,3,1,9,5400,0,3,5,,2,006,"AVENUE 280 (VISALIA ROAD)","ROAD 156 (S. MARIPOSA AVENUE)",0.00,,Y,A,-,N,,,,,,,,,,Y,2,0,1,3,A,-,01,23152,F,N,D,C,A,A,H,-,A,A,0,,,,,Y,,A,07,1,0,0,0,0,0,0,0,0,"- ","- ",36.297870635986328,-119.22489166259766,TULARE,UNINCORPORATED,-119.224892,36.297871000000001
91124666,2019,2019-11-20,9480,2019-11-12,1156,016046,,2,1,9,5400,0,1,3,,2,093,"DRIVE 92B","STATE ROUTE 99 (SOUTHBOUND)",125.00,W,N,A,-,Y,,,,,,,,,,Y,2,0,3,2,A,-,09,21802,A,N,D,C,A,A,H,-,A,A,0,,,,,Y,,A,01,2,1,0,0,0,0,0,0,0,"- ","- ",36.266189575195312,-119.36438751220703,TULARE,UNINCORPORATED,-119.36426544189453,36.266292572021484
91126069,2019,2019-11-21,9480,2019-11-16,0145,018809,,6,3,5,5407,0,1,3,,1,064,"STATE ROUTE-198 E/B","SHIRK ROAD",203.00,W,N,A,-,Y,,,198,,,,,,E,Y,2,0,2,2,A,-,01,23152,A,N,C,C,A,A,H,-,C,D,0,,,,,Y,Y,A,01,1,1,0,0,0,0,0,0,0,"- ","- ",36.327121734619141,-119.36843109130859,TULARE,VISALIA,-119.36843109130859,36.327186584472656
91130420,2019,2020-01-21,9480,2019-09-01,0337,020078,,7,3,9,5400,0,1,3,,2,095,"STATE ROUTE 99 (NORTHBOUND)","COURT AVENUE",3329.00,N,N,A,-,Y,,,99,,,,,,,Y,1,1,0,1,A,-,08,22107,,N,E,J,A,A,H,-,D,D,0,,,,,Y,,D,22,0,0,0,0,0,0,0,0,0,"- ","- ",35.980899810791016,-119.29624176025391,TULARE,UNINCORPORATED,-119.29627227783203,35.980892181396484
91140696,2019,2019-12-11,9481,2019-12-07,1732,021234,,6,2,9,5400,0,1,3,,1,012,"STATE ROUTE 65","SPRUCE AVENUE",219.00,W,N,C,-,Y,,,65,,,,,,,Y,2,0,3,2,A,-,09,21801,A,N,A,C,A,B,H,-,C,D,0,,,,,Y,,D,22,2,1,0,0,0,0,0,0,0,"- ","- ",36.210811614990234,-119.11894226074219,TULARE,UNINCORPORATED,-119.11894226074219,36.210784912109375
91146138,2019,2019-12-18,9480,2019-12-05,1700,019697,,4,2,9,5400,0,3,5,,2,006,"NOBLE AVE","ROAD 152",528.00,W,N,A,-,N,,,,,,,,,,Y,2,0,1,2,A,-,08,22107,,N,D,C,A,A,H,-,C,D,0,,,,,Y,,A,01,1,0,0,0,0,0,0,0,0,"- ","- ",36.326751708984375,-119.23661041259766,TULARE,UNINCORPORATED,-119.23558807373047,36.326736450195312
91151461,2019,2019-12-24,9480,2019-09-26,1722,019349,,4,2,9,5400,0,3,5,,2,006,"AVENUE 264","ROAD 156",0.00,,Y,A,-,N,,,,,,,,,,Y,1,1,1,2,A,-,12,22450,A,N,D,C,A,A,H,-,A,A,0,,,,,Y,,D,22,0,0,1,0,0,0,0,0,0,"- ","- ",36.268978118896484,-119.22489166259766,TULARE,UNINCORPORATED,-119.22490000000001,36.268979999999999
91155317,2019,2019-12-30,9480,2019-12-21,2255,018521,,6,3,9,5400,0,3,5,,2,006,"ROAD 140","AVE 272",211.00,N,N,A,-,N,,,,,,,,,,Y,2,0,2,2,A,-,03,22350,,N,C,C,A,A,H,-,D,D,0,,,,,Y,,A,01,2,0,0,0,0,0,0,0,0,"- ","- ",36.289508819580078,-119.26093292236328,TULARE,UNINCORPORATED,-118.96395874023438,36.043769836425781
91165099,2020,2020-01-14,9480,2020-01-10,2050,020837,,5,2,9,5400,0,1,3,,2,095,"STATE ROUTE 99 NORTHBOUND","AVENUE 120",10032.00,N,N,A,-,Y,,,99,,,,,,N,Y,2,0,1,1,A,-,08,22107,,N,E,I,A,A,H,-,D,D,0,,,,,Y,,A,01,1,0,0,0,0,0,0,0,0,"- ","- ",36.035850524902344,-119.30874633789062,TULARE,UNINCORPORATED,-119.30886077880859,36.035823822021484
91181487,2020,2020-02-06,9480,2020-02-01,2140,021249,,6,2,9,5400,0,3,5,,2,001,"ROAD 80","AVENUE 384",1320.00,N,N,A,-,N,,,,,,,,,,Y,2,0,2,1,A,-,01,23152,A,F,F,A,A,A,H,-,D,D,0,,,,,Y,Y,A,01,1,1,0,0,0,0,0,0,0,"- ","- ",36.493789672851562,-119.39463043212891,TULARE,UNINCORPORATED,,
91188975,2020,2020-02-19,9480,2020-02-10,1525,019349,,1,2,9,5400,0,3,5,,2,003,"AVENUE 164","DRIVE 116",0.00,,Y,A,-,Y,,,,,,,,,,Y,2,0,1,1,A,-,12,22450,A,N,E,I,A,A,H,-,A,A,0,,,,,Y,,A,01,1,0,0,0,0,0,0,0,0,"- ","- ",36.087390899658203,-119.32054901123047,TULARE,UNINCORPORATED,,
91189966,2020,2020-02-20,9480,2020-02-12,1415,020060,,3,2,9,5400,0,3,5,,2,003,"ROAD 80","AVENUE 184",0.00,,Y,A,-,N,,,,,,,,,,Y,2,0,1,2,A,-,01,23152,A,N,D,C,A,A,H,-,A,A,0,,,,,Y,Y,A,01,1,0,0,0,0,0,0,0,0,"- ","- ",36.123458862304688,-119.39357757568359,TULARE,UNINCORPORATED,-119.39375305175781,36.123378753662109
91191929,2020,2020-08-12,9480,2020-02-07,1545,020273,,5,2,9,5400,0,1,3,,1,034,"SR-198 W/B","ROAD 64",0.00,,Y,A,-,Y,,,198,,,,,,W,Y,2,0,4,2,A,-,09,21802,A,N,D,C,A,A,H,-,A,A,0,,,,,Y,,A,01,1,0,3,0,0,0,0,0,0,"- ","- ",36.327610015869141,-119.43041229248047,TULARE,UNINCORPORATED,-119.43041229248047,36.327156066894531
91193018,2020,2020-02-25,9480,2020-02-17,1410,019349,,1,2,9,5400,0,1,3,,2,093,"STATE ROUTE 99 N/B","DRIVE 92B",1742.00,N,N,A,-,Y,,,99,,,,,,N,Y,2,0,1,2,A,-,01,23152,A,N,C,C,A,A,H,-,A,D,0,,,,Y,Y,Y,D,22,1,0,0,0,0,0,0,0,0,"- ","- ",36.270759582519531,-119.36701202392578,TULARE,UNINCORPORATED,-119.36708068847656,36.270713806152344
91194671,2020,2020-02-27,9480,2020-02-13,0530,019186,,4,3,4,5406,0,1,3,,2,093,"SR-99 S/B","SOUTH K STREET",1584.00,N,N,A,-,Y,,,99,,,,,,S,Y,2,0,1,1,A,-,08,22107,,N,E,I,A,A,H,-,D,D,0,,,,,Y,,A,01,1,0,0,0,0,0,0,0,0,"- ","- ",36.159980773925781,-119.33344268798828,TULARE,TULARE,-119.33326721191406,36.159961700439453
91220994,2020,2020-04-06,9480,2020-03-31,1951,014628,,2,2,9,5400,0,3,5,,2,005,"ROAD 144","COUNTY LINE RD.",760.00,N,N,A,-,N,,,,,,,,,,Y,2,0,1,1,A,-,03,22350,,N,E,I,A,A,H,-,D,D,0,,,Y,,Y,,C,02,1,0,0,0,0,0,0,0,1,"- ","- ",35.792350769042969,-119.25019073486328,TULARE,UNINCORPORATED,,
91224773,2020,2020-04-13,9480,2020-04-07,0630,018202,,2,1,9,5400,0,3,5,,2,001,"AVE 352","RD 36",2112.00,W,N,A,-,N,,,,,,,,,,Y,2,0,1,2,A,-,09,21801,A,N,D,C,A,A,H,-,B,D,0,,,,,Y,,A,01,1,0,0,0,0,0,0,0,0,"- ","- ",36.430248260498047,-119.50170135498047,TULARE,UNINCORPORATED,-119.49974060058594,36.430183410644531
91225153,2020,2020-04-14,9481,2020-04-03,1838,020238,,5,2,9,5400,0,1,3,,1,037,"STATE ROUTE 65","AVENUE 95",0.00,,Y,A,-,Y,,,65,,,,,,,Y,2,0,4,2,A,-,09,21453,C,N,D,C,A,A,H,-,A,A,0,,,,Y,Y,,A,01,1,0,3,0,0,0,0,0,0,"- ","- ",35.962421417236328,-119.05361175537109,TULARE,UNINCORPORATED,-119.05364990234375,35.962421417236328
91230512,2020,2020-04-28,9480,2020-03-08,2035,020060,,7,2,9,5400,0,3,5,,2,002,"ROAD 124","RISLEY AVENUE",150.00,S,N,A,-,N,,,,,,,,,,N,1,1,0,2,A,-,11,21954,A,F,G,B,D,A,H,-,C,D,0,Y,,,,Y,,N,60,0,0,0,1,0,0,0,0,0,"- ","- ",36.541641235351562,-119.29589080810547,TULARE,UNINCORPORATED,-119.29587554931641,36.541469573974609
91239866,2020,2020-05-19,9480,2020-05-10,2100,016995,,7,2,9,5400,0,3,5,,2,004,"AVENUE 308","STATE ROUTE 216",1584.00,E,N,A,-,N,,,,,,,,,,N,2,0,1,1,A,-,01,23152,G,N,H,A,A,A,H,-,D,D,0,,,,,Y,Y,D,22,1,0,0,0,0,0,0,0,0,"- ","- ",36.348678588867188,-119.20964813232422,TULARE,UNINCORPORATED,-119.08426666259766,36.347259521484375
91245382,2020,2020-05-29,9480,2020-05-23,1415,019932,,6,2,9,5400,0,3,5,,2,004,"ROAD 164","AVENUE 376",1584.00,S,N,A,-,N,,,,,,,,,,Y,2,0,2,1,A,-,08,22107,,N,E,I,A,A,H,-,A,D,0,,,,,Y,,D,22,1,0,1,0,0,0,0,0,0,"- ","- ",36.466739654541016,-119.20556640625,TULARE,UNINCORPORATED,-119.20552062988281,36.467464447021484
91246745,2020,2020-06-03,9481,2020-06-02,2155,019578,,2,2,9,5400,0,1,3,,1,053,"STATE ROUTE 190","MOUNTAIN ROAD 189",2640.00,W,N,A,-,Y,,,190,,,,,,,Y,2,0,4,1,A,-,01,23152,A,N,E,I,A,A,H,-,D,D,0,,,,,Y,Y,A,01,2,1,1,0,0,0,0,0,0,"- ","- ",36.132110595703125,-118.78253173828125,TULARE,UNINCORPORATED,-118.78253173828125,36.132118225097656
91247879,2020,2020-08-12,9480,2020-05-22,2335,020450,,5,3,9,5400,0,1,3,,2,091,"SR-99 N/B",SR-198,1000.00,N,N,A,-,Y,,,99,,,,,,N,Y,2,0,1,2,A,-,01,23152,A,N,C,C,A,A,H,-,D,D,0,,,,Y,Y,Y,A,01,1,0,0,0,0,0,0,0,0,"- ","- ",36.331428527832031,-119.41107940673828,TULARE,UNINCORPORATED,-119.41105651855469,36.331447601318359
91249046,2020,2020-06-08,9480,2020-06-06,1837,018861,,6,2,9,5400,0,3,5,,2,001,"ROAD 68","HARVEST AVENUE",1056.00,S,N,A,-,N,,,,,,,,,,Y,2,0,5,1,A,-,01,23152,A,N,E,I,A,A,H,-,A,D,0,,,,,Y,Y,A,01,3,2,0,0,0,0,0,0,0,"- ","- ",36.344070434570312,-119.42234802246094,TULARE,UNINCORPORATED,-119.42131042480469,36.343948364257812
91255383,2020,2020-06-22,9480,2020-06-12,1855,020060,,5,2,9,5400,0,1,3,,2,095,"STATE ROUTE 99 S/B FROM AVENUE 16","AVENUE 24",5808.00,S,N,A,-,Y,,,99,,,,R,,S,Y,2,0,1,1,A,-,01,23152,A,N,E,I,A,A,H,-,A,D,0,,,,,Y,Y,A,01,1,0,0,0,0,0,0,0,0,"- ","- ",35.817848205566406,-119.25887298583984,TULARE,UNINCORPORATED,-119.25887298583984,35.817848205566406
91256898,2020,2020-06-24,9481,2020-01-23,0700,019422,,4,1,9,5400,0,3,5,,2,030,"AVENUE 56","ROAD 176",500.00,W,N,E,-,N,,,,,,,,,,Y,1,1,3,4,A,-,01,23152,F,F,A,C,A,A,H,-,A,D,0,,,,,Y,,A,01,2,1,0,0,0,0,0,0,0,"- ","- ",35.891819000244141,-119.18312072753906,TULARE,UNINCORPORATED,-119.18100738525391,35.891914367675781
91259238,2020,2020-06-26,9480,2020-06-17,1121,015282,,3,1,9,5400,0,3,5,,2,002,"ROAD 124","AVENUE 408",20.00,N,N,A,-,N,,,,,,,,,,Y,2,0,3,2,A,-,01,23152,A,F,C,C,A,A,H,-,A,A,0,,,,,Y,Y,A,07,2,1,0,0,0,0,0,0,0,"- ","- ",36.530349731445312,-119.29576110839844,TULARE,UNINCORPORATED,-119.29575347900391,36.530364990234375
91273846,2020,2020-07-27,9480,2020-07-15,1748,020060,,3,2,9,5400,0,1,3,,1,034,"STATE ROUTE 198 E/B","ROAD 52",346.00,E,N,A,-,Y,,,198,,,,,,E,Y,2,0,3,2,A,-,03,22350,,N,C,C,A,A,H,-,A,D,0,,,,,Y,,A,07,1,1,1,0,0,0,0,0,0,"- ","- ",36.327518463134766,-119.45625305175781,TULARE,UNINCORPORATED,-119.45625305175781,36.327415466308594
91273854,2020,2020-07-24,9480,2020-07-15,1425,020060,,3,2,9,5400,0,3,5,,2,001,"AVENUE 368","ROAD 60",1742.00,E,N,A,-,N,,,,,,,,,,Y,2,0,1,2,A,-,08,22107,,N,D,C,A,A,H,-,A,D,0,,,,,Y,Y,M,46,1,0,0,0,0,0,0,0,0,"- ","- ",36.4586181640625,-119.43068695068359,TULARE,UNINCORPORATED,-119.43299865722656,36.458663940429688
91284021,2020,2020-08-11,9480,2020-07-31,1905,019697,,5,2,9,5400,0,3,5,,2,003,"ROAD 84 (N. ENTERPRISE ST.)","AVENUE 240 (W. PROSPERITY AVE.)",0.00,,Y,A,-,N,,,,,,,,,,Y,2,0,2,2,A,-,12,22450,A,N,D,C,A,A,H,-,A,A,0,,,,,Y,,A,07,1,1,0,0,0,0,0,0,0,"- ","- ",36.225601196289062,-119.38462066650391,TULARE,UNINCORPORATED,-119.03611755371094,35.942378997802734