CASE_ID,ACCIDENT_YEAR,PROC_DATE,JURIS,COLLISION_DATE,COLLISION_TIME,OFFICER_ID,REPORTING_DISTRICT,DAY_OF_WEEK,CHP_SHIFT,POPULATION,CNTY_CITY_LOC,SPECIAL_COND,BEAT_TYPE,CHP_BEAT_TYPE,CITY_DIVISION_LAPD,CHP_BEAT_CLASS,BEAT_NUMBER,PRIMARY_RD,SECONDARY_RD,DISTANCE,DIRECTION,INTERSECTION,WEATHER_1,WEATHER_2,STATE_HWY_IND,CALTRANS_COUNTY,CALTRANS_DISTRICT,STATE_ROUTE,ROUTE_SUFFIX,POSTMILE_PREFIX,POSTMILE,LOCATION_TYPE,RAMP_INTERSECTION,SIDE_OF_HWY,TOW_AWAY,COLLISION_SEVERITY,NUMBER_KILLED,NUMBER_INJURED,PARTY_COUNT,PRIMARY_COLL_FACTOR,PCF_CODE_OF_VIOL,PCF_VIOL_CATEGORY,PCF_VIOLATION,PCF_VIOL_SUBSECTION,HIT_AND_RUN,TYPE_OF_COLLISION,MVIW,PED_ACTION,ROAD_SURFACE,ROAD_COND_1,ROAD_COND_2,LIGHTING,CONTROL_DEVICE,CHP_ROAD_TYPE,PEDESTRIAN_ACCIDENT,BICYCLE_ACCIDENT,MOTORCYCLE_ACCIDENT,TRUCK_ACCIDENT,NOT_PRIVATE_PROPERTY,ALCOHOL_INVOLVED,STWD_VEHTYPE_AT_FAULT,CHP_VEHTYPE_AT_FAULT,COUNT_SEVERE_INJ,COUNT_VISIBLE_INJ,COUNT_COMPLAINT_PAIN,COUNT_PED_KILLED,COUNT_PED_INJURED,COUNT_BICYCLIST_KILLED,COUNT_BICYCLIST_INJURED,COUNT_MC_KILLED,COUNT_MC_INJURED,PRIMARY_RAMP,SECONDARY_RAMP,LATITUDE,LONGITUDE,COUNTY,CITY,POINT_X,POINT_Y
91284453,2020,2020-08-11,9480,2020-08-03,0755,016046,,1,1,5,5407,0,1,3,,1,064,"STATE ROUTE 198 (WESTBOUND)","BEN MADDOX WAY",248.00,E,N,A,-,Y,,,198,,,,,,,Y,2,0,1,3,A,-,08,22107,,N,E,I,E,A,H,-,A,D,0,Y,,,,Y,,A,01,1,0,0,0,1,0,0,0,0,"- ","- ",36.326610565185547,-119.27729034423828,TULARE,VISALIA,-119.27729797363281,36.326526641845703
91293249,2020,2020-08-26,9480,2020-07-13,0001,021249,,1,3,9,5400,0,3,5,,2,001,"DRIVE 60","AVENUE 352",1584.00,S,N,A,-,N,,,,,,,,,,Y,1,1,0,2,A,-,08,22107,,N,E,I,A,A,H,-,D,D,0,,,,Y,Y,,A,01,0,0,0,0,0,0,0,0,0,"- ","- ",36.424938201904297,-119.46996307373047,TULARE,UNINCORPORATED,,
91295502,2020,2020-08-28,9480,2020-05-29,1508,019697,,5,2,9,5400,0,1,3,,2,095,"STATE ROUTE 99 SOUTHBOUND","COUNTY LINE ROAD (AVE 0)",3168.00,N,N,A,-,Y,,,99,,,,,,S,Y,1,1,2,3,A,-,03,22350,,F,C,C,A,A,H,-,A,D,0,,,,,Y,Y,D,22,1,0,1,0,0,0,0,0,0,"- ","- ",35.798820495605469,-119.25453948974609,TULARE,UNINCORPORATED,-119.25456237792969,35.798816680908203
91299265,2020,2020-09-04,9481,2020-08-28,0750,017894,,5,1,9,5400,0,3,5,,2,020,"LINDMORE AVENUE","LINDSAY STREET",0.00,,Y,A,-,N,,,,,,,,,,Y,2,0,1,2,A,-,09,21802,B,N,D,C,A,A,H,-,A,A,0,,,,,Y,,D,22,1,0,0,0,0,0,0,0,0,"- ","- ",36.196121215820312,-119.09120941162109,TULARE,UNINCORPORATED,-119.09120941162109,36.196121215820312
91302502,2020,2020-09-10,9480,2020-08-30,1545,016240,,7,2,9,5400,0,1,3,,2,091,"SR-99 S/B","CROSS CREEK",4171.00,N,N,A,-,Y,,,99,,,,,,S,Y,2,0,1,2,A,-,07,21658,A,N,E,I,A,A,H,-,A,D,0,,,,,Y,,A,01,1,0,0,0,0,0,0,0,0,"- ","- ",36.425079345703125,-119.47052764892578,TULARE,UNINCORPORATED,-119.47036743164062,36.425189971923828
91306948,2020,2020-12-15,9480,2020-08-08,1200,018202,,6,1,9,5400,0,3,5,,2,001,"ROAD 36","AVENUE 376",2640.00,S,N,A,-,N,,,,,,,,,,Y,1,1,0,1,A,-,08,22107,,N,E,I,A,A,H,-,A,D,0,,,,,Y,,A,01,0,0,0,0,0,0,0,0,0,"- ","- ",36.466579437255859,-119.49240875244141,TULARE,UNINCORPORATED,-119.49233245849609,36.466545104980469
91316829,2020,2020-10-13,9480,2020-09-26,1505,020273,,6,2,5,5407,0,1,3,,1,064,"SR-198 W/B","DEMAREE ST",141.00,E,N,A,-,Y,,,198,,,,,,W,Y,1,1,0,1,A,-,08,22107,,N,F,I,A,A,H,-,A,D,0,,,Y,,Y,,C,02,0,0,0,0,0,0,0,1,0,"- ","- ",36.327308654785156,-119.33130645751953,TULARE,VISALIA,-119.33132171630859,36.327102661132812
91322826,2020,2020-10-13,9480,2020-06-26,2112,020060,,5,2,9,5400,0,3,5,,2,006,"AVENUE 280 (VISALIA ROAD)","ROAD 176",2112.00,W,N,A,-,N,,,,,,,,,,Y,1,1,3,3,A,-,01,23152,A,N,A,C,A,A,H,-,D,D,0,,,,,Y,Y,A,01,2,0,1,0,0,0,0,0,0,"- ","- ",36.29779052734375,-119.18866729736328,TULARE,UNINCORPORATED,,
91332939,2020,2020-10-28,9480,2020-10-20,1710,019349,,2,2,5,5407,0,1,3,,1,064,"STATE ROUTE 198 E/B","PLAZA DRIVE",487.00,E,N,A,-,Y,,,198,,,,,,E,Y,2,0,2,3,A,-,03,22350,,N,C,C,A,A,H,-,A,D,0,,,,,Y,,D,22,1,0,1,0,0,0,0,0,0,"- ","- ",36.327011108398438,-119.38488006591797,TULARE,VISALIA,-119.38488006591797,36.3271484375
91339717,2020,2020-11-04,9481,2020-10-30,2045,018029,,5,2,9,5400,0,3,5,,2,020,"ROAD 256","AVENUE 196",2112.00,S,N,A,-,N,,,,,,,,,,Y,2,0,1,1,A,-,01,23152,A,N,E,I,A,A,H,-,D,D,0,,,,,Y,Y,A,01,1,0,0,0,0,0,0,0,0,"- ","- ",36.138618469238281,-119.00007629394531,TULARE,UNINCORPORATED,-119.00004577636719,36.139705657958984
91347766,2020,2020-11-18,9480,2020-11-17,1610,017854,,2,2,9,5400,0,3,5,,2,006,"AVENUE 256","ROAD 180",4224.00,W,N,A,-,N,,,,,,,,,,Y,2,0,2,1,A,-,08,22107,,N,E,I,A,A,H,-,A,D,0,,,,,Y,,A,01,2,0,0,0,0,0,0,0,0,"- ","- ",36.253910064697266,-119.18717956542969,TULARE,UNINCORPORATED,-119.18643188476562,36.254039764404297
91348399,2020,2020-11-19,9480,2020-11-14,1625,019349,,6,2,9,5400,0,3,5,,2,001,"STATE ROUTE 201 (AVE 400)","ROAD 48",0.00,,Y,A,-,Y,,,,,,,,,,Y,2,0,1,2,A,-,09,21801,A,N,A,C,A,A,H,-,A,D,0,,,,,Y,,A,01,1,0,0,0,0,0,0,0,0,"- ","- ",36.517520904541016,-119.46666717529297,TULARE,UNINCORPORATED,,
91360129,2020,2020-12-07,9480,2020-11-26,1254,016210,,4,1,9,5400,0,3,5,,2,001,"ROAD 40","AVENUE 404",282.00,N,N,A,-,N,,,,,,,,,,Y,2,0,9,2,A,-,08,22107,,N,D,C,A,A,H,-,A,A,0,,,,,Y,,A,01,1,2,6,0,0,0,0,0,0,"- ","- ",36.525611877441406,-119.48462677001953,TULARE,UNINCORPORATED,-119.48458099365234,36.525642395019531
91374016,2020,2020-12-23,9480,2020-11-06,1940,019697,,5,2,9,5400,0,3,5,,2,005,"AVENUE 56 (SIERRA AVENUE)","ROAD 144",275.00,E,N,A,-,N,,,,,,,,,,Y,1,1,0,1,A,-,01,23152,A,N,E,I,A,A,H,-,D,D,0,,,,,Y,Y,A,01,0,0,0,0,0,0,0,0,0,"- ","- ",35.89202880859375,-119.25,TULARE,UNINCORPORATED,-119.24948883056641,35.891910552978516
91378120,2020,2020-12-30,9480,2020-09-29,1550,016240,,2,2,9,5400,0,1,3,,2,091,"STATE ROUTE 99 SOUTHBOUND","AVENUE 384",4224.00,S,N,A,-,Y,,,99,,,,,,S,Y,1,1,0,1,A,-,08,22107,,N,E,I,A,A,H,-,A,D,0,,,,Y,Y,,G,25,0,0,0,0,0,0,0,0,0,"- ","- ",36.479328155517578,-119.50595855712891,TULARE,UNINCORPORATED,-119.50607299804688,36.479255676269531
91378125,2020,2020-12-30,9480,2020-11-21,1720,020060,,6,2,9,5400,0,3,5,,2,006,"ROAD 112","AVENUE 184",4752.00,N,N,A,-,N,,,,,,,,,,Y,1,1,0,2,A,-,01,23152,A,N,B,C,A,A,H,-,D,D,0,,,Y,,Y,Y,C,02,0,0,0,0,0,0,0,1,0,"- ","- ",36.136821746826172,-119.31999969482422,TULARE,UNINCORPORATED,-119.32015991210938,36.136577606201172
91387641,2021,2021-01-14,9481,2021-01-03,0820,018595,,7,1,9,5400,0,3,5,,2,010,"AVENUE 168","ROAD 152",0.00,,Y,A,-,N,,,,,,,,,,Y,2,0,1,2,A,-,09,21802,A,N,D,C,A,A,H,-,A,A,0,,,,,Y,,D,22,1,0,0,0,0,0,0,0,0,"- ","- ",36.094699859619141,-119.23233032226562,TULARE,UNINCORPORATED,-119.23230743408203,36.094707489013672
91393715,2021,2021-01-25,9480,2021-01-20,1324,017108,,3,1,9,5400,0,3,5,,2,003,"AVENUE 280","ROAD 48",60.00,E,N,A,-,N,,,,,,,,,,Y,2,0,1,2,A,-,08,22107,,N,A,C,A,A,H,-,A,D,0,,,,Y,Y,,D,22,1,0,0,0,0,0,0,0,0,"- ","- ",36.297779083251953,-119.46521759033203,TULARE,UNINCORPORATED,-119.46524810791016,36.297836303710938
91394182,2020,2021-01-26,9481,2020-11-22,0438,018595,,7,3,9,5400,0,3,5,,2,010,"ROAD 152","AVENUE 168",1802.00,S,N,A,-,N,,,,,,,,,,Y,1,1,1,2,A,-,01,23152,G,N,A,C,A,A,H,-,D,D,0,,,,,Y,Y,A,08,1,0,0,0,0,0,0,0,0,"- ","- ",36.089679718017578,-119.23233032226562,TULARE,UNINCORPORATED,-119.23230743408203,36.089763641357422
91398943,2021,2021-01-29,9480,2021-01-22,2050,016995,,5,2,9,5400,0,3,5,,2,002,"AVENUE 416","PERKINS AVE",175.00,E,N,C,-,N,,,,,,,,,,Y,2,0,4,2,A,-,03,22350,,N,A,C,A,B,H,-,D,D,0,,,,,Y,,A,01,3,1,0,0,0,0,0,0,0,"- ","- ",36.545238494873047,-119.3365478515625,TULARE,UNINCORPORATED,-119.33672,36.545175999999998
91402392,2021,2021-02-04,9480,2021-01-30,1838,019846,,6,2,9,5400,0,3,5,,2,006,"ROAD 188","AVENUE 264",1848.00,N,N,A,-,N,,,,,,,,,,Y,2,0,1,1,A,-,01,23152,A,N,E,J,A,A,H,-,C,D,0,,,,,Y,Y,A,01,1,0,0,0,0,0,0,0,0,"- ","- ",36.273300170898438,-119.15411376953125,TULARE,UNINCORPORATED,-119.15415191650391,36.273399353027344
9140343,2020,2020-10-01,5408,2020-03-01,1341,576,WOODL,7,5,2,5408,0,0,0,,0,,"RT 216","RD 196",0.00,,Y,A,-,Y,TUL,6,216,-,-,12.010,I,5,E,Y,2,0,4,2,A,-,09,21802,,N,D,C,A,A,H,-,A,D,0,,,,,Y,,-,,1,0,3,0,0,0,0,0,0,"- ","- ",,,TULARE,WOODLAKE,-119.13468933105469,36.413803100585938
91404023,2020,2021-02-08,9480,2020-10-11,0400,019828,,7,3,9,5400,0,1,3,,2,095,"STATE ROUTE 99 NORTHBOUND","AVENUE 48",2640.00,S,N,A,-,Y,,,99,,,,,,N,Y,1,1,1,1,A,-,08,22107,,N,E,I,A,A,H,-,D,D,0,,,,,Y,,A,07,0,0,1,0,0,0,0,0,0,"- ","- ",35.870460510253906,-119.27056884765625,TULARE,UNINCORPORATED,-119.27062225341797,35.870456695556641
91421256,2021,2021-03-05,9481,2021-02-28,1559,019578,,7,2,9,5400,0,3,5,,2,010,"OAK AVENUE","MONROE ROAD",0.00,,Y,A,-,N,,,,,,,,,,N,2,0,2,2,A,-,09,21800,B,F,D,C,A,A,H,-,A,D,0,,,Y,,Y,,C,06,1,1,0,0,0,0,0,0,2,"- ","- ",36.093788146972656,-119.20249176025391,TULARE,UNINCORPORATED,-119.2025146484375,36.093761444091797
91433084,2021,2021-03-23,9480,2021-03-11,2325,018861,,4,3,9,5400,0,3,5,,2,003,"ROAD 64","AVENUE 176",474.00,S,N,A,-,N,,,,,,,,,,Y,2,0,3,1,A,-,08,22107,,N,F,I,A,A,H,-,D,D,0,,,,,Y,,A,07,2,1,0,0,0,0,0,0,0,"- ","- ",36.107769012451172,-119.42904663085938,TULARE,UNINCORPORATED,-119.42894744873047,36.107780456542969
91436970,2021,2021-03-26,9481,2021-03-16,1745,017991,,2,2,9,5400,0,3,5,,2,010,"ROAD 192","AVENUE 208",0.00,,Y,A,-,N,,,,,,,,,,Y,2,0,3,2,A,-,12,22450,A,N,D,C,A,A,H,-,A,D,0,,,Y,,Y,,C,06,1,1,1,0,0,0,0,0,2,"- ","- ",36.167259216308594,-119.14386749267578,TULARE,UNINCORPORATED,-119.14387512207031,36.167236328125
91439254,2021,2021-04-29,9481,2021-03-19,0340,018595,,5,3,9,5400,0,1,3,,1,053,"STATE ROUTE 190","SUCCESS VALLEY DRIVE",3733.00,E,N,A,-,Y,,,190,,,,,,,Y,1,1,0,1,A,-,01,23152,F,N,E,I,A,A,H,-,D,D,0,,,,,Y,,A,01,0,0,0,0,0,0,0,0,0,"- ","- ",36.088298797607422,-118.89048767089844,TULARE,UNINCORPORATED,-118.89048767089844,36.088291168212891
91439328,2021,2021-03-30,9480,2021-03-17,1610,019186,,3,2,9,5400,0,1,3,,1,025,"SR-245 N/B","BOYD DR",13728.00,N,N,A,-,Y,,,245,,,,,,N,Y,2,0,1,1,A,-,03,22350,,N,F,A,A,A,H,-,A,D,0,,,Y,,Y,,C,02,1,0,0,0,0,0,0,0,1,"- ","- ",36.587028503417969,-119.10856628417969,TULARE,UNINCORPORATED,-119.10856628417969,36.587005615234375
9144208,2020,2020-09-22,5407,2020-07-29,1431,M222,480,3,5,5,5407,0,0,0,,0,,"LOVERS LN","CALDWELL AV",0.00,,Y,A,-,N,,,,,,,,,,Y,2,0,1,2,A,-,07,21658,A,N,B,C,A,A,H,-,A,A,0,,,Y,,Y,,C,02,1,0,0,0,0,0,0,0,1,"- ","- ",36.298290252685547,-119.26090240478516,TULARE,VISALIA,-119.26097106933594,36.298351287841797
91447355,2021,2021-04-09,9480,2021-03-31,1544,017291,,3,2,9,5400,0,1,3,,2,091,"SR-99 S/B TO SR-198 E/B","STATE ROUTE 198",1056.00,N,N,A,-,Y,,,99,,,,R,,S,Y,2,0,1,1,A,-,08,22107,,N,F,A,A,A,H,-,A,D,0,,,Y,,Y,,C,02,1,0,0,0,0,0,0,0,1,"- ","- ",36.331291198730469,-119.41187286376953,TULARE,UNINCORPORATED,-119.41187286376953,36.331291198730469
9144763,2020,2020-10-13,5407,2020-08-03,1012,345,480,1,5,5,5407,0,0,0,,0,033,"S LOVERS LN",WALNUT,385.00,S,N,A,-,N,,,,,,,,,,Y,2,0,2,2,A,-,01,23153,G,N,E,B,E,A,H,-,A,D,0,Y,,,,Y,Y,A,07,2,0,0,0,1,0,0,0,0,"- ","- ",36.312698364257812,-119.26056671142578,TULARE,VISALIA,-119.26066589355469,36.311653137207031
9144799,2020,2020-10-13,5407,2020-08-15,1619,327,480,6,5,5,5407,0,0,0,,0,026,"N BEN MADDOX WY","DOUGLAS AV",535.00,N,N,A,-,N,,,,,,,,,,Y,2,0,2,1,A,-,03,22350,,N,E,I,A,A,H,-,A,A,0,,,,,Y,,A,01,1,1,0,0,0,0,0,0,0,"- ","- ",36.341838836669922,-119.27880859375,TULARE,VISALIA,-119.27881622314453,36.339687347412109
91453973,2021,2021-04-20,9480,2021-04-10,1230,015282,,6,1,9,5400,0,3,5,,2,002,"AVENUE 404","ROAD 140",2265.00,W,N,A,-,N,,,,,,,,,,N,2,0,1,1,A,-,08,22107,,N,E,I,A,A,H,-,A,D,0,,,Y,,Y,,C,06,1,0,0,0,0,0,0,0,1,"- ","- ",36.522789001464844,-119.26882171630859,TULARE,UNINCORPORATED,-119.26744842529297,36.522754669189453
91454647,2021,2021-04-20,9480,2021-04-08,1910,019427,,4,2,9,5400,0,3,5,,2,006,"ROAD 156","AVENUE 256",0.00,,Y,A,-,N,,,,,,,,,,Y,2,0,2,2,A,-,01,23152,F,N,D,C,A,A,H,-,A,A,0,,,,,Y,,A,01,2,0,0,0,0,0,0,0,0,"- ","- ",36.297821044921875,-119.22489166259766,TULARE,UNINCORPORATED,-119.22474670410156,36.254375457763672
91455851,2021,2021-04-29,9480,2021-04-10,0340,016145,,6,3,9,5400,0,3,5,,2,002,"AVENUE 416","ROAD 96",142.00,W,N,A,-,N,,,,,,,,,,Y,2,0,1,1,A,-,01,23152,A,N,E,I,A,A,H,-,C,D,0,,,,,Y,Y,A,01,1,0,0,0,0,0,0,0,0,"- ","- ",36.545879364013672,-119.36093902587891,TULARE,UNINCORPORATED,-119.359066,36.545763999999998
91456443,2021,2021-04-22,9480,2021-04-14,0810,013914,,3,1,5,5407,0,1,3,,1,064,"STATE ROUTE 198 (WESTBOUND)","BRIDGE STREET",50.00,W,N,A,-,Y,,,198,,,,,,,Y,2,0,1,3,A,-,03,22350,,N,C,C,A,A,H,-,A,D,0,,,,,Y,,A,01,1,0,0,0,0,0,0,0,0,"- ","- ",36.326980590820312,-119.28919982910156,TULARE,VISALIA,-119.28919982910156,36.326908111572266
91475443,2021,2021-05-18,9480,2021-05-06,1652,019048,,4,2,9,5400,0,1,3,,1,044,SR-198,"HORSE CREEK",9504.00,W,N,A,-,Y,,,198,,,,,,,Y,2,0,1,1,A,-,08,22107,,N,F,A,A,A,H,-,A,D,0,,,Y,,Y,,C,02,1,0,0,0,0,0,0,0,1,"- ","- ",36.398899078369141,-118.97389221191406,TULARE,UNINCORPORATED,-118.97388458251953,36.398853302001953
91476023,2021,2021-05-18,9480,2021-05-05,1350,016995,,3,1,9,5400,0,3,5,,2,006,"ROAD 124","AVENUE 264",1584.00,N,N,A,-,N,,,,,,,,,,Y,2,0,2,2,A,-,08,22107,,N,D,C,A,A,H,-,A,A,0,,,,,Y,,A,01,2,0,0,0,0,0,0,0,0,"- ","- ",36.275760650634766,-119.29659271240234,TULARE,UNINCORPORATED,-119.29666900634766,36.274627685546875
91479790,2021,2021-05-27,9480,2021-05-08,2350,020612,,6,3,9,5400,0,3,5,,2,006,"STATE ROUTE 65","AVENUE 242",240.00,N,N,A,-,Y,,,65,,,,,,,Y,2,0,1,1,A,-,01,23152,A,N,E,I,A,A,H,-,D,D,0,,,,,Y,Y,A,01,1,0,0,0,0,0,0,0,0,"- ","- ",36.228870391845703,-119.13642883300781,TULARE,UNINCORPORATED,-119.13645935058594,36.228870391845703
91487366,2021,2021-06-02,9480,2021-05-17,1515,019697,,1,2,9,5400,0,1,3,,2,095,"SR-99 N/B","AVENUE 24",1584.00,S,N,A,-,Y,,,99,,,,,,N,Y,2,0,3,1,A,-,08,22107,,N,E,I,A,A,H,-,A,D,0,,,,,Y,,A,07,2,0,1,0,0,0,0,0,0,"- ","- ",35.828578948974609,-119.25904846191406,TULARE,UNINCORPORATED,-119.25909423828125,35.828567504882812
91488396,2021,2021-06-03,9480,2021-05-23,2000,019697,,7,2,4,5406,0,1,3,,2,093,"SR-99 N/B","PAIGE AVE.",2112.00,N,N,A,-,Y,,,99,,,,,,N,Y,2,0,1,1,A,-,01,23152,A,N,E,8,A,A,H,-,C,D,0,,,,,Y,Y,A,01,1,0,0,0,0,0,0,0,0,"- ","- ",36.188919067382812,-119.32826995849609,TULARE,TULARE,-119.32844543457031,36.188919067382812
91499867,2021,2021-06-17,9480,2021-02-28,0120,018421,,7,3,9,5400,0,3,5,,2,002,"SOUTH HILLS VALLEY ROAD","EAST RAILROAD AVENUE",42.00,S,N,A,-,N,,,,,,,,,,Y,1,1,2,1,A,-,01,23152,A,N,E,I,A,A,H,-,D,A,0,,,,,Y,Y,D,22,2,0,0,0,0,0,0,0,0,"- ","- ",36.617908477783203,-119.30474853515625,TULARE,UNINCORPORATED,-119.30484008789062,36.617893218994141
91505888,2021,2021-06-24,9481,2021-06-13,1818,019422,,7,2,9,5400,0,3,5,,2,020,"AVENUE 216","STRATHMORE ROAD (ROAD 228)",0.00,,Y,A,-,N,,,,,,,,,,Y,2,0,1,2,A,-,12,22450,A,F,D,C,A,A,H,-,A,A,0,,,,,Y,,A,07,1,0,0,0,0,0,0,0,0,"- ","- ",36.181770324707031,-119.06369781494141,TULARE,UNINCORPORATED,-119.06369781494141,36.181827545166016
91510220,2021,2021-06-30,9480,2021-06-20,1730,019697,,7,2,4,5406,0,1,3,,2,093,"SR-99 S/B TO BLACKSTONE ST.","BLACKSTONE ST.",528.00,E,N,A,-,Y,,,99,,,,R,,S,Y,2,0,1,1,A,-,08,22107,,N,F,A,A,A,H,-,A,D,0,,,Y,,Y,,C,02,1,0,0,0,0,0,0,0,1,"- ","- ",36.183368682861328,-119.3291015625,TULARE,TULARE,-119.3291015625,36.183368682861328
91518417,2021,2021-07-12,9480,2021-07-01,1835,020273,,4,2,9,5400,0,3,5,,2,006,"AVENUE 288","ROAD 168",3360.00,E,N,A,-,N,,,,,,,,,,Y,2,0,1,1,A,-,01,23152,A,N,E,I,A,A,H,-,A,D,0,,,,,Y,Y,A,01,1,0,0,0,0,0,0,0,0,"- ","- ",,,TULARE,UNINCORPORATED,-119.18675231933594,36.312110900878906
91519084,2021,2021-07-13,9480,2021-05-17,2040,017311,,1,2,9,5400,0,3,5,,2,002,"AVENUE 416  (E. EL MONTE WAY)","ROAD 125",144.00,W,N,A,-,N,,,,,,,,,,N,1,1,0,2,A,-,11,21956,A,N,G,B,E,A,H,-,D,D,0,Y,,,,Y,Y,N,60,0,0,0,1,0,0,0,0,0,"- ","- ",36.544898986816406,-119.29416656494141,TULARE,UNINCORPORATED,-119.294161,36.544822000000003
91523374,2021,2021-07-19,9480,2021-07-12,0915,017108,,1,1,9,5400,0,3,5,,2,006,"ROAD 128","AVENUE 48",416.00,N,N,A,-,N,,,,,,,,,,Y,2,0,2,1,A,-,08,22107,,N,E,I,A,A,H,-,A,D,0,,,,,Y,,A,01,1,1,0,0,0,0,0,0,0,"- ","- ",35.878501892089844,-119.285888671875,TULARE,UNINCORPORATED,,
91523590,2021,2021-07-19,9481,2021-07-14,1332,017894,,3,1,9,5400,0,1,3,,1,012,"STATE ROUTE 65","AVENUE 208",0.00,,Y,A,-,Y,,,65,,,,,,,Y,2,0,3,2,A,-,09,21801,A,N,D,C,A,A,H,-,A,A,0,,,,,Y,,A,01,1,0,2,0,0,0,0,0,0,"- ","- ",36.167221069335938,-119.08297729492188,TULARE,UNINCORPORATED,-119.08294677734375,36.167236328125
91524379,2021,2021-07-20,9480,2021-07-10,0210,020890,,6,3,9,5400,0,3,5,,2,006,"PROSPERITY AVENUE","MORRISON STREET",528.00,E,N,A,-,N,,,,,,,,,,Y,2,0,1,1,A,-,01,23152,A,N,E,J,A,A,H,-,D,D,0,,,,,Y,Y,A,01,1,0,0,0,0,0,0,0,0,"- ","- ",36.226158142089844,-119.30052947998047,TULARE,UNINCORPORATED,-119.30144500732422,36.226058959960938
91529067,2020,2021-07-26,9480,2020-08-22,0225,020450,,6,3,9,5400,0,1,3,,2,091,"STATE ROUTE 99 SOUTHBOUND","BETTY DRIVE",300.00,N,N,A,-,Y,,,99,,,,,,S,Y,2,0,2,3,A,-,01,23152,A,N,C,E,A,A,H,-,D,D,0,,,,,Y,Y,A,07,1,0,1,0,0,0,0,0,0,"- ","- ",36.351089477539062,-119.42733001708984,TULARE,UNINCORPORATED,-119.42729949951172,36.351104736328125
91529750,2021,2021-07-27,9480,2021-07-15,0453,018861,,4,3,9,5400,0,3,5,,2,005,"BORCHARDT DRIVE","AVENUE 54",30.00,N,N,A,-,N,,,,,,,,,,N,2,0,2,1,A,-,08,22107,,N,F,A,A,A,H,-,D,D,0,,,,,Y,,A,07,1,1,0,0,0,0,0,0,0,"- ","- ",35.887710571289062,-119.45320892333984,TULARE,UNINCORPORATED,-119.45388793945312,35.887577056884766
91535178,2021,2021-08-02,9480,2021-07-21,2112,019543,,3,2,9,5400,0,3,5,,2,002,"ROAD 120","AVE 424",528.00,S,N,A,-,N,,,,,,,,,,Y,2,0,1,2,A,-,03,22350,,N,D,C,A,A,H,-,D,D,0,,,,Y,Y,,G,25,1,0,0,0,0,0,0,0,0,"- ","- ",36.326190948486328,-119.34590911865234,TULARE,UNINCORPORATED,-119.30497741699219,36.557952880859375
91540264,2021,2021-08-09,9481,2021-07-30,0450,020784,,5,3,9,5400,0,3,5,,2,030,"AVENUE 56","ROAD 168",1050.00,E,N,A,-,N,,,,,,,,,,Y,2,0,2,2,A,-,01,23152,A,N,A,C,A,A,H,-,D,D,0,,,,,Y,Y,A,01,1,1,0,0,0,0,0,0,0,"- ","- ",35.891941070556641,-119.19461059570312,TULARE,UNINCORPORATED,-119.19365692138672,35.891941070556641
91545379,2021,2021-08-16,9480,2021-07-19,1015,019186,,1,1,9,5400,0,3,5,,2,003,"ROAD 112","AVENUE 144",0.00,,Y,A,-,N,,,,,,,,,,Y,2,0,1,2,A,-,01,23152,A,N,D,C,A,A,H,-,A,A,0,,,,Y,Y,Y,A,01,1,0,0,0,0,0,0,0,0,"- ","- ",36.051239013671875,-119.32193756103516,TULARE,UNINCORPORATED,-119.32194519042969,36.051235198974609
91545867,2021,2021-08-16,9480,2021-08-14,1720,019846,,6,2,9,5400,0,1,3,,1,025,"STATE ROUTE 245 (MILLWOOD DRIVE)","BOYD DR",159.00,S,N,B,-,Y,,,245,,,,,,,Y,2,0,3,2,A,-,01,23152,A,N,A,C,A,A,H,-,A,A,0,,,,,Y,Y,A,01,2,1,0,0,0,0,0,0,0,"- ","- ",36.566009521484375,-119.13359832763672,TULARE,UNINCORPORATED,-119.13358306884766,36.566001892089844
91548100,2021,2022-03-14,9480,2021-06-18,1544,019349,,5,2,9,5400,0,3,5,,2,003,"AVENUE 232","ROAD 48",374.00,E,N,A,-,N,,,,,,,,,,Y,1,1,1,2,A,-,08,22107,,N,A,D,A,A,H,-,A,D,0,,,,,Y,Y,A,01,0,1,0,0,0,0,0,0,0,"- ","- ",36.210609436035156,-119.46482086181641,TULARE,UNINCORPORATED,-119.46488189697266,36.210624694824219
91551417,2021,2021-08-23,9480,2021-08-06,1930,016995,,5,2,9,5400,0,1,3,,1,040,"STATE ROUTE 216","EDMISTON AVENUE",0.00,,Y,A,-,Y,,,216,,,,,,,N,2,0,1,2,A,-,05,21650,,N,A,G,A,A,H,-,A,A,0,,Y,,,Y,,L,04,1,0,0,0,0,0,1,0,0,"- ","- ",36.380939483642578,-119.21563720703125,TULARE,UNINCORPORATED,-119.21562957763672,36.380939483642578
91554270,2021,2021-08-25,9480,2021-08-15,2030,019846,,7,2,3,5401,0,3,5,,2,002,"AVENUE 416","ROAD 125",87.00,E,N,A,-,N,,,,,,,,,,N,2,0,1,2,A,-,11,21954,A,N,G,B,D,A,H,-,D,A,0,Y,,,,Y,,N,60,1,0,0,0,1,0,0,0,0,"- ","- ",36.544761657714844,-119.29331207275391,TULARE,DINUBA,-119.29336000000001,36.544806999999999