CASE_ID,ACCIDENT_YEAR,PROC_DATE,JURIS,COLLISION_DATE,COLLISION_TIME,OFFICER_ID,REPORTING_DISTRICT,DAY_OF_WEEK,CHP_SHIFT,POPULATION,CNTY_CITY_LOC,SPECIAL_COND,BEAT_TYPE,CHP_BEAT_TYPE,CITY_DIVISION_LAPD,CHP_BEAT_CLASS,BEAT_NUMBER,PRIMARY_RD,SECONDARY_RD,DISTANCE,DIRECTION,INTERSECTION,WEATHER_1,WEATHER_2,STATE_HWY_IND,CALTRANS_COUNTY,CALTRANS_DISTRICT,STATE_ROUTE,ROUTE_SUFFIX,POSTMILE_PREFIX,POSTMILE,LOCATION_TYPE,RAMP_INTERSECTION,SIDE_OF_HWY,TOW_AWAY,COLLISION_SEVERITY,NUMBER_KILLED,NUMBER_INJURED,PARTY_COUNT,PRIMARY_COLL_FACTOR,PCF_CODE_OF_VIOL,PCF_VIOL_CATEGORY,PCF_VIOLATION,PCF_VIOL_SUBSECTION,HIT_AND_RUN,TYPE_OF_COLLISION,MVIW,PED_ACTION,ROAD_SURFACE,ROAD_COND_1,ROAD_COND_2,LIGHTING,CONTROL_DEVICE,CHP_ROAD_TYPE,PEDESTRIAN_ACCIDENT,BICYCLE_ACCIDENT,MOTORCYCLE_ACCIDENT,TRUCK_ACCIDENT,NOT_PRIVATE_PROPERTY,ALCOHOL_INVOLVED,STWD_VEHTYPE_AT_FAULT,CHP_VEHTYPE_AT_FAULT,COUNT_SEVERE_INJ,COUNT_VISIBLE_INJ,COUNT_COMPLAINT_PAIN,COUNT_PED_KILLED,COUNT_PED_INJURED,COUNT_BICYCLIST_KILLED,COUNT_BICYCLIST_INJURED,COUNT_MC_KILLED,COUNT_MC_INJURED,PRIMARY_RAMP,SECONDARY_RAMP,LATITUDE,LONGITUDE,COUNTY,CITY,POINT_X,POINT_Y
91554954,2021,2021-08-26,9480,2021-08-18,1952,019349,,3,2,9,5400,0,3,5,,2,006,"WATER AVENUE","ROAD 148",792.00,E,N,A,-,N,,,,,,,,,,N,2,0,1,1,A,-,08,22107,,N,F,A,A,A,H,-,D,D,0,,,Y,,Y,,C,02,1,0,0,0,0,0,0,0,1,"- ","- ",36.288200378417969,-119.24022674560547,TULARE,UNINCORPORATED,-119.24027252197266,36.288204193115234
91558652,2021,2021-08-30,9480,2021-08-09,1220,019186,,1,1,9,5400,0,3,5,,2,003,"ROAD 68","AVENUE 236",436.00,N,N,A,-,N,,,,,,,,,,N,2,0,3,2,A,-,08,22107,,N,A,C,A,A,H,-,A,D,0,,,,,Y,,A,01,3,0,0,0,0,0,0,0,0,"- ","- ",36.219581604003906,-119.42108154296875,TULARE,UNINCORPORATED,-119.42106628417969,36.219245910644531
91561676,2021,2021-09-02,9435,2021-08-24,0504,018421,,2,3,9,5400,0,3,5,,2,060,"ROAD 120 (HILLS VALLEY ROAD)","AVENUE 448",1267.00,S,N,A,-,N,,,,,,,,,,Y,2,0,2,2,A,-,05,21650,,N,A,C,A,A,H,-,D,A,0,,,,,Y,,A,01,1,1,0,0,0,0,0,0,0,"- ","- ",36.599231719970703,-119.30490112304688,TULARE,UNINCORPORATED,-119.30492401123047,36.599224090576172
91566343,2021,2021-09-09,9480,2021-08-30,2000,018421,,1,2,9,5400,0,3,5,,2,002,"ROAD 108","AVENUE 336",1310.00,N,N,A,-,N,,,,,,,,,,Y,2,0,1,1,A,-,01,23152,A,N,E,I,A,A,H,-,D,A,0,,,,,Y,Y,A,01,1,0,0,0,0,0,0,0,0,"- ","- ",36.403579711914062,-119.33216857910156,TULARE,UNINCORPORATED,,
91570248,2021,2021-09-14,9480,2021-09-04,1328,019543,,6,1,9,5400,0,3,5,,2,002,"ROAD 108","AVENUE 384",0.00,,Y,A,-,N,,,,,,,,,,Y,2,0,2,1,A,-,01,23152,A,M,E,I,A,A,H,-,A,A,0,,,,,Y,Y,A,01,1,0,1,0,0,0,0,0,0,"- ","- ",36.487178802490234,-119.33071899414062,TULARE,UNINCORPORATED,-119.33082580566406,36.487171173095703
91572200,2021,2021-09-16,9481,2021-08-22,1805,021227,,7,2,9,5400,0,3,5,,2,030,"ROAD 192","AVENUE 132",1056.00,S,N,A,-,N,,,,,,,,,,Y,2,0,1,1,A,-,01,23152,A,N,E,I,A,A,H,-,A,D,0,,,,,Y,Y,D,22,1,0,0,0,0,0,0,0,0,"- ","- ",36.028450012207031,-119.14398193359375,TULARE,UNINCORPORATED,-119.14352416992188,36.026901245117188
91573156,2021,2021-09-17,9480,2021-04-26,0750,019186,,1,1,9,5400,0,1,3,,1,051,"STATE ROUTE 43 (CENTRAL VALLEY HIGHWAY)","AVENUE 108",3802.00,S,N,A,-,Y,,,43,,,,,,,Y,1,1,1,3,A,-,08,22107,,N,B,C,A,A,H,-,A,D,0,,,,Y,Y,,A,01,1,0,0,0,0,0,0,0,0,"- ","- ",35.975730895996094,-119.46690368652344,TULARE,UNINCORPORATED,-119.46689605712891,35.975730895996094
91576968,2021,2021-09-22,9481,2021-09-09,1905,018029,,4,2,9,5400,0,2,4,,1,031,"ROAD 236","AVENUE 68",2112.00,N,N,B,-,N,,,,,,,,,,Y,2,0,3,2,A,-,05,21460,A,N,A,C,A,A,H,-,B,D,0,,,,,Y,,A,01,2,1,0,0,0,0,0,0,0,"- ","- ",35.919158935546875,-119.04486083984375,TULARE,UNINCORPORATED,-119.04492950439453,35.919235229492188
91577630,2021,2021-09-23,9480,2021-03-20,0455,017452,,6,3,9,5400,0,3,5,,2,003,"AVENUE 232","ROAD 68",105.00,W,N,B,-,N,,,,,,,,,,Y,2,0,2,2,A,-,01,23152,A,N,C,C,A,B,H,-,C,A,0,,,,Y,Y,Y,A,01,2,0,0,0,0,0,0,0,0,"- ","- ",36.210609436035156,-119.42108154296875,TULARE,UNINCORPORATED,-119.42146301269531,36.210811614990234
91583028,2021,2022-03-14,9480,2021-08-29,0205,020612,,7,3,9,5400,0,1,3,,2,093,"STATE ROUTE 99 SOUTHBOUND","K STREET",2798.00,S,N,A,-,Y,,,99,,,,,,S,Y,1,1,1,2,A,-,03,22350,,N,C,C,A,A,H,-,D,D,0,,,,,Y,,A,01,0,0,1,0,0,0,0,0,0,"- ","- ",36.143688201904297,-119.32901763916016,TULARE,UNINCORPORATED,-119.32895660400391,36.143711090087891
91589449,2021,2021-10-06,9480,2021-09-29,1822,019349,,3,2,9,5400,0,3,5,,2,006,"AVENUE 280","ROAD 156",377.00,E,N,A,-,N,,,,,,,,,,Y,2,0,1,2,A,-,03,22350,,N,C,C,A,A,H,-,A,A,0,,,,,Y,,D,22,1,0,0,0,0,0,0,0,0,"- ","- ",36.297100067138672,-119.22354888916016,TULARE,UNINCORPORATED,-119.22360992431641,36.297870635986328
91590791,2021,2021-10-07,9481,2021-10-01,1115,019162,,5,1,9,5400,0,1,3,,1,054,"STATE ROUTE 190","MOUNTAIN ROAD 189A (RIO VISTA DRIVE)",5808.00,E,N,B,-,Y,,,190,,,,,,,Y,2,0,1,1,A,-,03,22350,,N,E,I,A,A,H,-,A,A,0,,,Y,,Y,,C,02,1,0,0,0,0,0,0,0,1,"- ","- ",36.144748687744141,-118.76258087158203,TULARE,UNINCORPORATED,-118.76258087158203,36.144748687744141
91615896,2021,2021-11-04,9480,2021-10-21,0230,018861,,4,3,9,5400,0,1,3,,2,091,"STATE ROUTE 99 (N/B)","MERRITT DRIVE",4382.00,N,N,A,-,Y,,,99,,,,,,,Y,2,0,2,2,A,-,03,22350,,F,C,C,A,A,H,-,D,D,0,,,,Y,Y,,A,01,2,0,0,0,0,0,0,0,0,"- ","- ",36.463729858398438,-119.49542999267578,TULARE,UNINCORPORATED,-119.49541473388672,36.463741302490234
91631626,2021,2021-11-22,9481,2021-11-16,0930,015218,,2,1,9,5400,0,3,5,,2,030,"RICHGROVE DRIVE","AVENUE 24",2640.00,S,N,B,-,N,,,,,,,,,,Y,2,0,1,2,A,-,08,22107,,N,B,C,A,A,H,-,A,D,0,,,,Y,Y,,A,01,1,0,0,0,0,0,0,0,0,"- ","- ",35.823898315429688,-119.09420776367188,TULARE,UNINCORPORATED,-119.09183502197266,35.827678680419922
91634088,2021,2021-11-24,9480,2021-11-22,0120,020060,,1,3,9,5400,0,1,3,,2,091,"STATE ROUTE 99 N/B","MERRITT DRIVE",3696.00,N,N,E,-,Y,,,99,,,,,,N,Y,2,0,2,1,A,-,08,22107,,N,E,I,A,B,H,-,D,D,0,,,,,Y,,A,01,1,1,0,0,0,0,0,0,0,"- ","- ",36.462268829345703,-119.49465179443359,TULARE,UNINCORPORATED,-119.4945068359375,36.462356567382812
91637394,2021,2021-11-29,9480,2021-11-14,0745,019427,,7,1,9,5400,0,3,5,,2,005,"STATE ROUTE 43","AVENUE 56",0.00,,Y,E,-,Y,,,43,,,,,,,Y,2,0,3,2,A,-,03,22350,,N,D,C,A,B,H,-,A,A,0,,,,,Y,,A,07,2,1,0,0,0,0,0,0,0,"- ","- ",35.891380310058594,-119.40534210205078,TULARE,UNINCORPORATED,-119.40534973144531,35.891372680664062
91640759,2021,2021-12-02,9481,2021-11-28,0710,018595,,7,1,9,5400,0,3,5,,2,050,"INDIANA STREET","CRAWFORD AVENUE",250.00,S,N,A,-,N,,,,,,,,,,Y,2,0,2,2,A,-,08,22107,,N,E,I,A,A,H,-,A,D,0,,,,,Y,,A,01,1,1,0,0,0,0,0,0,0,"- ","- ",36.030570983886719,-119.03556060791016,TULARE,UNINCORPORATED,-119.03547668457031,36.030612945556641
9164281,2020,2020-11-12,5404,2020-09-15,0101,680,,2,5,2,5404,0,0,0,,0,,HERMOSA,"N EASTWOOD",192.00,E,N,A,-,N,,,,,,,,,,Y,2,0,1,1,A,-,03,22350,,N,H,I,A,A,H,-,C,D,0,,,Y,,Y,,C,02,1,0,0,0,0,0,0,0,1,"- ","- ",,,TULARE,LINDSAY,-119.09556579589844,36.203510284423828
91644901,2021,2021-12-07,9480,2021-11-25,2007,019349,,4,2,9,5400,0,1,3,,1,064,"STATE ROUTE 198","ROAD 180",2059.00,W,N,A,-,Y,,,198,,,,,,,Y,2,0,1,2,A,-,03,22350,,N,C,C,A,A,H,-,A,D,0,,,,,Y,,A,07,1,0,0,0,0,0,0,0,0,"- ","- ",36.326560974121094,-119.17788696289062,TULARE,UNINCORPORATED,-119.17788696289062,36.326587677001953
91650029,2021,2021-12-13,9480,2021-11-28,1022,019846,,7,1,9,5400,0,1,3,,2,093,"SR-99 S/B","AVENUE 280",1400.00,S,N,A,-,Y,,,99,,,,,,S,Y,2,0,2,1,A,-,08,22107,,N,F,A,A,A,H,-,A,D,0,,,,,Y,,A,01,2,0,0,0,0,0,0,0,0,"- ","- ",36.294540405273438,-119.38311004638672,TULARE,UNINCORPORATED,-119.38301086425781,36.294586181640625
91654366,2021,2021-12-16,9480,2021-06-26,1315,019186,,6,1,9,5400,0,1,3,,2,093,"STATE ROUTE 99 NORTHBOUND FROM J"" STREET""","DRIVE 92B",3960.00,S,N,A,-,Y,,,99,,,,R,,N,Y,1,1,0,1,A,-,08,22107,,N,F,A,A,A,H,-,A,D,0,,,Y,,Y,,C,02,0,0,0,0,0,0,0,1,0,"- ","- ",36.259120941162109,-119.35955810546875,TULARE,UNINCORPORATED,-119.35955810546875,36.259120941162109
91657665,2021,2021-12-21,9481,2021-12-19,0548,020672,,7,3,9,5400,0,1,3,,1,032,SR-190,"ROAD 200",200.00,W,N,E,-,Y,,,190,,,,,,,N,2,0,1,2,A,-,11,21954,A,N,G,B,E,A,H,-,D,D,0,Y,,,Y,Y,,N,60,1,0,0,0,1,0,0,0,0,"- ","- ",36.051200866699219,-119.12608337402344,TULARE,UNINCORPORATED,-119.12608337402344,36.051231384277344
91658731,2021,2021-12-22,9480,2021-12-11,1805,019846,,6,2,9,5400,0,3,5,,2,004,"AVENUE 328","ROAD 127",110.00,E,N,B,-,N,,,,,,,,,,Y,2,0,1,3,A,-,03,22350,,N,C,C,A,A,H,-,C,D,0,,,,,Y,,A,01,1,0,0,0,0,0,0,0,0,"- ","- ",36.385570526123047,-119.28971862792969,TULARE,UNINCORPORATED,-119.28972625732422,36.385543823242188
91660466,2021,2021-12-23,9481,2021-11-30,0925,015290,,2,1,9,5400,0,3,5,,2,020,"AVENUE 204","ROAD 232",0.00,,Y,A,-,N,,,,,,,,,,Y,1,2,1,2,A,-,12,22450,A,N,D,C,A,A,H,-,A,A,0,,,,Y,Y,,A,01,0,0,1,0,0,0,0,0,0,"- ","- ",36.159980773925781,-119.05410003662109,TULARE,UNINCORPORATED,-119.05417633056641,36.160037994384766
91665097,2021,2021-12-29,9480,2021-11-27,1711,019543,,6,2,9,5400,0,1,3,,1,021,"STATE ROUTE 63 (ROAD 128)","OROSI DRIVE",98.00,S,N,A,-,Y,,,63,,,,,,,N,1,1,0,2,A,-,11,21954,A,N,G,B,D,A,H,-,C,D,0,Y,,,,Y,,N,60,0,0,0,1,0,0,0,0,0,"- ","- ",36.526008605957031,-119.2867431640625,TULARE,UNINCORPORATED,-119.286865234375,36.526008605957031
91665168,2021,2022-02-28,9480,2021-12-20,2350,020060,,1,3,9,5400,0,3,5,,2,005,"AVENUE 54","BORCHARDT STREET",13.00,E,N,A,-,N,,,,,,,,,,Y,2,0,1,1,A,-,01,23152,A,N,E,I,A,A,H,-,D,D,0,,,,,Y,Y,D,22,1,0,0,0,0,0,0,0,0,"- ","- ",35.887619018554688,-119.45330810546875,TULARE,UNINCORPORATED,-119.45394897460938,35.887557983398438
91673369,2021,2022-01-07,9480,2021-12-22,0040,018421,,3,3,9,5400,0,3,5,,2,006,"AVENUE 280","ROAD 156",0.00,,Y,A,-,N,,,,,,,,,,Y,2,0,1,1,A,-,01,23152,A,M,E,I,A,A,H,-,C,D,0,,,,,Y,Y,A,01,1,0,0,0,0,0,0,0,0,"- ","- ",36.29779052734375,-119.22502136230469,TULARE,UNINCORPORATED,-119.22489166259766,36.297874450683594
91693709,2021,2022-02-04,9480,2021-12-08,1830,019647,,3,2,9,5400,0,3,5,,2,005,"CHURCH ROAD","MARTIN AVENUE",56.00,N,N,A,-,N,,,,,,,,,,Y,1,1,1,2,A,-,01,23152,A,N,C,E,A,A,H,-,D,D,0,,,,Y,Y,Y,A,01,0,1,0,0,0,0,0,0,0,"- ","- ",35.886970520019531,-119.26806640625,TULARE,UNINCORPORATED,-119.26815032958984,35.886993408203125
91714384,2022,2022-04-07,9480,2022-02-13,1914,020060,,7,2,5,5407,0,1,3,,1,064,"STATE ROUTE 198 WESTBOUND","SANTA FE STREET",11.00,W,N,A,-,Y,TUL,,198,,R,10.207,H,,L,Y,1,1,2,2,A,-,11,21954,A,N,G,B,D,A,H,-,D,D,0,Y,,,,Y,,N,60,0,2,0,1,0,0,0,0,0,"- ","- ",36.327018737792969,-119.28795623779297,TULARE,VISALIA,-119.28795623779297,36.326999664306641
91714777,2022,2022-03-03,9480,2022-02-18,1608,021044,,5,2,9,5400,0,3,5,,2,006,"AVENUE 256","HYPERICUM ST",60.00,W,N,A,-,N,,,,,,,,,,N,2,0,1,2,A,-,08,22107,,N,D,G,A,A,H,-,A,D,0,,Y,,,Y,,L,04,1,0,0,0,0,0,1,0,0,"- ","- ",36.254261016845703,-119.21719360351562,TULARE,UNINCORPORATED,-119.21680450439453,36.254302978515625
91718975,2022,2022-03-09,9480,2022-03-04,0435,021175,,5,3,9,5400,0,1,3,,2,095,"STATE ROUTE 99 S/B","AVENUE 96",1056.00,S,N,A,-,Y,TUL,,99,,,12.101,H,,L,Y,2,0,1,1,A,-,08,22107,,N,F,I,A,B,H,-,D,D,0,,,,Y,Y,,G,25,1,0,0,0,0,0,0,0,0,"- ","- ",35.961521148681641,-119.29074859619141,TULARE,UNINCORPORATED,-119.29068756103516,35.961513519287109
91720681,2022,2022-03-11,9480,2022-03-07,1545,019048,,1,2,9,5400,0,3,5,,2,004,"ROAD 196","AVENUE 300",25.00,S,N,A,-,N,,,,,,,,,,Y,2,0,2,2,A,-,03,22350,,N,C,C,A,A,H,-,A,D,0,,,,,Y,,-,33,1,1,0,0,0,0,0,0,0,"- ","- ",36.333259582519531,-119.13490295410156,TULARE,UNINCORPORATED,-119.13468933105469,36.333221435546875
91727985,2022,2022-03-21,9480,2022-03-04,1550,021159,,5,2,9,5400,0,1,3,,2,093,"SR 99 NORTHBOUND TO SR 198","RT 198",528.00,S,N,C,-,Y,,,,,,,,,,Y,2,0,1,1,A,-,08,22107,,N,F,I,A,B,H,-,A,D,0,,,,,Y,,A,01,1,0,0,0,0,0,0,0,0,"- ","- ",36.325199127197266,-119.40280914306641,TULARE,UNINCORPORATED,-119.40280914306641,36.325199127197266
91730679,2022,2022-03-24,9480,2022-03-05,0333,019828,,6,3,9,5400,0,1,3,,1,060,SR-137,"RD. 168",528.00,E,N,B,-,Y,TUL,,137,,,24.031,H,,R,Y,2,0,2,2,A,-,01,23152,A,N,A,C,A,B,H,-,D,D,0,,,,,Y,Y,A,01,1,0,1,0,0,0,0,0,0,"- ","- ",36.210731506347656,-119.19644927978516,TULARE,UNINCORPORATED,-119.19644927978516,36.210739135742188
9174173,2020,2021-02-01,5407,2020-11-06,1706,A337,480,5,5,5,5407,0,0,0,,0,O26,"N BEN MADDOX","E CENTER",0.00,,Y,A,-,N,,,,,,,,,,Y,2,0,1,2,A,-,09,21801,,N,D,D,A,A,H,-,C,D,0,,,Y,,Y,Y,A,01,1,0,0,0,0,0,0,0,1,"- ","- ",,,TULARE,VISALIA,-119.27871704101562,36.331111907958984
91746417,2022,2022-04-12,9481,2022-04-11,1609,021234,,1,2,9,5400,0,3,5,,2,050,"ALTA VISTA STREET","CRABTREE AVENUE",0.00,,Y,A,-,N,,,,,,,,,,N,2,0,2,2,A,-,12,22450,A,N,D,C,A,A,H,-,A,A,0,,,Y,,Y,,C,06,1,0,1,0,0,0,0,0,1,"- ","- ",36.058700561523438,-118.97055053710938,TULARE,UNINCORPORATED,-118.97053527832031,36.058670043945312
91749941,2022,2022-04-18,9480,2022-04-06,1812,019427,,3,2,9,5400,0,3,5,,2,006,"ROAD 148","AVENUE 280",0.00,,Y,A,-,N,,,,,,,,,,N,2,0,4,3,A,-,01,23152,A,N,D,F,A,A,H,-,A,A,0,,,,,Y,Y,A,07,1,1,2,0,0,0,0,0,0,"- ","- ",36.298168182373047,-119.24308013916016,TULARE,UNINCORPORATED,-119.24301147460938,36.298179626464844
91750309,2022,2022-04-18,9480,2022-04-06,1815,019349,,3,2,9,5400,0,1,3,,1,030,"INYO AVENUE","PALM STREET",1848.00,E,N,A,-,N,,,,,,,,,,Y,2,0,1,1,C,-,18,,,N,H,H,A,A,H,-,B,D,0,,,Y,,Y,,-,"- ",1,0,0,0,0,0,0,0,1,"- ","- ",36.203399658203125,-119.39573669433594,TULARE,UNINCORPORATED,-119.39585113525391,36.203411102294922
9176383,2020,2021-01-07,5406,2020-10-05,1904,37,5406,1,5,4,5406,0,0,0,,0,0AO,MOONEY,KERN,0.00,,Y,A,-,N,,,,,,,,,,N,2,0,1,1,D,-,00,,,F,B,G,A,A,H,-,C,D,0,,Y,,,Y,,-,"- ",1,0,0,0,0,0,1,0,0,"- ","- ",,,TULARE,TULARE,-119.31311798095703,36.207630157470703
91766442,2022,2022-05-06,9480,2022-04-24,0542,019427,,7,3,9,5400,0,1,3,,1,051,"STATE ROUTE 43","AVENUE 56",350.00,S,N,A,-,Y,TUL,,43,,,7.686,H,,R,Y,2,0,3,2,A,-,05,21650,,N,B,C,A,A,H,-,B,D,0,,,,Y,Y,,G,25,1,0,2,0,0,0,0,0,0,"- ","- ",35.890480041503906,-119.40470886230469,TULARE,UNINCORPORATED,-119.40469360351562,35.890487670898438
91776995,2022,2022-06-01,9480,2022-05-12,0742,016046,,4,1,5,5407,0,1,3,,1,064,"STATE ROUTE 198 (WESTBOUND)","WATSON STREET",350.00,W,N,A,-,Y,TUL,,198,,R,9.669,H,,R,Y,2,0,4,7,A,-,03,22350,,N,C,C,A,B,H,-,A,A,0,,,,,Y,,A,01,1,0,3,0,0,0,0,0,0,"- ","- ",36.326980590820312,-119.29763793945312,TULARE,VISALIA,-119.29763793945312,36.32684326171875
91781239,2022,2022-05-26,9480,2022-05-20,1510,020837,,5,2,9,5400,0,1,3,,1,065,"STATE ROUTE 65","AVENUE 295",500.00,S,N,A,-,Y,TUL,,65,,,39.415,H,,R,Y,2,0,1,1,A,-,03,22350,,N,F,A,A,A,H,-,A,D,0,,,Y,,Y,,C,02,1,0,0,0,0,0,0,0,1,"- ","- ",36.323848724365234,-119.13494873046875,TULARE,UNINCORPORATED,-119.13497161865234,36.323848724365234
91784172,2022,2022-05-30,9481,2022-05-17,1815,018029,,2,2,4,5405,0,1,3,,1,012,SR-65,"MORTON AVENUE",75.00,S,N,A,-,Y,TUL,,65,,R,19.630,H,,L,Y,2,0,1,1,A,-,08,22107,,M,F,0,A,A,H,-,A,D,0,,,,,Y,,A,01,1,0,0,0,0,0,0,0,0,"- ","- ",36.072959899902344,-119.03988647460938,TULARE,PORTERVILLE,-119.03981781005859,36.072959899902344
91788998,2022,2022-06-06,9480,2022-05-30,2305,020612,,1,3,9,5400,0,1,3,,1,064,"STATE ROUTE 198 EASTBOUND","ROAD 180 (ANDERSON)",63.00,E,N,A,-,Y,TUL,,198,,R,16.779,H,,R,N,2,0,1,1,A,-,01,23152,A,N,E,I,A,A,H,-,D,D,0,,,,,Y,Y,A,08,1,0,0,0,0,0,0,0,0,"- ","- ",36.326278686523438,-119.17043304443359,TULARE,UNINCORPORATED,-119.17042541503906,36.326461791992188
91789065,2022,2022-08-31,9481,2022-06-01,1413,018113,,3,2,9,5400,0,3,5,,2,050,"S PLANO STREET","SCRANTON AVENUE",1003.00,S,N,A,-,N,,,,,,,,,,Y,1,1,0,2,A,-,08,22107,,N,D,C,A,A,H,-,A,D,0,,,,Y,Y,,A,07,0,0,0,0,0,0,0,0,0,"- ","- ",36.034049987792969,-119.00849914550781,TULARE,UNINCORPORATED,-119.00852966308594,36.034076690673828
91809212,2022,2022-07-07,9480,2022-06-28,0510,020060,,2,3,9,5400,0,1,3,,1,030,"STATE ROUTE 63 (ROAD 124)","AVENUE 326",57.00,N,N,A,-,Y,TUL,,63,,,11.868,H,,R,N,1,1,0,2,A,-,03,22350,,F,G,B,E,A,H,-,D,D,0,Y,,,,Y,,-,99,0,0,0,1,0,0,0,0,0,"- ","- ",36.381759643554688,-119.29680633544922,TULARE,UNINCORPORATED,-119.29686737060547,36.381759643554688
91812742,2022,2022-08-05,9480,2022-07-05,0530,016233,,2,3,9,5400,0,3,5,,2,002,"AVE 408","RD 112",0.00,,Y,A,-,N,,,,,,,,,,Y,2,0,4,2,A,-,08,22107,,N,A,C,A,A,A,-,A,D,0,,,,,Y,,A,01,1,0,3,0,0,0,0,0,0,"- ","- ",36.530601501464844,-119.32267761230469,TULARE,UNINCORPORATED,-119.32257843017578,36.530586242675781
91815179,2022,2023-03-22,9480,2022-06-25,0223,018861,,6,3,9,5400,0,3,5,,2,001,"AVENUE 416","ROAD 48",768.00,W,N,A,-,N,,,,,,,,,,N,2,0,1,2,A,-,03,22350,,F,C,C,A,A,H,-,D,D,0,,,Y,,Y,,A,01,1,0,0,0,0,0,0,0,1,"- ","- ",36.546428680419922,-119.46932983398438,TULARE,UNINCORPORATED,-119.46939849853516,36.546451568603516
91823983,2022,2022-07-25,9480,2022-07-15,2240,020450,,5,3,9,5400,0,1,3,,2,095,"SR-99 S/B","AVENUE 24",1056.00,S,N,A,-,Y,TUL,,99,,,2.861,H,,L,N,2,0,1,1,A,-,01,23152,A,N,F,A,A,A,H,-,D,D,0,,,,,Y,Y,D,22,1,0,0,0,0,0,0,0,0,"- ","- ",35.830951690673828,-119.25990295410156,TULARE,UNINCORPORATED,-119.2598876953125,35.830951690673828
91825897,2022,2022-07-27,9480,2022-07-16,1915,020612,,6,2,9,5400,0,3,5,,2,004,"ROAD 166",UNKNOWN,0.00,S,N,A,-,N,,,,,,,,,,N,2,0,1,1,A,-,08,22107,,N,F,A,A,A,H,-,A,D,0,,,Y,,Y,,C,02,1,0,0,0,0,0,0,0,1,"- ","- ",36.325889587402344,-119.34613037109375,TULARE,UNINCORPORATED,,
91830114,2022,2022-10-13,9480,2022-07-15,1935,019846,,5,2,9,5400,0,1,3,,2,093,"STATE ROUTE 99 SOUTHBOUND","ROAD 92B",3907.00,N,N,A,-,Y,TUL,,99,,,34.696,H,,L,Y,1,1,0,2,A,-,08,22107,,N,C,C,A,A,H,-,A,D,0,,,,,Y,,D,22,0,0,0,0,0,0,0,0,0,"- ","- ",36.275920867919922,-119.37090301513672,TULARE,UNINCORPORATED,-119.37088012695312,36.275928497314453
91831511,2022,2022-08-02,9480,2022-03-25,1807,021044,,5,2,9,5400,0,3,5,,2,003,"STATE ROUTE 190 (POPLAR AVENUE, AVENUE 144)","BURNETT ROAD",0.00,,Y,A,-,Y,,,,,,,,,,Y,1,1,0,2,A,-,12,22450,A,N,D,D,A,A,H,-,A,A,0,,,Y,Y,Y,,G,25,0,0,0,0,0,0,0,1,0,"- ","- ",36.051280975341797,-119.31263732910156,TULARE,UNINCORPORATED,-119.31268310546875,36.051273345947266
91831581,2022,2022-08-02,9480,2022-07-22,1240,019697,,5,1,9,5400,0,1,3,,2,095,"SR-99 N/B","AVENUE 152",2112.00,S,N,A,-,Y,TUL,,99,,,19.064,H,,R,Y,2,0,2,1,A,-,08,22107,,N,E,I,A,A,H,-,A,D,0,,,,,Y,,A,01,1,1,0,0,0,0,0,0,0,"- ","- ",36.060420989990234,-119.31214904785156,TULARE,UNINCORPORATED,-119.31224822998047,36.060401916503906
91833362,2022,2022-08-04,9480,2022-07-25,2032,019543,,1,2,9,5400,0,3,5,,2,002,"AVE 328",SR-63,0.00,,Y,A,-,N,,,,,,,,,,Y,2,0,1,2,D,-,00,,,N,A,C,A,A,H,-,C,A,0,,,,,Y,,-,"- ",1,0,0,0,0,0,0,0,0,"- ","- ",36.385528564453125,-119.29647827148438,TULARE,UNINCORPORATED,-119.29674530029297,36.385524749755859
91843513,2022,2022-08-18,9481,2022-07-21,0550,018595,,4,3,9,5400,0,3,5,,2,030,"RICHGROVE DRIVE","AVENUE 24",1584.00,N,N,A,-,N,,,,,,,,,,Y,1,1,0,1,A,-,08,22107,,N,F,A,A,A,H,-,B,D,0,,,,,Y,,A,01,0,0,0,0,0,0,0,0,0,"- ","- ",35.838058471679688,-119.08541107177734,TULARE,UNINCORPORATED,-119.08542633056641,35.838027954101562
91844225,2022,2022-08-19,9480,2022-08-06,2357,021370,,6,3,9,5400,0,1,3,,2,095,"STATE ROUTE 99 NORTHBOUND","AVENUE 48",1584.00,S,N,A,-,Y,TUL,,99,,,5.851,H,,R,Y,2,0,7,2,A,-,01,23152,A,N,A,C,A,A,H,-,C,D,0,,,,,Y,Y,A,07,1,6,0,0,0,0,0,0,0,"- ","- ",35.873130798339844,-119.27043914794922,TULARE,UNINCORPORATED,-119.27047729492188,35.873130798339844