CASE_ID,ACCIDENT_YEAR,PROC_DATE,JURIS,COLLISION_DATE,COLLISION_TIME,OFFICER_ID,REPORTING_DISTRICT,DAY_OF_WEEK,CHP_SHIFT,POPULATION,CNTY_CITY_LOC,SPECIAL_COND,BEAT_TYPE,CHP_BEAT_TYPE,CITY_DIVISION_LAPD,CHP_BEAT_CLASS,BEAT_NUMBER,PRIMARY_RD,SECONDARY_RD,DISTANCE,DIRECTION,INTERSECTION,WEATHER_1,WEATHER_2,STATE_HWY_IND,CALTRANS_COUNTY,CALTRANS_DISTRICT,STATE_ROUTE,ROUTE_SUFFIX,POSTMILE_PREFIX,POSTMILE,LOCATION_TYPE,RAMP_INTERSECTION,SIDE_OF_HWY,TOW_AWAY,COLLISION_SEVERITY,NUMBER_KILLED,NUMBER_INJURED,PARTY_COUNT,PRIMARY_COLL_FACTOR,PCF_CODE_OF_VIOL,PCF_VIOL_CATEGORY,PCF_VIOLATION,PCF_VIOL_SUBSECTION,HIT_AND_RUN,TYPE_OF_COLLISION,MVIW,PED_ACTION,ROAD_SURFACE,ROAD_COND_1,ROAD_COND_2,LIGHTING,CONTROL_DEVICE,CHP_ROAD_TYPE,PEDESTRIAN_ACCIDENT,BICYCLE_ACCIDENT,MOTORCYCLE_ACCIDENT,TRUCK_ACCIDENT,NOT_PRIVATE_PROPERTY,ALCOHOL_INVOLVED,STWD_VEHTYPE_AT_FAULT,CHP_VEHTYPE_AT_FAULT,COUNT_SEVERE_INJ,COUNT_VISIBLE_INJ,COUNT_COMPLAINT_PAIN,COUNT_PED_KILLED,COUNT_PED_INJURED,COUNT_BICYCLIST_KILLED,COUNT_BICYCLIST_INJURED,COUNT_MC_KILLED,COUNT_MC_INJURED,PRIMARY_RAMP,SECONDARY_RAMP,LATITUDE,LONGITUDE,COUNTY,CITY,POINT_X,POINT_Y
91846860,2022,2022-08-23,9480,2022-08-11,1440,016995,,4,2,9,5400,0,3,5,,2,002,"AVENUE 416","ROAD 136",540.00,E,N,A,-,N,,,,,,,,,,N,2,0,1,2,A,-,08,22107,,N,D,C,A,A,H,-,A,D,0,,,Y,,Y,,A,01,1,0,0,0,0,0,0,0,1,"- ","- ",36.544528961181641,-119.26703643798828,TULARE,UNINCORPORATED,-119.26708984375,36.544456481933594
91858728,2022,2022-09-07,9481,2022-09-05,0001,018830,,1,3,9,5400,0,2,4,,1,031,"N. PLANO ST","E. REID AVE",1056.00,S,N,A,-,N,,,,,,,,,,Y,2,0,1,1,A,-,08,22107,,N,E,I,A,A,H,-,D,D,0,,,,,Y,,A,07,1,0,0,0,0,0,0,0,0,"- ","- ",36.094520568847656,-119.00872039794922,TULARE,UNINCORPORATED,-119.00875854492188,36.093601226806641
91869148,2022,2022-09-20,9480,2022-04-04,0600,019186,,1,1,9,5400,0,3,5,,2,005,"ROAD 104","AVENUE 72",2000.00,N,N,A,-,N,,,,,,,,,,Y,1,1,1,1,A,-,08,22107,,N,E,I,A,A,H,-,B,D,0,,,,,Y,,A,01,0,1,0,0,0,0,0,0,0,"- ","- ",35.926479339599609,-119.33995056152344,TULARE,UNINCORPORATED,-119.33990478515625,35.926300048828125
91881483,2022,2022-10-04,9480,2022-09-28,2145,018484,,3,2,9,5400,0,3,5,,2,004,"ROAD 168","AVENUE 324",1320.00,S,N,A,-,N,,,,,,,,,,Y,2,0,1,1,A,-,08,22107,,N,E,I,A,A,H,-,D,D,0,,,,,Y,,A,01,1,0,0,0,0,0,0,0,0,"- ","- ",36.374179840087891,-119.19808959960938,TULARE,UNINCORPORATED,-119.19792938232422,36.374038696289062
91891352,2022,2022-10-17,9481,2022-09-10,2110,020238,,6,2,9,5400,0,2,4,,1,051,"EAST SPRINGVILLE AVENUE","SOUTH CONNER STREET",6.00,W,N,C,-,N,,,,,,,,,,N,1,1,0,2,A,-,11,21954,A,N,G,B,D,B,H,-,C,D,0,Y,,,,Y,,N,60,0,0,0,1,0,0,0,0,0,"- ","- ",36.054958343505859,-118.98602294921875,TULARE,UNINCORPORATED,-118.98609924316406,36.054969787597656
91891473,2022,2022-10-19,9480,2022-08-20,0205,020450,,6,3,9,5400,0,3,5,,2,001,"AVENUE 424","ROAD 72",720.00,W,N,A,-,N,,,,,,,,,,Y,1,1,1,2,A,-,01,23152,A,N,H,F,A,A,H,-,D,A,0,,,,,Y,Y,A,01,1,0,0,0,0,0,0,0,0,"- ","- ",36.560630798339844,-119.41548156738281,TULARE,UNINCORPORATED,-119.41548919677734,36.560619354248047
91897444,2022,2022-11-21,9481,2022-10-15,1625,019422,,6,2,9,5400,0,3,5,,2,010,"AVENUE 176","ROAD 208",0.00,,Y,A,-,N,,,,,,,,,,Y,1,1,2,2,A,-,09,21800,A,N,D,C,A,A,H,-,A,A,0,,,,,Y,,D,22,0,0,2,0,0,0,0,0,0,"- ","- ",36.109241485595703,-119.10752868652344,TULARE,UNINCORPORATED,-119.10755157470703,36.109207153320312
91914788,2022,2022-11-10,9480,2022-11-01,0710,012900,,2,1,9,5400,0,1,3,,1,010,"DRIVE 92B","DRIVE 94",0.00,,Y,B,-,N,,,,,,,,,,Y,2,0,1,2,A,-,09,21804,A,N,D,J,A,A,H,-,B,D,0,,,,,Y,,M,95,1,0,0,0,0,0,0,0,0,"- ","- ",36.267768859863281,-119.36257171630859,TULARE,UNINCORPORATED,-119.36258697509766,36.267749786376953
91919468,2022,2022-11-16,9480,2022-11-03,0555,018861,,4,3,9,5400,0,3,5,,2,005,"AVENUE 56","SCHOTT ROAD",9028.00,W,N,A,-,N,,,,,,,,,,Y,2,0,1,1,A,-,08,22107,,N,E,I,A,A,H,-,D,D,0,,,,,Y,,A,01,1,0,0,0,0,0,0,0,0,"- ","- ",35.891941070556641,-119.33434295654297,TULARE,UNINCORPORATED,-119.33419799804688,35.891853332519531
91924369,2022,2022-11-22,9480,2022-08-06,2020,016995,,6,2,9,5400,0,1,3,,1,044,"STATE ROUTE 198","EATON ROAD",0.00,,Y,A,-,Y,TUL,,198,,,21.579,H,,R,Y,1,1,0,2,A,-,01,23152,A,N,B,C,A,A,H,-,D,D,0,,,Y,,Y,Y,C,02,0,0,0,0,0,0,0,1,0,"- ","- ",36.325420379638672,-119.08428955078125,TULARE,UNINCORPORATED,-119.08428955078125,36.325439453125
91925228,2022,2022-11-23,9480,2022-11-14,0800,016240,,1,1,9,5400,0,3,5,,2,001,"ROAD 80","AVENUE 328",42.00,N,N,A,-,N,,,,,,,,,,Y,2,0,2,3,A,-,03,22350,,N,C,C,A,A,H,-,A,A,0,,,,Y,Y,,A,01,1,1,0,0,0,0,0,0,0,"- ","- ",36.385429382324219,-119.39472198486328,TULARE,UNINCORPORATED,-119.39475250244141,36.385475158691406
91927329,2022,2022-11-28,9481,2022-11-04,1820,017991,,5,2,9,5400,0,2,4,,1,021,"AVENUE 196","ROAD 256",0.00,,Y,A,-,N,,,,,,,,,,Y,2,0,3,2,A,-,09,21802,A,N,D,C,A,A,H,-,D,A,0,,,,,Y,Y,A,01,1,1,1,0,0,0,0,0,0,"- ","- ",36.145519256591797,-119.00023651123047,TULARE,UNINCORPORATED,-119.00016784667969,36.145503997802734
91927908,2022,2022-11-28,9480,2022-11-09,1050,012900,,3,1,9,5400,0,3,5,,2,006,"STATE ROUTE 65 (ROAD 196)","AVENUE 268",4.00,N,N,B,-,Y,TUL,,65,,,36.085,H,,R,Y,2,0,1,2,A,-,08,22107,,N,B,C,A,A,H,-,A,A,0,,,,,Y,,A,07,1,0,0,0,0,0,0,0,0,"- ","- ",36.275371551513672,-119.13622283935547,TULARE,UNINCORPORATED,-119.13623046875,36.275371551513672
91934632,2022,2022-12-06,9480,2022-11-21,2056,019048,,1,2,9,5400,0,3,5,,2,004,"ROAD 144","AVENUE 328",0.00,,Y,A,-,N,,,,,,,,,,N,2,0,2,2,A,-,01,23152,A,N,D,C,A,A,H,-,C,A,0,,,,,Y,Y,A,01,2,0,0,0,0,0,0,0,0,"- ","- ",36.385391235351562,-119.25164794921875,TULARE,UNINCORPORATED,-119.25181579589844,36.385372161865234
91936033,2022,2022-12-07,9480,2022-11-29,1155,017108,,2,1,9,5400,0,3,5,,2,003,"AVENUE 248 (CARTMILL AVENUE)","ROAD 92 (WEST STREET)",1055.00,W,N,A,-,N,,,,,,,,,,Y,2,0,1,1,A,-,08,22107,,N,E,I,A,A,H,-,A,D,0,,,,,Y,,A,07,1,0,0,0,0,0,0,0,0,"- ","- ",36.240108489990234,-119.37014770507812,TULARE,UNINCORPORATED,,
91936670,2022,2022-12-07,9480,2022-11-15,1458,020060,,2,2,9,5400,0,3,5,,2,006,"AVENUE 264","ROAD 156",0.00,,Y,A,-,N,,,,,,,,,,Y,1,1,2,2,A,-,09,21802,A,N,D,C,A,A,H,-,A,A,0,,,,,Y,,A,01,0,1,1,0,0,0,0,0,0,"- ","- ",36.269001007080078,-119.22492218017578,TULARE,UNINCORPORATED,-119.22489929199219,36.26898193359375
91969180,2023,2023-01-16,9480,2023-01-03,1631,019543,,2,2,9,5400,0,1,3,,1,064,"W/B SR-198 TO N/B SR-99",SR-99,1921.00,E,N,A,-,Y,,,,,,,,,,Y,2,0,1,1,A,-,08,22107,,N,F,A,A,B,H,-,A,D,0,,,,,Y,,A,01,1,0,0,0,0,0,0,0,0,"- ","- ",36.330188751220703,-119.40850830078125,TULARE,UNINCORPORATED,-119.40850830078125,36.330188751220703
9197197,2020,2020-12-21,5406,2020-10-12,1943,74,2B,1,5,4,5406,0,0,0,,0,0WS,BARDSLEY,"H ST",0.00,,Y,A,-,N,,,,,,,,,,Y,2,0,1,4,A,-,01,23152,B,N,D,G,A,A,H,-,C,A,0,,Y,,,Y,Y,A,01,1,0,0,0,0,0,1,0,0,"- ","- ",,,TULARE,TULARE,-119.34794616699219,36.196521759033203
91989503,2023,2023-02-08,9480,2023-01-31,1500,019349,,2,2,9,5400,0,3,5,,2,003,"AVENUE 232","ROAD 68",0.00,,Y,A,-,N,,,,,,,,,,Y,2,0,3,4,A,-,09,21802,A,N,D,C,A,A,H,-,A,A,0,,,,Y,Y,,A,07,2,1,0,0,0,0,0,0,0,"- ","- ",36.210849761962891,-119.42112731933594,TULARE,UNINCORPORATED,-119.42110443115234,36.2108154296875
91990545,2023,2023-02-09,9481,2023-02-02,"300 ",018595,,4,3,9,5400,0,3,5,,2,010,"ROAD 208","AVENUE 172",1320.00,S,N,A,-,N,,,,,,,,,,Y,2,0,1,1,A,-,08,22107,,N,E,I,A,A,H,-,D,D,0,,,,,Y,,A,01,1,0,0,0,0,0,0,0,0,"- ","- ",36.098159790039062,-119.10761260986328,TULARE,UNINCORPORATED,,
91990919,2022,2023-02-09,9420,2022-11-13,2100,015977,,7,2,9,5400,0,3,5,,2,020,"MOUNTAIN 99","CORRAL CREEK CAMPGROUND ROAD",4752.00,S,N,A,-,N,,,,,,,,,,Y,1,1,1,1,A,-,08,22107,,N,F,A,A,A,H,-,D,D,0,,,,,Y,,A,01,1,0,0,0,0,0,0,0,0,"- ","- ",35.844829559326172,-118.44938659667969,TULARE,UNINCORPORATED,,
91992000,2023,2023-02-10,9480,2023-02-06,2055,020837,,1,2,9,5400,0,3,5,,2,001,"ROAD 56","STATE ROUTE 201",880.00,S,N,A,-,N,,,,,,,,,,Y,2,0,2,2,A,-,05,21650,,N,A,C,A,A,H,-,D,D,0,,,,,Y,,A,01,1,1,0,0,0,0,0,0,0,"- ","- ",36.514881134033203,-119.44872283935547,TULARE,UNINCORPORATED,-119.44872283935547,36.51495361328125
91999294,2023,2023-02-21,9480,2023-02-16,"625 ",013914,,4,1,9,5400,0,1,3,,1,021,"STATE ROUTE 63","AVENUE 368",0.00,,Y,B,-,Y,TUL,,63," "," ",17.108,H,,R,Y,2,0,3,2,A,-,12,22450,A,N,D,C,A,A,H,-,A,A,0,,,,,Y,,A,01,1,2,0,0,0,0,0,0,0,"- ","- ",36.457710266113281,-119.29543304443359,TULARE,UNINCORPORATED,-119.29544830322266,36.457710266113281
92000962,2023,2023-02-23,9481,2023-02-15,1714,019422,,3,2,9,5400,0,3,5,,2,030,"RICHGROVE DRIVE","AVENUE 8",0.00,,Y,A,-,N,,,,,,,,,,Y,2,0,2,2,A,-,09,21801,A,N,A,C,A,A,H,-,C,A,0,,,,,Y,,A,01,1,0,1,0,0,0,0,0,0,"- ","- ",35.805229187011719,-119.10575866699219,TULARE,UNINCORPORATED,-119.10555267333984,35.805259704589844
92016063,2023,2023-03-13,9480,2023-03-01,"944 ",017108,,3,1,9,5400,0,3,5,,2,003,"AVENUE 184","STATE ROUTE 99 SOUTHBOUND",150.00,W,N,A,-,N,,,,,,,,,,Y,2,0,1,1,A,-,08,22107,,N,E,8,A,A,H,-,A,D,0,,,,,Y,,A,01,1,0,0,0,0,0,0,0,0,"- ","- ",36.123409271240234,-119.3255615234375,TULARE,UNINCORPORATED,-119.32541656494141,36.123477935791016
92018606,2023,2023-03-15,9480,2023-03-09,1940,019048,,4,2,9,5400,0,3,5,,2,004,"ROAD 132","AVENUE 336",5280.00,N,N,B,C,N,,,,,,,,,,N,2,0,1,2,A,-,03,22350,,F,C,C,A,B,H,-,D,D,0,,,Y,,Y,,-,99,1,0,0,0,0,0,0,0,1,"- ","- ",36.413928985595703,-119.27815246582031,TULARE,UNINCORPORATED,-119.27811431884766,36.414127349853516
92030305,2023,2023-03-28,9481,2023-03-13,1950,020273,,1,2,9,5400,0,1,3,,1,037,SR-65,"AVENUE 32",4752.00,N,N,A,-,Y,TUL,,65," ",R,4.972,H,,R,Y,2,0,3,3,A,-,08,22107,,N,A,C,A,A,H,-,D,D,0,,,,,Y,,A,01,2,0,1,0,0,0,0,0,0,"- ","- ",35.862808227539062,-119.05314636230469,TULARE,UNINCORPORATED,-119.05315399169922,35.862812042236328
92031439,2023,2023-03-29,9480,2023-03-01,2500,020612,,3,4,9,5400,0,3,5,,2,003,"ROAD 92 (N. WEST STREET)","AVENUE 248",2600.00,N,N,C,-,N,,,,,,,,,,Y,1,1,0,1,A,-,01,23152,A,N,E,I,A,B,H,-,D,D,0,,,,,Y,Y,A,01,0,0,0,0,0,0,0,0,0,"- ","- ",36.247371673583984,-119.36685180664062,TULARE,UNINCORPORATED,,
92042953,2023,2023-04-20,9480,2023-04-02,"215 ",019828,,7,3,9,5400,0,3,5,,2,006,"ROAD 108 (HILLMAN STREET)","AVENUE 252 (PACIFIC AVENUE)",1056.00,N,N,B,-,N,,,,,,,,,,Y,2,0,3,2,A,-,01,23152,A,N,C,C,A,A,H,-,D,D,0,,,,,Y,Y,A,01,2,1,0,0,0,0,0,0,0,"- ","- ",36.251590728759766,-119.33113861083984,TULARE,UNINCORPORATED,,
92043474,2023,2023-04-12,9480,2023-04-02,1947,019349,,7,2,9,5400,0,1,3,,2,091,"STATE ROUTE 99","AVENUE 328",1214.00,N,N,A,-,Y,TUL,,99," "," ",43.652,H,,R,Y,2,0,1,1,A,-,01,23152,A,N,E,I,A,A,H,-,C,D,0,,,,,Y,Y,A,01,1,0,0,0,0,0,0,0,0,"- ","- ",36.388500213623047,-119.44602203369141,TULARE,UNINCORPORATED,-119.44589233398438,36.388553619384766
92051508,2023,2023-04-24,9480,2023-04-15,2034,020837,,6,2,9,5400,0,1,3,,2,095,"STATE ROUTE 99 SOUTHBOUND","AVENUE 76",55.00,S,N,A,-,Y,TUL,,99," "," ",9.710,H,,L,Y,1,1,0,1,A,-,03,22350,,N,E,I,A,A,H,-,D,D,0,,,,,Y,,A,01,0,0,0,0,0,0,0,0,0,"- ","- ",35.927860260009766,-119.28208160400391,TULARE,UNINCORPORATED,-119.28216552734375,35.927845001220703
92052464,2023,2023-04-25,9481,2023-04-14,"40  ",018595,,5,3,9,5400,0,3,5,,2,020,"PLANO STREET","REID AVENUE",305.00,S,N,A,-,N,,,,,,,,,,Y,2,0,2,2,A,-,01,23152,A,N,B,C,A,A,H,-,D,D,0,,,,,Y,Y,A,01,1,0,1,0,0,0,0,0,0,"- ","- ",36.095981597900391,-119.0087890625,TULARE,UNINCORPORATED,-119.00877380371094,36.095664978027344
92056650,2023,2023-04-28,9480,2023-04-23,"935 ",017452,,7,1,9,5400,0,3,5,,2,003,"ROAD 68","AVE 236",85.00,S,N,A,-,N,,,,,,,,,,N,2,0,1,1,A,-,03,22350,,N,F,A,A,A,H,-,A,D,0,,,Y,,Y,,C,02,1,0,0,0,0,0,0,0,1,"- ","- ",36.2176513671875,-119.42111968994141,TULARE,UNINCORPORATED,-119.42107391357422,36.217815399169922
92057923,2023,2023-05-01,9481,2023-04-23,1755,020238,,7,2,9,5400,0,3,5,,2,030,"AVENUE 146","ROAD 192",0.00,,Y,A,-,N,,,,,,,,,,Y,2,0,4,2,A,-,01,23152,A,N,D,2,A,A,H,-,A,A,0,,,,,Y,Y,D,22,1,0,3,0,0,0,0,0,0,"- ","- ",36.054969787597656,-119.14314270019531,TULARE,UNINCORPORATED,-119.14311218261719,36.054954528808594
92063614,2023,2023-05-08,9480,2023-04-09,1953,020890,,7,2,9,5400,0,3,5,,2,004,"ROAD 196","AVENUE 324",2640.00,N,N,A,-,N,,,,,,,,,,Y,1,1,0,1,A,-,01,23152,A,N,E,I,A,A,H,-,D,D,0,,,,,Y,Y,D,22,0,0,0,0,0,0,0,0,0,"- ","- ",36.384281158447266,-119.13542175292969,TULARE,UNINCORPORATED,-119.13545227050781,36.384120941162109
92063829,2023,2023-05-08,9481,2023-05-02,"830 ",017957,,2,1,9,5400,0,2,4,,1,051,"ORANGE BELT DRIVE","AVENUE 124",1056.00,N,N,A,-,N,,,,,,,,,,Y,2,0,1,2,A,-,08,22107,,N,C,E,A,A,H,-,A,D,0,,,,,Y,,A,01,1,0,0,0,0,0,0,0,0,"- ","- ",36.018218994140625,-119.02826690673828,TULARE,UNINCORPORATED,-119.02867126464844,36.017669677734375
92079142,2023,2023-05-26,9481,2023-05-19,"13  ",021227,,5,3,9,5400,0,3,5,,2,050,"RIVER ISLAND DRIVE",SR-190,110.00,S,N,A,-,N,,,,,,,,,,Y,2,0,1,1,A,-,01,23152,A,M,E,8,A,A,H,-,C,A,0,,,,,Y,Y,A,01,1,0,0,0,0,0,0,0,0,"- ","- ",36.102249145507812,-118.85910797119141,TULARE,UNINCORPORATED,-118.85908508300781,36.102317810058594
92081582,2023,2023-05-30,9480,2023-05-23,1720,016995,,2,2,9,5400,0,1,3,,1,021,"STATE ROUTE 63","AVENUE 326",0.00,,Y,A,-,Y,TUL,,63," "," ",11.867,H,,R,Y,2,0,6,2,A,-,01,23152,A,N,A,C,A,A,H,-,A,D,0,,,,,Y,Y,A,01,1,1,4,0,0,0,0,0,0,"- ","- ",36.381740570068359,-119.29682159423828,TULARE,UNINCORPORATED,-119.29686737060547,36.381740570068359
92086804,2023,2023-06-06,9481,2023-05-19,1557,018029,,5,2,9,5400,0,3,5,,2,010,"AVENUE 184","ROAD 208",0.00,,Y,A,-,N,,,,,,,,,,Y,1,1,1,2,A,-,12,22450,A,N,D,2,A,A,H,-,A,A,0,,,,,Y,,D,22,0,1,0,0,0,0,0,0,0,"- ","- ",36.123790740966797,-119.10749816894531,TULARE,UNINCORPORATED,-119.10752105712891,36.123786926269531
92094881,2023,2023-06-15,9480,2023-06-10,2045,020837,,6,2,9,5400,0,3,5,,2,001,"AVENUE 416","ROAD 56",0.00,,Y,B,-,N,,,,,,,,,,Y,2,0,2,2,A,-,12,21453,A,N,D,C,A,A,H,-,C,A,0,,,,,Y,,A,01,1,0,1,0,0,0,0,0,0,"- ","- ",36.546459197998047,-119.44869232177734,TULARE,UNINCORPORATED,,
92103512,2023,2023-06-27,9480,2023-06-19,"240 ",019349,,1,3,9,5400,0,1,3,,2,093,"SR 99 TO SR 198","STATE ROUTE 198",45.00,W,N,A,-,Y,,,,,,,,,,Y,2,0,2,1,A,-,08,22107,,N,H,A,A,A,H,-,D,D,0,,,,,Y,,A,07,1,1,0,0,0,0,0,0,0,"- ","- ",36.325878143310547,-119.40474700927734,TULARE,UNINCORPORATED,-119.40474700927734,36.325878143310547
92104106,2023,2023-06-28,9480,2023-06-20,2218,017291,,2,3,9,5400,0,1,3,,1,064,"STATE ROUTE 198 WESTBOUND","STATE ROUTE 99",1320.00,E,N,A,-,Y,TUL,,198," ",R,4.134,H,,L,N,2,0,1,1,A,-,08,22107,,N,F,A,A,A,H,-,D,D,0,,,Y,,Y,,C,02,1,0,0,0,0,0,0,0,1,"- ","- ",36.3272705078125,-119.40193176269531,TULARE,UNINCORPORATED,-119.40192413330078,36.327358245849609
92116972,2023,2023-07-14,9481,2023-07-06,1435,019422,,4,2,9,5400,0,3,5,,2,010,"AVENUE 228","ROAD 204",1584.00,E,N,A,-,N,,,,,,,,,,Y,2,0,2,2,A,-,09,21804,A,N,D,2,A,A,H,-,A,D,0,,,,,Y,,D,22,2,0,0,0,0,0,0,0,0,"- ","- ",36.203380584716797,-119.11234283447266,TULARE,UNINCORPORATED,-119.11791229248047,36.203540802001953
92133271,2023,2023-08-01,9481,2023-07-03,2010,018029,,1,2,9,5400,0,3,5,,2,020,"BALCH PARK ROAD (MTN-239)","YOKOHL VALLEY DRIVE (MTN-296)",1700.00,S,N,A,-,N,,,,,,,,,,Y,1,1,1,1,A,-,01,23152,A,N,E,I,A,A,H,-,B,D,0,,,,,Y,Y,A,01,0,1,0,0,0,0,0,0,0,"- ","- ",36.217338562011719,-118.81197357177734,TULARE,UNINCORPORATED,-118.81192016601562,36.21722412109375
92135273,2023,2023-08-03,9480,2023-07-22,2208,021044,,6,3,9,5400,0,3,5,,2,001,"AVE. 376","RD. 44",3274.00,E,N,A,-,N,,,,,,,,,,Y,2,0,2,2,A,-,01,23152,A,M,A,C,A,A,H,-,D,D,0,,,,,Y,Y,A,01,2,0,0,0,0,0,0,0,0,"- ","- ",36.473781585693359,-119.46295166015625,TULARE,UNINCORPORATED,-119.46329498291016,36.473464965820312
92138767,2023,2023-08-08,9481,2023-07-15,1540,019422,,6,2,9,5400,0,3,5,,2,020,"ROAD 256","AVENUE 196",0.00,,Y,A,-,N,,,,,,,,,,Y,1,2,2,2,A,-,12,22450,A,N,D,2,A,A,H,-,A,A,0,,,,Y,Y,,A,01,1,1,0,0,0,0,0,0,0,"- ","- ",36.145500183105469,-119.00018310546875,TULARE,UNINCORPORATED,-119.00016784667969,36.145503997802734
92146434,2023,2023-08-17,9480,2023-06-20,2308,020612,,2,3,9,5400,0,1,3,,2,091,"STATE ROUTE 99 SOUTHBOUND","AVENUE 328",875.00,N,N,A,-,Y,TUL,,99," "," ",43.882,H,,L,Y,1,1,1,3,A,-,03,22350,,N,D,C,E,A,H,-,D,D,0,Y,,,,Y,,A,01,0,0,1,1,0,0,0,0,0,"- ","- ",36.391490936279297,-119.44808197021484,TULARE,UNINCORPORATED,-119.44815063476562,36.391460418701172
92150031,2023,2023-08-22,9480,2023-08-14,"503 ",021370,,1,3,5,5407,0,1,3,,1,064,"STATE ROUTE 198 WESTBOUND","PLAZA DRIVE",400.00,E,N,A,-,Y,TUL,,198," ",R,4.883,H,,L,N,2,0,1,2,C,-,18,,,N,E,J,F,A,B,-,D,D,0,Y,,,,Y,,-,"- ",1,0,0,0,1,0,0,0,0,"- ","- ",36.327369689941406,-119.38845825195312,TULARE,VISALIA,-119.38846588134766,36.327297210693359
92154651,2023,2023-08-25,9480,2023-08-08,1650,017291,,2,2,9,5400,0,1,3,,2,091,"STATE ROUTE 99 SOUTHBOUND","MERRITT DR",530.00,S,N,A,-,Y,TUL,,99," "," ",48.570,H,,L,N,2,0,1,2,A,-,01,23152,A,F,B,C,A,A,H,-,A,D,0,,,Y,,Y,Y,D,22,1,0,0,0,0,0,0,0,1,"- ","- ",36.450469970703125,-119.48953247070312,TULARE,UNINCORPORATED,-119.48945617675781,36.450511932373047
92158708,2023,2023-08-30,9480,2023-08-18,1015,018521,,5,1,9,5400,0,3,5,,2,001,"RD 52","AVE 309",1056.00,N,N,A,-,N,,,,,,,,,,Y,2,0,1,2,A,-,12,22451,A,N,H,F,A,A,H,-,A,A,0,,,,,Y,,A,01,1,0,0,0,0,0,0,0,0,"- ","- ",36.353950500488281,-119.45736694335938,TULARE,UNINCORPORATED,-119.45745849609375,36.353748321533203
92160150,2023,2023-08-31,9480,2023-08-23,1612,017291,,3,2,9,5400,0,1,3,,1,034,"STATE ROUTE 198 (EASTBOUND)","ROAD 64",198.00,E,N,A,-,Y,TUL,,198," "," ",2.608,H,,R,N,2,0,1,2,A,-,03,22350,,N,C,C,A,A,H,-,A,D,0,,,,,Y,,A,01,1,0,0,0,0,0,0,0,0,"- ","- ",36.32720947265625,-119.42864990234375,TULARE,UNINCORPORATED,-119.42864990234375,36.327201843261719
92171399,2023,2023-09-15,9480,2023-09-06,"135 ",017291,,3,3,9,5400,0,3,5,,2,004,"AVENUE 336","ROAD 162",259.00,E,N,A,-,N,,,,,,,,,,N,2,0,1,1,A,-,01,23152,A,N,E,I,A,A,H,-,D,D,0,,,,,Y,,D,22,1,0,0,0,0,0,0,0,0,"- ","- ",36.399459838867188,-119.21006011962891,TULARE,UNINCORPORATED,-119.21021270751953,36.399417877197266
92182493,2023,2023-09-28,9480,2023-06-11,1400,016995,,7,2,9,5400,0,1,3,,1,044,"STATE ROUTE 198","HORSE CREEK ROAD",1056.00,E,N,A,-,Y,TUL,,198," "," ",33.976,H,,R,Y,1,1,0,1,A,-,08,22107,,N,E,I,A,A,H,-,A,D,0,,,Y,,Y,,C,02,0,0,0,0,0,0,0,1,0,"- ","- ",36.395038604736328,-118.94776916503906,TULARE,UNINCORPORATED,-118.94792938232422,36.394969940185547
92188823,2023,2023-10-03,9481,2023-09-24,"30  ",020917,,7,3,9,5400,0,3,5,,2,030,"AVENUE 96","ROAD 232",1056.00,W,N,A,-,N,,,,,,,,,,Y,2,0,3,1,A,-,08,22107,,F,E,8,A,A,H,-,D,D,0,,,,,Y,,A,01,2,1,0,0,0,0,0,0,0,"- ","- ",35.964229583740234,-119.05889129638672,TULARE,UNINCORPORATED,-119.05739593505859,35.964263916015625
92198284,2023,2023-10-13,9480,2023-09-23,2348,017452,,6,3,9,5400,0,1,3,,1,064,"SR-198 W/B",SR-99,355.00,E,N,A,-,Y,TUL,,198," ",R,3.831,H,,L,Y,2,0,2,1,A,-,01,23152,A,N,E,J,A,A,H,-,D,A,0,,,,,Y,Y,D,22,2,0,0,0,0,0,0,0,0,"- ","- ",36.328819274902344,-119.40708160400391,TULARE,UNINCORPORATED,-119.40707397460938,36.328830718994141
92200030,2023,2023-10-16,9480,2023-08-02,2212,020612,,3,3,9,5400,0,3,5,,2,002,"AVENUE 328","ROAD 112",0.00,,Y,A,-,N,,,,,,,,,,Y,1,1,2,2,A,-,09,21801,A,N,D,C,A,A,H,-,C,D,0,,,Y,,Y,Y,D,22,0,0,2,0,0,0,0,1,0,"- ","- ",36.385509490966797,-119.32315063476562,TULARE,UNINCORPORATED,-119.32315826416016,36.385498046875