CASE_ID,ACCIDENT_YEAR,PROC_DATE,JURIS,COLLISION_DATE,COLLISION_TIME,OFFICER_ID,REPORTING_DISTRICT,DAY_OF_WEEK,CHP_SHIFT,POPULATION,CNTY_CITY_LOC,SPECIAL_COND,BEAT_TYPE,CHP_BEAT_TYPE,CITY_DIVISION_LAPD,CHP_BEAT_CLASS,BEAT_NUMBER,PRIMARY_RD,SECONDARY_RD,DISTANCE,DIRECTION,INTERSECTION,WEATHER_1,WEATHER_2,STATE_HWY_IND,CALTRANS_COUNTY,CALTRANS_DISTRICT,STATE_ROUTE,ROUTE_SUFFIX,POSTMILE_PREFIX,POSTMILE,LOCATION_TYPE,RAMP_INTERSECTION,SIDE_OF_HWY,TOW_AWAY,COLLISION_SEVERITY,NUMBER_KILLED,NUMBER_INJURED,PARTY_COUNT,PRIMARY_COLL_FACTOR,PCF_CODE_OF_VIOL,PCF_VIOL_CATEGORY,PCF_VIOLATION,PCF_VIOL_SUBSECTION,HIT_AND_RUN,TYPE_OF_COLLISION,MVIW,PED_ACTION,ROAD_SURFACE,ROAD_COND_1,ROAD_COND_2,LIGHTING,CONTROL_DEVICE,CHP_ROAD_TYPE,PEDESTRIAN_ACCIDENT,BICYCLE_ACCIDENT,MOTORCYCLE_ACCIDENT,TRUCK_ACCIDENT,NOT_PRIVATE_PROPERTY,ALCOHOL_INVOLVED,STWD_VEHTYPE_AT_FAULT,CHP_VEHTYPE_AT_FAULT,COUNT_SEVERE_INJ,COUNT_VISIBLE_INJ,COUNT_COMPLAINT_PAIN,COUNT_PED_KILLED,COUNT_PED_INJURED,COUNT_BICYCLIST_KILLED,COUNT_BICYCLIST_INJURED,COUNT_MC_KILLED,COUNT_MC_INJURED,PRIMARY_RAMP,SECONDARY_RAMP,LATITUDE,LONGITUDE,COUNTY,CITY,POINT_X,POINT_Y
92202084,2023,2023-10-18,9481,2023-09-10,"225 ",020917,,7,3,9,5400,0,3,5,,2,030,"COUNTY LINE ROAD (AVENUE 0)","ZACHARY AVENUE",0.00,,Y,B,-,N,,,,,,,,,,Y,1,1,1,1,A,-,12,22450,A,N,E,8,A,A,H,-,D,A,0,,,,,Y,,A,01,0,1,0,0,0,0,0,0,0,"- ","- ",35.790580749511719,-119.1875,TULARE,UNINCORPORATED,-119.18753814697266,35.790542602539062
9221412,2021,2021-02-19,5407,2021-01-04,1644,A186,480,1,5,5,5407,0,0,0,,0,,"RT 63",FEEMSTER,333.00,S,N,A,-,Y,TUL,6,63,-,-,7.270,H,-,N,N,2,0,1,2,A,-,09,21804,A,N,G,B,F,A,H,-,A,A,0,Y,,,,Y,,D,22,1,0,0,0,1,0,0,0,0,"- ","- ",36.316699981689453,-119.31371307373047,TULARE,VISALIA,-119.31383514404297,36.316665649414062
9221730,2021,2021-03-05,5407,2021-01-16,1317,M66,480,6,5,5,5407,0,0,0,,0,,"RT 63",FEEMSTER,30.00,N,N,A,-,Y,TUL,6,63,-,-,7.360,H,-,N,Y,2,0,1,2,A,-,09,21801,A,N,E,I,A,A,H,-,A,D,0,,,Y,,Y,,A,01,1,0,0,0,0,0,0,0,1,"- ","- ",36.317821502685547,-119.31369781494141,TULARE,VISALIA,-119.3138427734375,36.317855834960938
92221474,2023,2023-10-27,9480,2023-10-19,1820,020721,,4,2,5,5407,0,1,3,,1,064,"SR-198 E/B","WOODLAND STREET OVERPASS",28.00,W,N,A,-,Y,TUL,,198," ",R,8.494,H,,R,Y,2,0,1,1,A,-,01,23152,A,N,E,I,A,A,H,-,B,D,0,,,Y,,Y,Y,C,02,1,0,0,0,0,0,0,0,1,"- ","- ",36.3271484375,-119.31868743896484,TULARE,VISALIA,-119.31867980957031,36.327239990234375
92221642,2023,2023-11-13,9481,2023-10-23,"815 ",018595,,1,1,9,5400,0,3,5,,2,030,"ROAD 224","AVENUE 136",2640.00,N,N,B,-,N,,,,,,,,,,Y,1,1,0,1,A,-,08,22107,,N,E,8,A,A,H,-,A,D,0,,,,,Y,,A,01,0,0,0,0,0,0,0,0,0,"- ","- ",36.044380187988281,-119.07095336914062,TULARE,UNINCORPORATED,,
92226614,2023,2023-11-02,9480,2023-10-24,1155,016723,,2,1,9,5400,0,1,3,,2,091,"STATE ROUTE 99 (NORTHBOUND)","DRIVE 23 OVERPASS",999.00,S,N,A,-,Y,TUL,,99," "," ",51.600,H,,R,Y,2,0,3,3,A,-,08,22107,,N,E,I,A,A,H,-,A,D,0,,,,,Y,,A,07,1,2,0,0,0,0,0,0,0,"- ","- ",36.488300323486328,-119.51557159423828,TULARE,UNINCORPORATED,-119.51553344726562,36.48834228515625
92232565,2023,2023-11-09,9480,2023-08-27,"506 ",020926,,7,3,9,5400,0,1,3,,2,095,"STATE ROUTE 99 NORTHBOUND","AVENUE 24",6336.00,N,N,A,-,Y,TUL,,99," "," ",4.351,H,,R,Y,1,1,1,1,A,-,01,23152,G,N,E,I,A,A,H,-,D,D,0,,,,,Y,Y,A,01,1,0,0,0,0,0,0,0,0,"- ","- ",35.851669311523438,-119.26657104492188,TULARE,UNINCORPORATED,-119.26651000976562,35.851680755615234
9223626,2021,2021-03-24,5407,2021-01-19,0122,A331,480,2,5,5,5407,0,0,0,,0,P33,"E NOBLE AV","BEN MADDOX WY",291.00,W,N,A,-,N,,,,,,,,,,Y,2,0,1,1,A,-,08,22107,,N,E,I,A,A,H,-,C,D,0,,,,,Y,Y,A,01,1,0,0,0,0,0,0,0,0,"- ","- ",36.32666015625,-119.27852630615234,TULARE,VISALIA,-119.27947998046875,36.326339721679688
92236703,2023,2023-11-15,9481,2023-11-07,1830,018029,,2,2,9,5400,0,1,3,,1,012,"SR-65 (SOUTHBOUND)","AVENUE 196",157.00,N,N,B,-,Y,TUL,,65," "," ",25.157,H,,R,Y,2,0,1,2,A,-,03,22350,,N,C,C,A,A,H,-,C,A,0,,,,Y,Y,,A,01,1,0,0,0,0,0,0,0,0,"- ","- ",36.145999908447266,-119.07270812988281,TULARE,UNINCORPORATED,-119.07246398925781,36.146080017089844
92237027,2023,2023-11-15,9480,2023-09-15,"355 ",020926,,5,3,9,5400,0,1,3,,2,093,"STATE ROUTE 99 NORTHBOUND","DRIVE 92B",1795.00,S,N,A,-,Y,TUL,,99," "," ",33.587,H,,R,Y,1,1,0,2,A,-,01,23152,F,N,E,I,A,A,H,-,D,A,0,,,,Y,Y,,A,01,0,0,0,0,0,0,0,0,0,"- ","- ",36.262050628662109,-119.36136627197266,TULARE,UNINCORPORATED,-119.36132049560547,36.262065887451172
9225217,2021,2021-03-17,5403,2021-01-05,1918,845,,2,5,2,5403,0,0,0,,0,,"WEST VISALIA RD","FARMERSVILLE BL",72.00,W,N,A,-,N,,,,,,,,,,N,2,0,1,2,A,-,11,21955,,N,G,B,D,A,H,-,C,D,0,Y,,,,Y,Y,N,60,1,0,0,0,1,0,0,0,0,"- ","- ",,,TULARE,FARMERSVILLE,-119.20742034912109,36.297828674316406
92263495,2023,2024-04-18,9480,2023-11-08,1830,018840,,3,2,9,5400,0,3,5,,2,002,"ROAD 96","AVENUE 416",0.00,,Y,A,-,N,,,,,,,,,,Y,2,0,1,2,A,-,12,22450,A,F,D,C,A,A,H,-,D,A,0,,,,,Y,,A,07,1,0,0,0,0,0,0,0,0,"- ","- ",36.545768737792969,-119.35862731933594,TULARE,UNINCORPORATED,,
92265179,2023,2023-12-18,9480,2023-06-04,2036,019048,,7,2,5,5407,0,1,3,,1,064,"STATE ROUTE 198 EASTBOUND","GIDDINGS STREET",130.00,W,N,A,-,Y,TUL,,198," ",R,9.177,H,,R,N,1,1,0,2,A,-,00,21960,A,N,G,B,E,A,H,-,D,D,0,Y,,,,Y,Y,N,60,0,0,0,1,0,0,0,0,0,"- ","- ",36.326839447021484,-119.30644989013672,TULARE,VISALIA,-119.30644989013672,36.326862335205078
92271174,2023,2023-12-26,9480,2023-11-21,2050,020721,,2,2,9,5400,0,1,3,,2,093,"STATE ROUTE 99 NORTHBOUND","PAIGE AVENUE",642.00,S,N,A,-,Y,TUL,,99," "," ",27.475,H,,R,N,1,1,0,2,A,-,11,21954,A,N,G,B,D,A,H,-,D,D,0,Y,,,,Y,Y,N,60,0,0,0,1,0,0,0,0,0,"- ","- ",36.180370330810547,-119.32858276367188,TULARE,UNINCORPORATED,-119.32855987548828,36.180370330810547
9227648,2021,2021-03-22,5404,2021-02-15,1700,689,PSV,1,5,2,5404,0,0,0,,0,20L,"RT 65",HERMOSA,0.00,,Y,B,-,Y,TUL,6,65,-,-,29.491,I,5,N,Y,2,0,3,3,A,-,12,21453,,N,D,C,A,A,H,-,A,A,0,,,,,Y,,D,22,1,0,2,0,0,0,0,0,0,"- ","- ",,,TULARE,LINDSAY,-119.10452270507812,36.203449249267578
92303853,2024,2024-02-02,9480,2024-01-28,1600,021547,,7,2,9,5400,0,1,3,,2,095,"NB SR-99","AVE 152",11616.00,N,N,A,-,Y,TUL,,99," "," ",21.991,H,,R,Y,2,0,1,2,A,-,03,22350,,N,C,C,A,A,H,-,A,D,0,,,Y,,Y,,C,02,1,0,0,0,0,0,0,0,1,"- ","- ",36.101810455322266,-119.32263946533203,TULARE,UNINCORPORATED,-119.32273864746094,36.101802825927734
92304989,2024,2024-02-05,9481,2024-01-31,1835,021234,,3,2,9,5400,0,3,5,,2,050,"ROAD 248","AVENUE 78",696.00,S,N,A,-,N,,,,,,,,,,Y,2,0,5,1,A,-,08,22107,,N,E,8,A,A,H,-,D,D,0,,,,,Y,,D,22,3,0,2,0,0,0,0,0,0,"- ","- ",35.929531097412109,-119.01808929443359,TULARE,UNINCORPORATED,-119.01801300048828,35.929550170898438
92306672,2024,2024-02-06,9480,2024-01-24,"750 ",018861,,3,1,9,5400,0,3,5,,2,004,"ROAD 180","AVENUE 304",0.00,,Y,B,-,N,,,,,,,,,,Y,2,0,2,2,A,-,09,21802,A,N,A,C,A,A,H,-,A,A,0,,,,,Y,,A,07,2,0,0,0,0,0,0,0,0,"- ","- ",36.341358184814453,-119.17109680175781,TULARE,UNINCORPORATED,-119.17108917236328,36.341335296630859
92316179,2024,2024-02-16,9480,2024-01-14,2242,017452,,7,3,9,5400,0,1,3,,1,021,"STATE ROUTE 63 (ROAD 124)","AVENUE 340",539.00,N,N,A,-,Y,TUL,,63," "," ",13.709,H,,R,Y,1,1,1,2,A,-,01,23152,A,N,A,C,A,A,H,-,D,D,0,,,,,Y,Y,A,01,1,0,0,0,0,0,0,0,0,"- ","- ",36.408458709716797,-119.296142578125,TULARE,UNINCORPORATED,-119.29619598388672,36.408458709716797
92326470,2024,2024-02-29,9480,2024-02-22,"640 ",017108,,4,1,9,5400,0,3,5,,2,006,"ROAD 204","AVENUE 264",0.00,,Y,A,-,N,,,,,,,,,,Y,2,0,2,3,A,-,09,21801,A,N,D,C,A,A,H,-,A,A,0,,,,,Y,,A,07,1,1,0,0,0,0,0,0,0,"- ","- ",36.268360137939453,-119.11817932128906,TULARE,UNINCORPORATED,-119.11820220947266,36.267913818359375
92331259,2024,2024-03-06,9481,2024-03-03,2330,019578,,7,3,9,5400,0,3,5,,2,050,"ROBY AVENUE","BAXLEY STREET",270.00,E,N,A,-,N,,,,,,,,,,Y,2,0,1,1,A,-,08,22107,,N,E,I,A,A,H,-,D,D,0,,,Y,,Y,Y,C,06,1,0,0,0,0,0,0,0,1,"- ","- ",36.062320709228516,-118.96849822998047,TULARE,UNINCORPORATED,-118.96849060058594,36.062267303466797
92338127,2024,2024-03-14,9480,2024-03-03,"245 ",018861,,7,3,9,5400,0,1,3,,2,095,"SR-99 N/B","AVENUE 24",5021.00,N,N,B,-,Y,TUL,,99," "," ",4.070,H,,R,Y,2,0,1,1,A,-,08,22107,,N,E,I,A,A,H,-,D,D,0,,,,,Y,Y,D,22,1,0,0,0,0,0,0,0,0,"- ","- ",35.847698211669922,-119.26538848876953,TULARE,UNINCORPORATED,-119.26557922363281,35.847671508789062
92347067,2024,2024-04-02,9481,2024-03-18,"945 ",017957,,1,1,9,5400,0,1,3,,1,012,"STATE ROUTE 65 SOUTHBOUND","LINDMORE STREET",0.00,,Y,A,-,Y,TUL,,65," "," ",28.920,H,,L,Y,2,0,1,2,A,-,09,21802,A,F,D,C,A,A,H,-,A,A,0,,,Y,,Y,,D,22,1,0,0,0,0,0,0,0,1,"- ","- ",36.195938110351562,-119.09989166259766,TULARE,UNINCORPORATED,-119.09986877441406,36.195949554443359
92372946,2024,2024-04-23,9480,2024-04-06,"907 ",021682,,6,1,9,5400,0,1,3,,2,091,"SR-99 S/B","ROAD 12",206.00,N,N,A,-,Y,TUL,,99," ",R,53.868,H,,L,N,2,0,1,2,A,-,03,22350,,N,E,J,A,A,H,-,D,D,0,,,Y,,Y,,C,02,1,0,0,0,0,0,0,0,1,"- ","- ",36.507148742675781,-119.54868316650391,TULARE,UNINCORPORATED,-119.54875183105469,36.507080078125
92382239,2024,2024-05-06,9481,2024-04-25,"650 ",016147,,4,1,9,5400,0,3,5,,2,010,"AVENUE 200","ROAD 188",679.00,W,N,A,-,N,,,,,,,,,,N,2,0,1,1,C,-,18,,,N,H,H,A,A,H,-,A,D,0,,,Y,,Y,,-,"- ",1,0,0,0,0,0,0,0,1,"- ","- ",36.152740478515625,-119.14582061767578,TULARE,UNINCORPORATED,-119.15469360351562,36.152778625488281
92383738,2024,2024-05-07,9480,2024-03-12,1656,019048,,2,2,9,5400,0,3,5,,2,005,"AVENUE 56 (SIERRA AVENUE)","ROAD 140 (DIETZ ROAD)",0.00,,Y,A,-,N,,,,,,,,,,N,1,1,1,3,A,-,03,22350,,N,C,C,A,A,H,-,A,D,0,,,,,Y,,E,22,1,0,0,0,0,0,0,0,0,"- ","- ",35.891918182373047,-119.25926208496094,TULARE,UNINCORPORATED,-119.25923919677734,35.891899108886719
92396019,2024,2024-05-22,9481,2024-05-17,"530 ",020273,,5,3,9,5400,0,1,3,,1,032,SR-190,"ROAD 176",2113.00,E,N,A,-,Y,TUL,,190," "," ",7.867,H,,R,Y,2,0,2,3,A,-,08,22107,,N,A,C,A,A,H,-,B,D,0,,,,,Y,,D,22,2,0,0,0,0,0,0,0,0,"- ","- ",36.051261901855469,-119.17167663574219,TULARE,UNINCORPORATED,-119.17167663574219,36.051246643066406
92417227,2024,2024-06-18,9480,2024-06-04,2125,021044,,2,2,9,5400,0,3,5,,2,002,"AVENUE 416","ROAD 136",350.00,W,N,A,-,N,,,,,,,,,,N,2,0,1,2,A,-,11,21956,A,N,G,B,E,A,H,-,D,D,0,Y,,,,Y,Y,N,60,1,0,0,0,1,0,0,0,0,"- ","- ",36.544589996337891,-119.27021026611328,TULARE,UNINCORPORATED,,
92424014,2024,2024-06-26,9481,2024-06-15,"605 ",016147,,6,1,9,5400,0,3,5,,2,010,"AVENUE 184","ROAD 208",0.00,,Y,A,-,N,,,,,,,,,,Y,2,0,2,2,A,-,12,22450,A,N,D,2,A,A,H,-,A,A,0,,,,,Y,,D,22,2,0,0,0,0,0,0,0,0,"- ","- ",36.123790740966797,-119.10748291015625,TULARE,UNINCORPORATED,-119.10752105712891,36.123786926269531
92441503,2024,2024-07-17,9480,2024-05-23,"517 ",017291,,4,3,9,5400,0,3,5,,2,001,"AVENUE 416","ROAD 42",128.00,W,N,A,-,N,,,,,,,,,,Y,1,1,0,2,A,-,03,22350,,N,B,C,A,A,H,-,B,D,0,,,Y,,Y,,C,02,0,0,0,0,0,0,0,1,0,"- ","- ",36.546741485595703,-119.48063659667969,TULARE,UNINCORPORATED,,
9255750,2021,2021-05-07,5406,2021-02-20,1907,52,5406,6,5,4,5406,0,0,0,,0,0AO,WEST,OLEMA,0.00,,Y,A,-,N,,,,,,,,,,Y,2,0,1,1,D,-,00,,,N,F,A,A,A,H,-,C,D,0,,,Y,,Y,,-,"- ",1,0,0,0,0,0,0,0,1,"- ","- ",,,TULARE,TULARE,-119.36686706542969,36.21270751953125
9256333,2021,2021-07-06,5407,2021-03-31,2001,M226,480,3,5,5,5407,0,0,0,,0,012,"S DEMAREE ST","W PRYOR AV",70.00,N,N,A,-,N,,,,,,,,,,Y,1,1,1,4,A,-,05,21650,,N,A,C,E,A,H,-,C,A,0,Y,,Y,,Y,,C,02,1,0,0,0,1,0,0,1,0,"- ","- ",36.309581756591797,-119.33164215087891,TULARE,VISALIA,-119.33164978027344,36.309791564941406
9256446,2021,2021-08-09,5406,2021-01-23,1519,84,5406,6,5,4,5406,0,0,0,,0,0AO,BARDSLEY,"RT 99",0.00,,Y,A,-,Y,TUL,6,99,-,-,28.830,R,4,S,Y,1,1,0,2,A,-,09,21804,A,N,D,C,A,A,H,-,A,A,0,,,Y,,Y,,D,22,0,0,0,0,0,0,0,1,0,"- ",SF,,,TULARE,TULARE,-119.32868194580078,36.199920654296875
9258659,2021,2021-05-18,5407,2021-04-10,1627,C56,480,6,5,5,5407,0,0,0,,0,N25,"N DEMAREE ST","N SILVERDALE DR",33.00,N,N,A,-,N,,,,,,,,,,Y,2,0,1,3,A,-,03,22350,,N,B,C,A,A,H,-,A,A,0,,,,,Y,,A,01,1,0,0,0,0,0,0,0,0,"- ","- ",36.336441040039062,-119.33191680908203,TULARE,VISALIA,-119.33191680908203,36.336528778076172
9268059,2021,2021-05-26,5407,2021-03-27,1846,C56,480,6,5,5,5407,0,0,0,,0,N25,"N LOCUST ST","W CENTER AV",0.00,,Y,A,-,N,,,,,,,,,,Y,2,0,2,2,A,-,12,21453,A,N,A,C,A,A,H,-,B,A,0,,,,,Y,,A,07,2,0,0,0,0,0,0,0,0,"- ","- ",36.331050872802734,-119.29344940185547,TULARE,VISALIA,-119.29344940185547,36.331047058105469
9268163,2021,2021-05-26,5407,2021-05-08,1852,C55,480,6,5,5,5407,0,0,0,,0,Q34,"E WALNUT AV","S PINKHAM ST",0.00,,Y,A,-,N,,,,,,,,,,Y,2,0,1,2,A,-,12,21453,A,N,D,C,A,A,H,-,A,A,0,,,,,Y,,A,01,1,0,0,0,0,0,0,0,0,"- ","- ",,,TULARE,VISALIA,-119.26956176757812,36.312641143798828
9268164,2021,2021-05-26,5407,2021-05-08,1532,C57,480,6,5,5,5407,0,0,0,,0,011,"W CROWLEY CT","N DEMAREE ST",19.00,W,N,A,-,N,,,,,,,,,,Y,2,0,2,2,A,-,09,21801,A,N,D,C,A,A,H,-,A,A,0,,,,,Y,Y,A,07,1,0,1,0,0,0,0,0,0,"- ","- ",36.333148956298828,-119.33187103271484,TULARE,VISALIA,-119.33191680908203,36.331809997558594
9272434,2021,2021-06-09,5407,2021-04-15,2050,A186,480,4,5,5,5407,0,0,0,,0,,WALNUT,CENTRAL,0.00,E,N,A,-,N,,,,,,,,,,N,2,0,1,2,A,-,11,21954,A,N,G,B,D,A,H,-,C,A,0,Y,,,,Y,,N,60,1,0,0,0,1,0,0,0,0,"- ","- ",36.318229675292969,-119.31221008300781,TULARE,VISALIA,-119.31211090087891,36.312957763671875
9285502,2021,2021-07-07,5405,2021-06-14,0650,259,"SEC 2",1,5,4,5405,0,0,0,,0,,"RT 65","NORTH GRAND AV",0.00,,Y,A,-,Y,TUL,6,65,-,-,21.380,I,5,N,Y,2,0,1,2,A,-,12,21453,A,N,D,C,A,A,H,-,A,A,0,,,,Y,Y,,G,27,1,0,0,0,0,0,0,0,0,"- ","- ",36.098258972167969,-119.04012298583984,TULARE,PORTERVILLE,-119.03997802734375,36.098239898681641
92898583,2024,2024-07-30,9480,2024-07-26,"150 ",020450,,5,3,9,5400,0,1,3,,1,025,SR-245,"INDIAN WELLS LN",950.00,N,N,A,-,N,,,,,,,,,,Y,2,0,2,1,A,-,08,22107,,N,E,8,A,A,H,-,D,D,0,,,,,Y,,A,01,1,0,1,0,0,0,0,0,0,"- ","- ",36.495498657226562,-119.12090301513672,TULARE,UNINCORPORATED,-119.12090301513672,36.493377685546875
9301832,2021,2023-06-17,5406,2021-03-25,2209,86,5406,4,5,4,5406,0,0,0,,0,0NE,"RT 63",PROSPERITY,0.00,,Y,A,-,Y,TUL,6,63,-,-,0.910,H,-,S,N,1,1,0,4,A,-,11,21954,A,N,G,B,C,A,H,-,C,D,0,Y,,,,Y,Y,N,60,0,0,0,1,0,0,0,0,0,"- ","- ",,,TULARE,TULARE,-119.31307220458984,36.224422454833984
9320263,2021,2022-02-11,5406,2021-08-31,1515,57,5406,2,5,4,5406,0,0,0,,0,0ES,"RT 63","PACIFIC AV",0.00,,N,A,-,Y,TUL,6,63,-,-,2.510,I,5,S,Y,1,1,0,2,A,-,09,21802,A,N,D,C,A,A,H,-,A,A,0,,,,,Y,,A,01,0,0,0,0,0,0,0,0,0,"- ","- ",,,TULARE,TULARE,-119.31317901611328,36.247669219970703
9320658,2022,2022-05-11,5406,2022-03-13,2059,22,3A,7,5,4,5406,0,0,0,,0,0AO,BLACKSTONE,"MARTIN LUTHER KING",120.00,S,N,A,-,N,,,,,,,,,,Y,1,2,0,3,A,-,11,21954,A,F,G,B,D,A,H,-,C,A,0,Y,,,,Y,Y,-,"- ",0,0,0,2,0,0,0,0,0,"- ","- ",,,TULARE,TULARE,-119.33112335205078,36.201942443847656
9321195,2023,2025-06-28,5406,2023-02-20,1548,24,5406,1,5,4,5406,0,0,0,,0,0AO,CARTMILL,"J ST",0.00,,Y,A,-,N,,,,,,,,,,Y,1,1,3,2,A,-,01,23153,A,N,D,C,A,A,H,-,A,A,0,,,,,Y,Y,A,01,0,3,0,0,0,0,0,0,0,"- ","- ",,,TULARE,TULARE,-119.35537719726562,36.240245819091797
9354561,2021,2021-10-27,5407,2021-05-28,2255,M201,480,5,5,5,5407,0,0,0,,0,,"W GOSHEN AV","KELSEY ST",243.00,E,N,A,-,N,,,,,,,,,,Y,2,0,1,2,A,-,11,21954,A,F,G,B,D,A,H,-,C,A,0,Y,,,,Y,,N,60,1,0,0,0,1,0,0,0,0,"- ","- ",36.342010498046875,-119.39452362060547,TULARE,VISALIA,-119.38479614257812,36.342060089111328
9357139,2021,2021-12-06,5407,2021-10-06,2254,A321,480,3,5,5,5407,0,0,0,,0,025,RIGGIN,TURNER,0.00,,Y,A,-,N,,,,,,,,,,Y,2,0,1,2,A,-,09,21802,A,N,D,C,A,A,H,-,D,A,0,,,Y,,Y,,A,01,1,0,0,0,0,0,0,0,1,"- ","- ",,,TULARE,VISALIA,-119.30345916748047,36.356380462646484
9368939,2021,2021-12-08,5407,2021-07-17,1453,A293,480,6,5,5,5407,0,0,0,,0,026,"E GROVE AV","N BRIDGE ST",120.00,E,N,A,-,N,,,,,,,,,,N,2,0,1,2,A,-,00,20001,A,F,A,B,D,A,H,-,A,D,0,Y,,,,Y,,-,99,1,0,0,0,1,0,0,0,0,"- ","- ",,,TULARE,VISALIA,-119.28864288330078,36.336921691894531
9370441,2021,2022-02-14,5405,2021-12-15,0812,229,,3,5,4,5405,0,0,0,,0,SEC4,"RT 65","SCRANTON AV",0.00,,Y,A,-,Y,TUL,6,65,-,-,17.110,I,5,N,Y,2,0,3,2,A,-,12,21453,A,N,D,A,A,A,H,-,A,A,0,,,,Y,Y,,A,01,2,1,0,0,0,0,0,0,0,"- ","- ",36.036750793457031,-119.03965759277344,TULARE,PORTERVILLE,-119.03944396972656,36.036468505859375
9373500,2021,2022-01-12,5407,2021-11-10,1709,C51,480,3,5,5,5407,0,0,0,,0,O26,"N MC AULIFF ST","E OAK AVE",0.00,,Y,A,-,N,,,,,,,,,,Y,2,0,4,2,A,-,09,21804,A,N,D,C,A,A,H,-,C,A,0,,,,,Y,,A,01,1,0,3,0,0,0,0,0,0,"- ","- ",36.331001281738281,-119.24700164794922,TULARE,VISALIA,-119.24797058105469,36.331344604492188
9373772,2021,2021-12-14,5407,2021-10-17,2122,A350,480,7,5,5,5407,0,0,0,,0,O26,"E ST JOHNS PKWY","N EDISON ST",0.00,,Y,A,-,N,,,,,,,,,,Y,2,0,3,2,A,-,12,22450,A,N,D,C,A,A,H,-,C,A,0,,,,,Y,,A,01,1,1,1,0,0,0,0,0,0,"- ","- ",36.35028076171875,-119.28045654296875,TULARE,VISALIA,-119.28044128417969,36.350242614746094
9377972,2021,2022-01-14,5407,2021-12-04,1327,C57,480,6,5,5,5407,0,0,0,,0,025,"W ELOWIN AV","N CENTRAL ST",246.00,E,N,A,-,N,,,,,,,,,,Y,2,0,1,1,A,-,03,22350,,N,E,I,A,A,H,-,A,A,0,,,,,Y,,A,01,1,0,0,0,0,0,0,0,0,"- ","- ",36.343730926513672,-119.31053161621094,TULARE,VISALIA,-119.31052398681641,36.343650817871094
9385269,2021,2022-01-11,5406,2021-12-02,1616,40,5406,4,5,4,5406,0,0,0,,0,0WS,C,TULARE,160.00,S,N,A,-,N,,,,,,,,,,N,2,0,1,2,A,-,03,22350,,F,G,C,E,A,H,-,A,D,0,Y,,,,Y,,A,01,1,0,0,0,1,0,0,0,0,"- ","- ",,,TULARE,TULARE,-119.35715484619141,36.205970764160156
9385788,2021,2022-01-14,5406,2021-11-23,1325,27,,2,5,4,5406,0,0,0,,0,0DT,K,OWENS,61.00,N,N,A,-,N,,,,,,,,,,N,2,0,1,2,A,-,11,21954,A,N,G,B,D,A,H,-,A,D,0,Y,,,,Y,,N,60,1,0,0,0,1,0,0,0,0,"- ","- ",,,TULARE,TULARE,-119.34532165527344,36.204334259033203
94080908,2024,2024-08-12,9480,2024-07-30,"520 ",018861,,2,3,9,5400,0,1,3,,1,060,"ROAD 152 (BLISS LANE)","STATE ROUTE 137 (AVENUE 232)",0.00,,Y,A,-,Y,TUL,,137," "," ",21.957,H,,L,Y,2,0,3,2,A,-,09,21801,A,N,D,C,A,A,H,-,B,A,0,,,,,Y,,A,07,1,2,0,0,0,0,0,0,0,"- ","- ",36.210891723632812,-119.23349761962891,TULARE,UNINCORPORATED,-119.23349761962891,36.210903167724609
9418302,2022,2022-03-23,5403,2022-02-04,2039,845,,5,5,2,5403,0,0,0,,0,,"EAST VISALIA RD","EDISON POLE #VZ119030",18.00,W,N,A,-,N,,,,,,,,,,Y,2,0,2,2,A,-,11,21954,A,N,D,B,D,A,H,-,C,D,0,Y,,Y,,Y,Y,N,60,1,0,1,0,1,0,0,0,1,"- ","- ",,,TULARE,FARMERSVILLE,,
9427723,2022,2022-05-06,5405,2022-04-05,1618,259,SEC4,2,5,4,5405,0,0,0,,0,,"OLIVE AV","RT 65",229.00,W,N,A,-,N,,,,,,,,,,Y,2,0,1,2,A,-,09,21801,A,N,D,C,A,A,H,-,A,D,0,,,Y,,Y,,D,22,1,0,0,0,0,0,0,0,1,"- ",SF,36.066299438476562,-119.04122924804688,TULARE,PORTERVILLE,-119.03945922851562,36.066020965576172
9427883,2022,2022-04-07,5405,2022-03-29,1053,259,SEC4,2,5,4,5405,0,0,0,,0,,"NEWCOMB ST","TOMAH AV",0.00,,Y,A,-,N,,,,,,,,,,Y,2,0,1,2,A,-,09,21801,A,N,A,C,A,A,H,-,A,D,0,,,Y,,Y,,A,01,1,0,0,0,0,0,0,0,1,"- ","- ",36.067451477050781,-119.05268859863281,TULARE,PORTERVILLE,-119.05297088623047,36.067680358886719
9429184,2022,2022-04-08,5405,2022-03-23,1352,229,,3,5,4,5405,0,0,0,,0,SEC1,"RT 65","LINDA VISTA AV",0.00,,Y,A,-,Y,TUL,6,65,-,-,21.830,I,5,N,Y,2,0,5,2,A,-,09,21801,A,N,A,C,A,A,H,-,A,A,0,,,,,Y,,A,01,3,2,0,0,0,0,0,0,0,"- ","- ",36.10430908203125,-119.04306030273438,TULARE,PORTERVILLE,-119.04294586181641,36.104347229003906
9431686,2022,2022-04-27,5407,2022-03-07,0810,M333,480,1,5,5,5407,0,0,0,,0,N11,"W FERGUSON AV","N CROWE ST",7.00,E,N,A,-,N,,,,,,,,,,N,2,0,1,2,A,-,10,21950,A,N,G,B,B,A,H,-,A,A,0,Y,,,,Y,,A,07,1,0,0,0,1,0,0,0,0,"- ","- ",,,TULARE,VISALIA,-119.31703948974609,36.349163055419922