CASE_ID,ACCIDENT_YEAR,PROC_DATE,JURIS,COLLISION_DATE,COLLISION_TIME,OFFICER_ID,REPORTING_DISTRICT,DAY_OF_WEEK,CHP_SHIFT,POPULATION,CNTY_CITY_LOC,SPECIAL_COND,BEAT_TYPE,CHP_BEAT_TYPE,CITY_DIVISION_LAPD,CHP_BEAT_CLASS,BEAT_NUMBER,PRIMARY_RD,SECONDARY_RD,DISTANCE,DIRECTION,INTERSECTION,WEATHER_1,WEATHER_2,STATE_HWY_IND,CALTRANS_COUNTY,CALTRANS_DISTRICT,STATE_ROUTE,ROUTE_SUFFIX,POSTMILE_PREFIX,POSTMILE,LOCATION_TYPE,RAMP_INTERSECTION,SIDE_OF_HWY,TOW_AWAY,COLLISION_SEVERITY,NUMBER_KILLED,NUMBER_INJURED,PARTY_COUNT,PRIMARY_COLL_FACTOR,PCF_CODE_OF_VIOL,PCF_VIOL_CATEGORY,PCF_VIOLATION,PCF_VIOL_SUBSECTION,HIT_AND_RUN,TYPE_OF_COLLISION,MVIW,PED_ACTION,ROAD_SURFACE,ROAD_COND_1,ROAD_COND_2,LIGHTING,CONTROL_DEVICE,CHP_ROAD_TYPE,PEDESTRIAN_ACCIDENT,BICYCLE_ACCIDENT,MOTORCYCLE_ACCIDENT,TRUCK_ACCIDENT,NOT_PRIVATE_PROPERTY,ALCOHOL_INVOLVED,STWD_VEHTYPE_AT_FAULT,CHP_VEHTYPE_AT_FAULT,COUNT_SEVERE_INJ,COUNT_VISIBLE_INJ,COUNT_COMPLAINT_PAIN,COUNT_PED_KILLED,COUNT_PED_INJURED,COUNT_BICYCLIST_KILLED,COUNT_BICYCLIST_INJURED,COUNT_MC_KILLED,COUNT_MC_INJURED,PRIMARY_RAMP,SECONDARY_RAMP,LATITUDE,LONGITUDE,COUNTY,CITY,POINT_X,POINT_Y
94354230,2024,2024-08-14,9480,2024-08-07,"753 ",019048,,3,1,9,5400,0,1,3,,2,095,"SR-99 N/B","AVENUE 120",2640.00,S,N,A,-,Y,TUL,,99," "," ",15.106,H,,R,N,2,0,5,1,A,-,08,22107,,N,E,I,A,A,H,-,A,D,0,,,,,Y,,A,08,1,1,3,0,0,0,0,0,0,"- ","- ",36.003879547119141,-119.30148315429688,TULARE,UNINCORPORATED,-119.30143737792969,36.003883361816406
94381471,2024,2024-09-04,9480,2024-08-24,"640 ",021547,,6,1,9,5400,0,1,3,,1,040,SR-216,"RD 152",803.00,E,N,A,-,Y,TUL,,216," "," ",3.581,H,,R,Y,2,0,2,1,A,-,08,22107,,N,E,I,A,A,H,-,A,D,0,,,,,Y,,A,01,1,1,0,0,0,0,0,0,0,"- ","- ",36.346088409423828,-119.23282623291016,TULARE,UNINCORPORATED,-119.23286437988281,36.346134185791016
94388023,2024,2024-09-10,9480,2024-08-27,2120,019349,,2,2,9,5400,0,3,5,,2,003,"AVENUE 232","ROAD 48",1637.00,E,N,A,-,N,,,,,,,,,,Y,2,0,1,1,A,-,08,22107,,N,E,I,A,A,H,-,D,D,0,,,,,Y,,D,22,1,0,0,0,0,0,0,0,0,"- ","- ",36.210601806640625,-119.46063995361328,TULARE,UNINCORPORATED,-119.46060943603516,36.2105712890625
94393505,2024,2024-09-13,9480,2024-09-05,2310,021971,,4,3,9,5400,0,3,5,,2,002,"AVENUE 424","ROAD 114",540.00,W,N,A,-,N,,,,,,,,,,Y,2,0,2,2,A,-,01,23152,A,N,A,C,A,A,H,-,D,D,0,,,,,Y,Y,A,08,1,0,1,0,0,0,0,0,0,"- ","- ",36.55950927734375,-119.32015228271484,TULARE,UNINCORPORATED,-119.32010650634766,36.559471130371094
94406574,2024,2024-12-06,9481,2024-02-21,1848,021227,,3,2,9,5400,0,3,5,,2,010,"ROAD 180","AVENUE 208",0.00,,Y,B,-,N,,,,,,,,,,Y,1,1,1,2,A,-,12,22450,A,N,D,2,A,A,H,-,D,A,0,,,,,Y,,D,22,0,0,1,0,0,0,0,0,0,"- ","- ",36.167240142822266,-119.17076873779297,TULARE,UNINCORPORATED,-119.17075347900391,36.167236328125
94417595,2024,2024-10-03,9480,2024-09-23,"59  ",018521,,1,3,9,5400,0,1,3,,2,093,"SR-99 S/B","DR 92B",2112.00,N,N,A,-,Y,TUL,,99," "," ",34.359,H,,L,Y,2,0,1,1,A,-,01,23152,A,N,E,I,A,A,D,-,C,D,0,,,,,Y,Y,D,22,1,0,0,0,0,0,0,0,0,"- ","- ",36.271629333496094,-119.36808776855469,TULARE,UNINCORPORATED,-119.36801147460938,36.27166748046875
94435206,2024,2024-10-17,9830,2024-10-05,1450,023087,,6,2,9,5400,0,3,5,,2,007,"KENNEDY MEADOW RD","MILE POST MARKER 15.50",40.00,N,N,A,-,N,,,,,,,,,,Y,2,0,1,1,A,-,03,22350,,N,F,A,A,A,H,-,A,D,0,,,Y,,Y,,C,02,1,0,0,0,0,0,0,0,1,"- ","- ",35.925758361816406,-118.04889678955078,TULARE,UNINCORPORATED,,
94437000,2024,2024-10-24,9480,2024-10-04,"638 ",019349,,5,1,9,5400,0,3,5,,2,004,"AVENUE 320","ROAD 132",0.00,,Y,A,-,N,,,,,,,,,,Y,2,0,1,2,A,-,12,22450,A,N,D,C,A,A,H,-,A,A,0,,,,,Y,,A,07,1,0,0,0,0,0,0,0,0,"- ","- ",36.370979309082031,-119.27880096435547,TULARE,UNINCORPORATED,-119.27877044677734,36.3709716796875
9446399,2022,2022-06-08,5405,2022-05-01,0358,283,3,7,5,4,5405,0,0,0,,0,,"PLANO ST","GARDEN AV",0.00,,Y,A,-,N,,,,,,,,,,Y,2,0,1,2,A,-,03,22350,,N,C,C,A,A,H,-,A,A,0,,,Y,,Y,,C,02,1,0,0,0,0,0,0,0,1,"- ","- ",,,TULARE,PORTERVILLE,-119.00833892822266,36.066871643066406
94488717,2024,2024-12-02,9480,2024-11-21,1620,016240,,4,2,9,5400,0,3,5,,2,001,"ROAD 80","AVENUE 328",716.00,S,N,A,-,N,,,,,,,,,,Y,2,0,2,2,A,-,03,22350,,N,C,C,A,A,H,-,A,A,0,,,,,Y,,D,22,1,1,0,0,0,0,0,0,0,"- ","- ",36.383270263671875,-119.39456939697266,TULARE,UNINCORPORATED,-119.39475250244141,36.383396148681641
94490881,2024,2024-12-03,9480,2024-10-20,"210 ",022256,,7,3,9,5400,0,3,5,,2,006,"ROAD 140","AVENUE 216",900.00,S,N,A,-,N,,,,,,,,,,Y,1,1,0,1,A,-,08,22107,,N,E,I,A,A,H,-,D,D,0,,,,,Y,Y,D,22,0,0,0,0,0,0,0,0,0,"- ","- ",36.179378509521484,-119.25991058349609,TULARE,UNINCORPORATED,-119.25987243652344,36.179431915283203
94493918,2024,2024-12-05,9480,2024-12-01,1525,019932,,7,2,9,5400,0,1,3,,1,021,"STATE ROUTE 63","EMERALD DRIVE",0.00,,Y,A,-,Y,TUL,,63," "," ",22.383,H,,R,N,2,0,1,2,A,-,09,21801,A,N,D,C,A,A,H,-,A,D,0,,,Y,,Y,,A,07,1,0,0,0,0,0,0,0,1,"- ","- ",36.527458190917969,-119.28691864013672,TULARE,UNINCORPORATED,-119.28687286376953,36.527458190917969
94508947,2024,2024-12-18,9480,2024-12-05,1740,021044,,4,2,9,5400,0,3,5,,2,004,"LORT DRIVE","ROAD 182",4594.00,E,N,A,-,N,,,,,,,,,,Y,2,0,1,1,A,-,01,23152,F,N,E,I,A,A,H,-,D,D,0,,,Y,,Y,,C,02,1,0,0,0,0,0,0,0,1,"- ","- ",36.344039916992188,-119.15248107910156,TULARE,UNINCORPORATED,,
94514163,2024,2024-12-23,9481,2024-12-16,1605,020917,,1,2,9,5400,0,3,5,,2,050,"AVENUE 95","ROAD 248",0.00,,Y,B,-,N,,,,,,,,,,Y,2,0,2,2,A,-,09,21801,A,N,A,C,A,A,H,-,A,D,0,,,,,Y,,A,07,1,0,1,0,0,0,0,0,0,"- ","- ",35.962409973144531,-119.01812744140625,TULARE,UNINCORPORATED,-119.01810455322266,35.962390899658203
94515275,2024,2024-12-24,9480,2024-12-16,1510,021547,,1,2,9,5400,0,1,3,,2,095,"SR-99 SB","AVE 48",1742.00,N,N,A,-,Y,TUL,,99," "," ",6.937,H,,L,Y,2,0,1,1,A,-,08,22107,,N,E,8,A,A,H,-,A,D,0,,,,,Y,,A,08,1,0,0,0,0,0,0,0,0,"- ","- ",35.888648986816406,-119.27327728271484,TULARE,UNINCORPORATED,-119.27323913574219,35.888656616210938
94520306,2024,2024-12-30,9480,2024-12-20,1520,016240,,5,2,9,5400,0,3,5,,2,002,"AVENUE 424","ROAD 96",620.00,W,N,A,-,N,,,,,,,,,,N,2,0,1,1,A,-,08,22107,,N,F,A,A,A,H,-,A,D,0,,,Y,,Y,,C,02,1,0,0,0,0,0,0,0,1,"- ","- ",36.560138702392578,-119.36068725585938,TULARE,UNINCORPORATED,-119.360595703125,36.56005859375
94532139,2024,2025-01-09,9480,2024-10-26,2238,021687,,6,3,9,5400,0,3,5,,2,004,"ROAD 132","AVENUE 384",5280.00,S,N,A,-,N,,,,,,,,,,Y,1,1,1,1,A,-,01,23152,A,F,F,I,A,A,H,-,D,D,0,,,,,Y,Y,A,01,0,1,0,0,0,0,0,0,0,"- ","- ",36.470420837402344,-119.27745056152344,TULARE,UNINCORPORATED,-119.27740478515625,36.472129821777344
94533023,2024,2025-01-10,9480,2024-11-04,1820,020450,,1,2,9,5400,0,3,5,,2,003,"AVENUE 152","ROAD 96 (PRATT STREET)",0.00,,Y,A,-,N,,,,,,,,,,Y,1,1,0,2,A,-,12,22450,A,N,D,C,A,A,H,-,D,A,0,,,,Y,Y,,A,01,0,0,0,0,0,0,0,0,0,"- ","- ",36.065658569335938,-119.35771179199219,TULARE,UNINCORPORATED,-119.35768127441406,36.065662384033203
94540079,2024,2025-01-16,9480,2024-12-21,1740,022293,,6,2,9,5400,0,3,5,,2,004,"CHARTER OAK DRIVE","ROAD 180",2006.00,E,N,A,-,N,,,,,,,,,,Y,1,1,0,1,A,-,01,23152,A,N,E,8,A,A,H,-,D,D,0,,,,,Y,Y,D,22,0,0,0,0,0,0,0,0,0,"- ","- ",36.365451812744141,-119.16748809814453,TULARE,UNINCORPORATED,-119.16759490966797,36.365566253662109
94550622,2024,2025-01-27,9480,2024-09-14,2215,021660,,6,3,9,5400,0,3,5,,2,002,"FIRST DRIVE","CUTLER DRIVE",20.00,W,N,A,-,N,,,,,,,,,,N,1,1,0,2,A,-,01,23152,A,F,G,B,D,A,H,-,C,D,0,Y,,,,Y,Y,A,08,0,0,0,1,0,0,0,0,0,"- ","- ",36.524669647216797,-119.29000091552734,TULARE,UNINCORPORATED,-119.29002380371094,36.524616241455078
94594663,2025,2025-03-03,9480,2025-02-24,1640,019048,,1,2,9,5400,0,1,3,,1,034,"SR-198 W/B","ROAD 60",200.00,E,N,A,-,Y,TUL,,198," "," ",2.128,H,,L,Y,2,0,1,1,A,-,08,22107,,N,E,8,A,A,H,-,A,D,0,,,,,Y,,A,01,1,0,0,0,0,0,0,0,0,"- ","- ",36.327548980712891,-119.43733215332031,TULARE,UNINCORPORATED,-119.43733215332031,36.327598571777344
9459574,2022,2022-07-01,5407,2022-04-05,1633,A218,480,2,5,5,5407,0,0,0,,0,011,PLAZA,GOSHEN,1795.00,N,N,A,-,N,,,,,,,,,,Y,2,0,1,2,A,-,03,22350,,N,D,C,A,A,H,-,A,A,0,,,Y,Y,Y,,C,02,1,0,0,0,0,0,0,0,1,"- ","- ",36.342010498046875,-119.39452362060547,TULARE,VISALIA,-119.39458465576172,36.34686279296875
94596078,2025,2025-03-04,9480,2025-02-26,1600,017311,,3,2,9,5400,0,1,3,,1,064,"SR-198 E/B","WOODLAND ST",559.00,W,N,A,-,Y,TUL,,198," ",R,8.378,H,,R,Y,2,0,5,4,A,-,03,22350,,N,C,C,A,A,H,-,A,D,0,,,,,Y,,A,01,1,0,4,0,0,0,0,0,0,"- ","- ",36.32733154296875,-119.32076263427734,TULARE,UNINCORPORATED,-119.32076263427734,36.32733154296875
94602508,2025,2025-03-18,9481,2025-02-28,"520 ",020784,,5,3,9,5400,0,1,3,,1,037,"STATE ROUTE 65","AVENUE 12",1134.00,S,N,A,-,Y,TUL,,65," "," ",1.275,H,,R,Y,2,0,1,1,A,-,01,23152,A,N,F,I,A,A,H,-,D,D,0,,,,,Y,Y,A,08,1,0,0,0,0,0,0,0,0,"- ","- ",35.809318542480469,-119.05348205566406,TULARE,UNINCORPORATED,-119.05355072021484,35.809318542480469
94613729,2025,2025-03-24,9481,2025-03-15,"120 ",021983,,6,3,9,5400,0,1,3,,1,012,"STATE ROUTE 65 N/B","DRIVE 216",1700.00,N,N,B,C,Y,TUL,,65," "," ",28.347,H,,R,Y,2,0,3,1,A,-,01,23152,A,N,E,8,A,B,H,-,D,D,0,,,,,Y,Y,A,01,1,2,0,0,0,0,0,0,0,"- ","- ",36.188640594482422,-119.09471893310547,TULARE,UNINCORPORATED,-119.09476470947266,36.188621520996094
94613751,2025,2025-03-24,9481,2025-03-09,2118,021234,,7,2,9,5400,0,3,5,,2,050,"ROAD 236","AVENUE 100",925.00,S,N,A,-,N,,,,,,,,,,Y,1,1,0,2,A,-,05,21650,,F,B,C,A,A,H,-,D,D,0,,,,Y,Y,Y,A,01,0,0,0,0,0,0,0,0,0,"- ","- ",35.968910217285156,-119.04460144042969,TULARE,UNINCORPORATED,-119.04463195800781,35.968959808349609
94651551,2025,2025-04-16,9481,2025-03-30,1641,019149,,7,2,9,5400,0,1,3,,1,037,"STATE ROUTE 65","AVENUE 80",200.00,N,N,A,-,Y,TUL,,65," ",R,10.015,H,,R,Y,2,0,3,3,A,-,03,22350,,F,C,2,A,A,H,-,A,D,0,,,,,Y,,D,22,2,1,0,0,0,0,0,0,0,"- ","- ",35.9356689453125,-119.05365753173828,TULARE,UNINCORPORATED,-119.05362701416016,35.9356689453125
94656430,2025,2025-04-21,9481,2025-04-03,1555,020273,,4,2,9,5400,0,3,5,,2,020,"AVENUE 208","ROAD 228",0.00,,Y,A,-,N,,,,,,,,,,Y,2,0,1,2,A,-,09,21802,A,N,D,C,A,A,H,-,A,A,0,,,,,Y,,A,01,1,0,0,0,0,0,0,0,0,"- ","- ",36.167289733886719,-119.06329345703125,TULARE,UNINCORPORATED,-119.06327819824219,36.167301177978516
94676817,2025,2025-05-06,9480,2025-04-26,1615,021547,,6,2,9,5400,0,3,5,,2,005,"AVE 96 (TERRA BELLA AVE)","RD 152",1742.00,E,N,A,-,N,,,,,,,,,,N,2,0,2,2,A,-,03,22350,,N,C,C,A,A,H,-,A,D,0,,,Y,,Y,,C,02,1,1,0,0,0,0,0,0,2,"- ","- ",35.964450836181641,-119.23628234863281,TULARE,UNINCORPORATED,-119.22683715820312,35.964393615722656
94684309,2025,2025-05-12,9480,2025-05-04,1215,016995,,7,1,9,5400,0,1,3,,1,060,"STATE ROUTE 137","ROAD 152",0.00,,Y,A,-,Y,TUL,,137," "," ",21.955,H,,R,Y,2,0,6,2,A,-,09,21801,A,N,D,C,A,A,H,-,A,A,0,,,,,Y,,A,01,3,1,2,0,0,0,0,0,0,"- ","- ",36.210880279541016,-119.2335205078125,TULARE,UNINCORPORATED,-119.2335205078125,36.210826873779297
94685102,2025,2025-05-13,9480,2025-04-10,1145,016233,,4,1,9,5400,0,3,5,,2,006,"SPACER DRIVE","AVENUE 200",3168.00,S,N,A,-,N,,,,,,,,,,Y,1,1,0,1,A,-,08,22107,,N,F,A,A,A,H,-,A,D,0,,,,,Y,,D,22,0,0,0,0,0,0,0,0,0,"- ","- ",36.146438598632812,-119.27825927734375,TULARE,UNINCORPORATED,-119.27877807617188,36.146663665771484
9469173,2023,2023-09-26,5407,2023-08-06,2345,A372,480,7,5,5,5407,0,0,0,,0,N25,"HOUSTON AV","LOVERS LN",0.00,,Y,A,-,N,,,,,,,,,,Y,2,0,4,2,A,-,01,23153,A,N,D,C,A,A,H,-,C,A,0,,,,Y,Y,Y,D,22,1,2,1,0,0,0,0,0,0,"- ","- ",36.325489044189453,-119.28662109375,TULARE,VISALIA,-119.26097869873047,36.341991424560547
9469177,2023,2023-09-27,5407,2023-08-10,"24  ",A342,480,4,5,5,5407,0,0,0,,0,O26,"E HOUSTON AV","MAPLE ST",0.00,,Y,A,-,N,,,,,,,,,,N,2,0,1,2,A,-,09,21804,A,N,D,G,A,A,H,-,C,D,0,,Y,,,Y,,L,04,1,0,0,0,0,0,1,0,0,"- ","- ",36.341949462890625,-119.26290893554688,TULARE,VISALIA,-119.26290130615234,36.341964721679688
94727839,2025,2025-06-16,9481,2025-05-24,2010,021983,,6,2,9,5400,0,3,5,,2,030,"SCRANTON AVENUE (AVENUE 136)","NEWCOMB STREET (ROAD 232)",710.00,E,N,A,-,N,,,,,,,,,,N,2,0,1,2,A,-,05,21202,A,M,B,G,A,A,H,-,B,D,0,,Y,,,Y,,M,91,1,0,0,0,0,0,1,0,0,"- ","- ",36.036788940429688,-119.05088806152344,TULARE,UNINCORPORATED,-119.0509033203125,36.036773681640625
94746512,2025,2025-07-07,9480,2025-06-27,2100,022728,,5,2,9,5400,0,3,5,,2,004,"ROAD 132 (BEN MADDOX WAY)","SAINT JOHNS PARKWAY",990.00,N,N,A,-,N,,,,,,,,,,N,2,0,1,2,A,-,03,22350,,F,C,G,A,A,H,-,D,D,0,,Y,,,Y,,-,99,1,0,0,0,0,0,1,0,0,"- ","- ",36.353141784667969,-119.27899169921875,TULARE,UNINCORPORATED,,
94746524,2025,2025-07-07,9480,2025-06-25,"740 ",016233,,3,1,9,5400,0,3,5,,2,006,"AVENUE 224","ROAD 140",1177.00,E,N,A,-,N,,,,,,,,,,Y,1,1,0,1,A,-,08,22107,,N,E,I,A,A,H,-,A,D,0,,,,,Y,,A,07,0,0,0,0,0,0,0,0,0,"- ","- ",36.196498870849609,-119.25533294677734,TULARE,UNINCORPORATED,-119.256103515625,36.196434020996094
94781664,2025,2025-07-29,9481,2025-05-17,2040,022793,,6,2,9,5400,0,3,5,,2,050,"ROAD 267","AVENUE 78",2850.00,S,N,A,-,N,,,,,,,,,,N,1,1,0,1,A,-,01,23152,A,N,H,A,A,A,H,-,D,D,0,,,Y,,Y,Y,C,06,0,0,0,0,0,0,0,1,0,"- ","- ",35.923671722412109,-118.97553253173828,TULARE,UNINCORPORATED,-118.97553253173828,35.923660278320312
9480254,2022,2022-07-28,5405,2022-07-09,1931,290,SEC1,6,5,4,5405,0,0,0,,0,5405,"NEWCOMB ST","PIONEER AV",11.00,S,N,A,-,N,,,,,,,,,,Y,2,0,2,2,A,-,08,22107,,N,A,C,A,A,H,-,A,D,0,,,,,Y,,A,01,2,0,0,0,0,0,0,0,0,"- ","- ",36.091190338134766,-119.05287170410156,TULARE,PORTERVILLE,-119.05288696289062,36.091178894042969
94808896,2025,2025-08-19,9481,2025-03-21,"450 ",022423,,5,3,9,5400,0,1,3,,1,053,"STATE ROUTE 190","ROAD 284",4023.00,W,N,A,-,Y,TUL,,190," "," ",20.291,H,,R,Y,1,1,0,2,A,-,11,21954,A,N,G,B,D,A,H,-,D,D,0,Y,,,,Y,,N,60,0,0,0,1,0,0,0,0,0,"- ","- ",36.044208526611328,-118.95095062255859,TULARE,UNINCORPORATED,-118.95095062255859,36.044204711914062
9493295,2022,2022-10-11,5407,2022-03-19,0037,M226,480,6,5,5,5407,0,0,0,,0,033,"RT 63","S MOONEY BL",14.00,E,N,A,-,Y,TUL,6,63,-,L,7.949,I,5,N,Y,2,0,3,1,A,-,01,23153,B,N,E,I,A,A,H,-,C,A,0,,,,,Y,Y,A,01,3,0,0,0,0,0,0,0,0,"- ","- ",36.326541900634766,-119.31400299072266,TULARE,VISALIA,-119.31397247314453,36.326557159423828
9501520,2022,2022-10-17,5407,2022-08-30,1703,A266,480,2,5,5,5407,0,0,0,,0,025,"GIDDINGS ST","HOUSTON AV",84.00,N,N,A,-,N,,,,,,,,,,N,2,0,1,2,A,-,11,21955,,N,A,B,D,A,H,-,A,A,0,Y,,,,Y,Y,N,60,1,0,0,0,1,0,0,0,0,"- ","- ",,,TULARE,VISALIA,-119.30561065673828,36.342109680175781
9501645,2022,2022-10-28,5405,2022-10-07,0631,293,SEC4,5,5,4,5405,0,0,0,,0,,"RT 65","SCRANTON AV",53.00,N,N,A,-,Y,TUL,6,65,-,-,17.150,H,-,S,Y,2,0,3,4,A,-,01,23153,A,N,C,C,A,A,H,-,A,A,0,,,,,Y,Y,A,01,1,2,0,0,0,0,0,0,0,"- ","- ",36.036750793457031,-119.03965759277344,TULARE,PORTERVILLE,-119.03952789306641,36.037021636962891
9504506,2022,2022-10-25,5407,2022-09-05,0523,A368,480,1,5,5,5407,0,0,0,,0,P33,"S MOONEY BL","W WALNUT AV",0.00,,Y,A,-,Y,TUL,6,63,-,-,6.990,I,5,N,Y,2,0,3,2,D,-,00,,,N,D,C,A,A,H,-,C,A,0,,,,,Y,,-,"- ",1,1,1,0,0,0,0,0,0,"- ","- ",36.312980651855469,-119.31385040283203,TULARE,VISALIA,-119.31378936767578,36.312709808349609
9516469,2022,2022-12-22,5407,2022-11-15,0149,A368,480,2,5,5,5407,0,0,0,,0,N25,"N DIVISADERO ST","W MURRAY AV",0.00,,Y,A,-,N,,,,,,,,,,Y,2,0,2,2,A,-,01,23152,A,N,C,A,A,A,H,-,C,A,0,,,,,Y,Y,A,01,2,0,0,0,0,0,0,0,0,"- ","- ",36.334701538085938,-119.30996704101562,TULARE,VISALIA,,
9520162,2022,2023-03-06,5407,2022-10-19,2048,M333,480,3,5,5,5407,0,0,0,,0,R12,"RT 63","W TULARE AV",16.00,S,N,A,-,Y,TUL,6,63,-,-,7.500,H,-,S,Y,1,1,0,2,A,-,11,21456,C,F,A,B,B,A,H,-,C,A,0,Y,,,,Y,,N,60,0,0,0,1,0,0,0,0,0,"- ","- ",,,TULARE,VISALIA,-119.31405639648438,36.320064544677734
9520380,2022,2023-02-09,5405,2022-12-30,2247,236,"SEC 1",5,5,4,5405,0,0,0,,0,,"HENDERSON AV","INDIANA ST",0.00,,Y,A,-,N,,,,,,,,,,N,1,1,2,2,A,-,12,21453,A,N,D,C,A,A,H,-,C,A,0,,,,,Y,,A,01,0,0,2,0,0,0,0,0,0,"- ","- ",36.080501556396484,-119.03495788574219,TULARE,PORTERVILLE,-119.03494262695312,36.080513000488281
9525252,2023,2023-02-24,5407,2023-01-03,1239,M282,480,2,5,5,5407,0,0,0,,0,025,"N DEMAREE ST","W HOUSTON AV",449.00,S,N,B,-,N,,,,,,,,,,Y,2,0,3,2,A,-,05,21651,B,F,A,C,A,A,H,-,A,A,0,,,,,Y,,A,08,1,1,1,0,0,0,0,0,0,"- ","- ",36.340461730957031,-119.33177185058594,TULARE,VISALIA,-119.33197021484375,36.340679168701172
9531766,2022,2022-11-14,5406,2022-10-05,1047,41,5406,3,5,4,5406,0,0,0,,0,0AO,"BARDO ST",K,0.00,,Y,A,-,N,,,,,,,,,,N,2,0,1,2,A,-,05,21650,,N,A,B,A,A,H,-,A,A,0,,Y,,,Y,,L,04,1,0,0,0,0,0,1,0,0,"- ","- ",,,TULARE,TULARE,,
9536224,2022,2023-01-10,5405,2022-12-01,2013,225,,4,5,4,5405,0,0,0,,0,003,"RT 190","BLUE HERON PKWY",273.00,E,N,C,-,Y,TUL,6,190,-,-,18.530,H,-,E,Y,2,0,2,2,A,-,01,23152,B,N,C,C,A,B,H,-,C,A,0,,,,,Y,Y,A,01,1,1,0,0,0,0,0,0,0,"- ","- ",36.051189422607422,-118.98164367675781,TULARE,PORTERVILLE,-118.98021697998047,36.051193237304688
9542762,2022,2023-02-01,5407,2022-12-07,0639,C56,480,3,5,5,5407,0,0,0,,0,M11,"GOSHEN AVE","AMERICAN ST",0.00,,Y,A,-,N,,,,,,,,,,Y,2,0,2,2,A,-,09,21802,A,N,D,C,A,A,H,-,B,A,0,,,,,Y,,D,22,2,0,0,0,0,0,0,0,0,"- ","- ",36.341949462890625,-119.40351867675781,TULARE,VISALIA,-119.40354156494141,36.341972351074219
9556936,2023,2023-04-12,5405,2023-03-20,2004,300,SEC3,1,5,4,5405,0,0,0,,0,,"RT 190","PLANO ST",876.00,E,N,A,-,Y,TUL,6,190,-,-,17.180,H,-,W,N,2,0,1,2,A,-,01,21200,5,N,G,G,A,A,H,-,D,A,0,,Y,,,Y,,L,04,1,0,0,0,0,0,1,0,0,"- ","- ",36.051109313964844,-119.00821685791016,TULARE,PORTERVILLE,-119.00442504882812,36.051162719726562
9560021,2023,2023-03-22,5407,2023-01-19,1846,M293,480,4,5,5,5407,0,0,0,,0,,"N JACOB ST","W GOSHEN AV",200.00,N,N,A,-,N,,,,,,,,,,Y,2,0,1,2,A,-,11,21954,A,N,G,B,E,A,A,-,C,A,0,Y,,,,Y,,N,60,1,0,0,0,1,0,0,0,0,"- ","- ",,,TULARE,VISALIA,-119.30223846435547,36.335098266601562
9566946,2023,2023-06-08,5407,2023-04-14,"730 ",M293,480,5,5,5,5407,0,0,0,,0,,"S LOVERS LN","E SUNNYSIDE AV",0.00,,Y,A,-,N,,,,,,,,,,Y,2,0,2,2,A,-,09,21802,A,N,D,C,A,A,H,-,A,A,0,,,,,Y,,A,01,1,0,1,0,0,0,0,0,0,"- ","- ",,,TULARE,VISALIA,-119.26061248779297,36.302021026611328
9579377,2023,2023-05-11,5407,2023-03-21,1106,M292,480,2,5,5,5407,0,0,0,,0,M11,"W GOSHEN AV","N KENT ST",0.00,,Y,C,-,N,,,,,,,,,,Y,2,0,1,2,A,-,03,22350,,F,D,C,A,B,H,-,A,D,0,,,,,Y,,A,01,1,0,0,0,0,0,0,0,0,"- ","- ",36.338771820068359,-119.33194732666016,TULARE,VISALIA,-119.34407806396484,36.340927124023438
9580606,2023,2023-06-29,5406,2023-05-15,2022,47,,1,5,4,5406,0,0,0,,0,0ES,"RT 137","MORRISON RD",42.00,W,N,A,-,Y,TUL,6,137,-,-,18.060,I,5,W,Y,2,0,3,2,A,-,09,21802,A,N,D,C,A,A,H,-,D,A,0,,,,,Y,Y,A,07,1,1,1,0,0,0,0,0,0,"- ","- ",,,TULARE,TULARE,-119.30330657958984,36.211017608642578
9589517,2023,2023-06-16,5407,2023-05-15,2204,A379,"480 ",1,5,5,5407,0,0,0,,0,034,"S LOCUST ST","W WALNUT AV",22.00,N,N,A,-,N,,,,,,,,,,Y,2,0,1,2,A,-,08,22107,,N,B,C,A,A,H,-,B,A,0,,,Y,,Y,,A,01,1,0,0,0,0,0,0,0,1,"- ","- ",,,TULARE,VISALIA,-119.29358673095703,36.312870025634766
9589934,2023,2023-06-16,5407,2023-04-29,2038,A354,480,6,5,5,5407,0,0,0,,0,026,"N DINUBA BL","W ROBIN AV",24.00,N,N,A,-,N,,,,,,,,,,N,2,0,1,2,A,-,10,21950,A,N,A,B,B,A,H,-,C,A,0,Y,,,,Y,,A,01,1,0,0,0,1,0,0,0,0,"- ","- ",36.353458404541016,-119.29695129394531,TULARE,VISALIA,-119.29698944091797,36.353534698486328
9598960,2023,2024-02-27,5407,2023-12-12,1323,M226,480,2,5,5,5407,0,0,0,,0,011,"W MINERIAL KING AV","S CHINOWTH ST",0.00,,Y,A,-,N,,,,,,,,,,N,2,0,2,3,A,-,05,21650,1,N,D,G,A,A,H,-,A,A,0,,Y,,,Y,,L,04,1,0,1,0,0,0,1,0,0,"- ","- ",36.32781982421875,-119.33624267578125,TULARE,VISALIA,-119.33625030517578,36.327850341796875