CASE_ID,ACCIDENT_YEAR,PROC_DATE,JURIS,COLLISION_DATE,COLLISION_TIME,OFFICER_ID,REPORTING_DISTRICT,DAY_OF_WEEK,CHP_SHIFT,POPULATION,CNTY_CITY_LOC,SPECIAL_COND,BEAT_TYPE,CHP_BEAT_TYPE,CITY_DIVISION_LAPD,CHP_BEAT_CLASS,BEAT_NUMBER,PRIMARY_RD,SECONDARY_RD,DISTANCE,DIRECTION,INTERSECTION,WEATHER_1,WEATHER_2,STATE_HWY_IND,CALTRANS_COUNTY,CALTRANS_DISTRICT,STATE_ROUTE,ROUTE_SUFFIX,POSTMILE_PREFIX,POSTMILE,LOCATION_TYPE,RAMP_INTERSECTION,SIDE_OF_HWY,TOW_AWAY,COLLISION_SEVERITY,NUMBER_KILLED,NUMBER_INJURED,PARTY_COUNT,PRIMARY_COLL_FACTOR,PCF_CODE_OF_VIOL,PCF_VIOL_CATEGORY,PCF_VIOLATION,PCF_VIOL_SUBSECTION,HIT_AND_RUN,TYPE_OF_COLLISION,MVIW,PED_ACTION,ROAD_SURFACE,ROAD_COND_1,ROAD_COND_2,LIGHTING,CONTROL_DEVICE,CHP_ROAD_TYPE,PEDESTRIAN_ACCIDENT,BICYCLE_ACCIDENT,MOTORCYCLE_ACCIDENT,TRUCK_ACCIDENT,NOT_PRIVATE_PROPERTY,ALCOHOL_INVOLVED,STWD_VEHTYPE_AT_FAULT,CHP_VEHTYPE_AT_FAULT,COUNT_SEVERE_INJ,COUNT_VISIBLE_INJ,COUNT_COMPLAINT_PAIN,COUNT_PED_KILLED,COUNT_PED_INJURED,COUNT_BICYCLIST_KILLED,COUNT_BICYCLIST_INJURED,COUNT_MC_KILLED,COUNT_MC_INJURED,PRIMARY_RAMP,SECONDARY_RAMP,LATITUDE,LONGITUDE,COUNTY,CITY,POINT_X,POINT_Y
9599243,2023,2024-01-26,5407,2023-11-15,1404,A389,480,3,5,5,5407,0,0,0,,0,012,"S MOONEY","VISALIA PKWY",438.00,N,N,B,-,N,,,,,,,,,,Y,2,0,2,2,A,-,09,21801,A,N,B,C,A,A,H,-,A,D,0,,,,,Y,,A,01,1,1,0,0,0,0,0,0,0,"- ","- ",,,TULARE,VISALIA,-119.31369781494141,36.29248046875
9624109,2023,2025-06-26,5406,2023-09-20,2303,54,,3,5,4,5406,0,0,0,,0,EAST,BLACKSTONE,LYNDALE,160.00,S,N,A,-,N,,,,,,,,,,Y,1,1,0,2,A,-,11,21954,A,N,G,B,D,A,H,-,C,D,0,Y,,,,Y,Y,N,60,0,0,0,1,0,0,0,0,0,"- ","- ",36.217441558837891,-119.33122253417969,TULARE,TULARE,-119.33094024658203,36.21759033203125
9628059,2023,2023-10-19,5406,2023-09-07,"441 ",SZ18A22,PAT,4,5,4,5406,0,0,0,,0,0AO,PAIGE,LASPINA,89.00,W,N,A,-,N,,,,,,,,,,Y,2,0,1,2,A,-,11,21954,A,N,G,B,E,A,H,-,D,A,0,Y,,,,Y,Y,N,60,1,0,0,0,1,0,0,0,0,"- ","- ",36.182140350341797,-119.32437896728516,TULARE,TULARE,-119.32469940185547,36.182163238525391
9630828,2023,2023-11-17,5407,2023-10-06,1724,A364,480,5,5,5,5407,0,0,0,,0,026,"N MCAULIFF","E OAK",0.00,,Y,A,-,N,,,,,,,,,,Y,2,0,2,2,A,-,09,21801,A,N,D,C,A,A,H,-,A,A,0,,,,,Y,,A,01,2,0,0,0,0,0,0,0,0,"- ","- ",,,TULARE,VISALIA,-119.24797058105469,36.331344604492188
9630837,2023,2023-11-14,5407,2023-08-20,1444,M226,480,7,5,5,5407,0,0,0,,0,034,"S COURT ST","E EVERGREEN AV",144.00,N,N,C,-,N,,,,,,,,,,Y,2,0,4,2,A,-,21,22106,,N,D,C,A,B,H,-,A,A,0,,,,,Y,,A,01,3,0,1,0,0,0,0,0,0,"- ","- ",36.305610656738281,-119.29176330566406,TULARE,VISALIA,-119.29178619384766,36.307254791259766
9632058,2023,2023-11-27,5407,2023-10-03,1426,12619,480,2,5,5,5407,0,0,0,,0,011,"AKERS ST","HILLSDALE AV",0.00,,Y,A,-,N,,,,,,,,,,Y,2,0,1,2,A,-,12,21453,A,N,D,C,A,A,H,-,A,A,0,,,,,Y,,A,01,1,0,0,0,0,0,0,0,0,"- ","- ",,,TULARE,VISALIA,-119.34980010986328,36.329551696777344
9640236,2023,2024-03-05,5407,2023-12-26,"929 ",M186,480,2,5,5,5407,0,0,0,,0,,"W VINE AV",CHINOWTH,230.00,E,N,A,-,N,,,,,,,,,,Y,1,1,0,2,A,-,21,22106,,N,G,B,-,A,H,-,A,D,0,Y,,,,Y,,A,07,0,0,0,1,0,0,0,0,0,"- ","- ",36.347080230712891,-119.33499145507812,TULARE,VISALIA,-119.33499145507812,36.347000122070312
9640272,2023,2024-03-12,5407,2023-12-05,1004,M292,480,2,5,5,5407,0,0,0,,0,N25,"N LOCUST ST","W RACE AV",0.00,,Y,A,-,N,,,,,,,,,,N,1,1,0,2,A,-,10,21950,A,N,G,B,B,A,H,-,A,A,0,Y,,,,Y,,D,22,0,0,0,1,0,0,0,0,0,"- ","- ",36.335330963134766,-119.29350280761719,TULARE,VISALIA,-119.29350280761719,36.335330963134766
9640431,2024,2024-05-15,5407,2024-01-20,2049,M292,480,6,5,5,5407,0,0,0,,0,011,"W RIGGIN AV","CLANCY ST",517.00,W,N,B,-,N,,,,,,,,,,Y,1,1,0,2,A,-,01,21200,5,N,A,G,A,A,H,-,C,A,0,,Y,,,Y,,L,04,0,0,0,0,0,1,0,0,0,"- ","- ",,,TULARE,VISALIA,,
9640504,2023,2024-05-21,5401,2023-09-22,1127,2115,5401,5,5,3,5401,0,0,0,,0,00B,"CRAWFORD AV","TERRACE DR",65.00,S,N,A,-,N,,,,,,,,,,Y,1,1,1,3,A,-,10,21950,A,N,G,B,-,A,H,-,A,A,0,Y,,,,Y,,D,22,1,0,0,1,1,0,0,0,0,"- ","- ",,,TULARE,DINUBA,-119.37687683105469,36.539852142333984
9640717,2024,2024-07-16,5406,2024-06-20,2103,CBXO5,DIST3,4,5,4,5406,0,0,0,,0,EAST,BLACKSTONE,CEDAR,201.00,N,N,A,-,N,,,,,,,,,,N,1,1,0,3,A,-,05,21202,A,N,D,G,A,A,H,-,C,D,0,,Y,,,Y,,L,04,0,0,0,0,0,1,0,0,0,"- ","- ",,,TULARE,TULARE,-119.33112335205078,36.200141906738281
9640778,2024,2024-09-11,5407,2024-04-25,1732,M203,480,4,5,5,5407,0,0,0,,0,,"S DEMAREE ST",COPPOLA,0.00,,Y,A,-,N,,,,,,,,,,Y,1,1,1,2,A,-,03,22350,,N,D,C,A,A,H,-,A,A,0,,,Y,,Y,,C,02,0,1,0,0,0,0,0,1,0,"- ","- ",,,TULARE,VISALIA,-119.33162689208984,36.308753967285156
9641020,2024,2024-10-16,5405,2024-09-30,"26  ",282,"SEC 2",1,5,4,5405,0,0,0,,0,PSC,"MAIN ST","ELECTRIC POLE 2147481E",306.00,S,N,A,-,N,,,,,,,,,,Y,1,1,0,1,A,-,08,22107,,N,H,J,A,A,H,-,C,A,0,,,,,Y,,A,07,0,0,0,0,0,0,0,0,0,"- ","- ",36.087589263916016,-119.02654266357422,TULARE,PORTERVILLE,,
9656628,2023,2024-02-08,5407,2023-11-28,1507,M226,480,2,5,5,5407,0,0,0,,0,025,"RT 63","S GIDDINGS ST",0.00,,Y,A,-,N,,,,,,,,,,Y,2,0,1,2,A,-,12,21453,A,N,D,C,A,A,H,-,A,A,0,,,,,Y,,A,07,1,0,0,0,0,0,0,0,0,"- ","- ",36.327400207519531,-119.30545043945312,TULARE,VISALIA,-119.30547332763672,36.327022552490234
9656756,2023,2024-02-13,5407,2023-12-30,"844 ",C60,480,6,5,5,5407,0,0,0,,0,026,"E MINERAL KING AV","RD 152",1584.00,W,N,C,-,N,,,,,,,,,,Y,2,0,2,2,A,-,05,21650,,N,A,C,A,B,H,-,A,D,0,,,,,Y,,D,22,1,0,1,0,0,0,0,0,0,"- ","- ",36.327159881591797,-119.23377227783203,TULARE,VISALIA,-119.23918151855469,36.327152252197266
9666359,2024,2024-07-09,5405,2024-03-08,1524,229,"SEC 1",5,5,4,5405,0,0,0,,0,,"PIONEER AV","NEWCOMB ST",0.00,,Y,A,-,N,,,,,,,,,,Y,2,0,1,2,A,-,09,21802,A,N,A,G,A,A,H,-,A,A,0,,Y,,,Y,,A,01,1,0,0,0,0,0,1,0,0,"- ","- ",36.091190338134766,-119.05287170410156,TULARE,PORTERVILLE,-119.05289459228516,36.091205596923828
9690346,2024,2024-05-10,5407,2024-03-20,1505,M292,480,3,5,5,5407,0,0,0,,0,011,"W HILLSDALE AVE","N AKERS ST",0.00,,Y,A,-,N,,,,,,,,,,N,2,0,1,2,A,-,10,21950,A,N,G,B,B,A,H,-,A,A,0,Y,,,,Y,,A,07,1,0,0,0,1,0,0,0,0,"- ","- ",36.329418182373047,-119.34979248046875,TULARE,VISALIA,-119.34980010986328,36.329551696777344
9692389,2024,2024-06-13,5406,2024-04-17,2044,VDR5H,DIST3,3,5,4,5406,0,0,0,,0,EAST,ONEAL,"O ST",281.00,W,N,A,-,N,,,,,,,,,,N,2,0,1,2,A,-,11,21954,A,N,G,B,E,A,H,-,D,D,0,Y,,,,Y,,N,60,1,0,0,0,1,0,0,0,0,"- ","- ",36.194248199462891,-119.34005737304688,TULARE,TULARE,-119.34084320068359,36.193984985351562
9695611,2024,2024-09-06,5401,2024-05-31,"439 ",2127,5401,5,5,3,5401,0,0,0,,0,,"ROAD 80","KAMM AV",1310.00,,N,A,-,N,,,,,,,,,,Y,2,0,3,1,A,-,03,22350,,N,A,I,A,A,D,-,B,D,0,,,,,Y,Y,A,07,1,0,2,0,0,0,0,0,0,"- ","- ",,,TULARE,DINUBA,-119.39495086669922,36.531360626220703
9698092,2024,2024-06-25,5406,2024-03-27,1208,M0OBA,DIST4,3,5,4,5406,0,0,0,,0,0AO,"MARTIN LUTHER KING JR",O,130.00,E,N,A,-,N,,,,,,,,,,N,2,0,1,2,A,-,11,21954,A,N,G,B,D,A,C,-,A,D,0,Y,,,,Y,,N,60,1,0,0,0,1,0,0,0,0,"- ","- ",36.202239990234375,-119.33925628662109,TULARE,TULARE,-119.33934020996094,36.202289581298828
9701642,2024,2024-05-23,5401,2024-02-03,1115,2112,5401,6,5,3,5401,0,0,0,,0,00B,"E ELMONTE WAY","CALIFORNIA AV",127.00,W,N,B,-,N,,,,,,,,,,Y,2,0,1,2,B,-,22,,,N,D,-,A,A,D,-,A,D,0,,Y,,,Y,Y,L,04,1,0,0,0,0,0,1,0,0,"- ","- ",,,TULARE,DINUBA,-119.38243103027344,36.545570373535156
9713562,2024,2024-07-05,5407,2024-04-15,1922,12452,480,1,5,5,5407,0,0,0,,0,P33,"E HOWARD AV","S GODDARD ST",55.00,W,N,A,-,N,,,,,,,,,,N,2,0,1,1,A,-,03,22350,,N,F,A,A,A,H,-,A,A,0,,,,,Y,,-,,1,0,0,0,0,0,0,0,0,"- ","- ",36.318389892578125,-119.26584625244141,TULARE,VISALIA,-119.26573944091797,36.318405151367188
9717017,2024,2024-07-29,5407,2024-06-27,"943 ",M333,480,4,5,5,5407,0,0,0,,0,M11,"N PLAZA DR","W CROWLEY AVE",0.00,,Y,A,-,N,,,,,,,,,,Y,2,0,3,2,A,-,12,21453,A,N,D,C,A,A,H,-,A,A,0,,,,,Y,,A,07,1,0,2,0,0,0,0,0,0,"- ","- ",,,TULARE,VISALIA,-119.39112854003906,36.330821990966797
9722223,2024,2024-09-27,5405,2024-08-30,"822 ",CS046,"SEC 4",5,5,4,5405,0,0,0,,0,,"OLIVE AV","COBB ST",74.00,E,N,A,-,N,,,,,,,,,,Y,2,0,2,2,A,-,09,21801,A,N,A,C,A,A,H,-,A,A,0,,,,,Y,,A,01,2,0,0,0,0,0,0,0,0,"- ","- ",36.065959930419922,-119.03933715820312,TULARE,PORTERVILLE,-119.04010009765625,36.065876007080078
9722908,2024,2024-09-30,5405,2024-08-26,"619 ",292,SEC1,1,5,4,5405,0,0,0,,0,,"MORTON AV","INDIANA ST",0.00,,Y,A,-,N,,,,,,,,,,Y,2,0,2,2,A,-,12,21453,A,N,D,C,A,A,H,-,A,A,0,,,,,Y,,D,22,1,0,1,0,0,0,0,0,0,"- ","- ",36.073299407958984,-119.03507232666016,TULARE,PORTERVILLE,-119.03507995605469,36.073276519775391
9732941,2024,2024-09-13,5401,2024-06-09,2349,2114,5401,7,5,3,5401,0,0,0,,0,00A,"EL MONTE WY","LINCOLN AV",58.00,E,N,A,-,N,,,,,,,,,,N,2,0,1,2,A,-,11,21954,A,N,G,B,E,A,H,-,C,D,0,Y,,,,Y,,N,60,1,0,0,0,1,0,0,0,0,"- ","- ",,,TULARE,DINUBA,-119.38800048828125,36.545703887939453
9733283,2024,2025-01-07,5407,2024-08-24,"41  ",M186,480,6,5,5,5407,0,0,0,,0,012,CALDWELL,CHINOWTH,295.00,E,N,A,-,N,,,,,,,,,,Y,1,1,1,1,A,-,01,23152,A,N,E,I,A,A,H,-,C,D,0,,,,,Y,Y,A,01,1,0,0,0,0,0,0,0,0,"- ","- ",,,TULARE,VISALIA,-119.33502960205078,36.29833984375
9761514,2024,2024-12-31,5407,2024-09-13,1654,A378,480,5,5,5,5407,0,0,0,,0,012,"S ROVA ST","W NELLIS AV",0.00,,Y,A,-,N,,,,,,,,,,Y,2,0,1,3,A,-,01,23152,F,F,E,E,A,A,H,-,A,A,0,,,,,Y,,D,22,1,0,0,0,0,0,0,0,0,"- ","- ",36.293460845947266,-119.34111022949219,TULARE,VISALIA,-119.34104156494141,36.293498992919922
9763153,2024,2025-01-17,5407,2024-11-09,"319 ",12648,480,6,5,5,5407,0,0,0,,0,026,"N SANTA FE ST","E ROOSEVELT AV",210.00,S,N,A,-,N,,,,,,,,,,Y,2,0,1,2,A,-,01,23152,A,N,B,E,A,A,H,-,C,D,0,,,,,Y,Y,A,01,1,0,0,0,0,0,0,0,0,"- ","- ",,,TULARE,VISALIA,-119.28777313232422,36.339435577392578
9769114,2025,2025-02-03,5405,2025-01-21,2013,312,SEC3,2,5,4,5405,0,0,0,,0,,"OLIVE AV","PLANO ST",273.00,W,N,A,-,N,,,,,,,,,,N,2,0,1,2,A,-,10,21952,,F,G,B,C,A,H,-,C,A,0,Y,,,,Y,Y,A,01,1,0,0,0,1,0,0,0,0,"- ","- ",36.064098358154297,-119.00952911376953,TULARE,PORTERVILLE,-119.00923919677734,36.065101623535156
9769642,2024,2025-01-16,5407,2024-10-06,1708,C62,480,7,5,5,5407,0,0,0,,0,034,"RT 63","CALDWELL AV",0.00,,Y,A,-,Y,TUL,6,63,-,-,6.010,I,5,S,Y,2,0,5,2,A,-,01,23153,A,N,D,C,A,A,D,-,A,A,0,,,,,Y,Y,A,01,1,4,0,0,0,0,0,0,0,"- ","- ",,,TULARE,VISALIA,-119.31380462646484,36.298492431640625
9770543,2024,2025-01-10,5405,2024-12-17,"149 ",259,SEC2,2,5,4,5405,0,0,0,,0,,"PUTNAM AV","HILLCREST ST",133.00,E,N,A,-,N,,,,,,,,,,Y,2,0,1,1,A,-,01,23152,B,M,F,A,A,A,H,-,D,A,0,,,,,Y,Y,A,07,1,0,0,0,0,0,0,0,0,"- ","- ",36.069370269775391,-118.99018859863281,TULARE,PORTERVILLE,-118.99066925048828,36.069400787353516
9774960,2024,2025-01-29,5407,2024-12-09,1051,C60,480,1,5,5,5407,0,0,0,,0,034,"S LOVERS LN","E CALDWELL AV",0.00,,Y,B,-,N,,,,,,,,,,Y,2,0,1,2,A,-,12,21453,A,F,D,C,A,A,H,-,A,A,0,,,,,Y,,A,01,1,0,0,0,0,0,0,0,0,"- ","- ",36.297279357910156,-119.26088714599609,TULARE,VISALIA,-119.26097106933594,36.298351287841797
9776125,2025,2025-04-16,5401,2025-01-04,1552,2129,2129,6,5,3,5401,0,0,0,,0,005,"GOLDEN WY","MIDLAND ST",87.00,E,N,A,-,N,,,,,,,,,,Y,2,0,1,2,A,-,03,22350,,N,H,E,A,A,H,-,A,D,0,,,Y,,Y,,C,02,1,0,0,0,0,0,0,0,1,"- ","- ",,,TULARE,DINUBA,-119.38186645507812,36.535171508789062
9781671,2025,2025-02-14,5407,2025-01-11,1424,A414,480,6,5,5,5407,0,0,0,,0,N25,"RIGGIN AV","DINUBA BL",613.00,W,N,A,-,N,,,,,,,,,,Y,2,0,1,2,A,-,09,21801,A,N,D,C,A,A,H,-,A,D,0,,,Y,,Y,,-,,1,0,0,0,0,0,0,0,0,"- ","- ",36.356201171875,-119.29696655273438,TULARE,VISALIA,-119.29911041259766,36.356292724609375
9794687,2025,2025-03-28,5405,2025-02-28,"203 ",321,"SEC 4",5,5,4,5405,0,0,0,,0,,"OLIVE AV","VILLA ST",90.00,E,N,A,-,N,,,,,,,,,,Y,2,0,1,2,A,-,08,22107,,F,C,E,A,A,H,-,C,A,0,,,,,Y,,A,01,1,0,0,0,0,0,0,0,0,"- ","- ",36.065971374511719,-119.03061676025391,TULARE,PORTERVILLE,-119.03031921386719,36.065910339355469
9794998,2024,2025-03-27,5407,2024-11-26,1627,12452,480,2,5,5,5407,0,0,0,,0,R12,"S SHIRK RD","RT 198",230.00,S,N,C,-,N,,,,,,,,,,Y,2,0,5,2,A,-,05,21650,,N,A,C,A,B,H,-,A,A,0,,,,,Y,,A,01,1,1,3,0,0,0,0,0,0,"- ",EF,36.325878143310547,-119.36763000488281,TULARE,VISALIA,-119.36765289306641,36.326709747314453
9795022,2024,2025-03-18,5407,2024-10-31,2028,M203,480,4,5,5,5407,0,0,0,,0,,"W WALNUT AV","COUNTY CENTER",0.00,W,N,A,-,N,,,,,,,,,,Y,2,0,1,2,A,-,11,21956,,N,-,B,E,A,H,-,D,A,0,Y,,,,Y,,N,60,1,0,0,0,1,0,0,0,0,"- ","- ",36.312900543212891,-119.32276916503906,TULARE,VISALIA,-119.32275390625,36.312904357910156
9803128,2025,2025-04-17,5407,2025-01-12,"408 ",12540,480,7,5,5,5407,0,0,0,,0,P33,"S LOVERS LN","TULARE AV",475.00,S,N,A,-,N,,,,,,,,,,Y,2,0,1,1,A,-,01,23152,A,N,A,I,A,A,H,-,C,A,0,,,,,Y,Y,A,01,1,0,0,0,0,0,0,0,0,"- ","- ",36.318580627441406,-119.26045989990234,TULARE,VISALIA,-119.26057434082031,36.318645477294922
9807302,2025,2025-06-05,5405,2025-03-19,1601,282,SEC3,3,5,4,5405,0,0,0,,0,,"DATE AV","POLE NUMBER 4060955E",75.00,W,N,A,-,N,,,,,,,,,,Y,2,0,1,2,A,-,07,21658,A,N,D,G,A,A,H,-,A,A,0,,Y,,,Y,,L,04,1,0,0,0,0,0,1,0,0,"- ","- ",36.058830261230469,-119.00586700439453,TULARE,PORTERVILLE,-119.02043151855469,36.05859375
9807456,2025,2025-06-13,5405,2025-05-02,"822 ",CSO46,SEC1,5,5,4,5405,0,0,0,,0,,"SILVER MAPLE ST","WALL AV",0.00,,Y,A,-,N,,,,,,,,,,N,2,0,2,2,A,-,09,21800,A,N,D,C,A,A,H,-,A,D,0,,,,,Y,,A,01,1,1,0,0,0,0,0,0,0,"- ","- ",36.086898803710938,-119.06781768798828,TULARE,PORTERVILLE,-119.06802368164062,36.087093353271484
9831641,2025,2025-07-14,5407,2025-04-10,"242 ",M293,480,4,5,5,5407,0,0,0,,0,033,"S BEN MADDOX WY","E IRIS AV",65.00,,N,A,-,N,,,,,,,,,,Y,2,0,1,1,A,-,03,22350,,N,E,I,A,A,H,-,C,A,0,,,Y,,Y,,C,02,1,0,0,0,0,0,0,0,1,"- ","- ",,,TULARE,VISALIA,-119.27619934082031,36.318321228027344
5912127,2014,2014-02-19,9480,2014-01-03,1442,20612,,5,2,9,5400,0,1,3,,1,010,"RT 201","ROAD 56",270.00,W,N,A,-,Y,TUL,6,201,-,-,4.890,H,-,E,Y,1,1,1,2,A,-,08,22107,,N,B,C,A,A,H,-,A,D,0,,,,,Y,,A,07,0,1,0,0,0,0,0,0,0,"- ","- ",36.51746,-119.44972,TULARE,UNINCORPORATED,-119.44959771000001,36.517386600000002
6290089,2014,2014-03-10,9480,2014-02-15,0205,18403,,6,3,9,5400,0,1,3,,2,095,"RT 99","AVENUE 16",1584.00,S,N,A,-,Y,TUL,6,99,-,-,1.790,H,-,N,Y,1,1,1,3,A,-,03,22350,,N,G,B,E,A,H,-,D,D,1,Y,,,,Y,Y,A,01,0,1,0,1,0,0,0,0,0,"- ","- ",35.81391,-119.25767999999999,TULARE,UNINCORPORATED,-119.25808934,35.815346130000002
6290258,2014,2015-12-21,9481,2014-03-01,0615,12990,,6,1,9,5400,0,1,3,,1,012,"RT 65","AVENUE 184",58.00,S,N,A,-,Y,TUL,6,65,-,-,23.260,H,-,S,Y,1,1,0,1,A,-,08,22107,,N,E,I,A,A,H,-,B,D,0,,,,,Y,Y,A,07,0,0,0,0,0,0,0,0,0,"- ","- ",36.122489999999999,-119.05531000000001,TULARE,UNINCORPORATED,-119.05512555999999,36.122642130000003
6290340,2014,2014-04-29,9480,2014-03-26,0635,13656,,3,1,9,5400,0,1,3,,1,045,"RT 245","AVENUE 352",2640.00,N,N,B,-,Y,TUL,6,245,-,-,8.560,H,-,N,Y,1,1,1,2,A,-,05,21650,,N,A,C,A,B,H,-,B,D,0,,,,,Y,,D,22,1,0,0,0,0,0,0,0,0,"- ","- ",36.433540000000001,-119.1054,TULARE,UNINCORPORATED,-119.10564289,36.433688359999998
6290431,2014,2014-05-02,5407,2014-02-07,0039,M218,480,5,5,5,5407,0,0,0,,0,011,AKERS,FERGUSON,578.00,N,N,A,-,N,,,,,,,,,,Y,1,1,1,1,A,-,01,23152,A,N,E,I,A,A,H,-,D,A,0,,,,,Y,Y,D,22,0,1,0,0,0,0,0,0,0,"- ","- ",,,TULARE,VISALIA,-119.35008134,36.350796019999997
6291121,2014,2014-08-14,9480,2014-05-23,2122,17854,,5,2,9,5400,0,3,5,,2,004,"AVENUE 328","ROAD 156",291.00,W,N,A,-,N,,,,,,,,,,Y,1,1,0,2,A,-,05,21202,A,N,H,G,A,A,H,-,D,D,0,,Y,,,Y,,L,04,0,0,0,0,0,1,0,0,0,"- ","- ",36.385170000000002,-119.22582,TULARE,UNINCORPORATED,-119.22589754000001,36.38517453
6291264,2014,2016-01-14,9480,2014-08-19,0005,16145,,2,3,9,5400,0,1,3,,1,044,"RT 198","SALT CREEK BR",776.00,E,N,A,-,Y,TUL,6,198,-,-,41.390,H,-,E,Y,1,1,0,1,A,-,08,22107,,N,E,I,A,A,H,-,D,D,0,,,,,Y,Y,A,07,0,0,0,0,0,0,0,0,0,"- ","- ",36.458379999999998,-118.87393,TULARE,UNINCORPORATED,-118.87037451,36.460772069999997
6291329,2014,2015-12-30,5405,2014-07-08,0517,106,,2,5,4,5405,0,0,0,,0,,"WESTWOOD ST","WESTFIELD AV",0.00,,Y,A,-,N,,,,,,,,,,Y,1,1,1,2,A,-,12,22450,A,N,D,C,A,A,H,-,B,A,0,,,,,Y,,-,,0,1,0,0,0,0,0,0,0,"- ","- ",,,TULARE,PORTERVILLE,-119.07080006,36.087570110000001
6291331,2014,2015-12-22,9480,2014-07-09,2144,18861,,3,2,9,5400,0,1,3,,1,010,"RT 201","ROAD 48",363.00,W,N,A,-,Y,TUL,6,201,-,-,3.870,H,-,W,Y,1,1,1,2,A,-,09,21801,A,N,D,C,A,A,H,-,D,D,0,,,Y,,Y,,A,08,0,1,0,0,0,0,0,1,0,"- ","- ",36.517479999999999,-119.46796999999999,TULARE,UNINCORPORATED,-119.46795217,36.517527459999997
6291333,2014,2015-12-23,5403,2014-07-11,2116,846,,5,5,2,5403,0,0,0,,0,,"VISALIA RD","FARMERSVILLE BL",210.00,W,N,A,-,N,,,,,,,,,,Y,1,1,0,2,A,-,10,21954,B,N,G,B,D,A,H,-,C,D,0,Y,,,,Y,Y,D,22,0,0,0,1,0,0,0,0,0,"- ","- ",,,TULARE,FARMERSVILLE,-119.20790175,36.297780160000002
6291334,2014,2014-10-20,5406,2014-07-11,1842,86,5406,5,5,4,5406,0,0,0,,0,0ES,"WASHINGTON AV","ADAMS ST",9.00,W,N,A,-,N,,,,,,,,,,N,1,1,0,2,A,-,01,23152,A,N,H,G,A,A,H,-,A,A,0,,Y,,,Y,Y,L,04,0,0,0,0,0,1,0,0,0,"- ","- ",,,TULARE,TULARE,-119.34149047,36.231589319999998
6291390,2014,2015-12-29,9480,2014-09-01,1215,016210,,1,1,9,5400,0,1,3,,2,091,"DRIVE 60","AVENUE 328",2640.00,S,N,A,-,N,,,,,,,,,,Y,1,1,1,3,A,-,01,23152,E,N,E,I,A,A,H,-,A,D,0,,,,Y,Y,,A,01,0,0,1,0,0,0,0,0,0,"- ","- ",36.378450000000001,-119.43989000000001,TULARE,UNINCORPORATED,-119.439843,36.378501749999998
6291396,2014,2015-12-29,9481,2014-09-01,0445,018982,,1,3,4,5405,0,1,3,,1,037,"RT 65","RT 190",2260.00,S,N,A,-,Y,TUL,6,65,-,-,17.730,H,-,S,Y,1,1,1,2,A,-,05,21651,A,N,A,D,A,A,H,-,C,A,1,,,,,Y,,A,01,1,0,0,0,0,0,0,0,0,"- ","- ",36.045360000000002,-119.03937000000001,TULARE,PORTERVILLE,-119.03959236,36.045418470000001
6291405,2014,2016-01-13,9480,2014-09-05,1818,017854,,5,2,9,5400,0,3,5,,2,004,"ROAD 108","AVENUE 336",0.00,,Y,A,-,N,,,,,,,,,,Y,1,2,2,2,A,-,01,23152,A,N,D,C,A,A,H,-,A,A,0,,,Y,,Y,Y,C,06,0,0,2,0,0,0,0,2,0,"- ","- ",36.399369999999998,-119.15286999999999,TULARE,UNINCORPORATED,-119.15273845,36.399313579999998
6291434,2014,2015-04-27,9480,2014-08-17,1705,017252,,7,2,9,5400,0,3,5,,2,003,"ROAD 96","AVENUE 144",0.00,,Y,A,-,N,,,,,,,,,,Y,1,1,1,2,A,-,01,23152,A,N,D,C,A,A,H,-,A,A,0,,,,,Y,Y,A,01,0,1,0,0,0,0,0,0,0,"- ","- ",36.051389999999998,-119.35756000000001,TULARE,UNINCORPORATED,-119.35763992,36.051160019999998
6291512,2014,2015-04-14,9480,2014-09-20,1130,14351,,6,1,9,5400,0,3,5,,2,001,"RD 60","AVE 320",2112.00,N,N,A,-,N,,,,,,,,,,Y,1,1,0,1,A,-,03,22350,,N,E,I,A,A,H,-,A,D,0,,,,Y,Y,,F,21,0,0,0,0,0,0,0,0,0,"- ","- ",36.376620000000003,-119.43922999999999,TULARE,UNINCORPORATED,-119.43929436000001,36.376645289999999
6291519,2014,2014-10-30,9481,2014-09-29,0800,14265,,1,1,9,5400,0,3,5,,2,010,"ROAD 220","AVENUE 192",0.00,,Y,A,-,N,,,,,,,,,,Y,1,1,3,2,A,-,09,21802,A,N,D,C,A,A,H,-,A,A,0,,,,,Y,,A,08,0,0,3,0,0,0,0,0,0,"- ","- ",36.138280000000002,-119.08112,TULARE,UNINCORPORATED,-119.08064011,36.13830007
6291606,2014,2015-12-31,5405,2014-10-23,1700,207,,4,5,4,5405,0,0,0,,0,004,"RT 65","SCRANTON AV",1492.00,S,N,A,-,Y,TUL,6,65,-,-,16.870,H,-,N,Y,1,1,2,3,A,-,03,22350,,N,C,C,A,A,H,-,A,D,0,,,,,Y,,-,,1,0,1,0,0,0,0,0,0,"- ","- ",,,TULARE,PORTERVILLE,-119.03948023,36.03298573
6291663,2014,2014-11-22,5406,2014-10-21,0612,42,D1,2,5,4,5406,0,0,0,,0,0WS,"I DR","PAIGE AV",3168.00,N,N,A,-,N,,,,,,,,,,N,1,1,0,2,A,-,05,21650,,N,G,B,E,A,D,-,D,D,0,Y,,,Y,Y,,F,87,0,0,0,1,0,0,0,0,0,"- ","- ",,,TULARE,TULARE,-119.34475365999999,36.190618530000002