CASE_ID,ACCIDENT_YEAR,PROC_DATE,JURIS,COLLISION_DATE,COLLISION_TIME,OFFICER_ID,REPORTING_DISTRICT,DAY_OF_WEEK,CHP_SHIFT,POPULATION,CNTY_CITY_LOC,SPECIAL_COND,BEAT_TYPE,CHP_BEAT_TYPE,CITY_DIVISION_LAPD,CHP_BEAT_CLASS,BEAT_NUMBER,PRIMARY_RD,SECONDARY_RD,DISTANCE,DIRECTION,INTERSECTION,WEATHER_1,WEATHER_2,STATE_HWY_IND,CALTRANS_COUNTY,CALTRANS_DISTRICT,STATE_ROUTE,ROUTE_SUFFIX,POSTMILE_PREFIX,POSTMILE,LOCATION_TYPE,RAMP_INTERSECTION,SIDE_OF_HWY,TOW_AWAY,COLLISION_SEVERITY,NUMBER_KILLED,NUMBER_INJURED,PARTY_COUNT,PRIMARY_COLL_FACTOR,PCF_CODE_OF_VIOL,PCF_VIOL_CATEGORY,PCF_VIOLATION,PCF_VIOL_SUBSECTION,HIT_AND_RUN,TYPE_OF_COLLISION,MVIW,PED_ACTION,ROAD_SURFACE,ROAD_COND_1,ROAD_COND_2,LIGHTING,CONTROL_DEVICE,CHP_ROAD_TYPE,PEDESTRIAN_ACCIDENT,BICYCLE_ACCIDENT,MOTORCYCLE_ACCIDENT,TRUCK_ACCIDENT,NOT_PRIVATE_PROPERTY,ALCOHOL_INVOLVED,STWD_VEHTYPE_AT_FAULT,CHP_VEHTYPE_AT_FAULT,COUNT_SEVERE_INJ,COUNT_VISIBLE_INJ,COUNT_COMPLAINT_PAIN,COUNT_PED_KILLED,COUNT_PED_INJURED,COUNT_BICYCLIST_KILLED,COUNT_BICYCLIST_INJURED,COUNT_MC_KILLED,COUNT_MC_INJURED,PRIMARY_RAMP,SECONDARY_RAMP,LATITUDE,LONGITUDE,COUNTY,CITY,POINT_X,POINT_Y
6291721,2014,2016-01-08,9480,2014-10-25,2301,17709,,6,3,9,5400,0,1,3,,2,095,"RT 99","AVENUE 80",140.00,S,N,B,-,Y,TUL,6,99,-,-,10.260,H,-,N,N,1,1,0,2,A,-,11,21956,A,F,G,B,E,A,H,-,D,D,1,Y,,,,Y,,N,60,0,0,0,1,0,0,0,0,0,"- ","- ",,,TULARE,UNINCORPORATED,-119.28529098999999,35.935377930000001
6291782,2014,2014-12-22,5406,2014-11-14,0700,60,5406,5,5,4,5406,0,0,0,,0,0ES,"K ST","MARTIN LUTHER KING",8.00,S,N,E,-,N,,,,,,,,,,N,1,1,0,2,A,-,10,21950,A,N,G,B,B,A,H,-,A,D,0,Y,,,,Y,,-,,0,0,0,1,0,0,0,0,0,"- ","- ",,,TULARE,TULARE,-119.34469519,36.201568389999998
6291811,2014,2016-01-05,9481,2014-11-16,0355,19162,,7,3,9,5400,0,3,5,,2,010,"AVENUE 208","ROAD 180",2640.00,W,N,A,-,N,,,,,,,,,,Y,1,1,2,1,A,-,01,23152,F,N,F,A,A,A,H,-,D,D,0,,,,,Y,Y,A,07,1,1,0,0,0,0,0,0,0,"- ","- ",36.167270000000002,-119.17861000000001,TULARE,UNINCORPORATED,-119.17968403,36.167245309999998
6292131,2015,2017-04-21,5407,2015-02-19,0400,M222,480,4,5,5,5407,0,0,0,,0,025,DINUBA,HOUSTON,0.00,,Y,E,-,Y,TUL,6,63,-,R,9.095,I,5,S,Y,1,1,0,1,A,-,03,22350,,N,E,I,A,A,H,-,C,A,0,,,,,Y,,D,22,0,0,0,0,0,0,0,0,0,"- ","- ",,,TULARE,VISALIA,-119.29677833,36.341841690000003
6292295,2015,2015-06-24,9480,2015-04-14,1151,16723,,2,1,9,5400,0,3,5,,2,005,"WRIGHT AV","ELM ST",0.00,,Y,A,-,N,,,,,,,,,,Y,1,1,1,2,A,-,01,23152,E,N,D,C,A,A,H,-,A,B,0,,,,,Y,,A,01,0,1,0,0,0,0,0,0,0,"- ","- ",35.986020000000003,-119.2861,TULARE,UNINCORPORATED,-119.28613994,35.98601008
6292300,2015,2015-06-30,5407,2015-04-18,1637,M222,480,6,5,5,5407,0,0,0,,0,011,"PLAZA DR","RT 198",0.00,,Y,A,-,Y,TUL,6,198,-,R,4.626,R,4,W,Y,1,1,0,2,A,-,03,22350,,N,F,A,A,A,H,-,A,A,0,,,Y,,Y,Y,C,02,0,0,0,0,0,0,0,1,0,"- ",WO,,,TULARE,VISALIA,-119.39316354,36.327264309999997
6292436,2015,2017-05-09,9481,2015-05-21,2145,19162,,4,2,9,5400,0,1,3,,1,012,"RT 65","OLIVE AV",823.00,N,N,A,-,Y,TUL,6,65,-,R,19.320,H,-,S,Y,1,1,0,2,A,-,11,21953,,N,G,B,D,A,H,-,C,D,1,Y,,,,Y,,N,60,0,0,0,1,0,0,0,0,0,"- ","- ",36.068289999999998,-119.03963,TULARE,UNINCORPORATED,-119.03955784999999,36.068314739999998
6292480,2015,2016-01-14,5407,2015-07-02,2144,M243,480,4,5,5,5407,0,0,0,,0,034,"DINUBA BL","VINE AV",253.00,S,N,A,-,Y,TUL,6,63,-,-,9.470,H,-,S,Y,1,1,0,2,A,-,11,21954,A,N,G,C,D,A,H,-,C,A,0,Y,,,,Y,,N,60,0,0,0,1,0,0,0,0,0,"- ","- ",,,TULARE,VISALIA,-119.2969057,36.347016660000001
6292565,2015,2017-04-05,9480,2015-06-14,0214,18403,,7,3,9,5400,0,3,5,,2,001,"ROAD 88","AVENUE 328",8976.00,N,N,A,-,N,,,,,,,,,,Y,1,1,1,2,A,-,05,21651,A,N,A,C,A,A,H,-,D,D,0,,,,,Y,Y,A,01,1,0,0,0,0,0,0,0,0,"- ","- ",36.14011,-119.39466,TULARE,UNINCORPORATED,,
6292603,2015,2015-09-11,9481,2015-07-26,1410,15218,,7,2,9,5400,0,1,3,,1,012,"RT 65","LINDMORE AV",0.00,,Y,A,-,Y,TUL,6,65,-,-,28.922,I,5,N,Y,1,1,1,2,A,-,09,21802,A,N,D,C,A,A,H,-,A,A,0,,,,,Y,,A,01,0,0,1,0,0,0,0,0,0,"- ","- ",36.19641,-119.10002,TULARE,UNINCORPORATED,-119.09963109,36.195992859999997
6316095,2014,2014-06-03,9480,2014-01-06,1040,12568,,1,1,9,5400,0,3,5,,2,004,"RD 140","AVE 248",2112.00,N,N,A,-,N,,,,,,,,,,Y,2,0,2,2,A,-,05,21650,,N,A,C,A,A,H,-,A,D,0,,,,Y,Y,,A,01,1,0,1,0,0,0,0,0,0,"- ","- ",36.246160000000003,-119.26061,TULARE,UNINCORPORATED,-119.26056604999999,36.246105479999997
6334728,2014,2016-01-26,9481,2014-01-20,2020,18982,,1,2,9,5400,0,1,3,,1,012,"RT 65","AVENUE 184",3696.00,S,N,A,-,Y,TUL,6,65,-,-,22.700,H,-,S,Y,2,0,3,1,A,-,01,23152,A,N,F,A,A,A,H,-,D,D,0,,,,,Y,Y,A,01,1,2,0,0,0,0,0,0,0,"- ","- ",36.114879999999999,-119.05016000000001,TULARE,UNINCORPORATED,-119.05048622,36.115424179999998
6334764,2014,2016-01-20,9481,2014-01-13,1055,16065,,1,1,9,5400,0,1,3,,1,053,"RT 190","SUCCESS VALLEY DR",6864.00,W,N,A,-,Y,TUL,6,190,-,-,23.150,H,-,W,Y,2,0,1,1,A,-,08,22107,,N,E,I,A,A,H,-,A,D,0,,,,,Y,,A,01,1,0,0,0,0,0,0,0,0,"- ","- ",36.063609999999997,-118.90965,TULARE,UNINCORPORATED,-118.90950402,36.063608760000001
6336527,2014,2016-05-11,9480,2014-01-01,1328,12316,,3,1,9,5400,0,1,3,,2,093,"RT 99","AVE 280",4224.00,N,N,A,-,Y,TUL,6,99,-,R,37.210,H,-,N,Y,2,0,3,1,A,-,07,21658,A,N,F,I,A,A,H,-,A,D,1,,,,,Y,,A,01,1,1,1,0,0,0,0,0,0,"- ","- ",,,TULARE,UNINCORPORATED,-119.39198293,36.308346049999997
6362826,2014,2015-11-17,9480,2014-01-22,1212,12316,,3,1,9,5400,0,1,3,,2,093,"RT 99","BARDSLEY AV",557.00,N,N,A,-,Y,TUL,6,99,-,-,28.720,H,-,N,Y,2,0,1,2,A,-,03,22350,,N,C,C,A,A,D,-,A,D,1,,,,Y,Y,,A,07,1,0,0,0,0,0,0,0,0,"- ","- ",36.198340000000002,-119.32848,TULARE,UNINCORPORATED,-119.32845064,36.198349450000002
6363385,2014,2014-06-11,5407,2014-01-22,1817,A66,480,3,5,5,5407,0,0,0,,0,026,"BEN MADDOX",GOSHEN,480.00,S,N,B,-,N,,,,,,,,,,N,2,0,1,2,A,-,11,21956,A,N,G,B,E,A,H,-,D,D,0,Y,,,,Y,Y,N,,1,0,0,0,1,0,0,0,0,"- ","- ",,,TULARE,VISALIA,-119.27875749,36.333302940000003
6365701,2014,2015-10-24,5406,2014-01-18,1312,42,B4,6,5,4,5406,0,0,0,,0,0ES,"TULARE AV","CANBY ST",0.00,,Y,A,-,Y,TUL,6,137,-,-,16.910,I,5,E,Y,2,0,1,2,A,-,09,21801,A,N,D,C,A,A,H,-,A,D,0,,,Y,,Y,,D,22,1,0,0,0,0,0,0,0,1,"- ","- ",,,TULARE,TULARE,-119.32361435,36.21111509
6365895,2014,2016-01-15,9480,2014-02-01,1815,015689,,6,2,9,5400,0,1,3,,1,044,"RT 198","ROAD 217",85.00,W,N,A,-,Y,TUL,6,198,-,-,21.370,H,-,W,Y,2,0,1,2,A,-,05,21460,A,N,B,C,A,A,H,-,D,D,0,,,Y,,Y,,C,02,1,0,0,0,0,0,0,0,1,"- ","- ",36.325429999999997,-119.08888,TULARE,UNINCORPORATED,-119.0886888,36.32549496
6394450,2014,2014-06-20,5407,2014-02-09,1856,A256,480,7,5,5,5407,0,0,0,,0,025,FERGUSON,JACOB,495.00,E,N,B,-,N,,,,,,,,,,N,2,0,1,2,A,-,05,21650,,F,G,B,E,A,H,-,C,D,0,Y,,,,Y,Y,N,,1,0,0,0,1,0,0,0,0,"- ","- ",,,TULARE,VISALIA,-119.30021343,36.34942349
6404780,2014,2015-07-22,9480,2014-02-28,0555,017108,,5,3,9,5400,0,3,5,,2,005,"AVE 120","RD 80",12.00,W,N,C,-,N,,,,,,,,,,Y,2,0,1,2,A,-,12,22450,A,N,D,C,A,B,H,-,D,A,0,,,,Y,Y,,A,01,1,0,0,0,0,0,0,0,0,"- ","- ",,,TULARE,UNINCORPORATED,-119.39341053,36.007560120000001
6416980,2014,2014-07-02,9481,2014-03-09,1400,017957,,7,2,9,5400,0,2,4,,2,052,"MOUNTAIN ROAD 137","CHIMNEY RD",4752.00,W,N,B,-,N,,,,,,,,,,Y,2,0,3,1,A,-,08,22107,,N,E,I,A,A,H,-,A,D,0,,,,,Y,,A,01,2,1,0,0,0,0,0,0,0,"- ","- ",36.022849999999998,-118.83659,TULARE,UNINCORPORATED,-118.83659,36.022849999999998
6458068,2014,2014-07-10,9480,2014-04-11,2155,019258,,5,2,9,5400,0,3,5,,2,001,"AVENUE 416","ROAD 48",0.00,,Y,A,-,N,,,,,,,,,,Y,2,0,2,2,A,-,09,21802,A,N,A,C,A,A,H,-,D,A,0,,,,,Y,,A,07,1,1,0,0,0,0,0,0,0,"- ","- ",36.546480000000003,-119.46683,TULARE,UNINCORPORATED,-119.4667697,36.546482249999997
6464092,2014,2015-11-17,9480,2014-03-27,1222,12316,,4,1,9,5400,0,1,3,,2,093,"RT 99","AVENUE 152",2640.00,N,N,B,-,Y,TUL,6,99,-,-,19.960,H,-,N,Y,2,0,1,1,A,-,07,21658,A,N,F,I,A,A,H,-,A,D,1,,,,,Y,,A,07,1,0,0,0,0,0,0,0,0,"- ","- ",,,TULARE,UNINCORPORATED,-119.31715603000001,36.07263863
6479929,2014,2014-07-10,5405,2014-04-17,0750,186,,4,5,4,5405,0,0,0,,0,001,"HENDERSON AV","NEWCOMB ST",982.00,E,N,A,-,N,,,,,,,,,,N,2,0,1,2,A,-,01,23152,E,N,G,B,F,A,H,-,A,A,0,Y,,,,Y,,A,07,1,0,0,0,1,0,0,0,0,"- ","- ",,,TULARE,PORTERVILLE,-119.04955090999999,36.080370129999999
6498896,2014,2015-04-24,5404,2014-06-06,2229,L15,,5,5,2,5404,0,0,0,,0,20L,"RT 65","MARIPOSA ST",0.00,,Y,A,-,Y,TUL,6,65,-,-,29.780,I,5,N,Y,2,0,2,2,A,-,09,21802,A,N,D,C,A,A,H,-,D,A,0,,,,Y,Y,Y,A,07,1,1,0,0,0,0,0,0,0,"- ","- ",,,TULARE,LINDSAY,-119.10689309,36.206994860000002
6506839,2014,2014-06-25,5406,2014-04-25,0145,74,5406,5,5,4,5406,0,0,0,,0,0AO,"TULARE AV",SPRUCE,0.00,E,N,A,-,N,,,,,,,,,,Y,2,0,2,1,A,-,01,23153,,N,E,I,A,A,H,-,C,D,0,,,Y,,Y,Y,C,02,1,1,0,0,0,0,0,0,2,"- ","- ",,,TULARE,TULARE,-119.32643994,36.211100109999997
6510353,2014,2016-04-08,9480,2014-06-01,1800,17291,,7,2,9,5400,0,1,3,,1,044,"RT 198","WHITNEY CREEK RD",158.00,N,N,A,-,Y,TUL,6,198,-,-,33.610,H,-,W,Y,2,0,5,2,A,-,05,21650,,N,B,C,A,A,H,-,A,D,0,,,,,Y,,D,22,2,1,2,0,0,0,0,0,0,"- ","- ",,,TULARE,UNINCORPORATED,-118.94660553999999,36.389478410000002
6511735,2014,2014-07-29,5405,2014-05-24,1425,207,,6,5,4,5405,0,0,0,,0,001,"WESTFIELD AV","BEVERLY ST",99.00,W,N,A,-,N,,,,,,,,,,Y,2,0,2,1,A,-,01,23152,A,N,F,A,A,A,H,-,A,D,0,,,,,Y,Y,-,,1,1,0,0,0,0,0,0,0,"- ","- ",,,TULARE,PORTERVILLE,-119.04881462,36.08761389
6527575,2014,2014-07-18,9480,2014-04-03,2140,17452,,4,2,9,5400,0,3,5,,2,006,"SHIRK RD","WALNUT AV",1584.00,S,N,A,-,N,,,,,,,,,,Y,2,0,1,1,A,-,08,22107,,N,E,I,A,A,H,-,D,D,0,,,,,Y,,A,01,1,0,0,0,0,0,0,0,0,"- ","- ",36.304969999999997,-119.3674,TULARE,UNINCORPORATED,-119.36750283000001,36.308403200000001
6529043,2014,2015-02-12,9480,2014-06-21,1807,18861,,6,2,5,5407,0,1,3,,1,064,"RT 198","SHIRK RD",765.00,E,N,A,-,Y,TUL,6,198,-,-,5.965,R,2,W,Y,2,0,2,1,A,-,08,22107,,N,E,I,A,A,H,-,A,D,1,,,,,Y,,A,01,1,0,1,0,0,0,0,0,0,TO,"- ",36.32752,-119.36503,TULARE,VISALIA,-119.36399381,36.327190420000001
6529115,2014,2014-08-09,9480,2014-06-16,2030,19186,,1,2,9,5400,0,3,5,,2,006,"AVENUE 224","MUNSON RD",118.00,E,N,A,-,N,,,,,,,,,,N,2,0,1,2,A,-,05,21650,,N,A,C,A,A,H,-,B,D,0,,,Y,,Y,,C,02,1,0,0,0,0,0,0,0,1,"- ","- ",36.196429999999999,-119.28343,TULARE,UNINCORPORATED,-119.2825905,36.196399999999997
6529807,2014,2016-04-08,9481,2014-06-17,1410,014265,,2,2,9,5400,0,1,3,,1,012,"RT 65","AVENUE 208",0.00,,Y,A,-,Y,TUL,6,65,-,-,26.731,H,-,N,Y,2,0,3,2,A,-,09,21802,A,N,D,C,A,A,H,-,A,A,0,,,,,Y,,A,01,1,0,2,0,0,0,0,0,0,"- ","- ",36.152729999999998,-119.07574,TULARE,UNINCORPORATED,-119.08296908,36.167273860000002
6533645,2014,2016-04-08,5405,2014-06-28,2049,106,,6,5,4,5405,0,0,0,,0,,"RT 65","OLIVE AV",6.00,N,N,A,-,Y,TUL,6,65,-,R,19.300,R,3,N,N,2,0,1,2,A,-,05,21650,1,N,D,G,A,A,H,-,C,A,0,,Y,,,Y,,L,04,1,0,0,0,0,0,1,0,0,NO,"- ",,,TULARE,PORTERVILLE,-119.03926106,36.068027520000001
6534527,2014,2014-07-29,5407,2014-05-26,0613,A262,480,1,5,5,5407,0,0,0,,0,026,MCAULIFF,DOUGLAS,90.00,N,N,A,-,N,,,,,,,,,,Y,2,0,1,1,A,-,05,21650,,N,E,I,A,A,H,-,A,A,0,,,,,Y,,A,01,1,0,0,0,0,0,0,0,0,"- ","- ",,,TULARE,VISALIA,-119.25185936,36.338594899999997
6543845,2014,2014-08-12,9480,2014-06-24,2048,017291,,2,2,9,5400,0,3,5,,2,004,"ROAD 144","AVENUE 313",0.00,,Y,A,-,N,,,,,,,,,,Y,2,0,2,2,A,-,09,21802,A,N,D,C,A,A,H,-,B,D,0,,,,,Y,,A,01,2,0,0,0,0,0,0,0,0,"- ","- ",36.358550000000001,-119.25202,TULARE,UNINCORPORATED,-119.25196052,36.358235899999997
6545634,2014,2014-08-18,9481,2014-06-25,1426,19104,,3,2,9,5400,0,3,5,,2,050,"ROAD 248","AVENUE 120",1584.00,S,N,A,-,N,,,,,,,,,,Y,2,0,3,1,A,-,08,22107,,N,E,I,A,A,H,-,A,D,0,,,,,Y,,A,01,1,1,1,0,0,0,0,0,0,"- ","- ",36.002330000000001,-119.01784000000001,TULARE,UNINCORPORATED,-119.01777946999999,36.003374100000002
6558917,2014,2014-08-21,9420,2014-07-01,1600,019206,,2,2,9,5400,0,3,5,,2,020,"MOUNTAIN RD 99","LIMESTONE CAMPGROUND",2640.00,N,N,A,-,N,,,,,,,,,,N,2,0,1,1,A,-,08,22107,,N,F,A,A,A,H,-,A,D,0,,,Y,,Y,,C,02,1,0,0,0,0,0,0,0,1,"- ","- ",35.946869999999997,-118.47673,TULARE,UNINCORPORATED,-118.47693622,35.946784489999999
6564941,2014,2016-05-13,9480,2014-07-17,2046,18563,,4,2,9,5400,0,1,3,,2,091,"RT 99","ROAD 12",1260.00,S,N,A,-,Y,TUL,6,99,-,R,53.580,H,-,S,Y,2,0,6,4,A,-,01,23152,E,N,E,I,A,A,D,-,B,D,1,,,,,Y,,A,07,2,2,2,0,0,0,0,0,0,"- ","- ",36.504260000000002,-119.54454,TULARE,UNINCORPORATED,-119.54474508,36.504303389999997
6565243,2014,2016-05-11,9480,2014-07-19,0430,016723,,6,3,9,5400,0,3,5,,2,002,"RT 245","BOYD DR",1672.00,S,N,A,-,Y,TUL,6,245,-,-,18.970,H,-,S,Y,2,0,1,1,A,-,01,23152,A,N,E,I,A,A,H,-,D,D,0,,,,,Y,Y,A,01,1,0,0,0,0,0,0,0,0,"- ","- ",36.559710000000003,-119.12796,TULARE,UNINCORPORATED,-119.13168957000001,36.562765849999998
6584357,2014,2014-08-22,5406,2014-07-09,1428,23,B5,3,5,4,5406,0,0,0,,0,0DT,"SAN JOAQUIN","J ST",0.00,,Y,A,-,N,,,,,,,,,,Y,2,0,1,2,A,-,09,21802,A,N,D,C,A,A,H,-,A,A,0,,,Y,,Y,,D,22,1,0,0,0,0,0,0,0,1,"- ","- ",,,TULARE,TULARE,-119.34811999,36.210370009999998
6590289,2014,2014-08-22,5407,2014-07-24,1353,M186,480,4,5,5,5407,0,0,0,,0,025,"MOONEY BL",HOUSTON,90.00,N,N,A,-,N,,,,,,,,,,N,2,0,2,2,A,-,05,21650,,N,C,E,A,A,-,-,-,A,0,,,Y,,Y,,C,03,1,1,0,0,0,0,0,0,2,"- ","- ",,,TULARE,VISALIA,-119.31435,36.342162739999999
6618817,2014,2014-09-26,9480,2014-08-22,1732,018563,,5,2,9,5400,0,3,5,,2,001,"AVENUE 416","RD 52",20.00,W,N,A,-,N,,,,,,,,,,Y,2,0,2,2,A,-,09,21801,A,N,A,C,A,A,H,-,A,D,0,,,,,Y,,A,01,1,1,0,0,0,0,0,0,0,"- ","- ",36.546480000000003,-119.45778,TULARE,UNINCORPORATED,-119.45777893,36.54645352
6618908,2014,2016-05-13,9480,2014-09-07,2303,017709,,7,3,9,5400,0,3,5,,2,003,"AVE 280","RT 99",88.00,W,N,B,-,Y,TUL,6,99,-,-,36.269,R,4,S,Y,2,0,1,2,A,-,01,23152,A,N,A,C,A,A,H,-,C,D,1,,,,,Y,Y,D,22,1,0,0,0,0,0,0,0,0,"- ","- ",36.298290000000001,-119.38524,TULARE,UNINCORPORATED,-119.38373473,36.296270530000001
6627786,2014,2016-05-13,9480,2014-09-07,0210,018861,,7,3,9,5400,0,1,3,,2,095,"RT 99","AVE 48",3696.00,S,N,A,-,Y,TUL,6,99,-,-,5.450,H,-,N,Y,2,0,1,1,A,-,08,22107,,N,E,I,A,A,H,-,D,D,1,,,,,Y,,A,01,1,0,0,0,0,0,0,0,0,"- ","- ",35.86627,-119.26978,TULARE,UNINCORPORATED,-119.27010235,35.867218049999998
6648422,2014,2016-05-09,9480,2014-09-15,0645,13821,,1,1,9,5400,0,1,3,,1,051,"RT 43","4TH AV",0.00,,Y,A,-,Y,TUL,6,43,-,-,22.133,I,5,S,Y,2,0,2,2,A,-,09,21801,A,N,D,C,A,A,H,-,A,A,0,,,,,Y,,D,22,1,0,1,0,0,0,0,0,0,"- ","- ",35,-119,TULARE,UNINCORPORATED,-119.53544562,36.070397409999998
6678267,2014,2015-04-14,9480,2014-09-18,1600,15689,,4,2,9,5400,0,3,5,,2,006,"AVENUE 280","SHIRK RD",150.00,W,N,A,-,N,,,,,,,,,,Y,1,1,2,6,A,-,03,22350,,N,C,C,A,A,H,-,A,D,0,,,,,Y,,A,07,0,0,2,0,0,0,0,0,0,"- ","- ",36.298139999999997,-119.36787,TULARE,UNINCORPORATED,-119.36787853,36.298137869999998
6679692,2014,2016-05-11,5407,2014-09-11,1105,M222,480,4,5,5,5407,0,0,0,,0,025,"RT 63",ACEQUIA,27.00,N,N,A,-,Y,TUL,6,63,-,-,8.150,H,-,S,Y,2,0,1,2,A,-,03,22350,,N,C,C,A,A,H,-,A,A,0,,,Y,,Y,Y,A,,1,0,0,0,0,0,0,0,1,"- ","- ",,,TULARE,VISALIA,-119.29344236999999,36.329411950000001
6679720,2014,2015-01-12,5407,2014-09-06,1846,M222,480,6,5,5,5407,0,0,0,,0,033,TULARE,CHURCH,9.00,E,N,A,-,N,,,,,,,,,,N,2,0,2,2,A,-,03,22350,,N,F,A,A,A,H,-,A,A,0,,,Y,,Y,,C,,1,1,0,0,0,0,0,0,2,"- ","- ",,,TULARE,VISALIA,-119.29107947999999,36.320089729999999
6693469,2014,2015-01-07,9480,2014-11-03,1448,014628,,1,2,9,5400,0,1,3,,2,093,"RT 99","DRIVE 92B",300.00,S,N,A,-,Y,,,99,,,,,,,Y,2,0,1,1,A,-,08,22107,,N,E,I,A,A,H,-,A,D,0,,,,,Y,,D,22,1,0,0,0,0,0,0,0,0,"- ","- ",36.26576,-119.36333999999999,TULARE,UNINCORPORATED,-119.36342046,36.265711179999997
6710671,2014,2015-01-13,9480,2014-11-14,0745,017108,,5,1,9,5400,0,3,5,,2,002,"AVE 328","RD 112",0.00,,Y,E,-,N,,,,,,,,,,Y,2,0,2,4,A,-,12,22450,A,N,D,C,A,A,H,-,A,A,0,,,,,Y,,D,22,1,0,1,0,0,0,0,0,0,"- ","- ",36.385489999999997,-119.32319,TULARE,UNINCORPORATED,-119.32315998999999,36.38550008
6718043,2014,2015-01-27,9481,2014-12-01,1012,15218,,1,1,9,5400,0,1,3,,1,032,"RT 190","ROAD 193",528.00,E,N,A,-,Y,TUL,6,190,-,-,9.710,H,-,W,Y,1,1,0,2,A,-,03,22350,,N,C,C,A,A,H,-,A,D,0,,,,,Y,,D,22,0,0,0,0,0,0,0,0,0,"- ","- ",36.051160000000003,-119.13899000000001,TULARE,UNINCORPORATED,-119.13856121000001,36.05124301
6718144,2014,2015-12-28,9480,2014-09-01,0655,13656,,1,1,4,5406,0,3,5,,2,003,PRATT,"AVENUE 216",2640.00,N,N,A,-,N,,,,,,,,,,Y,1,2,1,1,A,-,08,22107,,N,E,I,A,A,H,-,A,D,0,,,,,Y,,A,01,0,1,0,0,0,0,0,0,0,"- ","- ",36.18656,-119.35778000000001,TULARE,TULARE,-119.35775757,36.189198619999999
6718363,2015,2015-03-17,9480,2015-01-21,1750,17854,,3,2,9,5400,0,3,5,,2,002,"FRANCES DR","ALBERT AV",86.00,S,N,A,-,N,,,,,,,,,,N,1,1,0,3,A,-,03,22350,,F,G,B,E,A,H,-,D,D,0,Y,,,,Y,,A,01,0,0,0,1,0,0,0,0,0,"- ","- ",36.53604,-119.29461999999999,TULARE,UNINCORPORATED,-119.29468102,36.53612734
6718499,2014,2014-12-18,9480,2014-11-03,0608,16046,,1,1,9,5400,0,1,3,,2,095,"RT 99","AVENUE 80",4752.00,N,N,A,-,Y,TUL,6,99,-,-,11.190,H,-,S,Y,1,1,2,1,A,-,08,22107,,N,E,I,A,A,H,-,B,D,1,,,,,Y,,A,01,0,1,1,0,0,0,0,0,0,"- ","- ",35.948549999999997,-119.28923,TULARE,UNINCORPORATED,-119.28908758999999,35.948424750000001
6718557,2015,2015-06-18,5407,2015-03-31,2140,M243,480,2,5,5,5407,0,0,0,,0,012,LINWOOD,MYRTLE,153.00,N,N,A,-,N,,,,,,,,,,Y,1,1,0,2,A,-,01,23152,E,N,D,C,A,A,H,-,A,A,0,,,Y,,Y,,O,05,0,0,0,0,0,0,0,1,0,"- ","- ",,,TULARE,VISALIA,-119.340737,36.324979829999997
6726433,2014,2015-02-02,5407,2014-10-28,1209,M222,480,2,5,5,5407,0,0,0,,0,025,ALLEYWAY,RACE,144.00,N,N,-,-,N,,,,,,,,,,N,2,0,1,2,A,-,"- ",,,N,-,-,-,-,-,-,-,-,0,Y,,,,Y,,A,01,1,0,0,0,1,0,0,0,0,"- ","- ",,,TULARE,VISALIA,,
6737385,2014,2015-01-23,9480,2014-11-28,1947,017452,,5,2,9,5400,0,3,5,,2,006,"AVENUE 208","OAKDALE AV",1584.00,E,N,A,-,N,,,,,,,,,,Y,2,0,1,1,A,-,05,21650,,N,D,I,A,A,H,-,D,D,0,,,,,Y,,D,22,1,0,0,0,0,0,0,0,0,"- ","- ",36.167290000000001,-119.25389,TULARE,UNINCORPORATED,-119.25390512,36.167336079999998
6740042,2015,2015-05-15,5407,2015-03-03,1412,M66,480,2,5,5,5407,0,0,0,,0,012,"CALDWELL AV","ASPEN ST",100.00,E,N,B,-,N,,,,,,,,,,Y,1,1,0,2,A,-,05,21650,A,N,A,E,A,A,D,-,A,A,0,,,,Y,Y,,D,22,0,0,0,0,0,0,0,0,0,"- ","- ",,,TULARE,VISALIA,-119.35189099,36.298212409999998
6763442,2014,2015-02-18,9480,2014-12-19,1614,017108,,5,2,9,5400,0,1,3,,2,095,"RT 99","AVENUE 104",138.00,N,N,A,-,Y,,,99,,,,,,,Y,2,0,3,2,A,-,03,22350,,N,C,C,A,A,H,-,A,D,0,,,,Y,Y,,A,07,1,1,1,0,0,0,0,0,0,"- ","- ",35.979019999999998,-119.29586999999999,TULARE,UNINCORPORATED,-119.29583757,35.979027500000001
6765199,2014,2015-02-02,9481,2014-12-07,1345,18029,,7,1,9,5400,0,3,5,,2,030,"MOUNTAIN RD 56","MOUNTAIN RD 109",8976.00,E,N,B,-,N,,,,,,,,,,N,2,0,1,1,A,-,17,21662,,N,F,A,A,A,H,-,A,D,0,,,Y,,Y,,C,02,1,0,0,0,0,0,0,0,1,"- ","- ",35.889420000000001,-118.89035,TULARE,UNINCORPORATED,-118.89035939999999,35.889464400000001
6766516,2014,2015-02-05,5407,2014-11-19,2033,M218,480,3,5,5,5407,0,0,0,,0,012,CHINOWTH,COUNTRY,97.00,N,N,A,-,N,,,,,,,,,,Y,2,0,4,2,A,-,03,22350,,N,D,C,A,A,H,-,C,A,0,,,,,Y,,D,22,3,0,1,0,0,0,0,0,0,"- ","- ",,,TULARE,VISALIA,-119.33609405999999,36.306546169999997
6797242,2015,2016-10-20,9480,2015-01-14,0920,017291,,3,1,9,5400,0,1,3,,1,034,"RT 198","ROAD 64",0.00,,Y,E,-,Y,TUL,6,198,-,-,2.510,I,5,W,Y,2,0,2,3,A,-,09,21802,A,N,D,C,A,A,H,-,A,D,0,,,,Y,Y,,G,25,1,0,1,0,0,0,0,0,0,"- ","- ",36.32761,-119.43040999999999,TULARE,UNINCORPORATED,-119.430432,36.327561000000003
6809791,2015,2016-10-06,9481,2015-01-25,0850,016065,,7,1,9,5400,0,1,3,,1,037,"RT 65","AVE 12",238.00,S,N,E,-,Y,TUL,6,65,-,-,1.480,H,-,N,Y,2,0,4,2,A,-,05,21650,,N,A,C,A,B,H,-,A,D,0,,,,,Y,,A,08,1,0,3,0,0,0,0,0,0,"- ","- ",35.810670000000002,-119.05365,TULARE,UNINCORPORATED,-119.05355433,35.812319379999998