CASE_ID,ACCIDENT_YEAR,PROC_DATE,JURIS,COLLISION_DATE,COLLISION_TIME,OFFICER_ID,REPORTING_DISTRICT,DAY_OF_WEEK,CHP_SHIFT,POPULATION,CNTY_CITY_LOC,SPECIAL_COND,BEAT_TYPE,CHP_BEAT_TYPE,CITY_DIVISION_LAPD,CHP_BEAT_CLASS,BEAT_NUMBER,PRIMARY_RD,SECONDARY_RD,DISTANCE,DIRECTION,INTERSECTION,WEATHER_1,WEATHER_2,STATE_HWY_IND,CALTRANS_COUNTY,CALTRANS_DISTRICT,STATE_ROUTE,ROUTE_SUFFIX,POSTMILE_PREFIX,POSTMILE,LOCATION_TYPE,RAMP_INTERSECTION,SIDE_OF_HWY,TOW_AWAY,COLLISION_SEVERITY,NUMBER_KILLED,NUMBER_INJURED,PARTY_COUNT,PRIMARY_COLL_FACTOR,PCF_CODE_OF_VIOL,PCF_VIOL_CATEGORY,PCF_VIOLATION,PCF_VIOL_SUBSECTION,HIT_AND_RUN,TYPE_OF_COLLISION,MVIW,PED_ACTION,ROAD_SURFACE,ROAD_COND_1,ROAD_COND_2,LIGHTING,CONTROL_DEVICE,CHP_ROAD_TYPE,PEDESTRIAN_ACCIDENT,BICYCLE_ACCIDENT,MOTORCYCLE_ACCIDENT,TRUCK_ACCIDENT,NOT_PRIVATE_PROPERTY,ALCOHOL_INVOLVED,STWD_VEHTYPE_AT_FAULT,CHP_VEHTYPE_AT_FAULT,COUNT_SEVERE_INJ,COUNT_VISIBLE_INJ,COUNT_COMPLAINT_PAIN,COUNT_PED_KILLED,COUNT_PED_INJURED,COUNT_BICYCLIST_KILLED,COUNT_BICYCLIST_INJURED,COUNT_MC_KILLED,COUNT_MC_INJURED,PRIMARY_RAMP,SECONDARY_RAMP,LATITUDE,LONGITUDE,COUNTY,CITY,POINT_X,POINT_Y
6820691,2015,2015-03-11,9480,2015-02-11,1658,015783,,3,2,9,5400,0,3,5,,2,006,"AVE 288","ROAD 180",2640.00,W,N,A,-,N,,,,,,,,,,Y,2,0,1,2,A,-,09,21804,A,N,D,C,A,A,H,-,A,D,0,,,,,Y,,A,07,1,0,0,0,0,0,0,0,0,"- ","- ",36.31212,-119.18085000000001,TULARE,UNINCORPORATED,-119.18084621,36.312082050000001
6841649,2015,2016-10-31,9480,2015-03-07,2010,018563,,6,2,9,5400,0,1,3,,1,021,"RT 63","AVE 388",87.00,N,N,A,-,Y,TUL,6,63,-,-,20.090,H,-,N,Y,2,0,3,2,A,-,01,23152,A,N,A,C,A,A,H,-,D,D,0,,,,,Y,Y,A,01,1,0,2,0,0,0,0,0,0,"- ","- ",36.494140000000002,-119.28657,TULARE,UNINCORPORATED,-119.28661553000001,36.49427189
6841683,2015,2015-04-09,9481,2015-03-08,2135,018982,,7,2,9,5400,0,3,5,,2,010,"RD 224","AVE 168",59.00,N,N,A,-,N,,,,,,,,,,N,2,0,1,2,A,-,11,21954,A,N,G,B,E,A,H,-,D,D,0,Y,,,,Y,,N,60,1,0,0,0,1,0,0,0,0,"- ","- ",36.095010000000002,-119.07084,TULARE,UNINCORPORATED,-119.0707925,36.095011470000003
6848268,2015,2015-03-24,5407,2015-02-16,1858,A260,480,1,5,5,5407,0,0,0,,0,011,GOSHEN,ATWOOD,0.00,,Y,A,-,N,,,,,,,,,,Y,2,0,1,2,A,-,09,21800,A,N,D,G,A,A,H,-,C,A,0,,Y,,,Y,Y,L,04,1,0,0,0,0,0,1,0,0,"- ","- ",,,TULARE,VISALIA,-119.34712996,36.34131009
6848299,2015,2015-03-24,5407,2015-02-03,1231,M222,480,2,5,5,5407,0,0,0,,0,025,GOSHEN,GIDDINGS,0.00,,Y,A,-,N,,,,,,,,,,N,2,0,1,2,A,-,09,21804,A,N,H,G,A,A,H,-,A,A,0,,Y,,,Y,,L,04,1,0,0,0,0,0,1,0,0,"- ","- ",,,TULARE,VISALIA,-119.30545999,36.334560109999998
6848539,2015,2015-03-20,9481,2015-02-28,0555,018815,,6,3,9,5400,0,2,4,,1,051,"MAIN ST","TEAPOT DOME AV",0.00,,Y,B,-,N,,,,,,,,,,Y,2,0,3,2,A,-,12,22450,A,F,D,C,A,A,H,-,B,A,0,,,,,Y,,A,01,1,2,0,0,0,0,0,0,0,"- ","- ",36.022219999999997,-119.02601,TULARE,UNINCORPORATED,-119.02600855,36.022221070000001
6854009,2014,2015-03-18,9480,2014-11-17,1910,15783,,1,2,9,5400,0,3,5,,2,001,"RD 80","AVE 368",0.00,,Y,A,-,N,,,,,,,,,,Y,1,1,1,3,A,-,12,21453,A,N,D,C,A,A,H,-,C,A,0,,,,Y,Y,,G,25,1,0,0,0,0,0,0,0,0,"- ","- ",36.458579999999998,-119.39458,TULARE,UNINCORPORATED,-119.39457357000001,36.458555279999999
6854217,2015,2017-04-20,5407,2015-01-30,1704,M66,48,5,5,5,5407,0,0,0,,0,025,WILLIS,SCHOOL,0.00,,Y,B,-,N,,,,,,,,,,Y,1,1,0,2,A,-,03,22350,,N,D,C,A,A,H,-,A,A,0,,,Y,,Y,,C,02,0,0,0,0,0,0,0,1,0,"- ","- ",,,TULARE,VISALIA,-119.29773994999999,36.332840089999998
6854283,2014,2015-10-07,9480,2014-07-05,0535,15689,,6,3,9,5400,0,1,3,,1,064,"RT 198","ROAD 180",5332.00,W,N,A,-,Y,TUL,6,198,-,R,15.750,H,-,E,Y,1,1,3,2,A,-,01,23152,A,N,C,C,A,A,H,-,B,D,1,,,,,Y,Y,A,07,2,1,0,0,0,0,0,0,0,"- ","- ",36.326689999999999,-119.18943,TULARE,UNINCORPORATED,-119.18883741,36.326725459999999
6854637,2015,2015-08-07,9481,2015-05-01,2128,19162,,5,2,4,5405,0,1,3,,1,012,"RT 65","OLIVE AV",85.00,N,N,A,-,Y,TUL,6,65,-,-,19.150,H,-,N,Y,1,2,0,1,A,-,08,22107,,N,E,J,A,A,H,-,C,D,1,,,,,Y,,A,01,0,0,0,0,0,0,0,0,0,"- ","- ",36.066389999999998,-119.03913,TULARE,PORTERVILLE,-119.03922683,36.065831500000002
6869508,2015,2016-05-20,9480,2015-03-20,1902,17709,,5,2,9,5400,0,3,5,,2,004,"ROAD 132","AVENUE 320",0.00,,Y,A,-,N,,,,,,,,,,Y,2,0,2,2,A,-,12,22450,A,N,D,C,A,A,H,-,B,A,0,,,,,Y,,A,01,2,0,0,0,0,0,0,0,0,"- ","- ",36.37068,-119.27872000000001,TULARE,UNINCORPORATED,-119.2787685,36.370970999999997
6869649,2015,2016-10-06,9481,2015-03-30,0105,019104,,1,3,9,5400,0,1,3,,1,012,"RT 65","AVENUE 208",2640.00,S,N,A,-,Y,TUL,6,65,-,-,26.360,H,-,S,Y,2,0,3,1,A,-,01,23152,A,N,E,I,A,A,H,-,D,D,0,,,,,Y,Y,A,01,1,1,1,0,0,0,0,0,0,"- ","- ",36.159269999999999,-119.07933,TULARE,UNINCORPORATED,-119.08074915,36.162295450000002
6876773,2015,2016-12-01,5405,2015-04-12,1208,207,,7,5,4,5405,0,0,0,,0,001,"RT 65","PIONEER AV",166.00,S,N,A,-,Y,TUL,6,65,-,-,20.850,H,-,N,Y,2,0,1,1,A,-,08,22107,,N,F,A,A,A,H,-,A,D,0,,,,,Y,,-,,1,0,0,0,0,0,0,0,0,"- ","- ",,,TULARE,PORTERVILLE,-119.0393418,36.090654200000003
6877701,2015,2015-04-14,5407,2015-02-07,0049,M234,480,6,5,5,5407,0,0,0,,0,026,"ST JOHNS PKWY",LARK,193.00,W,N,C,-,N,,,,,,,,,,Y,2,0,3,1,A,-,01,23153,,F,F,I,A,B,H,-,D,A,0,,,,,Y,Y,-,"- ",1,2,0,0,0,0,0,0,0,"- ","- ",,,TULARE,VISALIA,-119.28595101000001,36.355586410000001
6878372,2015,2015-04-14,9480,2015-03-28,1620,013914,,6,2,9,5400,0,3,5,,2,006,"YOKOHL DR","ROAD 228",84480.00,E,N,A,-,N,,,,,,,,,,Y,2,0,2,1,C,-,18,,,N,E,I,A,A,H,-,A,D,0,,,,,Y,,-,"- ",1,0,1,0,0,0,0,0,0,"- ","- ",36.231659999999998,-118.88531,TULARE,UNINCORPORATED,-118.85968198,36.229000050000003
6879957,2015,2016-10-20,9480,2015-03-31,1720,16145,,2,2,9,5400,0,1,3,,1,030,"RT 137","AVE 224",0.00,,Y,A,-,Y,TUL,6,137,-,-,6.690,I,5,E,Y,2,0,2,2,A,-,12,22450,,N,D,C,A,A,H,-,A,A,0,,,Y,,Y,,C,02,1,0,1,0,0,0,0,0,1,"- ","- ",36.195749999999997,-119.49309,TULARE,UNINCORPORATED,-119.49310774,36.195980800000001
6879964,2015,2015-04-21,9480,2015-03-21,2255,18861,,6,3,9,5400,0,3,5,,2,005,"CHURCH RD","SIERRA AV",0.00,,Y,A,-,N,,,,,,,,,,Y,2,0,3,2,A,-,05,21752,D,F,D,C,A,A,H,-,C,A,0,,,,,Y,,A,01,1,0,2,0,0,0,0,0,0,"- ","- ",35.891759999999998,-119.26815000000001,TULARE,UNINCORPORATED,-119.2681548,35.891885799999997
6896255,2015,2016-11-05,9480,2015-04-25,2047,17854,,6,2,5,5407,0,1,3,,1,064,"RT 198","LOVERS LN",2640.00,E,N,A,-,Y,TUL,6,198,-,R,12.250,H,-,E,Y,2,0,2,2,A,-,01,23152,A,N,C,C,A,A,H,-,D,D,1,,,,,Y,Y,A,01,1,0,1,0,0,0,0,0,0,"- ","- ",36.327089999999998,-119.24039,TULARE,VISALIA,-119.25165029,36.327031519999998
6898680,2015,2016-11-05,9480,2015-04-28,2500,016145,,2,4,9,5400,0,1,3,,1,064,"RT 198","RT 99",1320.00,E,N,A,-,Y,TUL,6,198,-,-,4.090,H,-,W,Y,2,0,1,1,A,-,08,22107,,N,F,A,A,A,H,-,D,D,1,,,Y,,Y,,C,02,1,0,0,0,0,0,0,0,1,"- ","- ",36.33023,-119.29206000000001,TULARE,UNINCORPORATED,-119.3998253,36.327252829999999
6905680,2015,2016-04-04,9480,2015-04-01,0750,16233,,3,1,9,5400,0,1,3,,1,051,"RT 43","AVE 144",2640.00,N,N,A,-,Y,TUL,6,43,-,R,21.090,H,-,N,Y,1,1,0,2,A,-,05,21650,,N,A,C,A,A,H,-,A,D,0,,,,Y,Y,,D,22,0,0,0,0,0,0,0,0,0,"- ","- ",36.055219999999998,-119.52472,TULARE,UNINCORPORATED,-119.52625189,36.056995440000001
6910211,2015,2015-05-13,9481,2015-04-05,0820,016065,,7,1,9,5400,0,2,4,,1,051,"SPRINGVILLE DR","W ST",231.00,W,N,A,-,N,,,,,,,,,,Y,2,0,2,1,A,-,01,23152,A,N,E,I,A,A,H,-,A,D,0,,,Y,,Y,Y,C,02,1,1,0,0,0,0,0,0,2,"- ","- ",36.05556,-118.98948,TULARE,UNINCORPORATED,-118.98943841000001,36.055581359999998
6920963,2015,2016-12-08,9481,2015-04-30,1140,18815,,4,1,9,5400,0,1,3,,1,053,"RT 190","ROAD 284",1056.00,W,N,A,-,Y,TUL,6,190,-,-,20.900,H,-,W,Y,2,0,4,3,A,-,08,22107,,N,C,E,A,A,H,-,A,D,0,,,Y,Y,Y,,A,01,1,2,1,0,0,0,0,0,1,"- ","- ",36.047269999999997,-118.94053,TULARE,UNINCORPORATED,-118.94119445,36.047023469999999
6943186,2015,2016-11-04,9480,2015-05-30,2155,017778,,6,2,9,5400,0,1,3,,1,051,"RT 43","AVENUE 96",290.00,S,N,A,-,Y,TUL,6,43,-,R,13.560,H,-,S,Y,2,0,2,2,A,-,09,21801,A,N,D,C,A,A,H,-,D,D,0,,,Y,,Y,,A,01,1,1,0,0,0,0,0,0,2,"- ","- ",35.963079999999998,-119.4575,TULARE,UNINCORPORATED,-119.45767576999999,35.96311335
6955098,2015,2016-11-05,9480,2015-06-24,0030,15783,,3,3,5,5407,0,1,3,,1,064,"RT 198","RT 99",1056.00,E,N,A,-,Y,TUL,6,198,-,-,4.040,H,-,W,Y,2,0,1,1,A,-,08,22107,,N,F,A,A,A,H,-,D,D,1,,,,,Y,,A,01,1,0,0,0,0,0,0,0,0,"- ","- ",36.327550000000002,-119.40311,TULARE,VISALIA,-119.40085845,36.32732377
6956979,2015,2015-07-02,9480,2015-05-31,0415,18742,,7,3,9,5400,0,3,5,,2,006,"AVENUE 240","ROAD 126",3696.00,E,N,A,-,N,,,,,,,,,,Y,2,0,4,2,A,-,03,22350,,N,C,C,A,A,H,-,D,D,0,,,,,Y,Y,A,01,1,2,1,0,0,0,0,0,0,"- ","- ",36.225969999999997,-119.27813,TULARE,UNINCORPORATED,-119.27916258,36.225948500000001
6959113,2015,2015-07-09,5406,2015-05-04,1443,42,A6,1,5,4,5406,0,0,0,,0,0WS,"E ST","OLD TOWN DR",0.00,,Y,A,-,N,,,,,,,,,,Y,2,0,1,2,A,-,09,21801,A,N,D,C,A,A,H,-,A,D,0,,,Y,,Y,,A,01,1,0,0,0,0,0,0,0,1,"- ","- ",,,TULARE,TULARE,-119.35209999,36.191570110000001
6970830,2015,2015-08-01,9481,2015-06-29,2057,018314,,1,2,9,5400,0,3,5,,2,030,"AVENUE 56","ROAD 160",800.00,W,N,A,-,N,,,,,,,,,,Y,2,0,6,2,A,-,02,22400,A,N,C,C,A,A,H,-,D,D,0,,,,,Y,,M,46,1,1,4,0,0,0,0,0,0,"- ","- ",35.091079999999998,-119.20956,TULARE,UNINCORPORATED,-119.21744793000001,35.891974130000001
7001231,2015,2016-12-17,9480,2015-06-22,1350,16046,,1,1,9,5400,0,1,3,,2,095,"RT 99","COURT ST",4224.00,N,N,A,-,Y,TUL,6,99,-,-,13.600,H,-,N,Y,2,0,4,1,A,-,08,22107,,N,F,A,A,A,H,-,A,A,1,,,,,Y,,A,07,1,1,2,0,0,0,0,0,0,"- ","- ",35.983379999999997,-119.29678,TULARE,UNINCORPORATED,-119.29660118,35.982273970000001
7006311,2014,2015-11-24,5401,2014-10-19,1734,2119,5401,7,5,3,5401,0,0,0,,0,,"DUMPLING AV","PEACHCREEK AV",18.00,S,N,A,-,N,,,,,,,,,,N,1,1,0,2,A,-,03,22350,,F,A,B,E,A,H,-,A,D,0,Y,,,,Y,Y,A,08,0,0,0,1,0,0,0,0,0,"- ","- ",,,TULARE,DINUBA,-119.41110051,36.552780599999998
7006346,2015,2015-12-10,5407,2015-10-09,2255,M218,480,5,5,5,5407,0,0,0,,0,026,HOUSTON,BURKE,526.00,E,N,A,-,N,,,,,,,,,,Y,1,1,0,1,A,-,01,23152,A,N,E,I,A,A,H,-,C,A,0,,,,,Y,Y,A,01,0,0,0,0,0,0,0,0,0,"- ","- ",,,TULARE,VISALIA,-119.28141592,36.341843670000003
7011513,2015,2017-01-09,5407,2015-08-09,1209,A144,6011,7,5,5,5407,0,0,0,,0,012,"RT 63",SUNNYSIDE,0.00,,Y,A,-,Y,TUL,6,63,-,-,6.350,I,5,S,Y,2,0,2,2,A,-,12,21453,A,N,D,C,A,A,H,-,A,A,0,,,,,Y,,A,,1,1,0,0,0,0,0,0,0,"- ","- ",,,TULARE,VISALIA,-119.31384146000001,36.3034599
7037539,2015,2017-01-23,9480,2015-07-31,1640,17709,,5,2,9,5400,0,1,3,,2,091,"RT 99","ROAD 12",105.00,N,N,A,-,Y,TUL,6,99,-,-,53.840,H,-,S,Y,2,0,1,1,A,-,08,22107,,N,E,I,A,A,H,-,A,D,1,,,,Y,Y,,G,25,1,0,0,0,0,0,0,0,0,"- ","- ",36.506509999999999,-119.54809,TULARE,UNINCORPORATED,-119.54812548,36.506631929999998
7038293,2015,2016-07-26,9480,2015-08-15,0537,017311,,6,3,9,5400,0,3,5,,2,003,"AVENUE 280","RT 99",1538.00,W,N,A,-,N,,,,,,,,,,Y,2,0,1,2,A,-,08,22107,,N,E,I,A,A,H,-,B,D,0,,,,,Y,,A,01,1,0,0,0,0,0,0,0,0,"- ","- ",36.298699999999997,-119.39022,TULARE,UNINCORPORATED,-119.38992747,36.298055869999999
7056989,2014,2015-11-14,5401,2014-12-18,1726,2113,5401,4,5,3,5401,0,0,0,,0,00B,"W ELMONTE WY","MONTE VISTA DR",12.00,E,N,A,-,N,,,,,,,,,,N,2,0,1,2,A,-,11,21950,B,N,G,B,B,A,H,-,C,A,0,Y,,,,Y,,N,60,1,0,0,0,1,0,0,0,0,"- ","- ",,,TULARE,DINUBA,-119.40403919000001,36.545990000000003
7057667,2014,2015-11-14,5401,2014-11-26,1914,2133,5401,3,5,3,5401,0,0,0,,0,002,"E ELMONTE WY","PERRY AV",134.00,W,N,A,-,N,,,,,,,,,,Y,2,0,1,2,C,-,18,,,N,G,B,D,A,H,-,C,A,0,Y,,,,Y,Y,-,"- ",1,0,0,0,1,0,0,0,0,"- ","- ",,,TULARE,DINUBA,-119.38473562999999,36.545618439999998
7091028,2015,2017-01-12,5406,2015-09-28,2142,82,5406,1,5,4,5406,0,0,0,,0,0AO,"TULARE AV",SPRUCE,0.00,,Y,A,-,Y,TUL,6,137,-,-,16.770,H,-,E,Y,2,0,1,1,D,-,00,,,N,F,I,A,A,H,-,C,D,0,,,,,Y,,-,"- ",1,0,0,0,0,0,0,0,0,"- ","- ",,,TULARE,TULARE,-119.32606056,36.211088019999998
7113287,2015,2015-11-13,5405,2015-10-02,1923,203,,5,5,4,5405,0,0,0,,0,001,"KANAI AV","VILLA ST",162.00,E,N,A,-,N,,,,,,,,,,N,2,0,1,2,C,-,18,,,N,H,A,E,A,H,-,D,D,0,Y,,,,Y,,-,"- ",1,0,0,0,1,0,0,0,0,"- ","- ",,,TULARE,PORTERVILLE,-119.02996263999999,36.07580901
7177092,2016,2016-02-16,5407,2016-01-04,2336,A223,480,1,5,5,5407,0,0,0,,0,011,RIGGIN,PLAZA,0.00,,Y,A,-,N,,,,,,,,,,Y,2,0,2,3,A,-,01,23152,A,N,D,C,A,A,H,-,C,A,0,,,,,Y,Y,A,,1,0,1,0,0,0,0,0,0,"- ","- ",,,TULARE,VISALIA,-119.39474989,36.356400039999997
7177424,2016,2016-02-12,5407,2016-01-01,1804,271,540,5,5,5,5407,0,0,0,,0,034,"CALDWELL AV","SANTA FE ST",54.00,W,N,A,-,N,,,,,,,,,,Y,2,0,2,2,A,-,12,21453,A,N,D,G,A,A,H,-,C,A,0,,Y,,,Y,,L,04,1,0,1,0,0,0,1,0,0,"- ","- ",,,TULARE,VISALIA,-119.28735306,36.298160000000003
7180341,2015,2017-02-03,5407,2015-12-12,1709,M201,,6,5,5,5407,0,0,0,,0,012,"MOONEY BL","PRINCETON AV",36.00,N,N,A,-,Y,TUL,6,63,-,-,7.190,H,-,S,Y,2,0,1,2,A,-,11,21954,A,N,G,B,D,A,H,-,A,A,0,Y,,,,Y,,N,60,1,0,0,0,1,0,0,0,0,"- ","- ",,,TULARE,VISALIA,-119.31398467,36.315629600000001
7190016,2016,2018-09-24,5405,2016-01-20,1738,203,,3,5,4,5405,0,0,0,,0,001,"RT 65","PIONEER AV",0.00,,Y,A,-,Y,TUL,6,65,-,-,20.880,I,5,S,Y,1,1,0,2,A,-,05,21202,A,N,H,G,A,A,H,-,D,A,0,,Y,,,Y,,L,04,0,0,0,0,0,1,0,0,0,"- ","- ",,,TULARE,PORTERVILLE,-119.03959967999999,36.091136499999998
7190105,2016,2016-04-23,5407,2016-02-28,1437,M243,5010,7,5,5,5407,0,0,0,,0,033,"GIDDINGS ST","NOBLE AV",0.00,,Y,A,-,N,,,,,,,,,,Y,1,1,1,2,A,-,12,21453,A,N,D,C,A,A,H,-,A,A,0,,,,,Y,,A,07,0,0,1,0,0,0,0,0,0,"- ","- ",36.326540000000001,-119.30546,TULARE,VISALIA,-119.30545988999999,36.326500099999997
7190121,2016,2016-04-22,5403,2016-03-04,0607,847,,5,5,2,5403,0,0,0,,0,,"VISALIA RD","FARMERSVILLE BL",0.00,,Y,A,-,N,,,,,,,,,,Y,1,1,1,3,A,-,10,21950,A,N,G,B,B,A,H,-,B,A,0,Y,,,,Y,,A,01,0,1,0,1,1,0,0,0,0,"- ","- ",,,TULARE,FARMERSVILLE,-119.20718992,36.297770049999997
7190170,2016,2018-09-27,5406,2016-04-27,0012,41,C4,3,5,4,5406,0,0,0,,0,0ES,BARDSLEY,BLACKSTONE,0.00,,Y,A,-,N,,,,,,,,,,N,1,1,0,2,A,-,12,21453,A,N,D,G,A,A,H,-,C,A,0,,Y,,Y,Y,,L,04,0,0,0,0,0,1,0,0,0,"- ","- ",,,TULARE,TULARE,-119.33110994,36.196649999999998
7190318,2016,2018-09-27,5401,2016-06-28,1834,2119,5401,2,5,3,5401,0,0,0,,0,004,"AVENUE 416","ROAD 92 RD",0.00,,Y,A,-,N,,,,,,,,,,Y,1,1,1,2,A,-,09,21801,A,N,D,C,A,A,H,-,A,D,0,,,Y,,Y,Y,A,01,0,1,0,0,0,0,0,1,0,"- ","- ",,,TULARE,DINUBA,-119.36776949999999,36.545535000000001
7197755,2016,2016-03-11,5407,2016-02-27,0032,A234,480,6,5,5,5407,0,0,0,,0,025,SWEET,CONYER,0.00,,Y,A,-,N,,,,,,,,,,Y,2,0,3,4,A,-,01,23153,,N,D,C,E,A,H,-,C,A,0,Y,,,,Y,Y,A,08,3,0,0,0,1,0,0,0,0,"- ","- ",,,TULARE,VISALIA,-119.30119985,36.34306007
7199604,2016,2016-07-21,5407,2016-01-07,1040,M218,5407,4,5,5,5407,0,0,0,,0,011,"HOUSTON AV","COUNTY CNTR",0.00,,Y,B,-,N,,,,,,,,,,Y,1,1,0,2,D,-,00,,,N,D,G,A,B,H,-,A,A,0,,Y,,,Y,,-,"- ",0,0,0,0,0,1,0,0,0,"- ","- ",,,TULARE,VISALIA,-119.32309997999999,36.341930060000003
7199667,2016,2018-09-27,5405,2016-05-13,0142,203,,5,5,4,5405,0,0,0,,0,003,"MAIN ST","PUTNAM AV",153.00,N,N,A,-,N,,,,,,,,,,Y,1,1,1,2,A,I,"- ",,,N,C,I,A,A,H,-,C,A,0,,,,,Y,Y,-,,0,1,0,0,0,0,0,0,0,"- ","- ",,,TULARE,PORTERVILLE,-119.0162246,36.0698796
7200010,2017,2017-07-28,5407,2017-01-28,0154,M66,480,6,5,5,5407,0,0,0,,0,00R,"W CALDWELL AV",DEMAREE,785.00,E,N,B,-,N,,,,,,,,,,Y,1,1,0,1,A,-,01,23152,A,M,E,I,A,A,H,-,C,D,0,,,,,Y,Y,A,01,0,0,0,0,0,0,0,0,0,"- ","- ",36.298380000000002,-119.33148,TULARE,VISALIA,-119.32880876999999,36.298397739999999
7200016,2017,2019-04-09,5407,2017-02-13,0611,M243,480,1,5,5,5407,0,0,0,,0,,"E HOUSTON AV",MAPLE,0.00,,Y,A,-,N,,,,,,,,,,N,1,1,0,2,A,-,09,21802,A,N,D,G,A,A,H,-,B,A,0,,Y,,Y,Y,Y,L,04,0,0,0,0,0,1,0,0,0,"- ","- ",36.341970000000003,-119.26098,TULARE,VISALIA,-119.26289985,36.341960069999999
7200017,2017,2017-08-15,5407,2017-02-15,2309,M201,480,3,5,5,5407,0,0,0,,0,,"E HOUSTON AV",CAIN,0.00,W,N,A,-,N,,,,,,,,,,Y,1,1,0,1,A,-,05,21650,,N,E,E,A,A,H,-,A,A,0,,,,,Y,Y,A,01,0,0,0,0,0,0,0,0,0,"- ","- ",36.341850000000001,-119.27881000000001,TULARE,VISALIA,-119.27438998,36.34188005
7200073,2017,2017-05-11,5406,2017-03-14,1136,41,4A,2,5,4,5406,0,0,0,,0,0ES,BLACKSTONE,PROSPERITY,5.00,S,N,A,-,N,,,,,,,,,,N,1,1,0,2,A,-,12,21453,A,N,D,G,A,A,H,-,A,A,0,,Y,,,Y,,L,04,0,0,0,0,0,1,0,0,0,"- ","- ",,,TULARE,TULARE,-119.33444126000001,36.224188249999997
8010544,2016,2016-04-05,5407,2016-03-19,1941,A263,480,6,5,5,5407,0,0,0,,0,011,"N HALL",CENTER,90.00,S,N,A,-,N,,,,,,,,,,N,2,0,1,2,A,-,10,21950,A,F,G,B,D,A,H,-,D,A,0,Y,,,,Y,,N,60,1,0,0,0,1,0,0,0,0,"- ","- ",,,TULARE,VISALIA,-119.30878,36.330733019999997
8010546,2016,2017-02-18,5405,2016-03-23,2037,207,,3,5,4,5405,0,0,0,,0,001,"RT 65","PIONEER AV",51.00,S,N,A,-,Y,TUL,6,65,-,-,20.870,H,-,S,Y,2,0,3,2,A,-,01,23153,,N,D,C,A,A,H,-,C,A,0,,,,,Y,Y,-,,1,0,2,0,0,0,0,0,0,"- ","- ",,,TULARE,PORTERVILLE,-119.03959494,36.090975129999997
8019805,2016,2017-03-30,5405,2016-04-02,0836,201,,6,5,4,5405,0,0,0,,0,002,"ORANGE BELT DR","AVENUE 178",258.00,S,N,A,-,N,,,,,,,,,,N,1,1,0,2,A,-,05,21650,,N,A,C,A,A,H,-,A,D,0,,,,,Y,,-,,0,0,0,0,0,0,0,0,0,"- ","- ",,,TULARE,PORTERVILLE,-119.04436647999999,36.112077380000002
8052149,2016,2016-06-09,5406,2016-05-24,1305,41,A2,2,5,4,5406,0,0,0,,0,0WS,TULARE,"POLE 1434493E",25.00,E,N,A,-,N,,,,,,,,,,Y,2,0,2,2,A,-,09,21801,A,N,A,C,A,A,H,-,A,D,0,,,,,Y,,D,22,1,0,1,0,0,0,0,0,0,"- ","- ",,,TULARE,TULARE,,
8059617,2016,2016-06-13,5407,2016-05-29,1718,A234,480,7,5,5,5407,0,0,0,,0,025,ENCINA,RACE,300.00,S,N,A,-,N,,,,,,,,,,Y,2,0,1,3,A,-,01,23152,A,N,C,E,A,A,H,-,A,A,0,,,,,Y,,D,22,1,0,0,0,0,0,0,0,0,"- ","- ",,,TULARE,VISALIA,-119.29461945,36.334496790000003
8059916,2016,2016-06-16,5407,2016-05-01,1855,5108,480,7,5,5,5407,0,0,0,,0,025,JACOB,GOSHEN,0.00,,Y,A,-,N,,,,,,,,,,Y,2,0,6,2,A,-,12,22450,,N,D,C,A,A,H,-,B,A,0,,,,,Y,,A,01,1,2,3,0,0,0,0,0,0,"- ","- ",,,TULARE,VISALIA,-119.30223989,36.334530100000002
8078233,2016,2016-07-19,5407,2016-06-11,1215,A278,480,6,5,5,5407,0,0,0,,0,026,"BEN MADDOX ST","DOUGLAS AV",0.00,,Y,A,-,N,,,,,,,,,,Y,2,0,1,2,A,-,08,22107,,N,D,C,A,A,H,-,A,D,0,,,Y,,Y,,-,"- ",1,0,0,0,0,0,0,0,1,"- ","- ",,,TULARE,VISALIA,-119.27881991,36.338220100000001
8078411,2016,2016-07-15,5407,2016-05-22,1737,M222,480,7,5,5,5407,0,0,0,,0,034,"CENTRAL ST","CAMBRIDGE AV",21.00,S,N,A,-,N,,,,,,,,,,Y,2,0,1,1,A,-,01,23152,E,N,E,I,A,A,H,-,A,A,0,,,Y,,Y,,C,02,1,0,0,0,0,0,0,0,1,"- ","- ",36.314810000000001,-119.31207999999999,TULARE,VISALIA,-119.31207969,36.314732370000002
8100312,2016,2016-08-16,5407,2016-06-17,1311,M186,480,5,5,5,5407,0,0,0,,0,034,"WALNUT AV","SANTA FE ST",0.00,,Y,A,-,N,,,,,,,,,,Y,2,0,5,2,A,-,12,21453,A,N,D,C,A,A,H,-,A,A,0,,,,,Y,,A,07,1,0,4,0,0,0,0,0,0,"- ","- ",36.31288,-119.28743,TULARE,VISALIA,-119.28742990000001,36.31287004
8102499,2016,2016-08-18,5405,2016-08-08,1341,229,,1,5,4,5405,0,0,0,,0,003,"OLIVE AV","HOCKETT ST",0.00,,Y,A,-,N,,,,,,,,,,Y,2,0,3,3,A,-,09,21801,A,N,A,C,A,A,H,-,A,A,0,,,,,Y,,-,,1,0,2,0,0,0,0,0,0,"- ","- ",,,TULARE,PORTERVILLE,-119.01711009,36.065110079999997
8135732,2016,2016-10-05,5405,2016-09-13,1008,107,,2,5,4,5405,0,0,0,,0,002,"MAIN ST","REID AV",0.00,,Y,A,-,N,,,,,,,,,,Y,2,0,4,2,A,-,03,22350,,N,C,C,A,A,H,-,A,A,0,,,,,Y,,-,,1,2,1,0,0,0,0,0,0,"- ","- ",,,TULARE,PORTERVILLE,-119.03382000000001,36.096372000000002
8161313,2016,2016-12-15,5406,2016-10-15,1339,24,5406,6,5,4,5406,0,0,0,,0,0ES,"TULARE AV","TULARE AV 3000",0.00,,Y,A,-,N,,,,,,,,,,Y,2,0,2,2,A,-,01,23153,A,N,A,C,A,A,H,-,A,D,0,,,,,Y,Y,A,01,2,0,0,0,0,0,0,0,0,"- ","- ",,,TULARE,TULARE,-119.3872726,36.210730439999999
8166589,2016,2018-09-27,5406,2016-12-08,1704,78,5406,4,5,4,5406,0,0,0,,0,0AO,BARDSLEY,BLACKSTONE,0.00,W,N,B,-,N,,,,,,,,,,N,1,1,0,3,D,-,00,,,N,H,G,A,A,H,-,C,D,0,,Y,,,Y,Y,-,"- ",0,0,0,0,0,1,0,0,0,"- ","- ",,,TULARE,TULARE,-119.33110994,36.196649999999998