CASE_ID,ACCIDENT_YEAR,PROC_DATE,JURIS,COLLISION_DATE,COLLISION_TIME,OFFICER_ID,REPORTING_DISTRICT,DAY_OF_WEEK,CHP_SHIFT,POPULATION,CNTY_CITY_LOC,SPECIAL_COND,BEAT_TYPE,CHP_BEAT_TYPE,CITY_DIVISION_LAPD,CHP_BEAT_CLASS,BEAT_NUMBER,PRIMARY_RD,SECONDARY_RD,DISTANCE,DIRECTION,INTERSECTION,WEATHER_1,WEATHER_2,STATE_HWY_IND,CALTRANS_COUNTY,CALTRANS_DISTRICT,STATE_ROUTE,ROUTE_SUFFIX,POSTMILE_PREFIX,POSTMILE,LOCATION_TYPE,RAMP_INTERSECTION,SIDE_OF_HWY,TOW_AWAY,COLLISION_SEVERITY,NUMBER_KILLED,NUMBER_INJURED,PARTY_COUNT,PRIMARY_COLL_FACTOR,PCF_CODE_OF_VIOL,PCF_VIOL_CATEGORY,PCF_VIOLATION,PCF_VIOL_SUBSECTION,HIT_AND_RUN,TYPE_OF_COLLISION,MVIW,PED_ACTION,ROAD_SURFACE,ROAD_COND_1,ROAD_COND_2,LIGHTING,CONTROL_DEVICE,CHP_ROAD_TYPE,PEDESTRIAN_ACCIDENT,BICYCLE_ACCIDENT,MOTORCYCLE_ACCIDENT,TRUCK_ACCIDENT,NOT_PRIVATE_PROPERTY,ALCOHOL_INVOLVED,STWD_VEHTYPE_AT_FAULT,CHP_VEHTYPE_AT_FAULT,COUNT_SEVERE_INJ,COUNT_VISIBLE_INJ,COUNT_COMPLAINT_PAIN,COUNT_PED_KILLED,COUNT_PED_INJURED,COUNT_BICYCLIST_KILLED,COUNT_BICYCLIST_INJURED,COUNT_MC_KILLED,COUNT_MC_INJURED,PRIMARY_RAMP,SECONDARY_RAMP,LATITUDE,LONGITUDE,COUNTY,CITY,POINT_X,POINT_Y
8166605,2016,2018-09-27,5407,2016-10-22,1807,M33,480,6,5,5,5407,0,0,0,,0,025,MURRAY,"RT 63",0.00,,Y,A,-,Y,TUL,6,63,-,-,8.455,I,5,N,Y,1,1,0,3,A,-,12,21453,A,N,D,C,A,A,H,-,A,A,0,,,,,Y,Y,-,,0,0,0,0,0,0,0,0,0,"- ","- ",,,TULARE,VISALIA,-119.29237033,36.333790950000001
8166934,2016,2018-09-24,5407,2016-12-21,2134,A275,480,3,5,5,5407,0,0,0,,0,025,"RT 63","W ROBIN AV",720.00,S,N,A,-,Y,TUL,6,63,-,-,9.770,H,-,S,Y,1,1,0,3,A,-,08,22107,,F,D,C,A,A,H,-,C,D,0,,,,,Y,,A,01,0,0,0,0,0,0,0,0,0,"- ","- ",36.351579999999998,-119.29754,TULARE,VISALIA,-119.29695329,36.351417060000003
8167542,2017,2018-03-08,5407,2017-05-09,2123,M243,480,2,5,5,5407,0,0,0,,0,,WALNUT,"BEN MADDOX",0.00,,Y,A,-,N,,,,,,,,,,N,1,1,0,2,A,-,11,21456,B,N,G,B,B,A,H,-,C,A,0,Y,,,,Y,,D,22,0,0,0,1,0,0,0,0,0,"- ","- ",,,TULARE,VISALIA,-119.27399995,36.312640029999997
8190771,2016,2016-12-20,5406,2016-11-17,1335,31,4B,4,5,4,5406,0,0,0,,0,0ES,"M ST",GANNON,96.00,N,N,A,-,N,,,,,,,,,,Y,2,0,1,1,A,-,05,21650,,N,E,I,A,A,H,-,A,D,0,,,,,Y,,D,22,1,0,0,0,0,0,0,0,0,"- ","- ",,,TULARE,TULARE,-119.34429697,36.223053440000001
8201581,2017,2017-03-29,5405,2017-03-04,1409,207,,6,5,4,5405,0,0,0,,0,001,"NEWCOMB ST","MEMORY LN",0.00,,Y,A,-,N,,,,,,,,,,Y,2,0,1,2,A,-,09,21802,A,N,D,C,A,A,H,-,A,A,0,,,Y,,Y,,-,,1,0,0,0,0,0,0,0,1,"- ","- ",,,TULARE,PORTERVILLE,-119.0528001,36.077610110000002
8204882,2016,2017-01-11,5403,2016-12-05,0742,840,,1,5,2,5403,0,0,0,,0,,"NORTH FARMERSVILLE BL","WEST CITRUS",5.00,S,N,A,-,N,,,,,,,,,,N,2,0,1,2,A,-,10,21950,A,N,G,B,B,A,H,-,A,D,0,Y,,,,Y,,A,07,1,0,0,0,1,0,0,0,0,"- ","- ",,,TULARE,FARMERSVILLE,-119.20706,36.307576279999999
8286596,2016,2017-01-30,5401,2016-08-12,2351,2133,5401,5,5,3,5401,0,0,0,,0,003,"SURABIAN CT","N ALTA AV",433.00,W,N,A,-,N,,,,,,,,,,Y,2,0,1,2,A,-,00,23104,A,N,A,E,A,A,H,-,A,A,0,,,,Y,Y,,A,01,1,0,0,0,0,0,0,0,0,"- ","- ",,,TULARE,DINUBA,-119.39632546,36.541746320000001
8286640,2016,2017-01-31,5401,2016-09-26,0756,2132,5401,1,5,3,5401,0,0,0,,0,00B,"W KERN ST","S M ST",14.00,E,N,A,-,N,,,,,,,,,,N,2,0,1,2,A,-,09,21802,A,N,D,G,A,A,H,-,A,D,0,,Y,,,Y,,D,22,1,0,0,0,0,0,1,0,0,"- ","- ",,,TULARE,DINUBA,-119.39003502,36.539156060000003
8306742,2017,2017-02-27,5406,2017-01-01,0317,84,4A,7,5,4,5406,0,0,0,,0,0AO,"N M ST","E CARTMILL",0.00,,Y,A,-,N,,,,,,,,,,Y,2,0,2,2,A,-,03,22350,,N,D,C,A,B,H,-,C,A,0,,,,,Y,Y,A,01,1,1,0,0,0,0,0,0,0,"- ","- ",,,TULARE,TULARE,-119.34900989,36.240320109999999
8337666,2017,2017-04-07,5407,2017-03-22,1654,A253,480,3,5,5,5407,0,0,0,,0,N25,"N DEMAREE ST","RIGGIN AV",0.00,,Y,C,-,N,,,,,,,,,,Y,2,0,2,2,A,-,12,21453,A,N,D,C,A,B,F,-,A,A,0,,,,,Y,,A,01,1,1,0,0,0,0,0,0,0,"- ","- ",,,TULARE,VISALIA,-119.33202998,36.356560080000001
8342985,2017,2017-04-11,5406,2017-03-04,1629,80,5406,6,5,4,5406,0,0,0,,0,0ES,"S LASPINA ST",SIERRA,106.00,S,N,A,-,N,,,,,,,,,,Y,2,0,1,1,A,-,03,22350,,N,E,I,A,A,H,-,A,D,0,,,,,Y,,A,01,1,0,0,0,0,0,0,0,0,"- ","- ",,,TULARE,TULARE,-119.32208,36.209059109999998
8346035,2017,2017-04-17,5405,2017-04-03,2224,124,5405,1,5,4,5405,0,0,0,,0,004,"OLIVE AV","BEVERLY ST",258.50,W,N,A,-,N,,,,,,,,,,Y,2,0,1,1,A,-,01,23152,A,N,E,J,A,A,H,-,C,A,0,,,,,Y,Y,A,01,1,0,0,0,0,0,0,0,0,"- ","- ",,,TULARE,PORTERVILLE,-119.04943353,36.065872310000003
8365033,2017,2017-05-10,5406,2017-04-01,1252,,5406,6,5,4,5406,0,0,0,,0,0ES,"CONTINENTAL AV","S O ST",1.00,W,N,A,-,N,,,,,,,,,,Y,2,0,3,1,A,-,03,22350,,N,A,I,A,A,H,-,A,A,0,,,,,Y,Y,-,,1,1,1,0,0,0,0,0,0,"- ","- ",,,TULARE,TULARE,-119.33990338,36.185739830000003
8365169,2017,2018-04-25,5406,2017-04-22,0537,78,5406,6,5,4,5406,0,0,0,,0,0ES,SPRUCE,ANN,0.00,,Y,A,-,N,,,,,,,,,,N,1,1,0,2,D,-,00,,,F,G,B,B,A,H,-,C,D,0,Y,,,,Y,,-,"- ",0,0,0,1,0,0,0,0,0,"- ","- ",,,TULARE,TULARE,-119.32656993000001,36.19853011
8380100,2017,2017-05-31,5405,2017-05-20,1937,236,,6,5,4,5405,0,0,0,,0,002,"MAIN ST","MULBERRY AV",93.00,N,N,A,-,N,,,,,,,,,,Y,2,0,1,1,A,-,08,22107,,N,F,I,A,A,H,-,A,D,0,,,,,Y,,-,,1,0,0,0,0,0,0,0,0,"- ","- ",,,TULARE,PORTERVILLE,-119.0233326,36.084164649999998
8383653,2017,2017-06-08,5407,2017-05-04,1801,A279,480,4,5,5,5407,0,0,0,,0,R12,"WEST WALNUT AV","SOUTH DEMAREE",177.00,W,N,A,-,N,,,,,,,,,,Y,2,0,1,4,A,-,08,22107,,N,A,C,A,A,H,-,A,A,0,,,,,Y,,A,01,1,0,0,0,0,0,0,0,0,"- ","- ",36.312820000000002,-119.33168000000001,TULARE,VISALIA,-119.33227017,36.312808670000003
8385651,2017,2017-07-07,5407,2017-05-08,1344,M33,480,1,5,5,5407,0,0,0,,0,,"ST JOHNS PKWY","CHELSEA CT",0.00,,Y,A,-,N,,,,,,,,,,N,2,0,2,3,A,-,10,21950,A,N,G,B,B,A,H,-,A,A,0,Y,Y,,,Y,,A,01,1,1,0,0,1,0,1,0,0,"- ","- ",36.34778,-119.27079000000001,TULARE,VISALIA,-119.27006994,36.347380039999997
8397720,2017,2017-07-07,5404,2017-06-21,1748,677,,3,5,2,5404,0,0,0,,0,013,"HONOLULU AVE","MIRAGE AVE",18.00,W,N,A,-,N,,,,,,,,,,N,2,0,1,2,A,-,10,21950,A,N,G,B,B,A,H,-,A,D,0,Y,,,,Y,,D,22,1,0,0,0,1,0,0,0,0,"- ","- ",,,TULARE,LINDSAY,-119.08884698,36.202982499999997
8404445,2017,2017-08-29,5406,2017-07-08,1532,41,4A,6,5,4,5406,0,0,0,,0,0ES,HILLMAN,CARTMILL,73.00,S,N,A,-,N,,,,,,,,,,Y,1,2,2,3,A,-,01,23152,B,N,C,C,A,A,H,-,A,A,0,,,,,Y,Y,D,22,0,0,2,0,0,0,0,0,0,"- ","- ",,,TULARE,TULARE,-119.33108,36.240129670000002
8404453,2016,2017-08-24,5405,2016-08-13,1149,107,,6,5,4,5405,0,0,0,,0,,"PLANO ST","WORTH AV",0.00,,Y,A,-,N,,,,,,,,,,Y,1,1,0,3,A,-,21,22106,,N,B,C,A,A,H,-,A,D,0,,,Y,,Y,,A,01,0,0,0,0,0,0,0,1,0,"- ","- ",36.043959999999998,-119.00843999999999,TULARE,PORTERVILLE,-119.008494,36.04401
8404501,2017,2017-09-23,5405,2017-01-18,0833,169,,3,5,4,5405,0,0,0,,0,001,"MORTON AV","INDIANA ST",13.00,W,N,A,-,N,,,,,,,,,,Y,2,0,1,1,C,-,18,,,N,E,I,A,A,H,-,A,A,0,,,,,Y,,-,"- ",1,0,0,0,0,0,0,0,0,"- ","- ",,,TULARE,PORTERVILLE,-119.03512394000001,36.073279999999997
8404555,2017,2019-04-09,5406,2017-08-12,0409,41,5A,6,5,4,5406,0,0,0,,0,0ES,"RT 63","SCE POLE 4592061E",62.00,N,N,A,-,Y,TUL,6,63,-,-,2.010,H,-,S,Y,1,1,0,2,A,-,11,21954,A,N,G,B,E,A,H,-,D,D,0,Y,,,,Y,Y,N,60,0,0,0,1,0,0,0,0,0,"- ","- ",,,TULARE,TULARE,-119.31309394,36.240428809999997
8404800,2018,2020-05-21,5405,2018-03-20,1525,201,,2,5,4,5405,0,0,0,,0,003,"PLANO ST","OLIVE AV",0.00,,Y,B,-,N,,,,,,,,,,Y,1,2,1,3,A,-,03,22350,,N,A,C,A,A,H,-,A,A,0,,,,,Y,,-,,1,0,0,0,0,0,0,0,0,"- ","- ",,,TULARE,PORTERVILLE,-119.00832366943359,36.065101623535156
8414210,2017,2017-09-13,5406,2017-08-17,2226,41,5406,4,5,4,5406,0,0,0,,0,0ES,"I ST","SCE POLE 2347939E",290.00,N,N,A,-,N,,,,,,,,,,Y,2,0,1,1,A,-,03,22350,,N,H,A,A,A,H,-,C,A,0,,,Y,,Y,Y,C,02,1,0,0,0,0,0,0,0,1,"- ","- ",,,TULARE,TULARE,,
8439708,2017,2018-05-25,5407,2017-08-04,1109,M222,480,5,5,5,5407,0,0,0,,0,,"RT 63",RIVERWAY,0.00,,Y,B,C,Y,TUL,6,63,-,-,10.062,H,-,N,Y,2,0,2,2,A,-,03,22350,,N,C,C,A,B,H,-,A,A,0,,,,Y,Y,,A,01,1,1,0,0,0,0,0,0,0,"- ","- ",36.361849999999997,-119.29776,TULARE,VISALIA,-119.29698664,36.355559110000002
8460610,2017,2018-05-25,5407,2017-08-01,2033,M186,480,2,5,5,5407,0,0,0,,0,,"RT 63",ORCHARD,0.00,N,N,A,-,Y,TUL,6,63,-,-,6.015,H,-,S,Y,2,0,2,3,A,-,11,21954,A,N,G,B,D,A,H,-,C,A,0,Y,,,,Y,,N,60,2,0,0,0,2,0,0,0,0,"- ","- ",36.300289999999997,-119.31368999999999,TULARE,VISALIA,-119.31380209,36.298557680000002
8465992,2019,2019-08-08,5407,2019-06-22,2117,M186,480,6,5,5,5407,0,0,0,,0,,"PINKHAM ST",VICTOR,270.00,N,N,A,-,N,,,,,,,,,,Y,1,1,0,1,A,-,05,21650,,N,E,I,A,A,H,-,A,A,0,,,,,Y,,A,01,0,0,0,0,0,0,0,0,0,"- ","- ",36.300228118896484,-119.26973724365234,TULARE,VISALIA,-119.26973724365234,36.300979614257812
8466011,2019,2021-05-20,5407,2019-05-05,1620,M226,480,7,5,5,5407,0,0,0,,0,034,"RT 63","AVE 272",0.00,,Y,A,-,Y,TUL,6,63,-,-,5.011,I,5,N,Y,1,1,3,2,A,-,01,23153,F,N,D,C,A,A,H,-,A,A,0,,,,,Y,Y,A,01,0,0,3,0,0,0,0,0,0,"- ","- ",36.280269622802734,-119.31320953369141,TULARE,VISALIA,-119.31346893310547,36.283969879150391
8477599,2017,2017-11-13,5405,2017-10-07,1653,P234,5405,6,5,4,5405,0,0,0,,0,001,"INDIANA ST","KANAI AV",0.00,,Y,A,-,N,,,,,,,,,,N,2,0,1,2,A,-,09,21801,A,N,A,G,A,A,H,-,A,A,0,,Y,,,Y,,-,,1,0,0,0,0,0,1,0,0,"- ","- ",,,TULARE,PORTERVILLE,-119.03504002,36.075950069999998
8486259,2017,2018-05-08,5407,2017-08-23,0521,M201,480,3,5,5,5407,0,0,0,,0,00Q,"SANTA FE ST","WALNUT AV",0.00,,Y,A,-,N,,,,,,,,,,Y,2,0,2,2,A,-,11,21453,D,N,G,B,-,A,H,-,A,A,0,Y,,,,Y,Y,N,60,2,0,0,0,1,0,0,0,0,"- ","- ",36.312869999999997,-119.28742,TULARE,VISALIA,-119.28742990000001,36.31287004
8494841,2017,2018-01-08,5405,2017-11-06,1804,209,,1,5,4,5405,0,0,0,,0,001,"NEWCOMB ST","MEMORY LN",0.00,,Y,A,-,N,,,,,,,,,,Y,2,0,2,2,A,-,01,23153,A,N,D,C,A,A,H,-,C,A,0,,,,,Y,Y,-,,1,0,1,0,0,0,0,0,0,"- ","- ",,,TULARE,PORTERVILLE,-119.0528001,36.077610110000002
8504643,2017,2018-06-29,5406,2017-12-17,1907,30,2B,7,5,4,5406,0,0,0,,0,0WS,"RT 137","A ST",0.00,,Y,A,-,Y,TUL,6,137,-,-,14.640,H,-,W,Y,2,0,1,2,A,-,12,22450,A,N,D,G,A,A,H,-,C,A,0,,Y,,,Y,,L,04,1,0,0,0,0,0,1,0,0,"- ","- ",,,TULARE,TULARE,-119.36001357000001,36.203697589999997
8560880,2018,2018-06-21,5405,2018-02-18,1921,237,PSC,7,5,4,5405,0,0,0,,0,004,"103RD ST","VILLA AV",0.00,,Y,A,-,N,,,,,,,,,,Y,2,0,6,4,A,-,12,21453,A,N,D,D,A,A,H,-,C,A,0,,,,,Y,,A,01,1,0,5,0,0,0,0,0,0,"- ","- ",,,TULARE,PORTERVILLE,,
8566555,2018,2018-03-12,5407,2018-02-03,2230,A285,480,6,5,5,5407,0,0,0,,0,P33,"SOUTH SANTA FE","EAST TULARE",0.00,,Y,A,-,N,,,,,,,,,,Y,2,0,3,1,A,-,05,21650,,F,E,I,A,A,H,-,C,A,0,,,,,Y,,A,01,1,2,0,0,0,0,0,0,0,"- ","- ",,,TULARE,VISALIA,-119.28772735595703,36.320110321044922
8566631,2018,2018-03-14,5407,2018-02-10,1553,A294,480,6,5,5,5407,0,0,0,,0,P33,"TULARE AV","BONNIE ST",6.00,E,N,A,-,N,,,,,,,,,,Y,2,0,1,2,A,-,03,22350,,N,D,C,A,A,H,-,A,A,0,,,Y,,Y,,C,02,1,0,0,0,0,0,0,0,1,"- ","- ",36.320209503173828,-119.31259918212891,TULARE,VISALIA,-119.31259918212891,36.320198059082031
8597921,2018,2018-08-06,5406,2018-03-09,1527,78,5406,5,5,4,5406,0,0,0,,0,0AO,"E ST",INYO,0.00,,Y,A,-,Y,TUL,6,137,-,-,14.980,I,5,W,N,2,0,1,2,A,-,10,21950,A,N,G,B,B,A,H,-,A,A,0,Y,,,,Y,,-,,1,0,0,0,1,0,0,0,0,"- ","- ",,,TULARE,TULARE,-119.35395050048828,36.204242706298828
8616767,2018,2018-05-16,5407,2018-03-07,2136,M222,480,3,5,5,5407,0,0,0,,0,026,"BEN MADDOX WY",GOSHEN,443.00,N,N,A,-,N,,,,,,,,,,Y,2,0,1,2,A,-,11,21954,A,N,G,B,E,A,H,-,C,A,0,Y,,,,Y,,N,60,1,0,0,0,1,0,0,0,0,"- ","- ",36.335578918457031,-119.27883911132812,TULARE,VISALIA,-119.27879333496094,36.335834503173828
8627717,2018,2018-06-04,5407,2018-04-08,1653,C49,480,7,5,5,5407,0,0,0,,0,P33,"NOBLE AV","S LOCUST ST",0.00,,Y,A,-,N,,,,,,,,,,Y,2,0,1,2,A,-,12,21453,A,N,B,C,A,A,H,-,A,A,0,,,,,Y,,A,01,1,0,0,0,0,0,0,0,0,"- ","- ",36.326431274414062,-119.29338073730469,TULARE,VISALIA,-119.29341888427734,36.326419830322266
8628940,2018,2018-06-18,5405,2018-05-28,1657,186,,1,5,4,5405,0,0,0,,0,003,"CORONA DR","PARK ST",280.00,W,N,A,-,N,,,,,,,,,,N,2,0,1,1,A,-,01,23152,A,N,F,A,A,A,H,-,A,A,0,,,,,Y,Y,-,,1,0,0,0,0,0,0,0,0,"- ","- ",,,TULARE,PORTERVILLE,-119.00457000732422,36.066234588623047
8629182,2018,2018-06-18,5406,2018-05-11,2025,30,2B,5,5,4,5406,0,0,0,,0,0AO,BARDSLEY,VETTER,273.00,W,N,A,-,N,,,,,,,,,,Y,2,0,1,1,A,-,01,23153,A,F,F,I,A,A,H,-,C,A,0,,,,,Y,Y,A,07,1,0,0,0,0,0,0,0,0,"- ","- ",,,TULARE,TULARE,-119.35017395019531,36.196502685546875
8640155,2018,2018-06-25,5405,2018-04-28,0028,238,PSC,6,5,4,5405,0,0,0,,0,003,"OLIVE AV","G ST",0.00,,Y,A,-,N,,,,,,,,,,,2,0,1,2,A,-,10,21950,A,F,G,B,B,A,H,-,C,A,0,Y,,,,Y,,-,,1,0,0,0,1,0,0,0,0,"- ","- ",,,TULARE,PORTERVILLE,-119.02295684814453,36.065189361572266
8648367,2018,2020-05-21,5405,2018-10-30,1306,236,,2,5,4,5405,0,0,0,,0,002,"MAIN ST","LINDA VISTA AV",0.00,S,N,A,-,N,,,,,,,,,,Y,1,1,2,3,A,-,05,21650,A,N,A,C,A,A,H,-,A,D,0,,,,,Y,,-,,1,0,1,0,0,0,0,0,0,"- ","- ",,,TULARE,PORTERVILLE,-119.04039764404297,36.105472564697266
8648622,2019,2019-02-15,5406,2019-01-23,1551,41,2B,3,5,4,5406,0,0,0,,0,0DT,J,TULARE,10.00,S,N,A,-,N,,,,,,,,,,N,1,1,0,2,A,-,10,21950,A,N,G,B,B,A,H,-,A,A,0,Y,,,,Y,,A,07,0,0,0,1,0,0,0,0,0,"- ","- ",,,TULARE,TULARE,-119.34754943847656,36.207839965820312
8659871,2018,2018-07-17,5407,2018-06-03,0507,M186,480,7,5,5,5407,0,0,0,,0,026,"MINERAL KING AV","RD 152",0.00,,Y,A,-,N,,,,,,,,,,N,2,0,1,2,D,-,00,,,F,G,B,D,A,H,-,B,A,0,Y,,,,Y,,-,"- ",1,0,0,0,1,0,0,0,0,"- ","- ",36.327171325683594,-119.23377227783203,TULARE,VISALIA,-119.23381089999999,36.327191190000001
8660216,2018,2018-07-16,5407,2018-03-25,1844,M66,480,7,5,5,5407,0,0,0,,0,O705,"N 1ST",GRAPE,151.00,S,N,C,-,N,,,,,,,,,,Y,2,0,1,1,A,-,03,22350,,N,E,J,A,A,H,-,A,D,0,,,Y,,Y,Y,C,02,1,0,0,0,0,0,0,0,1,"- ","- ",36.338138580322266,-119.28904724121094,TULARE,VISALIA,-119.28856658935547,36.338687896728516
8696260,2018,2018-10-23,5406,2018-08-19,2020,30,3A,7,5,4,5406,0,0,0,,0,0AO,"INYO AV","B ST",0.00,,Y,A,-,Y,TUL,6,63,-,-,14.710,I,5,S,Y,2,0,1,2,A,-,09,21801,A,N,D,C,A,A,H,-,C,A,0,,,Y,,Y,,A,01,1,0,0,0,0,0,0,0,1,"- ","- ",,,TULARE,TULARE,-119.29596710205078,36.422966003417969
8696585,2018,2018-09-25,5403,2018-08-02,2112,847,VISAL,4,5,2,5403,0,0,0,,0,,"VISALIA RD","SOUTH VENTURA AV",218.00,E,N,A,-,N,,,,,,,,,,Y,2,0,1,2,A,-,11,21954,A,N,G,B,D,A,H,-,C,D,0,Y,,,,Y,,N,60,1,0,0,0,1,0,0,0,0,"- ","- ",,,TULARE,FARMERSVILLE,-119.21098327636719,36.29779052734375
8734272,2018,2018-11-14,5406,2018-10-03,1624,64,2A,3,5,4,5406,0,0,0,,0,0WS,E,ZUMWALT,0.00,,Y,A,-,N,,,,,,,,,,N,2,0,1,2,A,-,05,21650,,F,A,G,A,A,H,-,A,A,0,,Y,,,Y,,A,01,1,0,0,0,0,0,1,0,0,"- ","- ",,,TULARE,TULARE,-119.3577880859375,36.232921600341797
8734303,2018,2018-11-14,5406,2018-10-04,1844,63,5406,4,5,4,5406,0,0,0,,0,0AO,"LASPINA AV",PAIGE,0.00,S,N,A,-,N,,,,,,,,,,N,2,0,1,1,A,-,03,22350,,N,H,I,A,A,H,-,A,D,0,,,,,Y,,A,01,1,0,0,0,0,0,0,0,0,"- ","- ",,,TULARE,TULARE,-119.32440185546875,36.182159423828125
8734311,2018,2018-11-14,5406,2018-10-13,1226,86,,6,5,4,5406,0,0,0,,0,0ES,BLACKSTONE,"MARTIN LUTHER KING",0.00,,Y,A,-,N,,,,,,,,,,Y,2,0,1,2,A,-,09,21801,A,N,D,C,A,A,H,-,A,A,0,,,Y,,Y,,A,01,1,0,0,0,0,0,0,0,1,"- ","- ",,,TULARE,TULARE,-119.33103179931641,36.202281951904297
8737246,2018,2019-01-18,5406,2018-10-14,0826,54,,7,5,4,5406,0,0,0,,0,0ES,TULARE,MOONEY,0.00,,Y,A,-,Y,TUL,6,137,-,-,17.490,H,-,E,Y,2,0,1,3,A,-,03,22350,,N,C,C,A,A,H,-,A,A,0,,,,,Y,Y,A,01,1,0,0,0,0,0,0,0,0,"- ","- ",,,TULARE,TULARE,-119.31350708007812,36.211204528808594
8737745,2018,2018-11-26,5405,2018-10-30,1748,236,,2,5,4,5405,0,0,0,,0,002,"MAIN ST","EDISON UTILITY POLE  #484089E",71.00,E,N,A,-,N,,,,,,,,,,Y,2,0,3,1,A,-,03,22350,,N,E,I,A,A,H,-,B,D,0,,,,,Y,,-,,1,1,1,0,0,0,0,0,0,"- ","- ",,,TULARE,PORTERVILLE,,
8750268,2018,2018-12-04,5407,2018-10-31,1652,C45,480,3,5,5,5407,0,0,0,,0,N-25,"W MAIN ST","S CENTRAL ST",0.00,,Y,A,-,N,,,,,,,,,,Y,2,0,1,2,A,-,09,21801,A,N,D,C,A,A,H,-,B,A,0,,,Y,,Y,,A,01,1,0,0,0,0,0,0,0,1,"- ","- ",36.330009460449219,-119.31168365478516,TULARE,VISALIA,-119.31168365478516,36.330020904541016
8751979,2018,2019-04-05,5407,2018-10-31,1856,C45,480,3,5,5,5407,0,0,0,,0,"O 26","N BEN MADDOX WY","E GOSHEN",810.00,S,N,A,-,N,,,,,,,,,,N,2,0,1,2,A,-,01,23152,A,F,C,C,A,A,H,-,C,A,0,,,Y,,Y,Y,D,22,1,0,0,0,0,0,0,0,1,"- ","- ",36.330211639404297,-119.27857208251953,TULARE,VISALIA,-119.27873992919922,36.3323974609375
8771526,2018,2019-01-07,5405,2018-12-20,2111,236,,4,5,4,5405,0,0,0,,0,003,"JAYE ST","DATE AV",6.00,S,N,A,-,N,,,,,,,,,,N,2,0,1,1,A,-,03,22350,A,N,A,I,A,A,H,-,C,D,0,,,,,Y,,-,,1,0,0,0,0,0,0,0,0,"- ","- ",,,TULARE,PORTERVILLE,-119.02626800537109,36.05865478515625
8779194,2018,2019-02-02,5407,2018-12-16,1447,C49,480,7,5,5,5407,0,0,0,,0,R12,"W CALDWELL AV","S SHADY ST",0.00,,Y,A,-,N,,,,,,,,,,N,2,0,1,2,A,-,12,21453,A,N,A,C,A,A,H,-,A,A,0,,,,,Y,,A,07,1,0,0,0,0,0,0,0,0,"- ","- ",36.298450469970703,-119.31651306152344,TULARE,VISALIA,-119.31652069091797,36.298519134521484
8799835,2021,2022-09-26,5407,2021-12-31,1758,M282,480,5,5,5,5407,0,0,0,,0,026,"HOUSTON AV","BURKE ST",510.00,E,N,B,-,N,,,,,,,,,,N,2,0,1,2,A,-,11,21956,,N,A,B,D,A,H,-,C,A,0,Y,,,,Y,,N,60,1,0,0,0,1,0,0,0,0,"- ","- ",36.418319702148438,-119.28321075439453,TULARE,VISALIA,-119.28147125244141,36.341842651367188
8808115,2019,2019-04-30,5403,2019-03-25,1800,841,,1,5,2,5403,0,0,0,,0,,"NORTH FARMERSVILLE BL","E VISALIA RD",82.00,N,N,A,-,N,,,,,,,,,,Y,1,1,0,2,A,-,08,22107,,N,D,C,A,A,H,-,A,D,0,,,Y,,Y,,A,01,0,0,0,0,0,0,0,1,0,"- ","- ",,,TULARE,FARMERSVILLE,-119.20719146728516,36.297996520996094
8808159,2019,2019-05-13,5406,2019-04-25,0613,30,3B,4,5,4,5406,0,0,0,,0,0AO,LASPINA,PAIGE,187.00,S,N,A,-,N,,,,,,,,,,Y,1,1,0,1,A,-,03,22350,,N,F,-,A,A,H,-,D,D,0,,,,,Y,,A,01,0,0,0,0,0,0,0,0,0,"- ","- ",,,TULARE,TULARE,-119.32431030273438,36.181652069091797
8808375,2019,2019-07-17,5406,2019-06-09,1422,84,2B,7,5,4,5406,0,0,0,,0,0AO,"SACRAMENTO ST","W SAN JOAQUIN",109.00,N,N,A,-,N,,,,,,,,,,N,1,1,0,1,D,-,00,,,N,E,I,A,A,H,-,A,D,0,,,,,Y,,-,"- ",0,0,0,0,0,0,0,0,0,"- ","- ",,,TULARE,TULARE,-119.36278533935547,36.209308624267578
8808439,2019,2019-08-27,5406,2019-07-21,0248,41,5B,7,5,4,5406,0,0,0,,0,0ES,"RT 63",PROSPERITY,580.00,S,N,A,-,Y,TUL,6,63,-,-,0.900,H,-,S,Y,1,1,0,1,C,-,18,,,N,H,A,A,A,H,-,C,D,0,,,,,Y,Y,-,"- ",0,0,0,0,0,0,0,0,0,"- ","- ",,,TULARE,TULARE,-119.31307220458984,36.224292755126953
8808475,2019,2019-09-03,5405,2019-08-15,1949,245,,4,5,4,5405,0,0,0,,0,001,"NEWCOMB ST","GRAND AV",19.00,S,N,A,-,N,,,,,,,,,,Y,1,1,0,2,A,-,01,23152,E,N,C,C,A,A,H,-,C,D,0,,,,,Y,,-,,0,0,0,0,0,0,0,0,0,"- ","- ",,,TULARE,PORTERVILLE,-119.05280303955078,36.076858520507812
8829555,2019,2019-04-05,5404,2019-03-23,2311,677,,6,5,2,5404,0,0,0,,0,013,"SAMOA ST","ELMWOOD AV",15.00,E,N,A,-,N,,,,,,,,,,Y,2,0,1,1,A,-,03,22350,,N,E,I,A,A,H,-,C,D,0,,,,,Y,Y,M,,1,0,0,0,0,0,0,0,0,"- ","- ",,,TULARE,LINDSAY,-119.09072113037109,36.203781127929688
8832288,2019,2019-04-17,5407,2019-01-27,0751,M226,480,7,5,5,5407,0,0,0,,0,011,"N PLAZA DR","W GOSHEN AV",0.00,N,N,E,-,N,,,,,,,,,,Y,2,0,1,4,A,-,03,22350,,N,D,C,A,B,H,-,A,A,0,,,,Y,Y,,D,22,1,0,0,0,0,0,0,0,0,"- ","- ",36.347698211669922,-119.39441680908203,TULARE,VISALIA,-119.39446258544922,36.341938018798828
8834023,2019,2019-04-10,5407,2019-02-11,1857,M234,480,1,5,5,5407,0,0,0,,0,033,"E TULARE AV",COURT,66.00,E,N,A,-,N,,,,,,,,,,Y,2,0,1,2,A,-,21,22106,,N,G,G,A,A,H,-,C,A,0,,Y,,,Y,,L,04,1,0,0,0,0,0,1,0,0,"- ","- ",36.320098876953125,-119.29209899902344,TULARE,VISALIA,-119.29193878173828,36.320091247558594