CASE_ID,ACCIDENT_YEAR,PROC_DATE,JURIS,COLLISION_DATE,COLLISION_TIME,OFFICER_ID,REPORTING_DISTRICT,DAY_OF_WEEK,CHP_SHIFT,POPULATION,CNTY_CITY_LOC,SPECIAL_COND,BEAT_TYPE,CHP_BEAT_TYPE,CITY_DIVISION_LAPD,CHP_BEAT_CLASS,BEAT_NUMBER,PRIMARY_RD,SECONDARY_RD,DISTANCE,DIRECTION,INTERSECTION,WEATHER_1,WEATHER_2,STATE_HWY_IND,CALTRANS_COUNTY,CALTRANS_DISTRICT,STATE_ROUTE,ROUTE_SUFFIX,POSTMILE_PREFIX,POSTMILE,LOCATION_TYPE,RAMP_INTERSECTION,SIDE_OF_HWY,TOW_AWAY,COLLISION_SEVERITY,NUMBER_KILLED,NUMBER_INJURED,PARTY_COUNT,PRIMARY_COLL_FACTOR,PCF_CODE_OF_VIOL,PCF_VIOL_CATEGORY,PCF_VIOLATION,PCF_VIOL_SUBSECTION,HIT_AND_RUN,TYPE_OF_COLLISION,MVIW,PED_ACTION,ROAD_SURFACE,ROAD_COND_1,ROAD_COND_2,LIGHTING,CONTROL_DEVICE,CHP_ROAD_TYPE,PEDESTRIAN_ACCIDENT,BICYCLE_ACCIDENT,MOTORCYCLE_ACCIDENT,TRUCK_ACCIDENT,NOT_PRIVATE_PROPERTY,ALCOHOL_INVOLVED,STWD_VEHTYPE_AT_FAULT,CHP_VEHTYPE_AT_FAULT,COUNT_SEVERE_INJ,COUNT_VISIBLE_INJ,COUNT_COMPLAINT_PAIN,COUNT_PED_KILLED,COUNT_PED_INJURED,COUNT_BICYCLIST_KILLED,COUNT_BICYCLIST_INJURED,COUNT_MC_KILLED,COUNT_MC_INJURED,PRIMARY_RAMP,SECONDARY_RAMP,LATITUDE,LONGITUDE,COUNTY,CITY,POINT_X,POINT_Y
8836318,2019,2019-08-26,5406,2019-02-28,0409,83,5406,4,5,4,5406,0,0,0,,0,0AO,"RT 137",SOULTS,0.00,,Y,C,-,Y,TUL,6,137,-,-,13.620,H,-,E,Y,2,0,2,2,A,-,09,21804,A,N,D,C,A,A,H,-,D,D,0,,,,Y,Y,,F,26,2,0,0,0,0,0,0,0,0,"- ","- ",,,TULARE,TULARE,-119.37824249267578,36.203559875488281
8844933,2019,2019-04-25,5405,2019-04-02,1954,245,,2,5,4,5405,0,0,0,,0,003,"OLIVE AV","B ST",0.00,,Y,B,-,N,,,,,,,,,,Y,2,0,1,2,A,-,09,21801,A,N,D,C,A,A,H,-,C,A,0,,,,,Y,,-,,1,0,0,0,0,0,0,0,0,"- ","- ",,,TULARE,PORTERVILLE,-119.01431274414062,36.065128326416016
8854105,2019,2019-05-16,5407,2019-02-14,1139,M203,480,4,5,5,5407,0,0,0,,0,026,"BEN MADDOX WY",CENTER,10.00,S,N,A,-,N,,,,,,,,,,N,2,0,2,2,A,-,08,22107,,N,D,C,A,A,H,-,A,A,0,,,,,Y,,D,22,1,0,1,0,0,0,0,0,0,"- ","- ",,,TULARE,VISALIA,-119.27871704101562,36.331081390380859
8854117,2019,2019-05-10,5407,2019-03-07,0708,M282,480,4,5,5,5407,0,0,0,,0,026,"N CAIN ST",MAIN,0.00,,Y,A,-,N,,,,,,,,,,Y,2,0,2,2,A,-,12,22450,A,N,D,C,A,B,H,-,A,A,0,,,,,Y,,A,01,1,1,0,0,0,0,0,0,0,"- ","- ",,,TULARE,VISALIA,-119.27423095703125,36.330211639404297
8854288,2019,2019-05-09,5407,2019-03-18,1405,M33,480,1,5,5,5407,0,0,0,,0,012,AKERS,WHITEDALE,0.00,,Y,A,-,N,,,,,,,,,,Y,2,0,2,2,A,-,12,21453,A,N,D,C,A,A,H,-,A,A,0,,,,,Y,,A,01,1,1,0,0,0,0,0,0,0,"- ","- ",36.305419921875,-119.34944152832031,TULARE,VISALIA,-119.34948199999999,36.305425
8864950,2019,2019-05-31,5407,2019-05-04,1749,A300,480,6,5,5,5407,0,0,0,,0,012,"AIRPORT DR","HANGARS WY",323.00,S,N,A,-,N,,,,,,,,,,Y,2,0,2,1,A,-,01,23153,A,N,F,I,A,A,H,-,A,D,0,,,,,Y,Y,D,22,1,1,0,0,0,0,0,0,0,"- ","- ",36.3272705078125,-119.39000701904297,TULARE,VISALIA,-119.39200592041016,36.324867248535156
8872315,2021,2021-10-15,5405,2021-09-15,0813,CSO26,,3,5,4,5405,0,0,0,,0,001,"RT 65","LINDA VISTA AV",0.00,,Y,A,-,Y,TUL,6,65,-,-,21.840,H,-,S,Y,2,0,2,2,C,-,18,,,N,C,C,A,A,H,-,A,A,0,,,,,Y,,-,"- ",1,1,0,0,0,0,0,0,0,"- ","- ",36.10430908203125,-119.04306030273438,TULARE,PORTERVILLE,-119.04323577880859,36.104408264160156
8874035,2019,2019-06-11,5407,2019-05-09,0616,A322,480,4,5,5,5407,0,0,0,,0,026,MCAULIFF,MILLCREEK,150.00,N,N,A,-,N,,,,,,,,,,Y,2,0,1,1,A,-,03,22350,,N,H,A,A,A,H,-,C,A,0,,,Y,,Y,,C,02,1,0,0,0,0,0,0,0,1,"- ","- ",,,TULARE,VISALIA,-119.25051116943359,36.335731506347656
8879326,2019,2019-06-26,5406,2019-05-04,0049,35,5406,6,5,4,5406,0,0,0,,0,0ES,"J ST",CARTMILL,2473.00,N,N,A,-,N,,,,,,,,,,N,2,0,1,2,A,-,01,23153,A,N,G,B,E,A,H,-,D,D,0,Y,,,,Y,Y,D,22,1,0,0,0,1,0,0,0,0,"- ","- ",,,TULARE,TULARE,-119.35521697998047,36.240249633789062
8879504,2019,2019-07-02,5406,2019-05-09,2119,30,3B,4,5,4,5406,0,0,0,,0,0AO,"LASPINA AV","PAIGE AV",394.00,S,N,B,-,N,,,,,,,,,,Y,2,0,2,1,A,-,03,22350,,N,E,I,A,A,H,-,D,D,0,,,,,Y,Y,A,01,2,0,0,0,0,0,0,0,0,"- ","- ",,,TULARE,TULARE,-119.32415771484375,36.181098937988281
8879520,2019,2019-07-02,5406,2019-05-03,0927,30,2A,5,5,4,5406,0,0,0,,0,0AO,"CROSS AV","H ST",0.00,,Y,A,-,N,,,,,,,,,,N,2,0,1,2,A,-,10,21950,A,N,G,B,B,A,H,-,A,A,0,Y,,,,Y,,A,01,1,0,0,0,1,0,0,0,0,"- ","- ",,,TULARE,TULARE,-119.35169219970703,36.212589263916016
8894416,2019,2019-07-18,5406,2019-06-17,1516,82,5406,1,5,4,5406,0,0,0,,0,0DT,"K ST",WALNUT,95.00,N,N,A,-,N,,,,,,,,,,Y,2,0,1,2,A,-,09,21801,A,N,D,C,A,A,H,-,A,D,0,,,,,Y,,A,07,1,0,0,0,0,0,0,0,0,"- ","- ",,,TULARE,TULARE,-119.34280395507812,36.193195343017578
8894420,2019,2019-07-26,5406,2019-06-26,1939,84,4B,3,5,4,5406,0,0,0,,0,0AO,"E PROSPERITY AV","N J ST",0.00,,Y,A,-,N,,,,,,,,,,Y,2,0,1,2,A,-,12,21453,A,N,D,C,A,A,H,-,B,A,0,,,,,Y,,A,01,1,0,0,0,0,0,0,0,0,"- ","- ",,,TULARE,TULARE,-119.35204315185547,36.225601196289062
8897623,2019,2019-07-24,5407,2019-06-13,0639,12007,480,4,5,5,5407,0,0,0,,0,025,ROBIN,CONYER,30.00,S,N,A,-,N,,,,,,,,,,N,2,0,1,2,A,-,21,22106,,N,D,G,A,A,H,-,A,D,0,,Y,,,Y,,L,04,1,0,0,0,0,0,1,0,0,"- ","- ",36.354198455810547,-119.30129241943359,TULARE,VISALIA,-119.30077362060547,36.354209899902344
8897635,2019,2019-07-23,5407,2019-06-20,1302,M203,480,4,5,5,5407,0,0,0,,0,,"E MINERAL KING AV","BEN MADDOX",0.00,,Y,A,-,N,,,,,,,,,,N,2,0,1,2,A,-,05,21650,1,N,D,G,A,A,H,-,A,A,0,,Y,,,Y,,L,04,1,0,0,0,0,0,1,0,0,"- ","- ",36.327369689941406,-119.27848815917969,TULARE,VISALIA,-119.27855682373047,36.327358245849609
8908156,2019,2019-08-09,5407,2019-07-14,2338,11623,480,7,5,5,5407,0,0,0,,0,012,"W AIRPORT DR","S PLAZA DR",0.00,,Y,A,-,N,,,,,,,,,,Y,2,0,1,1,A,-,01,23153,B,N,E,I,A,A,H,-,C,A,0,,,,,Y,Y,A,01,1,0,0,0,0,0,0,0,0,"- ","- ",36.324871063232422,-119.39010620117188,TULARE,VISALIA,-119.39041137695312,36.320930480957031
8910806,2020,2022-06-13,5406,2020-01-29,1433,30,5406,3,5,4,5406,0,0,0,,0,0AO,"RT 137",MORRISON,15.00,W,N,A,-,Y,TUL,6,137,-,-,18.050,H,-,W,Y,1,1,1,2,A,-,00,23103,A,N,A,C,A,A,H,-,A,A,0,,,,,Y,Y,A,01,0,0,1,0,0,0,0,0,0,"- ","- ",,,TULARE,TULARE,-119.30351257324219,36.211025238037109
8911019,2019,2021-06-02,5407,2019-12-23,1842,M226,480,1,5,5,5407,0,0,0,,0,012,"RT 63","WALNUT AV",477.00,N,N,A,C,Y,TUL,6,63,-,-,7.100,H,-,S,Y,1,1,0,2,A,-,05,21202,A,N,A,G,A,B,H,-,C,A,0,,Y,,,Y,,L,04,0,0,0,0,0,1,0,0,0,"- ","- ",35.314659118652344,-119.31407928466797,TULARE,VISALIA,-119.31397247314453,36.314308166503906
8911044,2020,2022-06-14,5403,2020-03-22,2257,844,,7,5,2,5403,0,0,0,,0,,"W VISALIA RD","S VIRGINIA AV",0.00,,Y,C,-,N,,,,,,,,,,Y,1,1,0,2,A,-,08,22107,,N,C,E,A,B,H,-,C,D,0,,,,Y,Y,Y,A,07,0,0,0,0,0,0,0,0,0,"- ","- ",,,TULARE,FARMERSVILLE,-119.21597290039062,36.297828674316406
8911162,2020,2020-06-09,5405,2020-05-05,1855,186,,2,5,4,5405,0,0,0,,0,004,"OLIVE AV","WESTWOOD ST",0.00,,Y,A,-,N,,,,,,,,,,N,1,1,0,2,A,-,12,21453,A,F,D,G,A,A,H,-,B,A,0,,Y,,,Y,Y,L,04,0,0,0,0,0,1,0,0,0,"- ","- ",,,TULARE,PORTERVILLE,-119.07086944580078,36.065799713134766
8911372,2020,2020-08-06,5407,2020-01-27,1744,A285,480,1,5,5,5407,0,0,0,,0,026,"E HOUSTON","N GARDEN",57.00,W,N,A,-,N,,,,,,,,,,N,1,1,0,2,A,-,11,21954,A,N,G,B,D,A,H,-,C,A,0,Y,,,,Y,Y,N,60,0,0,0,1,0,0,0,0,0,"- ","- ",,,TULARE,VISALIA,-119.29039001464844,36.3419189453125
8911558,2020,2020-09-16,5407,2020-07-14,1821,M66,480,2,5,5,5407,0,0,0,,0,,"SANTA FE ST","K RD",18.00,N,N,A,-,N,,,,,,,,,,Y,1,1,0,2,A,-,01,23152,A,N,C,G,A,A,H,-,A,D,0,,Y,,,Y,Y,A,07,0,0,0,0,0,1,0,0,0,"- ","- ",36.306751251220703,-119.28730773925781,TULARE,VISALIA,-119.28733062744141,36.307888031005859
8911774,2020,2020-11-06,5407,2020-09-05,1143,C51,480,6,5,5,5407,0,0,0,,0,N25,"N DEMAREE ST","W HILLSDALE AV",0.00,,Y,A,-,N,,,,,,,,,,Y,1,1,0,2,A,-,09,21803,A,N,D,C,A,A,H,-,A,A,0,,,,,Y,,A,01,0,0,0,0,0,0,0,0,0,"- ","- ",36.329231262207031,-119.33180999755859,TULARE,VISALIA,-119.331787109375,36.329250335693359
8911880,2020,2020-12-04,5405,2020-11-14,1838,272,"SEC 3",6,5,4,5405,0,0,0,,0,003,"MAIN ST","DATE AV",9.00,N,N,D,-,N,,,,,,,,,,Y,1,1,1,2,A,-,01,23152,A,N,C,C,A,H,H,-,A,D,0,,,,,Y,Y,B,01,0,1,0,0,0,0,0,0,0,"- ","- ",36.058609008789062,-119.01657867431641,TULARE,PORTERVILLE,-119.01658630371094,36.058624267578125
8913438,2019,2020-01-03,5407,2019-07-03,1110,M33,480,3,5,5,5407,0,0,0,,0,,"RT 63","MINERAL KING",270.00,N,N,A,-,Y,TUL,6,63,-,L,9.928,H,-,N,Y,2,0,1,1,A,-,05,21650,,N,E,I,A,A,H,-,A,D,0,,,,,Y,,A,01,1,0,0,0,0,0,0,0,0,"- ","- ",36.329238891601562,-119.29231262207031,TULARE,VISALIA,-119.29239654541016,36.336177825927734
8926677,2019,2019-08-26,5406,2019-07-14,0521,31,,7,5,4,5406,0,0,0,,0,0WS,"I DR",PAIGE,785.00,N,N,A,-,N,,,,,,,,,,Y,2,0,1,1,A,-,01,23152,B,N,E,I,A,A,H,-,D,D,0,,,,,Y,Y,A,01,1,0,0,0,0,0,0,0,0,"- ","- ",,,TULARE,TULARE,-119.34328460693359,36.184188842773438
8927400,2019,2019-08-30,5405,2019-08-16,2045,210,,5,5,4,5405,0,0,0,,0,003,"PLANO ST","CHASE AV",107.00,N,N,A,-,N,,,,,,,,,,N,2,0,1,3,A,-,03,22350,,F,G,B,F,A,H,-,C,D,0,Y,,,,Y,,-,,1,0,0,0,1,0,0,0,0,"- ","- ",,,TULARE,PORTERVILLE,-119.00812530517578,36.054073333740234
8939076,2019,2019-10-17,5401,2019-07-20,0610,2116,5401,6,5,3,5401,0,0,0,,0,002,"EL MONTE WY","N PALM DR",0.00,,Y,A,-,N,,,,,,,,,,Y,1,1,0,2,A,-,10,21950,A,N,G,B,B,A,H,-,B,D,0,Y,,,,Y,Y,D,22,0,0,0,1,0,0,0,0,0,"- ","- ",,,TULARE,DINUBA,-119.37940216064453,36.545490264892578
8939136,2019,2019-11-07,5407,2019-08-14,2114,M226,480,3,5,5,5407,0,0,0,,0,033,"S GIDDINGS ST","W VASSAR AV",77.00,N,N,A,-,N,,,,,,,,,,Y,1,1,0,2,A,-,01,23153,F,N,G,B,D,A,H,-,C,A,0,Y,,,,Y,,D,22,0,0,0,1,0,0,0,0,0,"- ","- ",36.314720153808594,-119.30535888671875,TULARE,VISALIA,-119.30535888671875,36.314041137695312
8939375,2019,2019-11-13,5406,2019-10-18,2009,41,3A,5,5,4,5406,0,0,0,,0,0DT,J,KERN,65.00,N,N,A,-,N,,,,,,,,,,N,1,1,0,2,A,-,11,21954,A,F,G,B,D,A,H,-,C,D,0,Y,,,,Y,,N,60,0,0,0,1,0,0,0,0,0,"- ","- ",,,TULARE,TULARE,-119.3472900390625,36.206676483154297
8939454,2019,2021-06-02,5407,2019-07-23,1341,M282,480,2,5,5,5407,0,0,0,,0,012,AKERS,CALDWELL,764.00,N,N,B,-,N,,,,,,,,,,Y,1,1,1,1,A,-,05,21650,,N,E,I,A,A,H,-,A,A,0,,,,,Y,Y,-,,0,1,0,0,0,0,0,0,0,"- ","- ",36.298221588134766,-119.34940338134766,TULARE,VISALIA,-119.34941101074219,36.298229217529297
8939493,2019,2020-01-16,5407,2019-09-11,1250,M226,480,3,5,5,5407,0,0,0,,0,025,"N COURT ST","E HOUSTON AV",0.00,,Y,A,-,N,,,,,,,,,,Y,1,1,3,2,A,-,12,21453,A,N,D,C,A,A,H,-,A,A,0,,,,,Y,,D,22,1,2,0,0,0,0,0,0,0,"- ","- ",36.341949462890625,-119.29242706298828,TULARE,VISALIA,-119.29242706298828,36.3419189453125
8939494,2019,2020-01-16,5407,2019-09-11,1336,M33,480,3,5,5,5407,0,0,0,,0,,COURT,SUNNYVIEW,321.00,N,N,A,-,N,,,,,,,,,,Y,1,1,0,2,A,-,09,21804,A,F,D,G,A,A,D,-,A,A,0,,Y,,,Y,Y,L,04,0,0,0,0,0,1,0,0,0,"- ","- ",36.350460052490234,-119.2926025390625,TULARE,VISALIA,-119.29254150390625,36.352161407470703
8939502,2019,2020-01-16,5406,2019-12-08,1705,84,3A,7,5,4,5406,0,0,0,,0,0AO,"E BARDSLEY AV","S P ST",141.00,E,N,B,-,N,,,,,,,,,,Y,1,1,0,2,A,-,11,21954,A,N,G,B,D,B,H,-,C,D,0,Y,,,,Y,,N,60,0,0,0,1,0,0,0,0,0,"- ","- ",,,TULARE,TULARE,-119.33798217773438,36.196617126464844
8949622,2019,2020-01-30,5406,2019-08-28,2023,41,4A,3,5,4,5406,0,0,0,,0,0ES,CARTMILL,AKERS,482.00,W,N,A,-,N,,,,,,,,,,Y,1,1,0,1,A,-,03,22350,,N,E,I,A,A,G,-,C,A,0,,,Y,,Y,,C,02,0,0,0,0,0,0,0,1,0,"- ","- ",,,TULARE,TULARE,-119.34188079833984,36.240283966064453
8950038,2019,2019-10-08,5407,2019-08-23,1210,M186,480,5,5,5,5407,0,0,0,,0,,"S WEST ST",DOROTHEA,111.00,N,N,A,-,N,,,,,,,,,,Y,2,0,1,2,A,-,01,23152,B,N,B,C,A,A,H,-,A,A,0,,,,,Y,Y,A,01,1,0,0,0,0,0,0,0,0,"- ","- ",36.303230285644531,-119.29625701904297,TULARE,VISALIA,-119.29615783691406,36.302833557128906
8967850,2019,2019-12-16,5405,2019-10-18,1309,238,5405,5,5,4,5405,0,0,0,,0,001,"HENDERSON AV","BRANDY WY",0.00,,Y,A,-,N,,,,,,,,,,N,2,0,1,2,A,-,06,21751,,N,D,C,A,A,H,-,A,D,0,,,Y,,Y,,C,02,1,0,0,0,0,0,0,0,1,"- ","- ",,,TULARE,PORTERVILLE,-119.07338714599609,36.080348968505859
8968368,2019,2019-11-14,5407,2019-09-13,1821,A306,480,5,5,5,5407,0,0,0,,0,033,"S LOVERS LN","WALNUT AV",1000.00,N,N,A,-,N,,,,,,,,,,Y,2,0,1,1,A,-,01,23152,A,N,E,I,A,A,H,-,A,A,0,,,,,Y,Y,A,01,1,0,0,0,0,0,0,0,0,"- ","- ",,,TULARE,VISALIA,-119.26068115234375,36.315452575683594
8968531,2019,2019-11-13,5405,2019-10-21,1928,254,,1,5,4,5405,0,0,0,,0,001,"PROSPECT ST","PIONEER AV",258.00,N,N,A,-,N,,,,,,,,,,N,2,0,1,2,A,-,11,21954,A,N,G,B,D,A,H,-,D,D,0,Y,,,,Y,,N,60,1,0,0,0,1,0,0,0,0,"- ","- ",,,TULARE,PORTERVILLE,-119.04425048828125,36.091846466064453
8969056,2019,2019-11-12,5407,2019-10-10,0910,A331,480,4,5,5,5407,0,0,0,,0,025,"NOBLE AV","CONYER ST",0.00,,Y,A,-,N,,,,,,,,,,N,2,0,1,2,A,-,10,21950,A,N,G,B,B,A,H,-,A,A,0,Y,,,,Y,,A,01,1,0,0,0,1,0,0,0,0,"- ","- ",36.326419830322266,-119.29225921630859,TULARE,VISALIA,-119.30106353759766,36.326461791992188
8969678,2019,2020-01-14,5406,2019-10-07,1522,84,2A,1,5,4,5406,0,0,0,,0,0AO,"W PLEASANT AV","N G",0.00,,Y,A,-,N,,,,,,,,,,Y,2,0,1,2,A,-,09,21802,A,N,D,C,A,A,H,-,A,D,0,,,Y,,Y,,A,01,1,0,0,0,0,0,0,0,1,"- ","- ",,,TULARE,TULARE,-119.35442352294922,36.218288421630859
8982686,2019,2019-12-03,5406,2019-10-13,1458,64,,7,5,4,5406,0,0,0,,0,0WS,"W PROSPERITY","EDISON POLE #4295764E",69.00,W,N,A,-,N,,,,,,,,,,Y,2,0,1,2,A,-,09,21801,A,N,D,C,A,A,H,-,A,D,0,,,Y,,Y,Y,D,22,1,0,0,0,0,0,0,0,1,"- ","- ",,,TULARE,TULARE,,
8984416,2019,2020-09-16,5402,2019-05-29,1205,807,,3,5,2,5402,0,0,0,,0,12E,"RT 65",SEQUOIA,0.00,,Y,A,-,Y,TUL,6,65,-,-,37.950,I,5,S,N,2,0,2,3,A,-,10,21950,A,N,G,B,B,A,H,-,A,A,0,Y,,,,Y,,A,07,1,0,1,0,2,0,0,0,0,"- ","- ",,,TULARE,EXETER,-119.13580322265625,36.302478790283203
8990042,2019,2019-12-11,5402,2019-05-04,1812,809,VISAL,6,5,2,5402,0,0,0,,0,12E,"N F ST","WILLOW AV",158.00,N,N,A,-,N,,,,,,,,,,Y,2,0,1,2,A,-,01,23152,A,N,C,E,A,A,H,-,A,A,0,,,,,Y,Y,-,,1,0,0,0,0,0,0,0,0,"- ","- ",,,TULARE,EXETER,-119.14429473876953,36.299919128417969
90014810,2015,2016-02-16,9480,2015-08-18,2050,016145,,2,2,9,5400,0,1,3,,2,091,"S/B SR-99","BETTY DR.",528.00,S,N,A,-,Y,,,,,,,,,,N,1,1,0,3,A,-,11,21954,A,N,G,B,D,A,D,-,C,D,0,Y,,,,Y,Y,N,60,0,0,0,1,0,0,0,0,0,"- ","- ",36.348520000000001,-119.42088,TULARE,UNINCORPORATED,,
90017170,2015,2015-10-19,9480,2015-08-30,0116,019828,,7,3,9,5400,0,1,3,,2,095,"SR-99 S/B","AVENUE 80",2112.00,S,N,B,-,Y,,,99,,,,,,S,Y,2,0,1,2,A,-,03,22350,,N,C,C,A,A,C,-,D,D,0,,,,,Y,Y,A,01,1,0,0,0,0,0,0,0,0,"- ","- ",35.929430000000004,-119.2826,TULARE,UNINCORPORATED,-119.28257494,35.929437329999999
90017701,2015,2015-10-19,9481,2015-09-08,1545,015218,,2,2,9,5400,0,1,3,,1,032,"SR-190 (E/B)","WESTWOOD STREET",2112.00,W,N,A,-,Y,,,190,,,,,,,Y,2,0,4,1,A,-,08,22107,,N,F,A,A,A,H,-,A,D,0,,,,,Y,,A,07,1,1,2,0,0,0,0,0,0,"- ","- ",36.05133,-119.07818,TULARE,UNINCORPORATED,-119.07817993,36.051242240000001
90019285,2015,2015-10-19,9480,2015-08-29,1313,016723,,6,1,9,5400,0,1,3,,1,040,"STATE ROUTE 216","ROAD 228",4752.00,E,N,A,-,Y,,,216,,,,,,,Y,2,0,1,1,A,-,05,21650,,N,E,I,A,A,H,-,A,D,0,,,Y,,Y,,C,02,1,0,0,0,0,0,0,0,1,"- ","- ",36.405819999999999,-119.0491,TULARE,UNINCORPORATED,-119.04907157,36.405916150000003
90024523,2015,2015-10-19,9481,2015-09-28,1340,015218,,1,1,9,5400,0,1,3,,1,032,SR-190,"ROAD 152",0.00,,Y,A,-,Y,,,190,,,,,,,Y,2,0,2,2,A,-,09,21802,A,N,D,C,A,A,H,-,A,A,0,,,,,Y,,D,22,1,0,1,0,0,0,0,0,0,"- ","- ",36.051090000000002,-119.2323,TULARE,UNINCORPORATED,-119.2323,36.051337009999997
90028443,2015,2015-10-19,9480,2015-10-03,0639,018563,,6,1,5,5407,0,1,3,,1,064,"STATE ROUTE 198 WESTBOUND","BURKE STREET OVERCROSSING",10.00,W,N,A,-,Y,,,198,,,,,,W,Y,2,0,1,1,A,-,03,22350,,N,E,I,A,A,H,-,B,D,0,,,,,Y,,A,01,1,0,0,0,0,0,0,0,0,"- ","- ",36.32696,-119.28331,TULARE,VISALIA,-119.28330990000001,36.326914889999998
90028625,2015,2015-10-19,9481,2015-09-09,1445,018595,,3,2,9,5400,0,3,5,,2,030,"ROAD 192","AVENUE 88",1056.00,N,N,A,-,N,,,,,,,,,,Y,1,2,1,2,A,-,08,22107,,N,A,C,A,A,H,-,A,D,0,,,,Y,Y,,A,01,0,0,1,0,0,0,0,0,0,"- ","- ",35.952330000000003,-119.14375,TULARE,UNINCORPORATED,-119.1437268,35.952806129999999
90044493,2015,2015-11-04,9830,2015-09-13,1440,017834,,7,2,9,5400,0,3,5,,2,007,"KENNEDY MEADOWS ROAD (MTN 152)","PINE CREEK ROAD",17424.00,E,N,A,-,N,,,,,,,,,,Y,1,1,0,1,A,-,17,21662,A,N,F,A,A,A,H,-,A,D,0,,,,,Y,,D,22,0,0,0,0,0,0,0,0,0,"- ","- ",35.555480000000003,-118.02936,TULARE,UNINCORPORATED,,
90047723,2015,2015-11-10,9480,2015-08-30,0500,018563,,7,3,9,5400,0,3,5,,2,006,"AVENUE 280","ROAD 156",1320.00,E,N,A,-,N,,,,,,,,,,Y,1,1,0,1,A,-,08,22107,,N,E,I,A,A,H,-,D,D,0,,,,,Y,,A,01,0,0,0,0,0,0,0,0,0,"- ","- ",36.297829999999998,-119.22109,TULARE,UNINCORPORATED,-119.22109008,36.297854860000001
90049973,2015,2015-11-12,9480,2015-10-22,1208,016723,,4,1,9,5400,0,1,3,,1,064,"STATE ROUTE 198 (WESTBOUND)","BRIDGE STREET",260.00,W,N,A,-,Y,,,,,,,,,,Y,2,0,2,4,A,-,03,22350,,N,C,C,A,A,D,-,A,D,0,,,,Y,Y,,F,26,1,1,0,0,0,0,0,0,0,"- ","- ",36.806339999999999,-119.25039,TULARE,UNINCORPORATED,-119.28982173,36.32699289
90050686,2015,2015-11-13,9480,2015-10-24,0337,018521,,6,3,9,5400,0,1,3,,1,065,SR-65,"MEYER AVE",330.00,N,N,A,-,Y,,,65,,,,,,,Y,2,0,1,2,A,-,03,22350,,N,C,C,A,A,D,-,D,D,0,,,,,Y,,A,08,1,0,0,0,0,0,0,0,0,"- ","- ",36.276249999999997,-119.13623,TULARE,UNINCORPORATED,-119.13621826000001,36.276249880000002
9005113,2019,2020-01-09,5407,2019-11-05,1309,M226,480,2,5,5,5407,0,0,0,,0,026,"N MCAULIFF ST","E MURRAY AV",18.00,N,N,A,-,N,,,,,,,,,,Y,2,0,6,2,A,-,08,22107,,N,A,C,A,A,H,-,A,A,0,,,,,Y,,A,01,1,1,4,0,0,0,0,0,0,"- ","- ",36.334201812744141,-119.24945831298828,TULARE,VISALIA,-119.24951171875,36.334232330322266
90058815,2015,2015-11-24,9480,2015-11-19,1855,018563,,4,2,9,5400,0,3,5,,2,002,"AVENUE 384","ROAD 120",396.00,E,N,A,-,N,,,,,,,,,,Y,2,0,2,2,A,-,03,22350,,N,C,C,A,A,H,-,D,D,0,,,,Y,Y,,A,01,2,0,0,0,0,0,0,0,0,"- ","- ",36.486910000000002,-119.30255,TULARE,UNINCORPORATED,-119.3030844,36.486884860000004
90079047,2015,2015-12-21,9480,2015-10-14,0650,012251,,3,1,9,5400,0,3,5,,2,006,"AVENUE 240 EB","ROAD 126",4291.00,E,N,B,-,N,,,,,,,,,,Y,1,1,1,2,A,-,08,22107,,N,D,C,A,A,H,-,A,D,0,,,,Y,Y,,A,01,1,0,0,0,0,0,0,0,0,"- ","- ",36.225850000000001,-119.27731,TULARE,UNINCORPORATED,-119.27714748,36.225931629999998
90081577,2015,2015-12-23,9480,2015-08-28,2245,018148,,5,3,9,5400,0,3,5,,2,002,"AVENUE 424","ROAD 114",1584.00,W,N,A,-,N,,,,,,,,,,Y,1,1,1,1,A,-,08,22107,,F,F,A,A,A,H,-,D,D,0,,,,,Y,,A,07,0,1,0,0,0,0,0,0,0,"- ","- ",36.559530000000002,-119.32182,TULARE,UNINCORPORATED,-119.32365679999999,36.559526959999999
90085740,2015,2015-12-30,9480,2015-12-17,1622,019647,,4,2,9,5400,0,3,5,,2,005,"AVENUE 56","ROAD 85",2112.00,W,N,A,-,N,,,,,,,,,,Y,2,0,1,1,A,-,08,22107,,N,E,I,A,A,H,-,B,D,0,,,,,Y,,A,01,1,0,0,0,0,0,0,0,0,"- ","- ",35.891500000000001,-119.38760000000001,TULARE,UNINCORPORATED,-119.38897261,35.891533070000001
90091429,2015,2016-01-08,9481,2015-11-12,0600,018707,,4,1,9,5400,0,2,4,,1,035,"RICHGROVE DRIVE","AVENUE 56",8976.00,S,N,A,-,N,,,,,,,,,,Y,1,1,2,2,A,-,05,21460,A,N,A,C,A,A,H,-,B,D,0,,,,,Y,,A,01,1,1,0,0,0,0,0,0,0,"- ","- ",35.866669999999999,-119.05410000000001,TULARE,UNINCORPORATED,-119.0538438,35.867103120000003
90095820,2015,2016-01-14,9480,2015-10-17,2350,018809,,6,3,9,5400,0,1,3,,1,044,"STATE ROUTE-198 E/B","HORSE CREEK ROAD",7920.00,W,N,A,-,Y,,,198,,,,,,E,Y,1,1,0,1,A,-,01,23152,F,N,E,I,A,A,H,-,D,D,0,,,,,Y,Y,A,01,0,0,0,0,0,0,0,0,0,"- ","- ",36.397320000000001,-118.97016000000001,TULARE,UNINCORPORATED,-118.97013286000001,36.397355140000002
90100222,2015,2016-01-21,9480,2015-10-31,0245,019828,,6,3,9,5400,0,1,3,,1,010,SR-201,"ROAD 28",528.00,E,N,A,-,Y,,,201,,,,,,,Y,1,3,1,2,A,-,01,23152,E,N,A,C,A,A,H,-,D,D,0,,,,,Y,Y,D,22,0,0,1,0,0,0,0,0,0,"- ","- ",36.517969999999998,-119.50997,TULARE,UNINCORPORATED,-119.50996892000001,36.517916049999997