CASE_ID,ACCIDENT_YEAR,PROC_DATE,JURIS,COLLISION_DATE,COLLISION_TIME,OFFICER_ID,REPORTING_DISTRICT,DAY_OF_WEEK,CHP_SHIFT,POPULATION,CNTY_CITY_LOC,SPECIAL_COND,BEAT_TYPE,CHP_BEAT_TYPE,CITY_DIVISION_LAPD,CHP_BEAT_CLASS,BEAT_NUMBER,PRIMARY_RD,SECONDARY_RD,DISTANCE,DIRECTION,INTERSECTION,WEATHER_1,WEATHER_2,STATE_HWY_IND,CALTRANS_COUNTY,CALTRANS_DISTRICT,STATE_ROUTE,ROUTE_SUFFIX,POSTMILE_PREFIX,POSTMILE,LOCATION_TYPE,RAMP_INTERSECTION,SIDE_OF_HWY,TOW_AWAY,COLLISION_SEVERITY,NUMBER_KILLED,NUMBER_INJURED,PARTY_COUNT,PRIMARY_COLL_FACTOR,PCF_CODE_OF_VIOL,PCF_VIOL_CATEGORY,PCF_VIOLATION,PCF_VIOL_SUBSECTION,HIT_AND_RUN,TYPE_OF_COLLISION,MVIW,PED_ACTION,ROAD_SURFACE,ROAD_COND_1,ROAD_COND_2,LIGHTING,CONTROL_DEVICE,CHP_ROAD_TYPE,PEDESTRIAN_ACCIDENT,BICYCLE_ACCIDENT,MOTORCYCLE_ACCIDENT,TRUCK_ACCIDENT,NOT_PRIVATE_PROPERTY,ALCOHOL_INVOLVED,STWD_VEHTYPE_AT_FAULT,CHP_VEHTYPE_AT_FAULT,COUNT_SEVERE_INJ,COUNT_VISIBLE_INJ,COUNT_COMPLAINT_PAIN,COUNT_PED_KILLED,COUNT_PED_INJURED,COUNT_BICYCLIST_KILLED,COUNT_BICYCLIST_INJURED,COUNT_MC_KILLED,COUNT_MC_INJURED,PRIMARY_RAMP,SECONDARY_RAMP,LATITUDE,LONGITUDE,COUNTY,CITY,POINT_X,POINT_Y
90104880,2016,2016-01-28,9480,2016-01-22,1744,018563,,5,2,9,5400,0,1,3,,1,044,"STATE ROUTE 198","HIGH SIERRA DRIVE",10.00,E,N,A,-,Y,,,198,,,,,,,Y,2,0,5,3,A,-,03,22350,,N,C,C,A,A,H,-,C,D,0,,,,,Y,,A,07,2,0,3,0,0,0,0,0,0,"- ","- ",36.325560000000003,-119.09104000000001,TULARE,UNINCORPORATED,-119.09104044999999,36.325529529999997
90111740,2015,2016-02-09,9480,2015-12-13,0508,016210,,7,3,9,5400,0,1,3,,1,060,SR-137,"ROAD 132",990.00,W,N,A,-,Y,,,137,,,,,,,Y,2,0,1,1,A,-,01,23152,A,F,E,I,A,A,H,-,D,D,0,,,,,Y,Y,A,01,1,0,0,0,0,0,0,0,0,"- ","- ",36.210880000000003,-119.28182,TULARE,UNINCORPORATED,-119.28181999,36.210921720000002
90113070,2016,2016-02-10,9480,2016-01-26,0745,013821,,2,1,9,5400,0,1,3,,1,044,SR-198,"EATON ROAD",107.00,W,N,A,-,Y,,,198,,,,,,,Y,2,0,4,2,A,-,05,21460,A,N,A,C,A,A,H,-,A,D,0,,,,,Y,,A,01,1,3,0,0,0,0,0,0,0,"- ","- ",36.325530000000001,-119.08459999999999,TULARE,UNINCORPORATED,-119.08460132,36.325445019999997
90115887,2015,2016-02-16,9480,2015-11-23,1010,012251,,1,1,9,5400,0,3,5,,2,006,"YOKOHL VALLEY DRIVE","ROAD 228",16368.00,E,N,A,-,N,,,,,,,,,,Y,1,1,2,2,A,-,05,21460,A,N,A,C,A,A,H,-,A,D,0,,,Y,,Y,,C,02,0,1,1,0,0,0,0,1,0,"- ","- ",36.268749999999997,-119.01769,TULARE,UNINCORPORATED,-119.01769012,36.268763389999997
90115921,2016,2016-02-16,9480,2016-01-05,0120,019186,,2,3,9,5400,0,1,3,,1,060,SR-137,"SR-65 (ROAD 196)",1584.00,W,N,B,-,Y,,,137,,,,,,,Y,1,1,0,1,A,-,08,22107,,N,E,I,A,A,H,-,D,D,0,,,,,Y,,A,01,0,0,0,0,0,0,0,0,0,"- ","- ",36.210729999999998,-119.14212999999999,TULARE,UNINCORPORATED,-119.14213035,36.210780030000002
90119704,2016,2016-02-22,9481,2016-02-12,1840,018830,,5,2,9,5400,0,3,5,,2,030,"AVENUE 8","ROAD 156",1056.00,E,N,A,-,N,,,,,,,,,,Y,2,0,1,1,A,-,08,22107,,N,E,I,A,A,H,-,D,D,0,,,,,Y,,D,22,1,0,0,0,0,0,0,0,0,"- ","- ",35.804960000000001,-119.22038000000001,TULARE,UNINCORPORATED,-119.21997263999999,35.804982070000001
90119817,2016,2016-02-22,9480,2016-02-06,2050,018563,,6,2,9,5400,0,3,5,,2,006,"SPACER DRIVE","ROAD 124",78.00,E,N,A,-,N,,,,,,,,,,Y,2,0,3,2,A,-,05,21650,,N,A,C,A,A,H,-,D,D,0,,,,,Y,,A,01,1,0,2,0,0,0,0,0,0,"- ","- ",36.1614,-119.29541,TULARE,UNINCORPORATED,-119.29538839999999,36.16154667
90126651,2016,2016-03-01,9480,2016-02-25,0754,015282,,4,1,9,5400,0,3,5,,2,002,"AVENUE 384","ROAD 84",0.00,,Y,A,-,N,,,,,,,,,,Y,2,0,1,2,A,-,09,21801,A,N,A,C,A,A,H,-,A,D,0,,,,,Y,,A,01,1,0,0,0,0,0,0,0,0,"- ","- ",36.4878,-119.38573,TULARE,UNINCORPORATED,-119.38570986000001,36.487780059999999
90128676,2016,2016-03-03,9480,2016-01-30,0011,018563,,6,3,9,5400,0,3,5,,2,001,"ROAD 28","AVENUE 384",0.00,,Y,A,-,N,,,,,,,,,,Y,2,0,1,1,A,-,12,22450,A,F,E,I,A,A,H,-,D,A,0,,,,,Y,,D,22,1,0,0,0,0,0,0,0,0,"- ","- ",36.48874,-119.51194,TULARE,UNINCORPORATED,-119.51188989000001,36.48882004
90130262,2016,2016-03-07,9480,2016-02-12,1847,019048,,5,2,9,5400,0,3,5,,2,001,"ROAD 56","AVENUE 432",129.00,S,N,A,-,N,,,,,,,,,,Y,2,0,3,2,A,-,01,23152,A,N,C,C,A,A,H,-,D,D,0,,,,Y,Y,,A,01,1,2,0,0,0,0,0,0,0,"- ","- ",36.575090000000003,-119.44873,TULARE,UNINCORPORATED,-119.44881802,36.574945980000003
90132065,2016,2016-03-08,9480,2016-03-02,2233,017452,,3,3,9,5400,0,1,3,,2,095,"SR-99 N/B","AVENUE 48",2640.00,S,N,A,-,Y,,,99,,,,,,N,Y,2,0,1,1,A,-,01,23152,A,N,F,A,A,A,H,-,D,D,0,,,,,Y,Y,A,08,1,0,0,0,0,0,0,0,0,"- ","- ",35.870930000000001,-119.27056,TULARE,UNINCORPORATED,-119.27063262999999,35.870930629999997
90141140,2016,2016-03-22,9480,2016-03-20,2048,017452,,7,2,9,5400,0,3,5,,2,003,"AVENUE 184","ROAD 64",0.00,,Y,A,-,N,,,,,,,,,,Y,2,0,4,2,A,-,01,23152,A,N,D,C,A,A,H,-,D,A,0,,,,,Y,Y,A,01,2,1,1,0,0,0,0,0,0,"- ","- ",36.123730000000002,-119.42870000000001,TULARE,UNINCORPORATED,-119.42898996,36.123620010000003
90149037,2016,2016-04-01,9480,2016-03-05,1800,019828,,6,2,9,5400,0,1,3,,2,093,"SR-99 N/B","AVENUE 152",528.00,N,N,C,-,Y,,,99,,,,,,N,Y,2,0,1,3,A,-,05,21651,B,N,A,C,A,B,H,-,D,D,0,,,,,Y,,A,01,1,0,0,0,0,0,0,0,0,"- ","- ",36.066079999999999,-119.31417999999999,TULARE,UNINCORPORATED,-119.3141878,36.066076440000003
90154410,2015,2016-04-11,9480,2015-12-25,0110,018563,,5,3,9,5400,0,3,5,,2,001,"ROAD 56","LAWRENCE AVENUE",454.00,N,N,B,E,N,,,,,,,,,,Y,1,1,0,2,A,-,11,21956,A,N,G,B,E,B,H,-,D,D,0,Y,,,,Y,,N,60,0,0,0,1,0,0,0,0,0,"- ","- ",36.514189999999999,-119.44873,TULARE,UNINCORPORATED,-119.44869276999999,36.514115959999998
90159390,2016,2016-04-18,9480,2016-01-28,0920,013656,,4,1,9,5400,0,3,5,,2,003,"AVENUE 216","ROAD 44",0.00,,Y,E,-,N,,,,,,,,,,Y,1,1,3,2,A,-,09,21801,A,N,D,C,A,A,H,-,A,D,0,,,,Y,Y,,A,01,1,0,2,0,0,0,0,0,0,"- ","- ",36.181049999999999,-119.47542,TULARE,UNINCORPORATED,-119.47539990999999,36.181090079999997
9016829,2020,2020-02-24,5407,2020-01-23,0742,M66,480,4,5,5,5407,0,0,0,,0,,"WHITENDALE AV",UNIVERSITY,3.00,W,N,E,-,N,,,,,,,,,,N,2,0,2,2,A,-,05,21650,1,N,A,G,A,A,H,-,A,A,0,,Y,,,Y,,L,04,1,0,1,0,0,0,2,0,0,"- ","- ",36.305538177490234,-119.33158111572266,TULARE,VISALIA,-119.32713317871094,36.305599212646484
90173082,2016,2016-05-04,9480,2016-03-26,2208,019427,,6,3,9,5400,0,3,5,,2,006,"AVENUE 200","SPACER DR",0.00,,Y,A,-,N,,,,,,,,,,Y,1,2,3,2,A,-,01,23152,A,N,D,C,A,A,H,-,C,A,0,,,,,Y,Y,A,07,1,2,0,0,0,0,0,0,0,"- ","- ",36.152799999999999,-119.2863,TULARE,UNINCORPORATED,-119.28629999,36.15279005
90174011,2016,2016-05-05,9480,2016-04-16,1403,016723,,6,2,9,5400,0,1,3,,2,091,"STATE ROUTE 99 (SOUTHBOUND)","AVENUE 328",10032.00,N,N,A,-,Y,,,99,,,,,,,Y,2,0,1,1,A,-,08,22107,,N,E,I,A,A,H,-,A,D,0,,,,,Y,,D,22,1,0,0,0,0,0,0,0,0,"- ","- ",36.406440000000003,-119.4579,TULARE,UNINCORPORATED,-119.45799694,36.40637418
90174477,2016,2016-05-06,9481,2016-05-01,0330,019104,,7,3,9,5400,0,3,5,,2,020,"HONOLULU STREET","ROAD 228",211.00,E,N,A,-,N,,,,,,,,,,Y,2,0,1,1,A,-,08,22107,,N,E,I,A,A,H,-,D,D,0,,,,,Y,,A,01,1,0,0,0,0,0,0,0,0,"- ","- ",36.203589999999998,-119.05837,TULARE,UNINCORPORATED,-119.05837119,36.203535789999997
90175085,2016,2016-05-09,9480,2016-04-23,1110,018148,,6,1,9,5400,0,1,3,,1,064,"SR-198 E/B","ROAD 204",18.00,W,N,A,-,Y,,,198,,,,,,E,N,2,0,2,2,A,-,03,22350,,N,C,C,A,A,H,-,A,A,0,,,Y,,Y,,C,02,2,0,0,0,0,0,0,0,2,"- ","- ",36.325719999999997,-119.11703,TULARE,UNINCORPORATED,-119.11703027,36.325712840000001
90181036,2016,2016-05-17,9481,2016-03-29,0857,015218,,2,1,9,5400,0,1,3,,1,053,"STATE ROUTE 190 (EASTBOUND)","S. MAIN STREET",1016.00,W,N,A,-,Y,,,,,,,,,,Y,1,1,1,2,A,-,08,22107,,N,E,I,A,A,H,-,A,D,0,,,,,Y,,A,01,0,0,1,0,0,0,0,0,0,"- ","- ",36.050980000000003,-119.01699000000001,TULARE,UNINCORPORATED,-119.02027973,36.051139020000001
9018875,2020,2020-08-06,5405,2020-01-10,2249,259,,5,5,4,5405,0,0,0,,0,003,"MAIN ST","GIBBONS AV",0.00,,Y,A,-,N,,,,,,,,,,Y,1,1,3,2,A,-,01,23153,A,N,D,C,A,A,H,-,D,A,0,,,,,Y,Y,-,,0,3,0,0,0,0,0,0,0,"- ","- ",,,TULARE,PORTERVILLE,-119.01757000000001,36.040379999999999
90189982,2016,2016-05-31,9481,2016-05-14,1020,018595,,6,1,9,5400,0,1,3,,1,054,"STATE ROUTE 190","WISHON DRIVE",0.00,,Y,A,-,Y,,,190,,,,,,,Y,2,0,1,2,A,-,09,21801,A,N,D,C,A,A,H,-,A,D,0,,,Y,,Y,,A,01,1,0,0,0,0,0,0,0,1,"- ","- ",36.16225,-118.70959000000001,TULARE,UNINCORPORATED,-118.70959000000001,36.162254050000001
90191007,2016,2016-05-31,9480,2016-03-01,2114,017291,,2,2,9,5400,0,1,3,,2,093,"STATE ROUTE 99 (NORTHBOUND)","AVENUE 264",6336.00,N,N,A,-,Y,,,,,,,,,,Y,1,1,0,2,A,-,01,23152,F,F,C,C,A,A,H,-,D,D,0,,,Y,,Y,Y,C,02,0,0,0,0,0,0,0,1,0,"- ","- ",36.252090000000003,-119.37427,TULARE,UNINCORPORATED,,
90191034,2016,2016-05-31,9480,2016-04-26,1730,017291,,2,2,9,5400,0,3,5,,2,001,"AVENUE 416","ROAD 52",91.00,E,N,A,-,N,,,,,,,,,,Y,2,0,2,2,A,-,05,21650,,N,A,C,A,A,H,-,A,D,0,,,,Y,Y,,A,01,1,0,1,0,0,0,0,0,0,"- ","- ",36.546390000000002,-119.45417,TULARE,UNINCORPORATED,-119.45734799,36.546584959999997
90194590,2016,2017-08-14,9480,2016-06-01,0415,018657,,3,3,9,5400,0,3,5,,2,006,"ROAD 216","AVENUE 254",75.00,S,N,A,-,N,,,,,,,,,,N,1,1,0,2,A,-,11,21954,A,N,G,B,D,A,H,-,D,D,0,Y,,,,Y,,N,60,0,0,0,1,0,0,0,0,0,"- ","- ",36.249569999999999,-119.09121,TULARE,UNINCORPORATED,-119.00552,36.181730000000002
90196467,2016,2016-06-08,9480,2016-05-20,0018,019048,,5,3,9,5400,0,1,3,,1,021,"STATE ROUTE 63","AVENUE 352",2112.00,N,N,A,-,Y,,,63,,,,,,,Y,1,1,0,1,A,-,08,22107,,N,E,I,A,A,H,-,D,D,0,,,,,Y,,A,01,0,0,0,0,0,0,0,0,0,"- ","- ",36.433570000000003,-119.29542000000001,TULARE,UNINCORPORATED,-119.29579864999999,36.43357658
90202636,2016,2016-06-15,9480,2016-04-17,1835,018657,,7,2,9,5400,0,1,3,,1,021,"STATE ROUTE 63","IRA AVENUE",0.00,,Y,A,-,Y,,,63,,,,,,,Y,2,0,1,2,A,-,01,23152,A,F,G,B,D,A,H,-,A,D,0,Y,,,,Y,Y,A,01,1,0,0,0,1,0,0,0,0,"- ","- ",36.537289999999999,-119.28662,TULARE,UNINCORPORATED,-119.28684487,36.53728632
90205698,2016,2016-06-20,9480,2016-06-09,2055,020871,,4,2,9,5400,0,3,5,,2,001,"AVENUE 308","RD. 72",0.00,,Y,A,-,N,,,,,,,,,,Y,2,0,2,2,A,-,09,21801,A,N,A,C,A,A,H,-,C,A,0,,,,,Y,Y,D,22,1,1,0,0,0,0,0,0,0,"- ","- ",36.349020000000003,-119.41248,TULARE,UNINCORPORATED,-119.41249987,36.349000089999997
9020624,2019,2020-01-15,5405,2019-12-10,0344,260,PORTE,2,5,4,5405,0,0,0,,0,004,"PUTNAM AV","PORTER RD",14.00,W,N,E,-,N,,,,,,,,,,Y,2,0,3,1,A,-,03,22350,,M,E,I,A,B,H,-,D,A,0,,,,,Y,,-,,1,0,2,0,0,0,0,0,0,"- ","- ",,,TULARE,PORTERVILLE,-119.03907775878906,36.069580078125
90206595,2016,2016-06-21,9480,2016-06-09,2325,018861,,4,3,9,5400,0,1,3,,2,095,"SR-99 S/B","AVENUE 52 (WASHINGTON AVE)",260.00,S,N,A,-,Y,,,99,,,,,,S,Y,2,0,4,1,A,-,08,22107,,N,E,I,A,A,H,-,D,D,0,,,,,Y,,A,07,3,1,0,0,0,0,0,0,0,"- ","- ",35.883600000000001,-119.27204,TULARE,UNINCORPORATED,-119.27205832,35.883595659999997
90207322,2016,2016-06-22,9480,2016-06-19,0330,017108,,7,3,9,5400,0,3,5,,2,003,"ROAD 128","AVENUE 164",1183.00,N,N,A,-,N,,,,,,,,,,Y,2,0,1,1,A,-,08,22107,,M,E,I,A,A,H,-,D,D,0,,,,,Y,Y,D,22,1,0,0,0,0,0,0,0,0,"- ","- ",36.089530000000003,-119.28594,TULARE,UNINCORPORATED,-119.28599001000001,36.090511210000003
90207913,2016,2016-06-23,9480,2016-05-21,2100,019186,,6,2,9,5400,0,1,3,,1,040,SR-216,"AVENUE 336",0.00,,Y,B,G,Y,,,216,,,,,,,Y,2,0,5,2,A,-,01,23152,A,N,D,C,A,A,H,-,D,A,0,,,,,Y,Y,A,01,1,1,3,0,0,0,0,0,0,"- ","- ",36.399360000000001,-119.16942,TULARE,UNINCORPORATED,-119.16942809,36.399376949999997
90207930,2016,2016-06-23,9480,2016-05-25,2140,019697,,3,2,4,5406,0,1,3,,2,093,"SR-99 NORTHBOUND FROM BARDSLEY AVE.","BARDSLEY AVE",0.00,,Y,A,-,Y,,,99,,,,R,,N,N,2,0,1,2,A,-,10,21950,A,N,G,B,B,A,H,-,C,D,0,Y,,,,Y,,A,01,1,0,0,0,1,0,0,0,0,"- ","- ",36.1967,-119.32787,TULARE,TULARE,-119.32787,36.1967
90211051,2016,2016-06-28,9480,2016-06-15,1650,014628,,3,2,9,5400,0,1,3,,2,091,"SR-99 S/B","SR-198 W/B",1596.00,N,N,A,-,Y,,,99,,,,,,S,Y,2,0,2,2,A,-,07,21658,A,N,C,C,A,A,H,-,A,D,0,,,,Y,Y,,D,22,2,0,0,0,0,0,0,0,0,"- ","- ",36.331910000000001,-119.41199,TULARE,UNINCORPORATED,-119.41193875,36.331952620000003
90211261,2016,2016-06-28,9480,2016-06-22,0610,012251,,3,1,9,5400,0,1,3,,2,093,"SR-99 NB","AVENUE 200",5280.00,S,N,A,-,Y,,,99,,,,,,N,Y,2,0,1,1,A,-,03,22350,,N,E,I,A,A,H,-,B,D,0,,,,,Y,,A,01,1,0,0,0,0,0,0,0,0,"- ","- ",36.138289999999998,-119.327,TULARE,UNINCORPORATED,-119.32706951999999,36.138269170000001
90218114,2016,2016-07-07,9480,2016-06-18,0622,012568,,6,1,9,5400,0,1,3,,1,051,"SR-43 (CENTRAL VALLEY HWY)","AVE. 88",8976.00,N,N,A,-,Y,,,43,,,,,,,Y,2,0,5,2,A,-,05,21650,,N,A,C,A,A,H,-,A,D,0,,,,,Y,,A,01,2,2,1,0,0,0,0,0,0,"- ","- ",35.971159999999998,-119.46368,TULARE,UNINCORPORATED,-119.46360205000001,35.971217359999997
90219896,2016,2016-08-02,9481,2016-06-28,0530,017957,,2,3,9,5400,0,2,4,,1,034,"ROAD 192","AVENUE 128",90.00,S,N,A,-,N,,,,,,,,,,Y,2,0,2,2,A,-,08,22107,,N,C,C,A,A,H,-,A,D,0,,,,,Y,,D,22,1,0,1,0,0,0,0,0,0,"- ","- ",36.022379999999998,-119.14358,TULARE,UNINCORPORATED,-119.14351966,36.02231304
90222324,2016,2016-07-13,9481,2016-07-03,0720,018815,,7,1,9,5400,0,2,4,,2,052,"MTN 137 (RESERVATION ROAD)","ROAD 284",4752.00,E,N,A,-,N,,,,,,,,,,Y,2,0,1,1,A,-,01,23152,A,N,F,A,A,A,H,-,A,D,0,,,,,Y,Y,A,01,1,0,0,0,0,0,0,0,0,"- ","- ",36.027819999999998,-118.91716,TULARE,UNINCORPORATED,-118.91687751000001,36.026753419999999
90229479,2016,2016-07-25,9481,2016-04-26,1225,018815,,2,1,9,5400,0,2,4,,2,013,"AVENUE 168","ROAD 192",3168.00,W,N,A,-,N,,,,,,,,,,Y,1,1,0,1,A,-,08,22107,,N,E,I,A,A,H,-,A,D,0,,,,,Y,,A,01,0,0,0,0,0,0,0,0,0,"- ","- ",36.094790000000003,-119.1515,TULARE,UNINCORPORATED,-119.15354178,36.094734580000001
90232567,2016,2016-07-28,9480,2016-07-10,0120,019828,,7,3,9,5400,0,1,3,,1,010,SR-201,"ROAD 56",2640.00,E,N,A,-,Y,,,201,,,,,,,Y,2,0,1,1,A,-,08,22107,,N,E,I,A,A,H,-,D,D,0,,,,,Y,,A,01,1,0,0,0,0,0,0,0,0,"- ","- ",36.517299999999999,-119.44070000000001,TULARE,UNINCORPORATED,-119.44069985,36.517350749999999
90237384,2016,2016-08-30,9481,2016-07-23,1815,016995,,6,2,9,5400,0,3,5,,2,050,"ROAD 236","AVENUE 84",0.00,,Y,A,-,N,,,,,,,,,,Y,1,1,2,2,A,-,03,22350,,F,C,C,A,A,H,-,A,D,0,,,,,Y,,A,01,0,2,0,0,0,0,0,0,0,"- ","- ",35.942430000000002,-119.04482,TULARE,UNINCORPORATED,-119.0448001,35.942410080000002
90241910,2016,2016-08-10,9480,2016-07-31,0800,017252,,7,1,9,5400,0,1,3,,2,095,"STATE ROUTE 99, NORTHBOUND","AVENUE 48",5280.00,S,N,A,-,Y,,,99,,,,,,N,Y,2,0,5,2,A,-,03,22350,,N,C,C,A,A,H,-,A,D,0,,,,,Y,,D,22,1,2,2,0,0,0,0,0,0,"- ","- ",35.866140000000001,-119.2698,TULARE,UNINCORPORATED,-119.26985108,35.86612822
90244639,2016,2016-08-15,9481,2016-08-09,2150,017957,,2,2,9,5400,0,3,5,,2,010,"AVENUE 196","ROAD 224",300.00,W,N,A,-,N,,,,,,,,,,Y,2,0,1,1,A,-,08,22107,,N,E,I,A,A,H,-,D,D,0,,,,,Y,,A,01,1,0,0,0,0,0,0,0,0,"- ","- ",36.145440000000001,-119.07369,TULARE,UNINCORPORATED,-119.07407486,36.145523179999998
90246129,2016,2016-08-16,9481,2016-08-09,1650,014265,,2,2,9,5400,0,2,4,,1,021,"AVENUE 196","TAYLOR ROAD",167.00,E,N,A,-,N,,,,,,,,,,Y,2,0,1,1,A,-,01,23152,A,N,E,I,A,A,H,-,A,D,0,,,,,Y,Y,A,01,1,0,0,0,0,0,0,0,0,"- ","- ",36.14573,-119.05533,TULARE,UNINCORPORATED,-119.05505509,36.14571471
90249829,2016,2016-08-22,9480,2016-08-05,0535,017108,,5,3,9,5400,0,3,5,,2,005,"SIERRA AVENUE (AVENUE 56)","HOWARD ROAD",0.00,,Y,A,-,N,,,,,,,,,,Y,2,0,4,2,A,-,09,21802,A,N,D,C,A,A,H,-,B,A,0,,,,,Y,,A,07,1,1,2,0,0,0,0,0,0,"- ","- ",35.891910000000003,-119.28587,TULARE,UNINCORPORATED,-119.28587615000001,35.891893760000002
90249907,2016,2016-08-22,9480,2016-08-05,1112,020612,,5,1,9,5400,0,1,3,,1,064,"STATE ROUTE 198 EASTBOUND","ROAD 156",948.00,E,N,A,-,Y,,,198,,,,,,E,Y,2,0,1,1,A,-,01,23152,A,N,E,I,A,A,H,-,A,D,0,,,,,Y,Y,A,01,1,0,0,0,0,0,0,0,0,"- ","- ",36.326459999999997,-119.22338999999999,TULARE,UNINCORPORATED,-119.22339842,36.32659803
90255563,2016,2016-08-29,9480,2016-07-17,2057,019543,,7,2,9,5400,0,1,3,,1,064,SR-198,SR-65,0.00,,Y,A,-,Y,,,198,,,,,,,Y,1,1,2,2,A,-,09,21453,C,N,D,C,A,A,H,-,C,A,0,,,,,Y,,A,01,0,1,1,0,0,0,0,0,0,"- ","- ",36.326160000000002,-119.13491,TULARE,UNINCORPORATED,-119.13490962,36.326136959999999
90261024,2016,2016-09-05,9480,2016-08-29,1604,016046,,1,2,9,5400,0,3,5,,2,004,"ROAD 132","EL NOGAL AVE",150.00,S,N,A,-,N,,,,,,,,,,Y,2,0,1,2,A,-,03,22350,,N,C,C,A,A,H,-,A,D,0,,,,,Y,,D,22,1,0,0,0,0,0,0,0,0,"- ","- ",36.138449999999999,-119.17798000000001,TULARE,UNINCORPORATED,-119.27899718,36.363570320000001
90262651,2016,2016-10-05,9480,2016-08-30,0550,012568,,2,3,9,5400,0,3,5,,2,001,"AVE. 328",SR-99,3306.00,E,N,A,-,N,,,,,,,,,,Y,2,0,8,2,A,-,03,22350,,N,D,C,A,A,H,-,D,D,0,,,,Y,Y,,M,58,2,5,1,0,0,0,0,0,0,"- ","- ",36.385509999999996,-119.43255000000001,TULARE,UNINCORPORATED,-119.44377,36.385339999999999
90262908,2016,2016-09-07,9480,2016-09-06,1740,017452,,2,2,9,5400,0,1,3,,2,091,"SR-99 S/B","MERRITT DR",1340.00,S,N,A,-,Y,,,99,,,,,,S,Y,2,0,2,1,A,-,01,23152,F,N,F,A,A,A,H,-,A,D,0,,,,,Y,Y,A,07,1,0,1,0,0,0,0,0,0,"- ","- ",36.449219999999997,-119.48828,TULARE,UNINCORPORATED,-119.48825795,36.449243490000001
90263227,2016,2016-09-07,9480,2016-08-28,1100,014628,,7,1,9,5400,0,1,3,,2,095,"SR-99 S/B","COUNTY LINE ROAD",1152.00,N,N,A,-,Y,,,99,,,,,,S,Y,2,0,1,1,A,-,08,22107,,N,E,I,A,A,H,-,A,D,0,,,Y,,Y,,C,02,1,0,0,0,0,0,0,0,1,"- ","- ",35.792870000000001,-119.25293000000001,TULARE,UNINCORPORATED,-119.25281599,35.79294685
90264384,2016,2016-09-08,9480,2016-08-31,1925,016145,,3,2,9,5400,0,3,5,,2,002,"AVE 416","RD 112",356.00,W,N,A,-,N,,,,,,,,,,Y,2,0,1,1,A,-,01,23152,A,N,F,A,A,A,H,-,B,D,0,,,,,Y,Y,A,07,1,0,0,0,0,0,0,0,0,"- ","- ",36.545180000000002,-119.32338,TULARE,UNINCORPORATED,-119.32402343,36.545243220000003
90268779,2016,2016-09-15,9481,2016-07-27,1435,018595,,3,2,9,5400,0,1,3,,1,012,"STATE ROUTE 65 (SOUTHBOUND)","AVENUE 196",1320.00,N,N,A,-,Y,,,65,,,,,,,Y,1,1,0,1,A,-,08,22107,,N,E,I,A,A,H,-,A,D,0,,,,,Y,,A,01,0,0,0,0,0,0,0,0,0,"- ","- ",36.149160000000002,-119.07444,TULARE,UNINCORPORATED,-119.07430633,36.149226550000002
90270455,2016,2016-09-19,9480,2016-08-29,1600,012568,,1,2,9,5400,0,3,5,,2,001,"RD. 48","SR-201 (AVE. 400)",1653.00,S,N,A,-,N,,,,,,,,,,Y,2,0,2,2,A,-,08,22107,,N,D,C,A,A,H,-,A,D,0,,,Y,,Y,,C,06,1,1,0,0,0,0,0,0,1,"- ","- ",36.512979999999999,-119.46691,TULARE,UNINCORPORATED,-119.46669102,36.512969740000003
90272427,2016,2016-09-21,9481,2016-09-15,1300,018707,,4,1,9,5400,0,3,5,,2,030,"AVENUE 95","ROAD 228",463.00,E,N,A,-,N,,,,,,,,,,Y,2,0,1,1,A,-,08,22107,,N,E,I,A,A,H,-,A,D,0,,,,,Y,,A,01,1,0,0,0,0,0,0,0,0,"- ","- ",35.962420000000002,-119.05987,TULARE,UNINCORPORATED,-119.06120737000001,35.962430050000002
90276704,2016,2016-09-27,9480,2016-09-12,1255,012568,,1,1,9,5400,0,3,5,,2,005,"AVE. 16","RD. 136",0.00,,Y,A,-,N,,,,,,,,,,Y,2,0,2,2,A,-,12,22450,,N,D,C,A,A,H,-,A,A,0,,,,,Y,,A,01,1,1,0,0,0,0,0,0,0,"- ","- ",36.819290000000002,-119.26815000000001,TULARE,UNINCORPORATED,-119.26815999999999,35.819340019999999
90280886,2016,2016-09-30,9481,2016-09-23,0715,018595,,5,1,9,5400,0,3,5,,2,010,"AVENUE 184","ROAD 192",0.00,,Y,A,-,N,,,,,,,,,,Y,2,0,2,2,A,-,09,21802,A,N,D,C,A,A,H,-,A,A,0,,,,,Y,,A,01,1,0,1,0,0,0,0,0,0,"- ","- ",36.123800000000003,-119.14284000000001,TULARE,UNINCORPORATED,-119.14285993999999,36.123790110000002
90282499,2016,2016-10-03,9480,2016-08-20,2353,019789,,6,3,9,5400,0,3,5,,2,002,"AVENUE 424","ROAD 100",82.00,W,N,A,-,Y,,,,,,,,,,Y,1,1,0,1,A,-,01,23152,A,N,E,I,A,A,H,-,C,D,0,,,,,Y,Y,A,01,0,0,0,0,0,0,0,0,0,"- ","- ",36.559959999999997,-119.3497,TULARE,UNINCORPORATED,-119.34978886,36.55984488