CASE_ID,ACCIDENT_YEAR,PROC_DATE,JURIS,COLLISION_DATE,COLLISION_TIME,OFFICER_ID,REPORTING_DISTRICT,DAY_OF_WEEK,CHP_SHIFT,POPULATION,CNTY_CITY_LOC,SPECIAL_COND,BEAT_TYPE,CHP_BEAT_TYPE,CITY_DIVISION_LAPD,CHP_BEAT_CLASS,BEAT_NUMBER,PRIMARY_RD,SECONDARY_RD,DISTANCE,DIRECTION,INTERSECTION,WEATHER_1,WEATHER_2,STATE_HWY_IND,CALTRANS_COUNTY,CALTRANS_DISTRICT,STATE_ROUTE,ROUTE_SUFFIX,POSTMILE_PREFIX,POSTMILE,LOCATION_TYPE,RAMP_INTERSECTION,SIDE_OF_HWY,TOW_AWAY,COLLISION_SEVERITY,NUMBER_KILLED,NUMBER_INJURED,PARTY_COUNT,PRIMARY_COLL_FACTOR,PCF_CODE_OF_VIOL,PCF_VIOL_CATEGORY,PCF_VIOLATION,PCF_VIOL_SUBSECTION,HIT_AND_RUN,TYPE_OF_COLLISION,MVIW,PED_ACTION,ROAD_SURFACE,ROAD_COND_1,ROAD_COND_2,LIGHTING,CONTROL_DEVICE,CHP_ROAD_TYPE,PEDESTRIAN_ACCIDENT,BICYCLE_ACCIDENT,MOTORCYCLE_ACCIDENT,TRUCK_ACCIDENT,NOT_PRIVATE_PROPERTY,ALCOHOL_INVOLVED,STWD_VEHTYPE_AT_FAULT,CHP_VEHTYPE_AT_FAULT,COUNT_SEVERE_INJ,COUNT_VISIBLE_INJ,COUNT_COMPLAINT_PAIN,COUNT_PED_KILLED,COUNT_PED_INJURED,COUNT_BICYCLIST_KILLED,COUNT_BICYCLIST_INJURED,COUNT_MC_KILLED,COUNT_MC_INJURED,PRIMARY_RAMP,SECONDARY_RAMP,LATITUDE,LONGITUDE,COUNTY,CITY,POINT_X,POINT_Y
90283668,2016,2016-10-18,9480,2016-09-11,0230,018521,,7,3,9,5400,0,1,3,,1,021,"SR-63 N/B (ROAD 128)","AVE 424",1056.00,N,N,A,-,Y,,,63,,,,,,N,Y,1,1,0,1,A,-,08,22107,,N,E,I,A,A,H,-,D,D,0,,,,,Y,,A,01,0,0,0,0,0,0,0,0,0,"- ","- ",36.562390000000001,-119.28698,TULARE,UNINCORPORATED,-119.28706179,36.562389359999997
90293940,2016,2016-10-17,9480,2016-10-05,0540,013656,,3,3,9,5400,0,1,3,,1,065,SR-65,"AVENUE 256",0.00,,Y,A,-,Y,,,65,,,,,,,Y,2,0,1,2,A,-,12,22450,A,N,D,C,A,A,H,-,C,A,0,,,,,Y,,A,01,1,0,0,0,0,0,0,0,0,"- ","- ",36.253520000000002,-119.13652999999999,TULARE,UNINCORPORATED,-119.13639264,36.253519619999999
90300629,2016,2016-10-25,9480,2016-10-07,0615,017108,,5,1,9,5400,0,1,3,,1,051,"STATE ROUTE 43","AVENUE 16",5120.00,S,N,A,-,Y,,,43,,,,,,,Y,2,0,2,2,A,-,05,21650,,N,A,C,A,A,H,-,D,D,0,,,,,Y,,A,01,2,0,0,0,0,0,0,0,0,"- ","- ",35.80547,-119.36047000000001,TULARE,UNINCORPORATED,-119.36044269999999,35.80547945
90302881,2016,2016-10-27,9481,2016-10-21,1350,018742,,5,1,4,5405,0,2,4,,2,052,"RESERVATION ROAD","ROAD 296",7920.00,E,N,A,-,N,,,,,,,,,,Y,2,0,1,1,A,-,08,22107,,N,F,A,A,A,H,-,A,D,0,,,,,Y,,D,22,1,0,0,0,0,0,0,0,0,"- ","- ",36.03145,-118.88625999999999,TULARE,PORTERVILLE,-118.88638453,36.03136027
90307834,2016,2016-10-31,9480,2016-10-18,0747,012251,,2,1,9,5400,0,3,5,,2,006,"SR-137 E/B","ROAD 124",0.00,,Y,A,-,Y,,,137,,,,,,E,Y,2,0,1,2,A,-,09,21802,A,N,D,C,A,A,H,-,A,A,0,,,Y,,Y,,D,22,1,0,0,0,0,0,0,0,1,"- ","- ",36.210940000000001,-119.29615,TULARE,UNINCORPORATED,-119.29615018,36.210890200000001
90309998,2016,2016-11-02,9480,2016-09-28,2230,017291,,3,3,9,5400,0,3,5,,2,002,"AVENUE 360","ROAD 80",6864.00,E,N,A,-,N,,,,,,,,,,Y,1,1,0,1,A,-,01,23152,A,N,F,A,A,A,H,-,D,D,0,,,,,Y,Y,A,01,0,0,0,0,0,0,0,0,0,"- ","- ",36.442630000000001,-119.3715,TULARE,UNINCORPORATED,-119.37166929,36.443665129999999
90313348,2016,2016-11-07,9480,2016-10-14,1615,018202,,5,2,5,5407,0,1,3,,1,064,"SR-198 (W/B) TO BEN MADDOX WAY","MINERAL KING AVE",262.00,S,N,A,-,Y,,,198,,,,R,,,N,2,0,2,1,A,-,03,22350,,N,F,A,A,A,H,-,A,D,0,,,Y,,Y,Y,C,02,1,1,0,0,0,0,0,0,2,"- ","- ",36.32694,-119.27576000000001,TULARE,VISALIA,-119.27576000000001,36.32694
90316542,2016,2017-06-28,9480,2016-07-03,2500,017709,,7,4,9,5400,0,3,5,,2,002,"SAND CREEK ROAD","ROAD 136",6864.00,E,N,A,-,N,,,,,,,,,,N,1,1,0,2,A,-,11,21956,,F,G,B,E,A,H,-,D,D,0,Y,,,,Y,Y,N,60,0,0,0,1,0,0,0,0,0,"- ","- ",36.627510000000001,-119.24611,TULARE,UNINCORPORATED,-119.24689866999999,36.62716528
90316557,2016,2016-11-10,9480,2016-08-22,1528,014628,,1,2,9,5400,0,1,3,,2,095,"SR-99 S/B","COUNTY LINE ROAD",528.00,N,N,A,-,Y,,,99,,,,,,S,Y,1,1,0,1,A,-,01,23152,A,N,E,I,A,A,H,-,A,D,0,,,,,Y,Y,D,22,0,0,0,0,0,0,0,0,0,"- ","- ",35.793280000000003,-119.25321,TULARE,UNINCORPORATED,-119.2530814,35.793357010000001
90320740,2016,2016-11-16,9480,2016-10-28,1648,016210,,5,2,9,5400,0,3,5,,2,001,"AVENUE 416","ROAD 144",0.00,,Y,A,-,N,,,,,,,,,,Y,2,0,4,2,A,-,09,21802,A,N,D,C,A,A,H,-,A,A,0,,,,,Y,,I,10,1,2,1,0,0,0,0,0,0,"- ","- ",36.544150000000002,-119.2509,TULARE,UNINCORPORATED,-119.25087990999999,36.544330000000002
90326671,2016,2016-11-21,9480,2016-09-08,1708,019789,,4,2,9,5400,0,3,5,,2,006,"ROAD 124","AVENUE 204",950.00,N,N,A,-,N,,,,,,,,,,Y,1,1,0,1,A,-,08,22107,,N,E,I,A,A,H,-,A,D,0,,,,,Y,,A,01,0,0,0,0,0,0,0,0,0,"- ","- ",36.947000000000003,-119.17440000000001,TULARE,UNINCORPORATED,,
90329452,2016,2016-11-25,9480,2016-11-03,1022,016723,,4,1,9,5400,0,1,3,,1,051,"STATE ROUTE 43","AVENUE 144",1774.00,N,N,A,-,Y,,,43,,,,,,,Y,2,0,2,2,A,-,05,21650,,N,A,C,A,A,H,-,A,D,0,,,,Y,Y,,A,01,1,0,1,0,0,0,0,0,0,"- ","- ",36.054810000000003,-119.52457,TULARE,UNINCORPORATED,-119.52462294999999,36.05477123
90329911,2016,2016-11-28,9480,2016-11-11,0030,019427,,5,3,9,5400,0,3,5,,2,003,"STATE ROUTE 137","ROAD 20",2112.00,W,N,A,-,Y,,,137,,,,,,,Y,2,0,1,1,A,-,08,22107,,N,E,I,A,A,H,-,D,D,0,,,,,Y,,A,01,1,0,0,0,0,0,0,0,0,"- ","- ",36.123559999999998,-119.53251,TULARE,UNINCORPORATED,-119.53233362,36.123280880000003
90330493,2016,2016-11-28,9480,2016-11-11,0030,020871,,5,3,9,5400,0,3,5,,2,004,"ROAD 164","AVENUE 362",1000.00,N,N,A,-,N,,,,,,,,,,Y,2,0,1,1,A,-,08,22107,,M,E,I,A,A,H,-,D,D,0,,,,,Y,Y,A,01,1,0,0,0,0,0,0,0,0,"- ","- ",36.44952,-119.20583999999999,TULARE,UNINCORPORATED,-119.2058,36.449243410000001
90337864,2016,2016-12-06,9481,2016-10-15,2320,019104,,6,3,9,5400,0,3,5,,2,010,"ROAD 224","AVENUE 178",1056.00,N,N,A,-,N,,,,,,,,,,Y,1,1,2,2,A,-,08,22107,,N,D,C,A,A,H,-,D,D,0,,,,,Y,,A,01,0,0,2,0,0,0,0,0,0,"- ","- ",36.1158,-119.07151,TULARE,UNINCORPORATED,-119.07151826,36.115685259999999
90340409,2016,2016-12-08,9481,2016-12-05,1740,019578,,1,2,9,5400,0,1,3,,1,012,"STATE ROUTE 65","LINDA VISTA AVENUE",0.00,,Y,A,-,Y,,,65,,,,,,,Y,2,0,3,3,A,-,09,21801,A,N,D,C,A,A,H,-,C,D,0,,,,,Y,,A,01,2,0,1,0,0,0,0,0,0,"- ","- ",36.104289999999999,-119.04304,TULARE,UNINCORPORATED,-119.04312928,36.104236739999997
90343707,2016,2016-12-13,9480,2016-11-11,2312,019789,,5,3,9,5400,0,1,3,,1,065,SR-65,SR-198,0.00,,Y,A,-,Y,,,65,,,,,,,Y,1,1,3,2,A,-,12,21453,A,N,D,C,A,A,H,-,C,A,0,,,,,Y,,D,22,0,3,0,0,0,0,0,0,0,"- ","- ",36.326300000000003,-119.13499,TULARE,UNINCORPORATED,-119.13490453999999,36.326137039999999
90345736,2016,2016-12-15,9481,2016-12-10,0655,018742,,6,1,9,5400,0,1,3,,1,032,"STATE ROUTE 190 (SR-190)","ROAD 168",1056.00,E,N,A,-,Y,,,190,,,,,,,Y,2,0,5,3,A,-,03,22350,,N,C,C,A,A,H,-,B,D,0,,,,,Y,,D,22,2,3,0,0,0,0,0,0,0,"- ","- ",36.05124,-119.19235999999999,TULARE,UNINCORPORATED,-119.19235999999999,36.05123502
90352784,2016,2017-01-26,9481,2016-11-16,1343,017523,,3,1,9,5400,0,3,5,,2,010,"AVENUE 160","ROAD 212",4224.00,E,N,A,-,N,,,,,,,,,,Y,1,1,0,1,A,-,01,23152,A,N,E,I,A,A,H,-,A,D,0,,,,,Y,Y,D,22,0,0,0,0,0,0,0,0,0,"- ","- ",36.080329999999996,-119.08396,TULARE,UNINCORPORATED,-119.08331243000001,36.080359999999999
90359631,2016,2017-01-03,9480,2016-12-22,0748,016210,,4,1,9,5400,0,1,3,,1,020,"SR 201 (AVENUE 384)","ROAD 144",0.00,,Y,E,-,Y,,,,,,,,,,Y,2,0,1,1,A,-,12,22450,A,N,E,I,A,A,H,-,A,A,0,,,,,Y,,A,01,1,0,0,0,0,0,0,0,0,"- ","- ",36.386229999999998,-119.25082,TULARE,UNINCORPORATED,,
90367345,2017,2017-01-11,9481,2017-01-10,1750,018830,,2,2,9,5400,0,1,3,,1,032,"STATE ROUTE 190","ROAD 192",340.00,W,N,C,-,Y,,,190,,,,,,,N,2,0,1,2,A,-,11,21954,A,N,D,B,D,B,H,-,D,D,0,Y,,,,Y,,N,60,1,0,0,0,1,0,0,0,0,"- ","- ",36.051319999999997,-119.14415,TULARE,UNINCORPORATED,-119.14415031,36.051263200000001
90372678,2017,2017-01-19,9480,2017-01-03,1420,012401,,2,2,9,5400,0,3,5,,2,005,"AVE 120","RD 96",1050.00,W,N,B,-,N,,,,,,,,,,N,2,0,1,2,C,-,18,,,N,E,J,A,A,H,-,A,D,0,,,,Y,Y,,-,"- ",1,0,0,0,0,0,0,0,0,"- ","- ",36.987679999999997,-119.87345999999999,TULARE,UNINCORPORATED,-119.36123658,36.00761894
90373624,2016,2017-04-07,9480,2016-12-07,1558,013914,,3,2,9,5400,0,1,3,,1,040,"STATE ROUTE 216","ROAD 188",1056.00,E,N,B,-,Y,,,216,,,,,,,Y,1,1,0,1,A,-,08,22107,,N,E,I,A,A,H,-,A,D,0,,,,,Y,,A,07,0,0,0,0,0,0,0,0,0,"- ","- ",36.409239999999997,-119.149,TULARE,UNINCORPORATED,-119.14900661999999,36.409253700000001
90375167,2017,2017-03-23,9480,2017-01-15,2344,018521,,7,3,9,5400,0,1,3,,1,044,SR-198,"ROAD 210",1056.00,E,N,A,-,Y,,,198,,,,,,,Y,2,0,3,1,A,-,01,23152,A,N,E,I,A,A,H,-,D,D,0,,,,,Y,Y,A,07,2,1,0,0,0,0,0,0,0,"- ","- ",36.325800000000001,-119.09999999999999,TULARE,UNINCORPORATED,-119.10000162999999,36.325633320000001
90383009,2017,2017-01-31,9481,2017-01-26,0700,018707,,4,1,9,5400,0,3,5,,2,030,"WEST ROBY AVENUE","SOUTH NEWCOMB STREET",250.00,E,N,A,-,N,,,,,,,,,,Y,2,0,2,1,A,-,08,22107,,N,E,J,A,A,H,-,A,D,0,,,,,Y,,A,07,2,0,0,0,0,0,0,0,0,"- ","- ",36.062719999999999,-119.05197,TULARE,UNINCORPORATED,-119.05209519,36.062683929999999
90386618,2017,2017-02-06,9480,2017-01-20,0440,013821,,5,3,9,5400,0,1,3,,2,093,"SR-99 N/B","AVENUE 216 O/C",170.00,N,N,B,C,Y,,,,,,,,,,Y,2,0,2,2,A,-,03,22350,,N,B,C,A,B,H,-,B,D,0,,,,Y,Y,,A,07,1,0,1,0,0,0,0,0,0,"- ","- ",36.182769999999998,-119.32843,TULARE,UNINCORPORATED,,
90388397,2016,2017-03-23,9480,2016-11-19,2500,019647,,6,4,9,5400,0,3,5,,2,002,"ROAD 88","AVENUE 392",311.00,N,N,A,-,N,,,,,,,,,,Y,1,1,0,1,A,-,01,23152,A,N,E,I,A,A,H,-,D,D,0,,,,,Y,Y,A,01,0,0,0,0,0,0,0,0,0,"- ","- ",36.503,-119.37649999999999,TULARE,UNINCORPORATED,-119.37674237,36.502983460000003
90393630,2017,2017-02-15,9481,2017-02-10,0205,019104,,5,3,9,5400,0,3,5,,2,020,"ROAD 232","AVENUE 200",720.00,S,N,C,-,N,,,,,,,,,,Y,2,0,2,1,A,-,01,23152,A,N,E,I,A,B,H,-,D,D,0,,,,,Y,Y,A,01,2,0,0,0,0,0,0,0,0,"- ","- ",36.150820000000003,-119.05399,TULARE,UNINCORPORATED,-119.05393416,36.150844880000001
90393766,2017,2018-03-27,9480,2017-02-07,1815,016145,,2,2,9,5400,0,3,5,,2,002,"RD 140",SR-201,1584.00,N,N,B,C,N,,,,,,,,,,N,1,1,0,2,A,-,11,21954,A,N,G,B,D,B,H,-,D,D,0,Y,,,,Y,,N,60,0,0,0,1,0,0,0,0,0,"- ","- ",36.49248,-119.25942000000001,TULARE,UNINCORPORATED,-119.25954133,36.490792509999999
90399151,2017,2017-02-23,9480,2017-01-19,1756,017252,,4,2,9,5400,0,3,5,,2,005,"BISHOP STREET","AVENUE 80",981.00,S,N,B,-,N,,,,,,,,,,Y,1,1,1,2,A,-,01,23152,,N,C,J,A,A,H,-,D,D,0,,,,,Y,,M,96,0,0,1,0,0,0,0,0,0,"- ","- ",35.932690000000001,-119.28546,TULARE,UNINCORPORATED,-119.28549224,35.932645569999998
90404469,2017,2017-03-02,9480,2017-02-21,1505,013656,,2,2,4,5406,0,1,3,,2,093,"SR-99 N/B","PAIGE AVE",540.00,N,N,A,-,Y,,,99,,,,,,N,Y,2,0,1,1,A,-,08,22107,,N,F,A,A,A,H,-,A,D,0,,,,,Y,,A,07,1,0,0,0,0,0,0,0,0,"- ","- ",36.183729999999997,-119.32831,TULARE,TULARE,-119.32848891,36.183729999999997
90404961,2017,2017-03-02,9480,2017-02-27,1345,016046,,1,1,9,5400,0,3,5,,2,005,"ROAD 112","AVENUE 112",345.00,N,N,A,-,N,,,,,,,,,,Y,2,0,1,1,A,-,08,22107,,N,F,A,A,A,H,-,A,D,0,,,,,Y,,A,01,1,0,0,0,0,0,0,0,0,"- ","- ",35.994439999999997,-119.32183000000001,TULARE,UNINCORPORATED,-119.32192367,35.994216790000003
90413725,2017,2017-03-16,9480,2017-03-10,0845,016233,,5,1,9,5400,0,1,3,,2,095,"SR-99 N/B","AVE. 24",6276.00,S,N,A,-,Y,,,99,,,,,,N,Y,2,0,2,2,A,-,08,22107,,N,B,C,A,A,H,-,A,D,0,,,,Y,Y,,A,01,1,1,0,0,0,0,0,0,0,"- ","- ",35.816699999999997,-119.25821000000001,TULARE,UNINCORPORATED,-119.25833959000001,35.816680429999998
90414457,2017,2017-03-17,9480,2017-03-04,1915,020871,,6,2,9,5400,0,3,5,,2,004,"AVENUE 368","ROAD 132",0.00,,Y,A,-,N,,,,,,,,,,Y,2,0,2,2,A,-,12,22450,A,N,D,C,A,A,H,-,D,A,0,,,,,Y,,D,22,1,1,0,0,0,0,0,0,0,"- ","- ",36.457599999999999,-119.27758,TULARE,UNINCORPORATED,-119.27758991,36.457570019999999
90426344,2017,2017-04-13,9480,2017-01-17,1959,019828,,2,2,9,5400,0,3,5,,2,006,"OAKMORE ST","CARTMILL AVE",0.00,,Y,A,-,N,,,,,,,,,,Y,1,3,0,2,A,-,01,23152,G,N,D,C,A,A,H,-,D,A,0,,,,,Y,Y,A,01,0,0,0,0,0,0,0,0,0,"- ","- ",36.239980000000003,-119.29604,TULARE,UNINCORPORATED,-119.29608899999999,36.240372000000001
90427473,2017,2017-04-13,9480,2017-01-22,1205,018202,,7,1,9,5400,0,1,3,,2,093,"SR-99 N/B","AVE. 184",2640.00,N,N,B,C,Y,,,99,,,,,,N,Y,1,1,0,1,A,-,08,22107,,N,E,I,A,B,H,-,A,D,0,,,,,Y,,A,08,0,0,0,0,0,0,0,0,0,"- ","- ",36.133989999999997,-119.32576,TULARE,UNINCORPORATED,-119.32584488000001,36.133970410000003
90427498,2017,2017-04-04,9481,2017-04-03,0920,015218,,1,1,9,5400,0,3,5,,2,030,"ROAD 208","AVENUE 104",330.00,N,N,A,-,N,,,,,,,,,,Y,2,0,3,1,A,-,01,23152,A,N,E,I,A,A,H,-,A,D,0,,,,,Y,Y,A,01,3,0,0,0,0,0,0,0,0,"- ","- ",35.979219999999998,-119.10738000000001,TULARE,UNINCORPORATED,-119.10742999999999,35.979675489999998
90433787,2017,2018-03-14,9480,2017-01-15,1800,015783,,7,2,9,5400,0,1,3,,1,060,SR-137,"ROAD 188",0.00,,Y,A,-,Y,,,137,,,,,,,Y,1,1,1,3,A,-,01,23152,A,F,B,C,A,A,H,-,D,D,0,,,Y,,Y,Y,A,01,0,0,1,0,0,0,0,1,0,"- ","- ",36.210799999999999,-119.15407999999999,TULARE,UNINCORPORATED,-119.15407999999999,36.210784029999999
90451121,2017,2017-05-08,9481,2017-05-03,1445,018707,,3,2,9,5400,0,2,4,,1,035,"RICHGROVE DRIVE","FRANCIS DRIVE",91.00,S,N,A,-,N,,,,,,,,,,Y,2,0,1,1,A,-,08,22107,,N,E,I,A,A,H,-,A,D,0,,,,,Y,,A,01,1,0,0,0,0,0,0,0,0,"- ","- ",35.799120000000002,-119.10916,TULARE,UNINCORPORATED,-119.1091946,35.799265660000003
90454176,2017,2017-05-11,9481,2017-02-18,0030,019162,,6,3,9,5400,0,1,3,,1,054,"STATE ROUTE 190","WISHON DRIVE",8976.00,E,N,B,-,Y,,,190,,,,,,,Y,2,0,1,1,A,-,01,23152,A,N,F,A,A,A,H,-,D,D,0,,,,,Y,Y,D,22,1,0,0,0,0,0,0,0,0,"- ","- ",36.159219999999998,-118.68808,TULARE,UNINCORPORATED,-118.68807823,36.159246789999997
90467105,2017,2017-08-08,9480,2017-03-21,1438,017709,,2,2,9,5400,0,1,3,,1,051,"STATE ROUTE 43 (CENTRAL VALLEY HIGHWAY)","PALMER AVENUE",2904.00,S,N,A,-,Y,,,43,,,,,,,Y,1,2,1,2,A,-,01,23152,A,N,A,C,A,A,H,-,A,D,0,,,,,Y,Y,A,07,1,0,0,0,0,0,0,0,0,"- ","- ",35.857619999999997,-119.38064,TULARE,UNINCORPORATED,-119.38070168,35.857575009999998
90469437,2017,2017-06-01,9481,2017-05-24,2301,021234,,3,3,9,5400,0,1,3,,1,053,"STATE ROUTE 190 WESTBOUND","ROAD 284",2112.00,E,N,A,-,Y,,,,,,,,,,Y,2,0,3,1,A,-,08,22107,,N,F,A,A,A,H,-,D,D,0,,,,,Y,,A,01,1,0,2,0,0,0,0,0,0,"- ","- ",36.284930000000003,-118.55961000000001,TULARE,UNINCORPORATED,-118.93008666999999,36.04754174
90479122,2017,2017-06-15,9480,2017-06-08,2050,018204,,4,2,9,5400,0,3,5,,2,003,"AVE 152","RD 128",1869.00,E,N,A,-,N,,,,,,,,,,Y,2,0,1,1,A,-,01,23152,A,N,E,I,A,A,H,-,D,D,0,,,,,Y,Y,A,01,1,0,0,0,0,0,0,0,0,"- ","- ",36.065950000000001,-119.27979999999999,TULARE,UNINCORPORATED,-119.27967278,36.065692310000003
90480550,2017,2017-06-19,9480,2017-05-20,1910,019697,,6,2,9,5400,0,3,5,,2,006,"ROAD 140","AVE 240",0.00,,Y,A,-,N,,,,,,,,,,Y,2,0,1,3,A,-,09,21801,A,F,A,C,A,A,H,-,A,D,0,,,,,Y,Y,D,22,1,0,0,0,0,0,0,0,0,"- ","- ",36.225790000000003,-119.26038,TULARE,UNINCORPORATED,-119.26037986999999,36.225790060000001
90483008,2017,2017-06-21,9480,2017-05-27,2050,020871,,6,2,9,5400,0,3,5,,2,006,"AVENUE 272","ROAD 100",1000.00,W,N,A,-,N,,,,,,,,,,Y,2,0,1,2,A,-,05,21650,,F,A,C,A,A,H,-,D,D,0,,,Y,,Y,,A,01,1,0,0,0,0,0,0,0,1,"- ","- ",36.28369,-119.35379,TULARE,UNINCORPORATED,-119.35267953,36.283695100000003
90487604,2017,2017-06-26,9480,2017-06-15,2052,019789,,4,2,9,5400,0,1,3,,2,095,"SR-99 S/B",SR-190,2640.00,S,N,A,-,Y,,,99,,,,,,S,Y,2,0,1,1,A,-,01,23152,A,N,E,I,A,A,H,-,D,D,0,,,,,Y,Y,A,01,1,0,0,0,0,0,0,0,0,"- ","- ",36.043900000000001,-119.31097,TULARE,UNINCORPORATED,-119.31096180999999,36.043901859999998
90499243,2017,2017-07-12,9481,2017-07-04,1035,018815,,2,1,9,5400,0,3,5,,2,050,"WISHON DRIVE",SR-190,7920.00,N,N,A,-,N,,,,,,,,,,N,2,0,1,1,A,-,08,22107,,N,F,A,A,A,B,-,A,D,0,,,Y,,Y,,C,02,1,0,0,0,0,0,0,0,1,"- ","- ",36.177619999999997,-118.69636,TULARE,UNINCORPORATED,-118.69638026,36.177666950000003
90499915,2017,2017-07-13,9481,2017-06-02,0100,019578,,5,3,9,5400,0,3,5,,2,030,"AVENUE 112","ROAD 232",2640.00,W,N,A,-,N,,,,,,,,,,Y,1,1,1,1,A,-,01,23152,A,N,E,I,A,A,H,-,D,D,0,,,,,Y,Y,D,22,1,0,0,0,0,0,0,0,0,"- ","- ",35.993319999999997,-119.05672,TULARE,UNINCORPORATED,-119.06254342,35.993280480000003
90501158,2017,2017-07-14,9480,2017-07-06,1330,020871,,4,1,9,5400,0,3,5,,2,001,"AVENUE 408","ROAD 56",0.00,,Y,A,-,N,,,,,,,,,,Y,2,0,4,2,A,-,09,21802,A,N,D,C,A,A,H,-,A,A,0,,,,,Y,,A,07,1,2,1,0,0,0,0,0,0,"- ","- ",36.53181,-119.4486,TULARE,UNINCORPORATED,-119.44863995999999,36.531860109999997
90507595,2017,2017-07-25,9480,2017-07-15,1315,018861,,6,1,9,5400,0,1,3,,1,025,"SR-245 (MILLWOOD DR.)","BOYD DRIVE",19536.00,N,N,A,-,Y,,,245,,,,,,,Y,2,0,1,1,A,-,03,22350,,N,F,A,A,A,H,-,A,D,0,,,Y,,Y,,C,02,1,0,0,0,0,0,0,0,1,"- ","- ",36.587060000000001,-119.10868000000001,TULARE,UNINCORPORATED,-119.10868614,36.587006549999998
90507829,2017,2017-07-25,9480,2017-07-20,1745,017709,,4,2,9,5400,0,1,3,,2,093,"SR-99 S/B","AVENUE 280 O/C",5692.00,N,N,A,-,Y,,,99,,,,,,S,Y,2,0,1,2,A,-,03,22350,,N,C,C,A,A,H,-,A,D,0,,,,,Y,,A,01,1,0,0,0,0,0,0,0,0,"- ","- ",36.315190000000001,-119.39525999999999,TULARE,UNINCORPORATED,-119.39522395,36.315211949999998
90509600,2017,2017-07-27,9480,2017-07-12,0625,016210,,3,1,9,5400,0,1,3,,1,044,SR-198,"ROAD 248",12144.00,E,N,A,-,Y,,,198,,,,,,,Y,2,0,1,1,A,-,01,23152,A,N,F,A,A,A,A,-,A,D,0,,,,,Y,Y,D,22,1,0,0,0,0,0,0,0,0,"- ","- ",36.397089999999999,-118.99106999999999,TULARE,UNINCORPORATED,-118.99115721,36.397038520000002
90511742,2017,2017-11-08,9481,2017-06-19,1710,018982,,1,2,9,5400,0,3,5,,2,050,"SPRINGVILLE AVENUE","DOYLE STREET",110.00,E,N,A,-,N,,,,,,,,,,Y,1,1,3,3,A,-,01,23152,A,F,C,C,A,A,H,-,A,D,0,,,,,Y,Y,A,07,1,2,0,0,0,0,0,0,0,"- ","- ",36.055070000000001,-118.96346,TULARE,UNINCORPORATED,-118.96350834,36.055061330000001
90513049,2017,2017-07-31,9480,2017-07-15,0138,019349,,6,3,9,5400,0,3,5,,2,002,"AVENUE 412","ROAD 96",1877.00,W,N,A,-,N,,,,,,,,,,Y,2,0,1,1,A,-,01,23152,A,N,F,A,A,A,H,-,C,D,0,,,Y,,Y,Y,C,02,1,0,0,0,0,0,0,0,1,"- ","- ",36.538359999999997,-119.36546,TULARE,UNINCORPORATED,-119.36502292999999,36.538258140000003
90513351,2017,2017-07-31,9480,2017-07-21,2300,018809,,5,3,9,5400,0,3,5,,2,004,"CHARTER OAK DR","ROAD 180",325.00,W,N,A,-,N,,,,,,,,,,Y,2,0,1,1,A,-,01,23152,A,N,F,A,A,A,H,-,D,D,0,,,Y,,Y,Y,C,02,1,0,0,0,0,0,0,0,1,"- ","- ",36.360250000000001,-119.17456,TULARE,UNINCORPORATED,-119.17230782,36.36124891
90519928,2017,2018-03-05,9481,2017-07-11,1215,018815,,2,1,9,5400,0,3,5,,2,010,"ROAD 208","AVENUE 152",1584.00,N,N,A,-,N,,,,,,,,,,Y,1,1,0,1,A,-,08,22107,,N,E,I,A,A,H,-,A,D,0,,,,,Y,,A,08,0,0,0,0,0,0,0,0,0,"- ","- ",36.071359999999999,-119.10706,TULARE,UNINCORPORATED,-119.1075,36.070136290000001
90520404,2017,2017-08-31,9480,2017-07-15,0923,017108,,6,1,9,5400,0,1,3,,1,051,"STATE ROUTE 43","AVENUE 144",0.00,,Y,A,-,Y,,,43,,,,,,,Y,1,1,2,2,A,-,12,22450,A,N,D,C,A,A,H,-,A,A,0,,,,Y,Y,,A,01,0,1,1,0,0,0,0,0,0,"- ","- ",36.050800000000002,-119.52175,TULARE,UNINCORPORATED,-119.52172287,36.050820510000001
90523509,2017,2017-08-15,9481,2017-08-05,1700,021234,,6,2,9,5400,0,2,4,,1,051,"EAST SPRINGVILLE DRIVE","SOUTH W STREET",0.00,,Y,A,-,N,,,,,,,,,,N,2,0,1,1,A,-,08,22107,,N,F,A,A,A,H,-,A,D,0,,,Y,,Y,,C,02,1,0,0,0,0,0,0,0,1,"- ","- ",36.054929999999999,-118.98833,TULARE,UNINCORPORATED,-118.98832003,36.054990109999999
9053382,2020,2020-11-03,5406,2020-01-14,0111,65,4B,2,5,4,5406,0,0,0,,0,0ES,TULARE,SPRUCE,75.00,E,N,A,-,Y,TUL,6,65,-,-,30.520,H,-,N,Y,2,0,1,2,A,-,07,21658,A,N,C,C,A,A,H,-,C,D,0,,,,,Y,Y,A,01,1,0,0,0,0,0,0,0,0,"- ","- ",,,TULARE,TULARE,-119.11788177490234,36.210769653320312
90540401,2017,2017-09-05,9481,2017-08-19,1420,019162,,6,2,9,5400,0,1,3,,1,054,"STATE ROUTE 190","PINE WAY",19008.00,E,N,A,-,Y,,,190,,,,,,,Y,2,0,1,1,A,-,01,23152,A,N,E,I,A,A,H,-,A,D,0,,,,,Y,Y,A,07,1,0,0,0,0,0,0,0,0,"- ","- ",36.123139999999999,-118.55592,TULARE,UNINCORPORATED,-118.55594221,36.123112169999999