CASE_ID,ACCIDENT_YEAR,PROC_DATE,JURIS,COLLISION_DATE,COLLISION_TIME,OFFICER_ID,REPORTING_DISTRICT,DAY_OF_WEEK,CHP_SHIFT,POPULATION,CNTY_CITY_LOC,SPECIAL_COND,BEAT_TYPE,CHP_BEAT_TYPE,CITY_DIVISION_LAPD,CHP_BEAT_CLASS,BEAT_NUMBER,PRIMARY_RD,SECONDARY_RD,DISTANCE,DIRECTION,INTERSECTION,WEATHER_1,WEATHER_2,STATE_HWY_IND,CALTRANS_COUNTY,CALTRANS_DISTRICT,STATE_ROUTE,ROUTE_SUFFIX,POSTMILE_PREFIX,POSTMILE,LOCATION_TYPE,RAMP_INTERSECTION,SIDE_OF_HWY,TOW_AWAY,COLLISION_SEVERITY,NUMBER_KILLED,NUMBER_INJURED,PARTY_COUNT,PRIMARY_COLL_FACTOR,PCF_CODE_OF_VIOL,PCF_VIOL_CATEGORY,PCF_VIOLATION,PCF_VIOL_SUBSECTION,HIT_AND_RUN,TYPE_OF_COLLISION,MVIW,PED_ACTION,ROAD_SURFACE,ROAD_COND_1,ROAD_COND_2,LIGHTING,CONTROL_DEVICE,CHP_ROAD_TYPE,PEDESTRIAN_ACCIDENT,BICYCLE_ACCIDENT,MOTORCYCLE_ACCIDENT,TRUCK_ACCIDENT,NOT_PRIVATE_PROPERTY,ALCOHOL_INVOLVED,STWD_VEHTYPE_AT_FAULT,CHP_VEHTYPE_AT_FAULT,COUNT_SEVERE_INJ,COUNT_VISIBLE_INJ,COUNT_COMPLAINT_PAIN,COUNT_PED_KILLED,COUNT_PED_INJURED,COUNT_BICYCLIST_KILLED,COUNT_BICYCLIST_INJURED,COUNT_MC_KILLED,COUNT_MC_INJURED,PRIMARY_RAMP,SECONDARY_RAMP,LATITUDE,LONGITUDE,COUNTY,CITY,POINT_X,POINT_Y
90552974,2017,2017-09-21,9480,2017-09-12,1845,019349,,2,2,9,5400,0,3,5,,2,005,"AVENUE 56","HOWARD ROAD",0.00,,Y,A,-,N,,,,,,,,,,Y,2,0,3,2,A,-,09,21801,A,N,A,C,A,A,H,-,A,A,0,,,,,Y,,D,22,1,1,1,0,0,0,0,0,0,"- ","- ",35.89161,-119.28586,TULARE,UNINCORPORATED,-119.28587985999999,35.891890060000001
90563217,2017,2017-10-04,9480,2017-09-27,1905,017108,,3,2,9,5400,0,1,3,,1,021,"STATE ROUTE 63","MILLER AVENUE",0.00,,Y,A,-,Y,,,63,,,,,,,N,2,0,1,2,A,-,09,21802,A,N,D,G,A,A,H,-,C,A,0,,Y,,,Y,,L,04,1,0,0,0,0,0,1,0,0,"- ","- ",36.545870000000001,-119.28695999999999,TULARE,UNINCORPORATED,-119.28696209,36.545870010000002
90567718,2017,2017-10-11,9480,2017-09-29,1920,016723,,5,2,9,5400,0,3,5,,2,004,"ROAD 152","MINERAL KING AVENUE",48.00,N,N,A,-,N,,,,,,,,,,Y,2,0,1,1,A,-,08,22107,,N,E,I,A,A,H,-,C,D,0,,,Y,,Y,,C,06,1,0,0,0,0,0,0,0,1,"- ","- ",36.327249999999999,-119.23379,TULARE,UNINCORPORATED,-119.23381895,36.327250970000001
90567846,2017,2018-01-03,9481,2017-09-14,2217,019104,,4,3,9,5400,0,3,5,,2,020,"BALCH PARK ROAD","YOKOHL VALLEY DRIVE",1584.00,S,N,A,-,N,,,,,,,,,,Y,1,1,0,1,A,-,01,23152,A,N,F,A,A,A,H,-,D,D,0,,,,,Y,Y,D,22,0,0,0,0,0,0,0,0,0,"- ","- ",36.225140000000003,-118.81126,TULARE,UNINCORPORATED,-118.81118773999999,36.225029769999999
90570868,2017,2017-12-21,9480,2017-08-18,2005,019647,,5,2,9,5400,0,3,5,,2,004,"NORTH FORK DRIVE","STATE ROUTE 198",1768.00,N,N,A,-,N,,,,,,,,,,Y,1,1,4,1,A,-,01,23152,G,N,E,I,A,A,H,-,B,A,0,,,,,Y,Y,A,01,2,0,2,0,0,0,0,0,0,"- ","- ",36.442259999999997,-118.90732,TULARE,UNINCORPORATED,-118.9072895,36.44222594
90577602,2017,2017-12-21,9480,2017-10-08,1415,017108,,7,2,9,5400,0,3,5,,2,004,"AVENUE 300","STATE ROUTE 245 (ROAD 204)",1005.00,E,N,A,-,N,,,,,,,,,,Y,1,1,0,1,A,-,01,23152,A,N,E,I,A,A,H,-,A,D,0,,,,,Y,Y,A,01,0,0,0,0,0,0,0,0,0,"- ","- ",36.333069999999999,-119.11327,TULARE,UNINCORPORATED,-119.11327064,36.333084499999998
90578017,2017,2017-10-25,9481,2017-10-22,1140,016065,,7,1,9,5400,0,2,4,,1,011,"ROAD 192","AVENUE 152",100.00,N,N,A,-,N,,,,,,,,,,N,2,0,3,1,C,-,18,,,N,H,A,A,A,H,-,A,D,0,,,,,Y,,-,"- ",1,1,1,0,0,0,0,0,0,"- ","- ",36.066510000000001,-119.1431,TULARE,UNINCORPORATED,-119.14315999999999,36.066144389999998
90578652,2017,2017-12-26,9481,2017-08-07,1730,019149,,1,2,9,5400,0,3,5,,2,050,"ROAD 252","AVENUE 128",2112.00,N,N,A,-,N,,,,,,,,,,Y,1,1,1,2,A,-,05,21650,,N,A,C,A,A,H,-,A,D,0,,,,,Y,,D,22,0,0,1,0,0,0,0,0,0,"- ","- ",36.028419999999997,-119.00855,TULARE,UNINCORPORATED,-119.00857775999999,36.028419360000001
90586140,2017,2017-11-02,9480,2017-11-01,1618,017778,,3,2,9,5400,0,3,5,,2,004,"ROAD 196","AVENUE 320",0.00,,Y,A,-,N,,,,,,,,,,N,2,0,1,2,A,-,08,22107,,N,H,G,A,A,H,-,A,D,0,,Y,,,Y,,L,04,1,0,0,0,0,0,1,0,0,"- ","- ",36.370060000000002,-119.13508,TULARE,UNINCORPORATED,-119.13497984999999,36.369730079999997
90597962,2017,2017-11-20,9481,2017-11-11,0950,018707,,6,1,9,5400,0,1,3,,1,012,"STATE ROUTE 65 NORTHBOUND","ROAD 228",2640.00,N,N,A,-,Y,,,65,,,,,,N,Y,2,0,3,1,A,-,08,22107,,N,E,I,A,A,D,-,A,A,0,,,,,Y,,A,01,1,2,0,0,0,0,0,0,0,"- ","- ",36.138579999999997,-119.06726999999999,TULARE,UNINCORPORATED,-119.06735498,36.13851167
90598751,2017,2017-12-21,9480,2017-10-26,0135,017452,,4,3,4,5406,0,1,3,,2,093,"STATE ROUTE 99 (SOUTHBOUND)","BARDSLEY AVENUE",133.00,N,N,A,-,Y,,,99,,,,,,,N,1,1,0,2,A,-,11,21954,A,N,G,B,D,A,H,-,C,D,0,Y,,,Y,Y,,N,60,0,0,0,1,0,0,0,0,0,"- ","- ",36.197319999999998,-119.32863,TULARE,TULARE,-119.3286619,36.197319489999998
90605058,2017,2018-01-22,9480,2017-11-27,0655,013656,,1,1,9,5400,0,3,5,,2,006,"ROAD 140","AVENUE 240",0.00,,Y,B,C,N,,,,,,,,,,Y,1,1,2,2,A,-,09,21801,A,N,D,C,A,B,H,-,A,A,0,,,,,Y,,A,07,0,1,1,0,0,0,0,0,0,"- ","- ",36.225760000000001,-119.26075,TULARE,UNINCORPORATED,-119.26037986999999,36.225790060000001
90606416,2017,2017-11-30,9480,2017-11-23,1138,013656,,4,1,9,5400,0,3,5,,2,003,"ROAD 68","AVENUE 260",0.00,,Y,A,-,N,,,,,,,,,,Y,2,0,1,2,A,-,12,22450,A,N,D,C,A,A,H,-,A,A,0,,,,,Y,,A,07,1,0,0,0,0,0,0,0,0,"- ","- ",36.261690000000002,-119.42113000000001,TULARE,UNINCORPORATED,-119.42118993,36.261640020000002
90612992,2017,2017-12-18,9480,2017-12-01,1730,019349,,5,2,9,5400,0,3,5,,2,002,"AVENUE 412","ROAD 104",1165.00,W,N,A,-,N,,,,,,,,,,Y,2,0,3,2,A,-,09,21801,A,N,A,C,A,A,H,-,D,D,0,,,,,Y,,A,01,1,1,1,0,0,0,0,0,0,"- ","- ",36.537680000000002,-119.34563,TULARE,UNINCORPORATED,-119.34447041999999,36.538003250000003
90613022,2017,2017-12-21,9480,2017-11-01,0803,016210,,3,1,9,5400,0,3,5,,2,001,"ROAD 80","AVENUE 384",1476.00,S,N,A,-,N,,,,,,,,,,Y,1,1,1,2,A,-,08,22107,,N,C,C,A,A,H,-,A,D,0,,,,Y,Y,,A,07,0,1,0,0,0,0,0,0,0,"- ","- ",36.483919999999998,-119.39394,TULARE,UNINCORPORATED,-119.39394,36.483919999999998
90614353,2017,2017-12-11,9481,2017-12-04,1640,016065,,1,2,9,5400,0,3,5,,2,050,"TULSA ROAD","E. CRABTREE AVENUE",0.00,,Y,A,-,N,,,,,,,,,,N,2,0,1,2,A,-,09,21800,B,N,D,C,A,A,H,-,B,A,0,,,Y,,Y,,C,02,1,0,0,0,0,0,0,0,1,"- ","- ",36.058630000000001,-118.97716,TULARE,UNINCORPORATED,-118.97709002000001,36.058619999999998
90617773,2017,2018-03-22,9480,2017-11-22,1127,016046,,3,1,9,5400,0,1,3,,1,021,"STATE ROUTE 63","AVENUE 336",250.00,N,N,A,-,Y,,,63,,,,,,,Y,1,1,2,3,A,-,08,22107,,N,A,C,A,A,H,-,A,D,0,,,,,Y,,A,01,1,1,0,0,0,0,0,0,0,"- ","- ",36.400019999999998,-119.29622000000001,TULARE,UNINCORPORATED,-119.29630946,36.400021100000004
90619626,2017,2018-01-30,9481,2017-11-21,1345,018982,,2,1,9,5400,0,2,4,,2,052,"MOUNTAIN 137 (RESERVATION ROAD)","ROAD 296",1584.00,W,N,A,-,N,,,,,,,,,,Y,1,1,0,1,A,-,01,23152,A,N,F,A,A,A,H,-,A,D,0,,,,,Y,Y,A,07,0,0,0,0,0,0,0,0,0,"- ","- ",36.026850000000003,-118.91643000000001,TULARE,UNINCORPORATED,-118.91643000000001,36.026850000000003
90641914,2018,2018-01-17,9481,2018-01-08,1615,017957,,1,2,9,5400,0,3,5,,2,020,"BALCH PARK ROAD",SR-190,2112.00,N,N,B,C,N,,,,,,,,,,Y,2,0,1,1,A,-,03,22350,,N,E,I,A,B,H,-,A,D,0,,,,,Y,,A,01,1,0,0,0,0,0,0,0,0,"- ","- ",36.14453125,-118.80487060546875,TULARE,UNINCORPORATED,-118.80485534667969,36.144096374511719
90649368,2018,2018-01-26,9480,2018-01-22,0245,017311,,1,3,9,5400,0,3,5,,2,006,"AVENUE 288","ROAD 168",25.00,E,N,A,-,N,,,,,,,,,,Y,2,0,1,1,A,-,08,22107,,N,E,I,A,A,H,-,D,D,0,,,,,Y,,A,01,1,0,0,0,0,0,0,0,0,"- ","- ",36.312248229980469,-119.19788360595703,TULARE,UNINCORPORATED,-119.19805145263672,36.312217712402344
90654114,2017,2018-03-22,9480,2017-12-23,1156,020890,,6,1,9,5400,0,3,5,,2,003,"AVENUE 280","ROAD 52",839.00,E,N,A,-,N,,,,,,,,,,Y,1,1,1,1,A,-,08,22107,,N,E,I,A,A,H,-,A,D,0,,,,,Y,,A,01,0,1,0,0,0,0,0,0,0,"- ","- ",36.29766,-119.45399999999999,TULARE,UNINCORPORATED,-119.45381546,36.297772799999997
90654118,2017,2018-02-02,9480,2017-12-09,2350,020612,,6,3,9,5400,0,1,3,,1,060,"STATE ROUTE 137","ROAD 168",2640.00,E,N,A,-,Y,,,137,,,,,,,Y,1,1,0,1,A,-,08,22107,,N,F,A,A,A,H,-,D,D,0,,,,,Y,Y,D,22,0,0,0,0,0,0,0,0,0,"- ","- ",36.210740000000001,-119.19654,TULARE,UNINCORPORATED,-119.19654,36.210739619999998
90655399,2018,2018-02-05,9480,2018-01-26,1628,017252,,5,2,9,5400,0,1,3,,1,021,"STATE ROUTE 63","AVENUE 368",32.00,S,N,A,-,Y,,,63,,,,,,,Y,2,0,2,2,A,-,03,22350,,N,C,C,A,A,H,-,A,D,0,,,,Y,Y,,D,22,1,0,1,0,0,0,0,0,0,"- ","- ",36.457710266113281,-119.29550170898438,TULARE,UNINCORPORATED,-119.29544830322266,36.457710266113281
90657413,2018,2018-02-08,9481,2018-01-20,0312,020612,,6,3,4,5405,0,1,3,,1,012,"STATE ROUTE 65 SOUTHBOUND","MORTON AVENUE",215.00,S,N,B,-,Y,,,65,,,,,,S,Y,2,0,1,1,A,-,08,22107,,N,E,I,A,A,H,-,D,D,0,,,,,Y,,A,01,1,0,0,0,0,0,0,0,0,"- ","- ",36.072330474853516,-119.03974914550781,TULARE,PORTERVILLE,-119.03983306884766,36.072330474853516
90657520,2018,2018-05-16,9481,2018-02-03,0600,018595,,6,1,9,5400,0,3,5,,2,050,"AVENUE 88","ROAD 248",0.00,,Y,A,-,N,,,,,,,,,,Y,2,0,2,2,A,-,12,22450,A,N,D,C,A,A,H,-,D,A,0,,,,,Y,,D,22,1,1,0,0,0,0,0,0,0,"- ","- ",35.949520111083984,-119.01825714111328,TULARE,UNINCORPORATED,-119.01809692382812,35.949550628662109
90659311,2018,2018-02-12,9480,2018-02-03,0110,019828,,6,3,9,5400,0,3,5,,2,006,"AVENUE 272","ROAD 128",528.00,E,N,A,-,N,,,,,,,,,,Y,2,0,1,1,A,-,08,22107,,N,E,I,A,A,H,-,D,D,0,,,,,Y,,A,07,1,0,0,0,0,0,0,0,0,"- ","- ",36.285198211669922,-119.28563690185547,TULARE,UNINCORPORATED,-119.28582763671875,36.285221099853516
90662119,2018,2018-02-15,9480,2018-02-11,1038,012251,,7,1,9,5400,0,3,5,,2,006,"SHIRK ROAD (ROAD 92)","WALNUT AVENUE",2798.00,S,N,A,-,N,,,,,,,,,,Y,2,0,2,2,A,-,05,21650,,N,A,C,A,A,H,-,A,D,0,,,,,Y,,A,01,1,1,0,0,0,0,0,0,0,"- ","- ",36.304950714111328,-119.36739349365234,TULARE,UNINCORPORATED,-119.36746215820312,36.305072784423828
90662426,2017,2018-03-22,9480,2017-11-13,0138,017291,,1,3,9,5400,0,1,3,,2,091,"STATE ROUTE-99 (SOUTHBOUND)","STATE ROUTE 198",1584.00,N,N,A,-,Y,,,99,,,,,,,Y,1,2,2,3,A,-,08,22107,,F,D,C,A,A,H,-,D,D,0,,,,,Y,,-,99,1,0,1,0,0,0,0,0,0,"- ","- ",36.333590000000001,-119.41314,TULARE,UNINCORPORATED,-119.41320924,36.33353271
90664334,2018,2018-02-20,9480,2018-01-31,0757,016210,,3,1,9,5400,0,3,5,,2,001,"ROAD 80","AVENUE 384",0.00,,Y,E,-,N,,,,,,,,,,Y,2,0,1,2,A,-,12,21453,A,N,D,C,A,A,H,-,A,A,0,,,,Y,Y,,A,01,1,0,0,0,0,0,0,0,0,"- ","- ",36.487918853759766,-119.39492034912109,TULARE,UNINCORPORATED,-119.39489988,36.487920019999997
90665891,2017,2018-03-27,9480,2017-10-27,2111,016723,,5,2,5,5407,0,1,3,,1,064,"STATE ROUTE 198 (WESTBOUND)","LOVERS LANE",1865.00,W,N,A,-,Y,,,198,,,,,,,Y,1,1,0,4,A,-,11,21954,A,N,G,B,D,A,H,-,D,D,0,Y,,,,Y,Y,N,60,0,0,0,1,0,0,0,0,0,"- ","- ",36.327109999999998,-119.26777,TULARE,VISALIA,-119.26775692,36.326986769999998
90666512,2018,2018-02-22,9481,2018-02-14,0225,019104,,3,3,9,5400,0,3,5,,2,020,"ROAD 276","AVENUE 176",100.00,N,N,A,-,N,,,,,,,,,,Y,2,0,1,1,A,-,01,23152,A,N,E,I,A,A,H,-,D,D,0,,,,,Y,Y,A,01,1,0,0,0,0,0,0,0,0,"- ","- ",36.112300872802734,-118.95562744140625,TULARE,UNINCORPORATED,-118.95553588867188,36.112522125244141
90668198,2018,2018-06-06,9480,2018-02-16,2111,018204,,5,2,9,5400,0,1,3,,1,060,"STATE ROUTE 137 (AVENUE 232)","ROAD 188",0.00,,Y,B,-,Y,,,137,,,,,,,Y,2,0,2,3,A,-,12,22450,A,N,D,C,A,A,H,-,D,A,0,,,,,Y,,A,01,1,1,0,0,0,0,0,0,0,"- ","- ",36.210788726806641,-119.15390014648438,TULARE,UNINCORPORATED,-119.15390014648438,36.210784912109375
90675745,2017,2018-03-06,9481,2017-12-07,0355,016995,,4,3,9,5400,0,1,3,,1,032,"STATE ROUTE 190","ROAD 184",1056.00,E,N,A,-,Y,,,190,,,,,,,Y,1,1,1,2,A,-,01,23152,F,N,A,C,A,A,H,-,D,D,0,,,,Y,Y,,D,22,0,0,1,0,0,0,0,0,0,"- ","- ",36.051279999999998,-119.15875,TULARE,UNINCORPORATED,-119.15874997,36.05127573
90677765,2018,2018-03-08,9480,2018-02-26,1840,013656,,1,2,9,5400,0,1,3,,1,060,SR-137,"ROAD 152",3800.00,E,N,C,-,Y,,,137,,,,,,,Y,2,0,1,1,A,-,01,23152,A,N,E,I,A,B,H,-,D,D,0,,,,,Y,Y,A,01,1,0,0,0,0,0,0,0,0,"- ","- ",36.210781097412109,-119.22045135498047,TULARE,UNINCORPORATED,-119.22045135498047,36.210842132568359
90678948,2018,2018-03-09,9480,2018-01-23,0630,012251,,2,1,9,5400,0,3,5,,2,006,"AVENUE 192","SPACER DRIVE(DRIVE 134)",248.00,E,N,A,-,N,,,,,,,,,,Y,1,1,1,2,A,-,05,21460,A,N,A,C,A,A,H,-,B,A,0,,,,,Y,,A,07,1,0,0,0,0,0,0,0,0,"- ","- ",36.138359069824219,-119.27165985107422,TULARE,UNINCORPORATED,-119.27146911621094,36.138378143310547
90679853,2018,2018-03-12,9480,2018-03-01,2015,019349,,4,2,9,5400,0,1,3,,1,051,"STATE ROUTE 43","AVENUE 120",0.00,,Y,C,-,Y,,,43,,,,,,,Y,2,0,1,2,A,-,12,22450,A,N,D,C,A,B,H,-,D,A,0,,,,Y,Y,,A,01,1,0,0,0,0,0,0,0,0,"- ","- ",36.007110595703125,-119.48983001708984,TULARE,UNINCORPORATED,-119.48980712890625,36.007129669189453
90681857,2018,2018-03-14,9481,2018-02-23,2215,021234,,5,3,9,5400,0,2,4,,1,021,"ROAD 244","AVENUE 196",0.00,,Y,A,-,N,,,,,,,,,,Y,2,0,3,2,A,-,01,23152,A,F,D,C,A,A,H,-,D,A,0,,,,,Y,Y,D,22,1,0,2,0,0,0,0,0,0,"- ","- ",36.145641326904297,-119.02702331542969,TULARE,UNINCORPORATED,-119.02700805664062,36.145660400390625
90683713,2018,2018-03-16,9480,2018-03-08,1215,015282,,4,1,9,5400,0,3,5,,2,004,"CHARTER OAK DRIVE (DRIVE 168B)","ROAD 180",304.00,E,N,A,-,N,,,,,,,,,,Y,2,0,1,1,A,-,08,22107,,N,F,A,A,A,H,-,A,D,0,,,Y,,Y,,C,02,1,0,0,0,0,0,0,0,1,"- ","- ",36.361980438232422,-119.17037963867188,TULARE,UNINCORPORATED,-119.17127227783203,36.361549377441406
90687181,2018,2018-03-21,9480,2018-01-11,1858,019349,,4,2,9,5400,0,1,3,,1,021,"STATE ROUTE 63","AVENUE 404",138.00,S,N,A,-,Y,,,63,,,,,,,N,1,1,0,2,A,-,11,21954,A,F,G,B,D,A,H,-,D,D,0,Y,,,,Y,,N,60,0,0,0,1,0,0,0,0,0,"- ","- ",36.522609710693359,-119.28656768798828,TULARE,UNINCORPORATED,-119.28676605224609,36.522602081298828
90691163,2018,2018-03-27,9481,2018-03-19,1135,018029,,1,1,9,5400,0,2,4,,2,052,"MTN 137 (RESERVATION ROAD)","SUCCESS VALLEY DRIVE",6336.00,E,N,A,-,N,,,,,,,,,,Y,2,0,2,2,A,-,05,21460,A,N,A,C,A,A,H,-,A,D,0,,,,Y,Y,,A,01,2,0,0,0,0,0,0,0,0,"- ","- ",36.024341583251953,-118.83853149414062,TULARE,UNINCORPORATED,-118.83856201171875,36.024307250976562
9069181,2020,2020-07-23,5407,2020-01-19,2343,M203,480,7,5,5,5407,0,0,0,,0,,WALNUT,SHIRK,2250.00,W,N,A,-,N,,,,,,,,,,Y,2,0,1,2,A,-,11,21956,,N,G,B,E,A,H,-,D,A,0,Y,,,,Y,,N,60,1,0,0,0,1,0,0,0,0,"- ","- ",36.320960998535156,-119.39040374755859,TULARE,VISALIA,-119.37518310546875,36.312728881835938
90695373,2018,2018-03-30,9480,2018-03-22,1540,019349,,4,2,9,5400,0,3,5,,2,003,"AVENUE 280","ROAD 68",2730.00,W,N,C,-,N,,,,,,,,,,N,2,0,1,2,A,-,11,21954,A,N,G,B,D,B,H,-,A,D,0,Y,,,,Y,,N,60,1,0,0,0,1,0,0,0,0,"- ","- ",36.297969818115234,-119.43061828613281,TULARE,UNINCORPORATED,-119.43055725097656,36.297866821289062
9069821,2020,2020-11-09,5407,2020-03-25,1946,M66,480,3,5,5,5407,0,0,0,,0,,"RT 63","VINE ST",108.00,S,N,B,-,Y,TUL,6,63,-,-,9.500,H,-,N,N,2,0,1,2,A,-,11,21955,,F,G,B,D,A,H,-,C,A,0,Y,,,,Y,Y,N,60,1,0,0,0,1,0,0,0,0,"- ","- ",36.347549438476562,-119.29676818847656,TULARE,VISALIA,-119.29691314697266,36.347450256347656
90698525,2018,2018-04-04,9480,2018-03-28,2210,017311,,3,3,9,5400,0,3,5,,2,006,"ROAD 188","AVENUE 240",500.00,S,N,A,-,N,,,,,,,,,,Y,2,0,2,1,A,-,01,23152,A,N,F,A,A,A,H,-,D,D,0,,,,,Y,Y,A,01,2,0,0,0,0,0,0,0,0,"- ","- ",36.223030090332031,-119.15416717529297,TULARE,UNINCORPORATED,-119.15435028076172,36.223381042480469
90698916,2018,2018-04-16,9480,2018-03-28,0720,016046,,3,1,9,5400,0,1,3,,1,010,"STATE ROUTE 201","ROAD 74",0.00,,Y,A,-,Y,,,201,,,,,,,Y,1,1,1,2,A,-,09,21802,A,N,D,C,A,A,H,-,A,A,0,,,,,Y,,A,07,0,1,0,0,0,0,0,0,0,"- ","- ",36.517040252685547,-119.40834045410156,TULARE,UNINCORPORATED,-119.40834045410156,36.517055511474609
90699400,2018,2018-04-05,9480,2018-03-25,2345,019828,,7,3,9,5400,0,3,5,,2,001,"ROAD 52","AVENUE 309",309.00,N,N,B,-,N,,,,,,,,,,Y,2,0,2,2,A,-,01,23152,A,N,E,I,A,A,H,-,D,D,0,,,,,Y,Y,A,01,2,0,0,0,0,0,0,0,0,"- ","- ",36.351680755615234,-119.45745086669922,TULARE,UNINCORPORATED,-119.4573974609375,36.351757049560547
90704636,2018,2018-04-12,9480,2018-04-07,2000,018657,,6,2,9,5400,0,3,5,,2,003,"ROAD 92","AVENUE 256",2112.00,S,N,A,-,Y,,,,,,,,,,Y,2,0,3,3,A,-,01,23152,A,N,A,C,A,A,H,-,D,D,0,,,,,Y,Y,D,22,1,1,1,0,0,0,0,0,0,"- ","- ",36.247650146484375,-119.36685943603516,TULARE,UNINCORPORATED,-119.00021362304688,35.95697021484375
90711243,2018,2018-04-23,9480,2018-04-15,0445,020890,,7,3,9,5400,0,1,3,,1,040,"STATE ROUTE 216","ROAD 188",1056.00,E,N,A,-,Y,,,216,,,,,,,Y,2,0,2,1,A,-,01,23152,A,N,E,I,A,A,H,-,D,D,0,,,,,Y,Y,A,01,2,0,0,0,0,0,0,0,0,"- ","- ",36.409820556640625,-119.14811706542969,TULARE,UNINCORPORATED,-119.14806365966797,36.409709930419922
90712799,2018,2018-04-25,9481,2018-04-18,0450,019578,,3,3,9,5400,0,3,5,,2,010,"ROAD 196","AVENUE 224",118.00,N,N,A,-,N,,,,,,,,,,Y,2,0,1,1,A,-,08,22107,,N,E,I,A,A,H,-,D,D,0,,,,,Y,,A,01,1,0,0,0,0,0,0,0,0,"- ","- ",36.196090698242188,-119.13569641113281,TULARE,UNINCORPORATED,-119.13578033447266,36.196643829345703
90716265,2018,2018-04-30,9480,2018-03-14,0205,019828,,3,3,5,5407,0,1,3,,1,064,"STATE ROUTE 198 (EASTBOUND)","BEN MADDOX WAY",0.00,,N,B,-,Y,,,198,,,,,,,Y,1,1,0,1,A,-,03,22350,,N,F,A,A,B,H,-,D,D,0,,,,,Y,,A,01,0,0,0,0,0,0,0,0,0,"- ","- ",36.326728820800781,-119.28031158447266,TULARE,VISALIA,-119.28029632568359,36.326850891113281
90719024,2018,2018-05-09,9480,2018-04-27,2152,018521,,5,2,9,5400,0,3,5,,2,004,"MILLWOOD DR","CAJON AVE",1056.00,N,N,A,-,N,,,,,,,,,,Y,2,0,1,1,A,-,01,23152,A,N,E,I,A,A,H,-,D,D,0,,,,,Y,Y,A,01,1,0,0,0,0,0,0,0,0,"- ","- ",36.431049346923828,-119.1256103515625,TULARE,UNINCORPORATED,-119.12551879882812,36.431060791015625
90719835,2018,2018-05-04,9480,2018-04-24,0405,019543,,2,3,9,5400,0,3,5,,2,001,"DRIVE 60","AVE 320",2112.00,N,N,A,-,N,,,,,,,,,,Y,2,0,1,1,A,-,01,23152,A,N,E,I,A,A,H,-,D,A,0,,,,,Y,Y,A,01,1,0,0,0,0,0,0,0,0,"- ","- ",36.377250671386719,-119.43914031982422,TULARE,UNINCORPORATED,-119.43929290771484,36.377239227294922
90719896,2018,2018-05-04,9480,2018-04-29,1320,019349,,7,1,9,5400,0,3,5,,2,002,"WHITAKER FOREST RD","STATE ROUTE 245",300.00,E,N,A,-,N,,,,,,,,,,N,2,0,1,1,A,-,17,21712,A,N,H,A,A,A,H,-,A,D,0,,,Y,,Y,,C,06,1,0,0,0,0,0,0,0,1,"- ","- ",36.620128631591797,-119.00969696044922,TULARE,UNINCORPORATED,-119.01279449462891,36.630439758300781
90720888,2018,2018-05-07,9480,2018-04-23,1250,013821,,1,1,9,5400,0,3,5,,2,003,"AVENUE 240","ROAD 68",6335.00,W,N,A,-,N,,,,,,,,,,Y,2,0,1,1,A,-,08,22107,,N,E,I,A,A,H,-,A,D,0,,,,,Y,Y,A,07,1,0,0,0,0,0,0,0,0,"- ","- ",36.225551605224609,-119.43509674072266,TULARE,UNINCORPORATED,-119.44248962402344,36.225566864013672
90726214,2018,2018-05-14,9481,2018-05-02,0545,015218,,3,3,9,5400,0,3,5,,2,030,"ROAD 160","AVENUE 24",500.00,S,N,A,-,N,,,,,,,,,,Y,2,0,2,2,A,-,05,21650,,N,A,C,A,A,H,-,D,D,0,,,,,Y,,A,08,1,1,0,0,0,0,0,0,0,"- ","- ",35.829730987548828,-119.21462249755859,TULARE,UNINCORPORATED,-119.21470642089844,35.832687377929688
90733276,2018,2018-06-11,9481,2018-05-15,0415,018029,,2,3,9,5400,0,3,5,,2,010,"ROAD 208","AVENUE 160",1056.00,N,N,A,-,N,,,,,,,,,,Y,2,0,2,2,A,-,17,24250,,N,C,C,A,A,H,-,D,D,0,,,,Y,Y,,M,46,1,1,0,0,0,0,0,0,0,"- ","- ",36.084140777587891,-119.10748291015625,TULARE,UNINCORPORATED,-119.10751342773438,36.083217620849609
90739514,2018,2018-08-16,9480,2018-04-15,0050,019111,,7,3,9,5400,0,1,3,,1,051,"STATE ROUTE 43 (CENTRAL VALLEY HIGHWAY)","AVENUE 88",7920.00,N,N,A,-,Y,,,,,,,,,,Y,1,3,0,2,A,-,01,23152,A,N,A,C,A,A,H,-,D,D,0,,,,,Y,Y,A,01,0,0,0,0,0,0,0,0,0,"- ","- ",36.961639404296875,-119.45671844482422,TULARE,UNINCORPORATED,-119.46121215820312,35.967964172363281