CASE_ID,ACCIDENT_YEAR,PROC_DATE,JURIS,COLLISION_DATE,COLLISION_TIME,OFFICER_ID,REPORTING_DISTRICT,DAY_OF_WEEK,CHP_SHIFT,POPULATION,CNTY_CITY_LOC,SPECIAL_COND,BEAT_TYPE,CHP_BEAT_TYPE,CITY_DIVISION_LAPD,CHP_BEAT_CLASS,BEAT_NUMBER,PRIMARY_RD,SECONDARY_RD,DISTANCE,DIRECTION,INTERSECTION,WEATHER_1,WEATHER_2,STATE_HWY_IND,CALTRANS_COUNTY,CALTRANS_DISTRICT,STATE_ROUTE,ROUTE_SUFFIX,POSTMILE_PREFIX,POSTMILE,LOCATION_TYPE,RAMP_INTERSECTION,SIDE_OF_HWY,TOW_AWAY,COLLISION_SEVERITY,NUMBER_KILLED,NUMBER_INJURED,PARTY_COUNT,PRIMARY_COLL_FACTOR,PCF_CODE_OF_VIOL,PCF_VIOL_CATEGORY,PCF_VIOLATION,PCF_VIOL_SUBSECTION,HIT_AND_RUN,TYPE_OF_COLLISION,MVIW,PED_ACTION,ROAD_SURFACE,ROAD_COND_1,ROAD_COND_2,LIGHTING,CONTROL_DEVICE,CHP_ROAD_TYPE,PEDESTRIAN_ACCIDENT,BICYCLE_ACCIDENT,MOTORCYCLE_ACCIDENT,TRUCK_ACCIDENT,NOT_PRIVATE_PROPERTY,ALCOHOL_INVOLVED,STWD_VEHTYPE_AT_FAULT,CHP_VEHTYPE_AT_FAULT,COUNT_SEVERE_INJ,COUNT_VISIBLE_INJ,COUNT_COMPLAINT_PAIN,COUNT_PED_KILLED,COUNT_PED_INJURED,COUNT_BICYCLIST_KILLED,COUNT_BICYCLIST_INJURED,COUNT_MC_KILLED,COUNT_MC_INJURED,PRIMARY_RAMP,SECONDARY_RAMP,LATITUDE,LONGITUDE,COUNTY,CITY,POINT_X,POINT_Y
90742452,2018,2018-06-06,9480,2018-05-31,0655,013656,,4,1,9,5400,0,3,5,,2,006,"ROAD 108","AVENUE 264",0.00,,Y,A,-,N,,,,,,,,,,Y,2,0,3,2,A,-,01,23152,A,N,D,C,A,A,H,-,A,A,0,,,,,Y,Y,A,01,3,0,0,0,0,0,0,0,0,"- ","- ",36.269290924072266,-119.33129119873047,TULARE,UNINCORPORATED,-119.33125305175781,36.269290924072266
90750288,2018,2018-06-19,9480,2018-06-15,1142,013656,,5,1,9,5400,0,3,5,,2,006,"ROAD 164","AVENUE 256",0.00,,Y,A,-,N,,,,,,,,,,Y,2,0,1,2,A,-,05,21752,D,N,D,C,A,A,H,-,A,A,0,,,,,Y,,A,01,1,0,0,0,0,0,0,0,0,"- ","- ",36.254219055175781,-119.2069091796875,TULARE,UNINCORPORATED,-119.20691994000001,36.254210059999998
90750331,2018,2018-08-07,9480,2018-04-21,1325,020612,,6,1,9,5400,0,1,3,,1,010,"STATE ROUTE 201 (AVENUE 400)","ROAD 48",400.00,W,N,A,-,Y,,,,,,,,,,Y,1,1,0,1,A,-,01,23152,A,N,E,I,A,A,H,-,A,D,0,,,,,Y,Y,A,01,0,0,0,0,0,0,0,0,0,"- ","- ",36.517559051513672,-119.46846008300781,TULARE,UNINCORPORATED,,
90751966,2018,2018-06-20,9480,2018-06-12,1425,017108,,2,2,9,5400,0,3,5,,2,006,"ROAD 204 (SPRUCE ROAD)","AVENUE 264",89.00,N,N,A,-,N,,,,,,,,,,Y,2,0,2,2,A,-,05,21460,A,N,A,C,A,A,H,-,A,D,0,,,,Y,Y,,A,01,1,0,1,0,0,0,0,0,0,"- ","- ",36.268199920654297,-119.11820983886719,TULARE,UNINCORPORATED,-119.11818695068359,36.268154144287109
90753704,2018,2018-08-13,9480,2018-06-14,2145,016145,,4,2,9,5400,0,3,5,,2,004,"AVE 328","RD 159",105.00,E,N,A,-,N,,,,,,,,,,N,1,1,0,2,A,-,11,21954,A,F,G,B,D,A,H,-,C,D,0,Y,,,,Y,,N,60,0,0,0,1,0,0,0,0,0,"- ","- ",36.385021209716797,-119.21666717529297,TULARE,UNINCORPORATED,-119.21770477294922,36.385059356689453
90756093,2018,2018-08-07,9480,2018-04-24,1130,013821,,2,1,9,5400,0,1,3,,1,065,"STATE ROUTE 65 (ROAD 196)","AVENUE 240",628.00,S,N,A,-,Y,,,,,,,,,,Y,1,1,1,2,A,-,01,23152,G,N,A,C,A,A,H,-,A,D,0,,,,,Y,Y,A,01,0,0,1,0,0,0,0,0,0,"- ","- ",36.223140716552734,-119.13639831542969,TULARE,UNINCORPORATED,,
90756097,2018,2018-08-16,9480,2018-05-21,2339,021249,,1,3,9,5400,0,1,3,,1,064,"SR-198 (EASTBOUND)","ROAD 182",1390.00,E,N,A,-,Y,,,198,,,,,,,Y,1,1,0,1,A,-,01,23152,G,N,F,A,A,A,H,-,D,D,0,,,,,Y,,A,01,0,0,0,0,0,0,0,0,0,"- ","- ",36.326408386230469,-119.16245269775391,TULARE,UNINCORPORATED,-119.16245269775391,36.326400756835938
90756419,2018,2018-06-26,9480,2018-04-02,1820,018657,,1,2,9,5400,0,3,5,,2,006,"ROAD 124 (NORTH OAKMORE STREET)","AVENUE 256 (EAST OAKDALE AVENUE)",0.00,,Y,A,-,N,,,,,,,,,,Y,1,1,2,3,A,-,09,21802,A,N,D,C,A,A,H,-,A,A,0,,,,,Y,,D,22,1,1,0,0,0,0,0,0,0,"- ","- ",36.255859375,-119.29631042480469,TULARE,UNINCORPORATED,-119.29633331298828,36.255851745605469
90757454,2018,2018-08-06,9480,2018-05-19,0744,016723,,6,1,9,5400,0,1,3,,1,040,"STATE ROUTE 216 (ROAD 160)","AVENUE 320",950.00,N,N,A,-,Y,,,216,,,,,,,Y,1,1,0,1,A,-,08,22107,,N,E,I,A,A,H,-,A,D,0,,,,,Y,,A,01,0,0,0,0,0,0,0,0,0,"- ","- ",36.373680114746094,-119.21566009521484,TULARE,UNINCORPORATED,-119.21564483642578,36.373680114746094
90759636,2018,2018-10-18,9480,2018-06-15,2323,017291,,5,3,9,5400,0,1,3,,1,021,"STATE ROUTE 63 (ROAD 128)","AVENUE 392",1334.00,S,N,A,-,Y,,,63,,,,,,,Y,1,1,5,2,A,-,01,23152,A,N,A,C,A,A,H,-,D,D,0,,,,,Y,Y,A,07,3,2,0,0,0,0,0,0,0,"- ","- ",36.500228881835938,-119.28656768798828,TULARE,UNINCORPORATED,-119.28665161132812,36.500228881835938
90763283,2018,2018-07-05,9480,2018-06-21,2230,019543,,4,3,9,5400,0,1,3,,2,093,SR-99,"CARTMILL AVE",2640.00,S,N,A,-,Y,,,,,,,,,,Y,2,0,1,1,A,-,08,22107,,N,E,I,A,A,H,-,C,D,0,,,,,Y,,A,07,1,0,0,0,0,0,0,0,0,"- ","- ",36.234519958496094,-119.34165191650391,TULARE,UNINCORPORATED,-119.34124755859375,36.234081268310547
90769834,2018,2018-07-16,9480,2018-07-05,1830,018521,,4,2,9,5400,0,3,5,,2,001,"AVE 376","RD 57",520.00,W,N,A,-,N,,,,,,,,,,Y,2,0,1,1,A,-,01,23152,A,N,E,I,A,A,H,-,A,D,0,,,,,Y,Y,A,01,1,0,0,0,0,0,0,0,0,"- ","- ",36.473388671875,-119.44708251953125,TULARE,UNINCORPORATED,-119.44706726074219,36.47344970703125
90769852,2018,2018-07-16,9481,2018-07-06,0815,017991,,5,1,9,5400,0,3,5,,2,050,"HOT SPRINGS ROAD","OLD STAGE ROAD",31680.00,E,N,A,-,N,,,,,,,,,,Y,2,0,2,2,A,-,05,21650,,N,A,C,A,A,H,-,A,D,0,,,,,Y,,D,22,1,1,0,0,0,0,0,0,0,"- ","- ",36.878890991210938,-118.82466888427734,TULARE,UNINCORPORATED,-118.82553100585938,35.878925323486328
90770224,2018,2018-07-16,9480,2018-07-11,0730,015047,,3,1,9,5400,0,1,3,,1,025,"SR 245 (MILLWOOD DR.)","BOYD DRIVE",2373.00,N,N,A,-,Y,,,245,,,,,,,Y,2,0,1,1,A,-,17,21662,A,N,E,I,A,A,H,-,A,D,0,,,Y,,Y,,C,02,1,0,0,0,0,0,0,0,1,"- ","- ",36.569431304931641,-119.12579345703125,TULARE,UNINCORPORATED,-119.12586975097656,36.569438934326172
90776585,2018,2018-07-25,9480,2018-07-14,1940,019349,,6,2,9,5400,0,3,5,,2,006,"ROAD 164","AVENUE 272",722.00,N,N,A,-,N,,,,,,,,,,Y,2,0,5,2,A,-,01,23152,G,N,A,C,A,A,H,-,B,D,0,,,,,Y,Y,A,01,2,2,1,0,0,0,0,0,0,"- ","- ",36.285320281982422,-119.20736694335938,TULARE,UNINCORPORATED,-119.20732116699219,36.285324096679688
90781818,2018,2018-08-06,9481,2018-07-28,1526,019280,,6,2,9,5400,0,1,3,,1,012,"STATE ROUTE 65 (NORTHBOUND)","AVENUE 208",0.00,,Y,A,-,Y,,,65,,,,,,,Y,2,0,10,2,A,-,09,21802,A,N,D,C,A,A,H,-,A,A,0,,,,,Y,,A,01,2,3,5,0,0,0,0,0,0,"- ","- ",36.167350769042969,-119.08302307128906,TULARE,UNINCORPORATED,-119.0830078125,36.167354583740234
90782690,2018,2018-10-18,9480,2018-07-04,0424,021186,,3,3,9,5400,0,3,5,,2,002,"AVENUE 408 (KAMM AVENUE)","ROAD 112",1584.00,W,N,A,-,N,,,,,,,,,,Y,1,1,2,2,A,-,03,22350,,F,C,C,A,A,H,-,D,D,0,,,,,Y,Y,A,01,2,0,0,0,0,0,0,0,0,"- ","- ",36.530609130859375,-119.32829284667969,TULARE,UNINCORPORATED,-119.32796478271484,36.530624389648438
90784362,2018,2018-08-06,9481,2018-08-02,0015,019578,,4,3,9,5400,0,3,5,,2,050,"ROAD 284","AVENUE 146",0.00,,Y,A,-,N,,,,,,,,,,Y,2,0,1,1,A,-,12,22450,A,N,E,I,A,A,H,-,D,A,0,,,,,Y,,A,01,1,0,0,0,0,0,0,0,0,"- ","- ",36.052520751953125,-118.93714904785156,TULARE,UNINCORPORATED,-118.93717193603516,36.052490234375
90788186,2018,2018-08-10,9480,2018-07-30,1225,013656,,1,1,9,5400,0,1,3,,1,064,"SR-198 W/B FROM ROAD 156","ROAD 156",1000.00,W,N,A,-,Y,,,198,,,,R,,W,Y,2,0,2,2,A,-,08,22107,,N,D,C,A,A,H,-,A,A,0,,,,,Y,,D,22,1,0,1,0,0,0,0,0,0,"- ","- ",36.326999664306641,-119.22837829589844,TULARE,UNINCORPORATED,-119.22837829589844,36.326999664306641
90788558,2018,2018-08-10,9481,2018-06-29,1145,016776,,5,1,9,5400,0,3,5,,2,010,"ROAD 152","AVENUE 192",2640.00,N,N,A,-,N,,,,,,,,,,Y,1,1,0,2,A,-,06,21751,,N,A,C,A,A,H,-,A,D,0,,,,,Y,,A,01,0,0,0,0,0,0,0,0,0,"- ","- ",36.141841888427734,-119.23259735107422,TULARE,UNINCORPORATED,-119.23275756835938,36.145500183105469
90789110,2018,2018-08-15,9480,2018-08-04,0220,020890,,6,3,9,5400,0,3,5,,2,001,"AVENUE 416","ROAD 44",40.00,E,N,A,-,N,,,,,,,,,,N,1,1,0,2,A,-,11,21954,A,N,G,B,D,A,H,-,D,D,0,Y,,,,Y,,N,60,0,0,0,1,0,0,0,0,0,"- ","- ",36.546550750732422,-119.47528076171875,TULARE,UNINCORPORATED,-119.4754638671875,36.546550750732422
90789645,2018,2019-01-03,9481,2018-08-06,1700,020252,,1,2,9,5400,0,1,3,,1,053,SR-190,"ROAD 320",1056.00,E,N,A,-,Y,,,190,,,,,,,Y,2,0,6,2,A,-,08,22107,,N,A,C,A,A,H,-,A,D,0,,,,,Y,,A,01,3,2,1,0,0,0,0,0,0,"- ","- ",36.102169036865234,-118.85281372070312,TULARE,UNINCORPORATED,-118.85283660888672,36.101978302001953
90791572,2018,2018-08-15,9480,2018-08-10,1458,018204,,5,2,9,5400,0,1,3,,1,064,"SR 198 W/B","PLAZA DR",1978.00,W,N,B,-,Y,,,,,,,,,,Y,2,0,2,3,A,-,07,21658,A,N,B,C,A,A,H,-,A,D,0,,,Y,,Y,,A,01,1,1,0,0,0,0,0,0,2,"- ","- ",36.327259063720703,-119.39717102050781,TULARE,UNINCORPORATED,-119.39680480957031,36.327350616455078
90805195,2018,2018-09-04,9480,2018-08-24,1700,015282,,5,2,9,5400,0,3,5,,2,002,"AVENUE 460","ROAD 136",0.00,,N,A,-,N,,,,,,,,,,Y,2,0,1,2,A,-,05,21460,A,N,B,C,A,A,H,-,A,D,0,,,,,Y,,D,22,1,0,0,0,0,0,0,0,0,"- ","- ",36.373699188232422,-119.15440368652344,TULARE,UNINCORPORATED,-119.26911163330078,36.624240875244141
90808212,2018,2018-10-29,9480,2018-09-01,1845,018204,,6,2,9,5400,0,3,5,,2,006,"ROAD 100","AVENUE 276",0.00,,Y,A,-,N,,,,,,,,,,Y,2,0,1,2,A,-,09,21801,A,N,D,C,A,A,H,-,B,D,0,,,,,Y,,A,07,1,0,0,0,0,0,0,0,0,"- ","- ",36.290889739990234,-119.36727905273438,TULARE,UNINCORPORATED,-119.34931992999999,36.290980040000001
90809003,2018,2018-09-10,9480,2018-08-28,0823,013656,,2,1,5,5407,0,1,3,,1,064,"SR-198 W/B","BRIDGE ST",109.00,W,N,A,-,Y,,,198,,,,,,W,Y,2,0,1,2,A,-,03,22350,,N,C,C,A,A,H,-,A,D,0,,,,,Y,,A,01,1,0,0,0,0,0,0,0,0,"- ","- ",36.327091217041016,-119.28946685791016,TULARE,VISALIA,-119.28946685791016,36.326908111572266
90814713,2018,2018-09-17,9480,2018-08-22,0805,013643,,3,1,9,5400,0,3,5,,2,005,"ROAD 120","AVENUE 88",190.00,N,N,A,-,N,,,,,,,,,,Y,1,1,0,1,A,-,08,22107,,N,E,I,A,A,F,-,A,D,0,,,,,Y,,A,01,0,0,0,0,0,0,0,0,0,"- ","- ",35.950599670410156,-119.30371856689453,TULARE,UNINCORPORATED,-119.37551879882812,36.007598876953125
90817811,2018,2018-09-20,9481,2018-09-07,1115,016065,,5,1,9,5400,0,2,4,,1,051,"SPRINGVILLE DRIVE","HILLCREST STREET",528.00,E,N,A,-,N,,,,,,,,,,Y,1,1,1,2,A,-,08,22107,,F,E,I,A,A,H,-,A,D,0,,,,,Y,Y,A,08,0,1,0,0,0,0,0,0,0,"- ","- ",36.055900573730469,-118.98970031738281,TULARE,UNINCORPORATED,-118.98976135253906,36.055850982666016
90822554,2018,2018-09-27,9480,2018-09-14,1100,013643,,5,1,9,5400,0,3,5,,2,005,"ROAD 128","AVENUE 24",0.00,,Y,A,-,N,,,,,,,,,,Y,2,0,2,2,A,-,09,21802,A,N,D,C,A,A,H,-,A,A,0,,,,,Y,,M,46,2,0,0,0,0,0,0,0,0,"- ","- ",35.833759307861328,-119.28598022460938,TULARE,UNINCORPORATED,-119.28598022460938,35.833759307861328
90825475,2018,2018-10-01,9481,2018-09-24,0940,016065,,1,1,9,5400,0,3,5,,2,050,"ROAD 256","AVENUE 116",0.00,,Y,A,-,N,,,,,,,,,,N,2,0,1,2,A,-,01,23152,A,M,D,C,A,A,H,-,A,A,0,,,,Y,Y,Y,A,01,1,0,0,0,0,0,0,0,0,"- ","- ",36.000518798828125,-118.99990844726562,TULARE,UNINCORPORATED,-118.99984741210938,36.000541687011719
90825502,2018,2018-10-01,9480,2018-09-15,1950,018204,,6,2,9,5400,0,3,5,,2,006,"ROAD 216","AVENUE 254",0.00,,Y,A,-,N,,,,,,,,,,Y,2,0,1,2,A,-,01,23152,A,F,A,C,A,A,H,-,C,D,0,,,,,Y,Y,A,01,1,0,0,0,0,0,0,0,0,"- ","- ",36.249820709228516,-119.09136962890625,TULARE,UNINCORPORATED,-119.00552368164062,36.181728363037109
90826569,2018,2019-03-27,9480,2018-09-06,0600,015290,,4,1,9,5400,0,1,3,,1,051,"STATE ROUTE 43","AVENUE 144",0.00,,Y,A,-,Y,,,43,,,,,,,Y,1,1,2,2,A,-,09,21802,A,N,D,C,A,A,H,-,D,A,0,,,Y,,Y,Y,A,07,0,0,2,0,0,0,0,1,0,"- ","- ",36.0506591796875,-119.52166748046875,TULARE,UNINCORPORATED,-119.52162933349609,36.050689697265625
90831277,2018,2018-10-08,9480,2018-10-01,1755,017108,,1,2,9,5400,0,1,3,,1,060,"STATE ROUTE 137 (AVENUE 232)","ROAD 168",1827.00,W,N,A,F,Y,,,137,,,,,,,Y,2,0,4,3,A,-,01,23152,A,N,A,C,A,A,H,-,A,A,0,,,,,Y,Y,A,01,3,1,0,0,0,0,0,0,0,"- ","- ",36.210758209228516,-119.20620727539062,TULARE,UNINCORPORATED,-119.20620727539062,36.210735321044922
90831698,2018,2018-10-09,9480,2018-09-29,1550,019186,,6,2,9,5400,0,3,5,,2,002,"ROAD 120 (HILLS VALLEY ROAD)","AVENUE 448 (MANNING AVENUE)",0.00,,Y,A,-,N,,,,,,,,,,Y,2,0,1,2,A,-,09,21802,A,N,D,C,A,A,H,-,A,A,0,,,,,Y,,A,07,1,0,0,0,0,0,0,0,0,"- ","- ",36.603080749511719,-119.304931640625,TULARE,UNINCORPORATED,-119.30484991,36.602700040000002
90833859,2018,2018-10-11,9480,2018-10-03,2220,019828,,3,3,5,5407,0,1,3,,1,064,"SR-198 E/B","COUNTY CENTER DR",154.00,E,N,B,C,Y,,,198,,,,,,E,Y,2,0,1,1,A,-,08,22107,,N,E,I,A,B,H,-,D,D,0,,,,,Y,,A,01,1,0,0,0,0,0,0,0,0,"- ","- ",36.327011108398438,-119.32515716552734,TULARE,VISALIA,-119.32516479492188,36.327186584472656
90834543,2018,2018-10-12,9481,2018-10-05,0534,016147,,5,3,9,5400,0,3,5,,2,010,"ROAD 208","AVENUE 176",0.00,,Y,B,-,N,,,,,,,,,,Y,2,0,4,2,A,-,09,21802,A,N,D,C,A,A,H,-,D,A,0,,,,Y,Y,,F,26,2,0,2,0,0,0,0,0,0,"- ","- ",36.108989715576172,-119.10755920410156,TULARE,UNINCORPORATED,-119.10755157470703,36.109210968017578
90836847,2018,2018-10-16,9480,2018-09-28,1245,013821,,5,1,5,5407,0,3,5,,2,004,"DRY CREEK DRIVE",SR-216,12144.00,N,N,A,-,N,,,,,,,,,,N,2,0,1,1,A,-,08,22107,,N,F,A,A,A,H,-,A,A,0,,,Y,,Y,,C,02,1,0,0,0,0,0,0,0,1,"- ","- ",36.431880950927734,-119.02787780761719,TULARE,VISALIA,-119.02787780761719,36.431880950927734
9084139,2020,2020-06-29,5406,2020-03-08,1258,42,4A,7,5,4,5406,0,0,0,,0,0WS,"PROSPERITY AV","J ST",0.00,,Y,A,-,N,,,,,,,,,,Y,2,0,9,2,A,-,12,21453,A,N,D,C,A,A,H,-,A,A,0,,,,,Y,,A,01,2,2,5,0,0,0,0,0,0,"- ","- ",,,TULARE,TULARE,-119.35204315185547,36.225601196289062
90841617,2018,2018-10-22,9480,2018-10-12,2030,019186,,5,2,9,5400,0,1,3,,2,091,"SR-99 N/B","AVENUE 328",2112.00,N,N,A,-,Y,,,99,,,,,,N,N,2,0,1,3,A,-,08,22107,,N,B,C,E,A,H,-,D,D,0,Y,,,Y,Y,,G,25,1,0,0,0,1,0,0,0,0,"- ","- ",36.391139984130859,-119.44747924804688,TULARE,UNINCORPORATED,-119.44754791259766,36.391094207763672
90849875,2018,2018-10-31,9480,2018-10-14,1900,019186,,7,2,9,5400,0,1,3,,1,021,"STATE ROUTE 63 (ROAD 124)","AVENUE 368",1170.00,S,N,A,-,Y,,,63,,,,,,,N,1,1,0,2,A,-,11,21954,A,N,G,B,D,A,H,-,D,D,0,Y,,,,Y,,N,60,0,0,0,1,0,0,0,0,0,"- ","- ",36.454360961914062,-119.29538726806641,TULARE,UNINCORPORATED,-119.29549407958984,36.454360961914062
90851177,2018,2018-11-01,9480,2018-10-28,1832,018204,,7,2,9,5400,0,1,3,,1,021,"SR 63 (RD 128)","AVENUE 414",127.00,N,N,B,-,Y,,,63,,,,,,,N,2,0,1,2,A,-,11,21954,A,N,G,B,D,A,H,-,C,D,0,Y,,,,Y,Y,N,60,1,0,0,0,1,0,0,0,0,"- ","- ",36.541458129882812,-119.28678894042969,TULARE,UNINCORPORATED,-119.28688049316406,36.541458129882812
90861086,2018,2018-11-15,9480,2018-11-11,1650,017108,,7,2,9,5400,0,3,5,,2,006,"ROAD 128 (SANTA FE ROAD)","AVENUE 272",0.00,,Y,A,-,N,,,,,,,,,,Y,2,0,1,2,A,-,12,22450,A,N,D,C,A,A,H,-,B,A,0,,,,,Y,,A,01,1,0,0,0,0,0,0,0,0,"- ","- ",36.285099029541016,-119.28766632080078,TULARE,UNINCORPORATED,-119.28761291503906,36.285121917724609
90861100,2018,2018-12-03,9480,2018-11-04,1718,019048,,7,2,9,5400,0,1,3,,1,045,SR-245,"AVENUE 328",300.00,S,N,A,-,Y,,,245,,,,,,,Y,1,1,1,2,A,-,08,22107,,N,D,C,A,A,H,-,A,D,0,,,Y,,Y,,A,08,1,0,0,0,0,0,0,1,1,"- ","- ",36.384151458740234,-119.09835052490234,TULARE,UNINCORPORATED,-119.09851837158203,36.384143829345703
90863094,2018,2018-11-19,9480,2018-10-27,0615,016723,,6,1,9,5400,0,1,3,,2,093,"STATE ROUTE 99 (SOUTHBOUND)","AVENUE 152",1285.00,S,N,A,-,Y,,,99,,,,,,,Y,2,0,1,1,A,-,08,22107,,N,E,I,A,A,H,-,D,D,0,,,,,Y,,A,01,1,0,0,0,0,0,0,0,0,"- ","- ",36.062038421630859,-119.31278228759766,TULARE,UNINCORPORATED,-119.31284332275391,36.062026977539062
90867100,2018,2018-11-26,9481,2018-11-26,0525,016776,,1,3,9,5400,0,3,5,,2,010,"ROAD 152","AVENUE 224",0.00,,Y,E,-,N,,,,,,,,,,Y,2,0,2,2,A,-,09,21801,A,N,A,C,A,B,H,-,D,D,0,,,,,Y,,A,01,1,0,1,0,0,0,0,0,0,"- ","- ",36.1964111328125,-119.23323822021484,TULARE,UNINCORPORATED,-119.23320770263672,36.196399688720703
90867302,2018,2018-11-26,9480,2018-11-15,1715,016240,,4,2,9,5400,0,3,5,,2,001,"AVENUE 384","ROAD 56",0.00,,Y,A,-,N,,,,,,,,,,Y,2,0,2,2,A,-,09,21801,A,N,D,C,A,A,H,-,C,A,0,,,,,Y,,A,01,1,1,0,0,0,0,0,0,0,"- ","- ",36.488430023193359,-119.44882965087891,TULARE,UNINCORPORATED,-119.44880676269531,36.488441467285156
90869100,2018,2018-11-28,9481,2018-11-27,0650,015218,,2,1,9,5400,0,3,5,,2,030,"AVENUE 32","ROAD 184",0.00,,Y,A,-,N,,,,,,,,,,Y,2,0,3,2,A,-,12,22450,A,N,D,D,A,A,H,-,B,A,0,,,,,Y,,A,01,2,1,0,0,0,0,0,0,0,"- ","- ",35.848651885986328,-119.16118621826172,TULARE,UNINCORPORATED,-119.16120147705078,35.848651885986328
90873357,2018,2018-12-05,9480,2018-11-21,1725,017108,,3,2,9,5400,0,1,3,,1,060,"STATE ROUTE 137 (AVENUE 232)","ROAD 168",2640.00,W,N,B,-,Y,,,137,,,,,,,Y,2,0,2,2,A,-,05,21650,,N,A,C,A,A,H,-,D,D,0,,,,,Y,,A,01,2,0,0,0,0,0,0,0,0,"- ","- ",36.210750579833984,-119.20771026611328,TULARE,UNINCORPORATED,-119.20771026611328,36.210739135742188
90874167,2018,2018-12-03,9480,2018-11-24,1724,019697,,6,2,9,5400,0,1,3,,2,095,"SR-99 S/B","AVENUE 48",6336.00,S,N,A,-,Y,,,99,,,,,,S,Y,2,0,3,1,A,-,08,22107,,N,E,I,A,A,H,-,A,D,0,,,,,Y,,A,07,2,0,1,0,0,0,0,0,0,"- ","- ",35.859828948974609,-119.26853179931641,TULARE,UNINCORPORATED,-119.26868438720703,35.859794616699219
90876290,2018,2018-12-05,9480,2018-11-27,1445,018202,,2,2,9,5400,0,3,5,,2,006,"RD 188","TUOHY AVE",13.00,S,N,A,-,N,,,,,,,,,,Y,2,0,1,1,A,-,08,22107,,N,E,I,A,A,H,-,A,D,0,,,,,Y,,A,01,1,0,0,0,0,0,0,0,0,"- ","- ",36.277328491210938,-119.15406799316406,TULARE,UNINCORPORATED,-119.15411376953125,36.277324676513672
9087932,2020,2020-10-30,5407,2020-05-11,1253,M226,480,1,5,5,5407,0,0,0,,0,026,"N BRIDGE ST","RIVERBEND CT",138.00,S,N,A,-,N,,,,,,,,,,N,2,0,1,2,A,-,09,21804,A,N,D,G,A,A,H,-,A,A,0,,Y,,,Y,,L,04,1,0,0,0,0,0,1,0,0,"- ","- ",36.353248596191406,-119.28907775878906,TULARE,VISALIA,-119.28910064697266,36.353439331054688
90884303,2018,2018-12-17,9480,2018-12-05,0921,018204,,3,1,9,5400,0,1,3,,1,051,"SR 43 S/B","AVENUE 120",2.00,N,N,B,-,Y,,,43,,,,,,S,Y,2,0,1,2,A,-,03,22350,,N,C,C,A,A,H,-,A,D,0,,,,Y,Y,,A,07,1,0,0,0,0,0,0,0,0,"- ","- ",36.007190704345703,-119.48964691162109,TULARE,UNINCORPORATED,-119.48977661132812,36.007095336914062
90887150,2018,2018-12-20,9481,2018-10-11,1618,017894,,4,2,9,5400,0,1,3,,1,012,"STATE ROUTE 65 (SOUTHBOUND)","AVENUE 196",1584.00,S,N,A,-,Y,,,65,,,,,,,Y,1,1,1,1,A,-,08,22107,,N,E,I,A,A,H,-,A,A,0,,,,,Y,,D,22,1,0,0,0,0,0,0,0,0,"- ","- ",36.143199920654297,-119.07140350341797,TULARE,UNINCORPORATED,-119.0712890625,36.143260955810547
90887717,2018,2019-03-27,9480,2018-11-18,2500,021249,,7,4,9,5400,0,1,3,,1,060,"STATE ROUTE 137 (AVENUE 232)","ROAD 126",582.00,W,N,A,-,Y,,,137,,,,,,,N,1,1,0,2,A,-,11,21954,A,F,G,B,D,A,H,-,D,D,0,Y,,,,Y,Y,N,60,0,0,0,1,0,0,0,0,0,"- ","- ",36.210819244384766,-119.29373168945312,TULARE,UNINCORPORATED,-119.29373168945312,36.210899353027344
90891217,2018,2018-12-27,9481,2018-12-15,0940,016723,,6,1,9,5400,0,3,5,,2,030,"ROAD 232","AVENUE 56",8712.00,S,N,A,-,N,,,,,,,,,,N,2,0,1,2,A,-,08,22107,,N,H,A,A,A,H,-,A,D,0,,Y,,,Y,,L,04,1,0,0,0,0,0,1,0,0,"- ","- ",35.867519378662109,-119.05384063720703,TULARE,UNINCORPORATED,-119.44815063476562,36.210411071777344
90891779,2018,2018-12-27,9480,2018-12-20,0727,015282,,4,1,9,5400,0,3,5,,2,006,"AVENUE 192","ROAD 140",0.00,,Y,E,-,N,,,,,,,,,,Y,2,0,2,3,A,-,03,22350,,N,B,C,A,B,H,-,B,A,0,,,,Y,Y,,D,22,1,0,1,0,0,0,0,0,0,"- ","- ",36.138320922851562,-119.25952911376953,TULARE,UNINCORPORATED,-119.25950622558594,36.138278961181641