CASE_ID,ACCIDENT_YEAR,PROC_DATE,JURIS,COLLISION_DATE,COLLISION_TIME,OFFICER_ID,REPORTING_DISTRICT,DAY_OF_WEEK,CHP_SHIFT,POPULATION,CNTY_CITY_LOC,SPECIAL_COND,BEAT_TYPE,CHP_BEAT_TYPE,CITY_DIVISION_LAPD,CHP_BEAT_CLASS,BEAT_NUMBER,PRIMARY_RD,SECONDARY_RD,DISTANCE,DIRECTION,INTERSECTION,WEATHER_1,WEATHER_2,STATE_HWY_IND,CALTRANS_COUNTY,CALTRANS_DISTRICT,STATE_ROUTE,ROUTE_SUFFIX,POSTMILE_PREFIX,POSTMILE,LOCATION_TYPE,RAMP_INTERSECTION,SIDE_OF_HWY,TOW_AWAY,COLLISION_SEVERITY,NUMBER_KILLED,NUMBER_INJURED,PARTY_COUNT,PRIMARY_COLL_FACTOR,PCF_CODE_OF_VIOL,PCF_VIOL_CATEGORY,PCF_VIOLATION,PCF_VIOL_SUBSECTION,HIT_AND_RUN,TYPE_OF_COLLISION,MVIW,PED_ACTION,ROAD_SURFACE,ROAD_COND_1,ROAD_COND_2,LIGHTING,CONTROL_DEVICE,CHP_ROAD_TYPE,PEDESTRIAN_ACCIDENT,BICYCLE_ACCIDENT,MOTORCYCLE_ACCIDENT,TRUCK_ACCIDENT,NOT_PRIVATE_PROPERTY,ALCOHOL_INVOLVED,STWD_VEHTYPE_AT_FAULT,CHP_VEHTYPE_AT_FAULT,COUNT_SEVERE_INJ,COUNT_VISIBLE_INJ,COUNT_COMPLAINT_PAIN,COUNT_PED_KILLED,COUNT_PED_INJURED,COUNT_BICYCLIST_KILLED,COUNT_BICYCLIST_INJURED,COUNT_MC_KILLED,COUNT_MC_INJURED,PRIMARY_RAMP,SECONDARY_RAMP,LATITUDE,LONGITUDE,COUNTY,CITY,POINT_X,POINT_Y
90891785,2018,2018-12-27,9480,2018-12-14,1540,019186,,5,2,9,5400,0,3,5,,2,002,"BOYD DR.","ROAD 168",5280.00,N,N,A,-,N,,,,,,,,,,Y,2,0,2,1,A,-,08,22107,,N,F,A,A,A,H,-,A,D,0,,,,,Y,,A,01,1,0,1,0,0,0,0,0,0,"- ","- ",36.566131591796875,-119.18791961669922,TULARE,UNINCORPORATED,-119.19288635253906,36.557052612304688
90898878,2018,2019-01-07,9480,2018-12-23,1230,013821,,7,1,9,5400,0,1,3,,1,044,"SR-198 E/B","PIERCE DRIVE",2112.00,W,N,A,-,Y,,,198,,,,,,E,N,2,0,2,2,A,-,03,22350,,N,D,C,A,A,H,-,A,D,0,,,Y,,Y,,C,02,1,1,0,0,0,0,0,0,2,"- ","- ",36.411369323730469,-118.9371337890625,TULARE,UNINCORPORATED,-118.93706512451172,36.411128997802734
90904017,2019,2019-01-14,9480,2019-01-06,2115,016995,,7,2,9,5400,0,1,3,,2,093,"J ST. ONTO SR-99 N/B","OAKDALE AVE",1584.00,N,N,C,-,Y,,,,,,,,,,Y,2,0,1,1,A,-,01,23152,A,N,F,I,A,B,H,-,D,D,0,,,,,Y,Y,A,01,1,0,0,0,0,0,0,0,0,"- ","- ",36.125858306884766,-119.35912322998047,TULARE,UNINCORPORATED,,
90905636,2019,2019-01-16,9480,2019-01-07,2310,019349,,1,3,9,5400,0,1,3,,1,051,"STATE ROUTE 43","AVENUE 56",8870.00,S,N,A,-,Y,,,43,,,,,,,Y,2,0,1,1,A,-,08,22107,,N,H,I,A,A,H,-,D,D,0,,,,Y,Y,,G,25,1,0,0,0,0,0,0,0,0,"- ","- ",35.870361328125,-119.38996124267578,TULARE,UNINCORPORATED,-119.38997650146484,35.870346069335938
9090751,2020,2020-09-29,5407,2020-02-13,2147,M279,480,4,5,5,5407,0,0,0,,0,O-26,"HOUSTON AV","RT 63",0.00,,Y,A,-,Y,TUL,6,216,-,R,0.990,I,5,W,Y,2,0,2,2,A,-,09,21453,C,N,A,C,A,A,H,-,C,A,0,,,,,Y,,A,01,1,1,0,0,0,0,0,0,0,"- ","- ",36.341960906982422,-119.260986328125,TULARE,VISALIA,-119.25959014892578,36.341983795166016
90910079,2019,2019-01-23,9480,2019-01-18,2345,016145,,5,3,9,5400,0,1,3,,1,044,SR-198,"MINERAL KING RD",965.00,E,N,A,-,Y,,,,,,,,,,Y,2,0,1,1,A,-,01,23152,A,N,E,I,A,A,H,-,D,D,0,,,,,Y,Y,D,23,1,0,0,0,0,0,0,0,0,"- ","- ",36.471698760986328,-119.85752868652344,TULARE,UNINCORPORATED,-118.85869598388672,36.469173431396484
90919577,2019,2019-02-05,9480,2019-01-27,0145,020890,,7,3,9,5400,0,1,3,,2,091,"STATE ROUTE 99 (SOUTHBOUND)","AVENUE 328",2112.00,N,N,E,-,Y,,,99,,,,,,,Y,2,0,1,2,A,-,08,22107,,N,E,I,A,B,H,-,D,D,0,,,,,Y,,A,01,1,0,0,0,0,0,0,0,0,"- ","- ",36.391948699951172,-119.44851684570312,TULARE,UNINCORPORATED,-119.44849395751953,36.391963958740234
90923360,2018,2019-03-27,9480,2018-12-16,0822,016233,,7,1,9,5400,0,1,3,,1,064,"STATE ROUTE 198 EASTBOUND","FARMERSVILLE BOULAVARD",5280.00,E,N,A,-,Y,,,198,,,,,,E,Y,1,1,0,1,A,-,01,23152,A,N,E,I,A,A,H,-,A,D,0,,,,,Y,Y,A,07,0,0,0,0,0,0,0,0,0,"- ","- ",36.326629638671875,-119.19036102294922,TULARE,UNINCORPORATED,-119.19036102294922,36.326728820800781
90925355,2019,2019-02-13,9480,2019-02-01,0859,020078,,5,1,9,5400,0,1,3,,2,095,"SR-99 S/B","AVENUE 48",3368.00,S,N,A,-,Y,,,99,,,,,,S,Y,2,0,1,2,A,-,08,22107,,N,H,F,A,A,H,-,A,D,0,,,,,Y,,A,07,1,0,0,0,0,0,0,0,0,"- ","- ",35.86798095703125,-119.27082824707031,TULARE,UNINCORPORATED,-119.27059173583984,35.868030548095703
90934956,2019,2019-02-27,9480,2019-02-18,2025,019932,,1,2,9,5400,0,3,5,,2,002,"ROAD 124","EDWARD AVENUE",266.00,S,N,A,-,N,,,,,,,,,,Y,2,0,1,2,A,-,09,21804,A,N,D,C,A,A,H,-,A,D,0,,,Y,,Y,,A,07,1,0,0,0,0,0,0,0,1,"- ","- ",36.534328460693359,-119.29579162597656,TULARE,UNINCORPORATED,-119.29579162597656,36.5343017578125
9093956,2020,2020-07-15,5406,2020-04-22,1650,30,5406,3,5,4,5406,0,0,0,,0,0AO,"J ST","LOIS AV",92.00,N,N,A,-,N,,,,,,,,,,Y,2,0,2,2,A,-,09,21801,A,N,D,C,A,A,H,-,A,A,0,,,,,Y,,A,01,1,1,0,0,0,0,0,0,0,"- ","- ",,,TULARE,TULARE,-119.35252380371094,36.227657318115234
90939571,2019,2019-03-05,9480,2019-02-24,2226,019111,,7,3,9,5400,0,1,3,,1,040,"ROAD 196","SR-216 (IVANHOE DRIVE)",0.00,,Y,B,-,Y,,,,,,,,,,Y,2,0,1,2,A,-,09,21802,A,N,D,C,A,A,H,-,D,A,0,,,,,Y,Y,D,22,1,0,0,0,0,0,0,0,0,"- ","- ",36.244991302490234,-119.85320281982422,TULARE,UNINCORPORATED,-119.13533782958984,36.181770324707031
90951390,2019,2019-03-22,9480,2019-03-14,1735,016240,,4,2,9,5400,0,1,3,,2,093,"SR-99 S/B","AVENUE 280",1978.00,N,N,A,-,Y,,,,,,,,,,Y,2,0,2,2,A,-,07,21658,A,N,B,C,A,A,H,-,A,D,0,,,,Y,Y,,A,01,1,1,0,0,0,0,0,0,0,"- ","- ",36.306289672851562,-119.38349151611328,TULARE,UNINCORPORATED,,
90959503,2019,2019-06-20,9480,2019-02-16,0405,016145,,6,3,9,5400,0,3,5,,2,006,"ROAD 140","AVENUE 266",100.00,N,N,E,-,N,,,,,,,,,,Y,1,1,1,2,A,-,11,21954,A,N,G,B,D,B,H,-,D,D,0,Y,,,,Y,,N,60,0,1,0,1,0,0,0,0,0,"- ","- ",36.274829864501953,-119.26081085205078,TULARE,UNINCORPORATED,-119.26080322265625,36.274993896484375
90960489,2019,2019-04-03,9481,2019-03-16,1715,017991,,6,2,9,5400,0,3,5,,2,050,"EAST OLIVE AVENUE","TULSA STREET",1800.00,E,N,A,-,N,,,,,,,,,,Y,2,0,1,1,A,-,08,22107,,N,E,I,A,A,H,-,A,D,0,,,,,Y,,A,01,1,0,0,0,0,0,0,0,0,"- ","- ",36.065940856933594,-118.96672821044922,TULARE,UNINCORPORATED,-118.96673583984375,36.065921783447266
90961416,2019,2019-04-04,9480,2019-03-23,2122,019932,,6,2,9,5400,0,3,5,,2,004,"ROAD 158","AVENUE 296",2640.00,N,N,B,-,N,,,,,,,,,,Y,2,0,1,1,A,-,01,23152,A,N,E,I,A,A,H,-,D,D,0,,,,,Y,Y,A,01,1,0,0,0,0,0,0,0,0,"- ","- ",36.333919525146484,-119.22007751464844,TULARE,UNINCORPORATED,-119.22013854980469,36.334297180175781
90962327,2019,2019-04-05,9480,2019-01-31,0740,013821,,4,1,9,5400,0,1,3,,1,064,"STATE ROUTE 198 (WESTBOUND)","ROAD 182",4330.00,E,N,B,C,Y,,,198,,,,,,,Y,1,1,0,2,A,-,03,22350,,N,C,C,A,B,E,-,A,D,0,,,,,Y,,D,22,0,0,0,0,0,0,0,0,0,"- ","- ",36.326519012451172,-119.155517578125,TULARE,UNINCORPORATED,-119.15552520751953,36.326450347900391
90963165,2019,2019-04-08,9480,2019-03-05,0120,013656,,2,3,9,5400,0,3,5,,2,006,"ROAD 100","AVENUE 256",250.00,N,N,A,-,N,,,,,,,,,,Y,1,1,0,1,A,-,08,22107,,N,E,I,A,A,H,-,D,D,0,,,,,Y,,A,01,0,0,0,0,0,0,0,0,0,"- ","- ",36.254688262939453,-119.34912109375,TULARE,UNINCORPORATED,-119.00016784667969,35.971458435058594
90969625,2019,2019-05-17,9480,2019-03-01,1835,019186,,5,2,9,5400,0,3,5,,2,001,"AVENUE 376","ROAD 44",0.00,,Y,B,-,N,,,,,,,,,,Y,1,1,1,3,A,-,12,22450,A,N,D,C,A,A,H,-,B,A,0,,,,Y,Y,,A,01,1,0,0,0,0,0,0,0,0,"- ","- ",36.47357177734375,-119.47441864013672,TULARE,UNINCORPORATED,-119.474419,36.473571999999997
90969664,2019,2019-04-17,9480,2019-04-13,1202,016723,,6,1,9,5400,0,1,3,,1,044,"STATE ROUTE 198","LEMON ROAD",175.00,E,N,A,-,Y,,,198,,,,,,,Y,2,0,1,2,A,-,05,21460,A,N,B,C,A,A,H,-,A,D,0,,,Y,,Y,,C,02,1,0,0,0,0,0,0,0,1,"- ","- ",36.386070251464844,-119.02461242675781,TULARE,UNINCORPORATED,-119.02460479736328,36.386054992675781
90971043,2019,2019-04-19,9480,2019-04-09,0520,020890,,2,3,9,5400,0,3,5,,2,006,"AVENUE 264","ROAD 108",2112.00,E,N,A,-,N,,,,,,,,,,Y,2,0,1,1,A,-,01,23152,F,N,E,I,A,A,H,-,D,D,0,,,,,Y,,D,22,1,0,0,0,0,0,0,0,0,"- ","- ",36.269378662109375,-119.32401275634766,TULARE,UNINCORPORATED,-119.3240966796875,36.269336700439453
90973700,2019,2019-04-23,9481,2019-04-11,2355,020784,,4,3,9,5400,0,2,4,,1,035,"AVENUE 56","ROAD 164",795.00,W,N,A,-,N,,,,,,,,,,Y,2,0,1,2,A,-,01,23152,A,N,A,C,A,A,H,-,D,D,0,,,,Y,Y,Y,A,01,1,0,0,0,0,0,0,0,0,"- ","- ",35.891998291015625,-119.20871734619141,TULARE,UNINCORPORATED,-119.20879364013672,35.8919677734375
90979013,2019,2019-04-30,9480,2019-04-20,2010,021186,,6,2,9,5400,0,3,5,,2,003,"ROAD 112","PAIGE AVENUE",6864.00,S,N,A,-,N,,,,,,,,,,Y,2,0,1,2,A,-,11,21954,A,N,G,B,E,A,H,-,D,D,0,Y,,,,Y,,N,60,1,0,0,0,1,0,0,0,0,"- ","- ",36.16339111328125,-119.33860778808594,TULARE,UNINCORPORATED,-119.33858489990234,36.163398742675781
90983916,2019,2019-05-07,9480,2019-04-25,1505,018861,,4,2,9,5400,0,3,5,,2,006,"ROAD 124","AVENUE 256 (OAKDALE AVENUE)",0.00,,Y,A,-,N,,,,,,,,,,Y,2,0,2,2,A,-,09,21802,A,N,D,C,A,A,H,-,A,A,0,,,,,Y,,A,01,1,1,0,0,0,0,0,0,0,"- ","- ",36.255828857421875,-119.29635620117188,TULARE,UNINCORPORATED,-119.29633331298828,36.255851745605469
90989776,2019,2019-05-16,9480,2019-04-20,0538,016723,,6,3,9,5400,0,1,3,,1,040,"STATE ROUTE 216 (ROAD 160)","AVENUE 328",26.00,S,N,A,-,Y,,,216,,,,,,,Y,2,0,2,1,A,-,01,23152,G,N,E,I,A,A,H,-,D,A,0,,,,,Y,Y,D,22,1,1,0,0,0,0,0,0,0,"- ","- ",36.385478973388672,-119.21568298339844,TULARE,UNINCORPORATED,-119.21569061279297,36.385032653808594
90996917,2019,2019-07-18,9480,2019-05-12,1858,019111,,7,2,9,5400,0,3,5,,2,002,"ROAD 120","AVENUE 432",0.00,,Y,A,-,N,,,,,,,,,,Y,2,0,4,3,A,-,09,21801,A,N,D,C,A,A,H,-,A,D,0,,,,Y,Y,,G,26,2,2,0,0,0,0,0,0,0,"- ","- ",36.573680877685547,-119.30512237548828,TULARE,UNINCORPORATED,-119.30515289306641,36.573719024658203
90997752,2019,2019-05-29,9481,2019-05-18,0353,016776,,6,3,9,5400,0,3,5,,2,010,"ROAD 152","AVENUE 172",528.00,N,N,A,-,N,,,,,,,,,,Y,2,0,1,1,A,-,01,23152,A,N,E,I,A,A,H,-,D,D,0,,,,,Y,Y,A,07,1,0,0,0,0,0,0,0,0,"- ","- ",36.107711791992188,-119.23223876953125,TULARE,UNINCORPORATED,-119.23231506347656,36.103408813476562
90997763,2019,2019-05-29,9481,2019-05-27,0822,020332,,1,1,9,5400,0,1,3,,1,032,SR-190,"ROAD 208",0.00,,Y,B,-,Y,,,190,,,,,,,Y,2,0,4,2,A,-,09,21801,A,N,A,C,A,A,H,-,A,D,0,,,,,Y,,D,22,2,0,2,0,0,0,0,0,0,"- ","- ",36.051280975341797,-119.10752868652344,TULARE,UNINCORPORATED,-119.10752868652344,36.05120849609375
91002030,2019,2019-06-03,9480,2019-05-23,2125,020060,,4,2,9,5400,0,1,3,,2,091,"STATE ROUTE 99 N/B","MERRITT DRIVE",6336.00,S,N,A,-,Y,,,99,,,,,,N,Y,2,0,4,1,A,-,08,22107,,N,E,I,A,A,H,-,C,D,0,,,,,Y,,A,07,1,0,3,0,0,0,0,0,0,"- ","- ",36.437450408935547,-119.47810363769531,TULARE,UNINCORPORATED,-119.47809600830078,36.437450408935547
91004798,2019,2019-06-06,9480,2019-05-28,1508,019932,,2,2,9,5400,0,3,5,,2,005,"ROAD 130","AVENUE 76",1320.00,N,N,A,-,N,,,,,,,,,,Y,2,0,1,2,A,-,08,22107,,N,C,C,A,A,G,-,A,D,0,,,,,Y,,A,07,1,0,0,0,0,0,0,0,0,"- ","- ",35.930591583251953,-119.28246307373047,TULARE,UNINCORPORATED,-119.28295135498047,35.931442260742188
91006928,2019,2019-06-10,9420,2019-05-30,1200,015977,,4,1,9,5400,0,2,4,,2,021,"MOUNTAIN 99","SHERMAN PASS ROAD",1056.00,S,N,A,-,N,,,,,,,,,,Y,2,0,1,1,A,-,08,22107,,N,E,I,A,A,H,-,A,D,0,,,Y,,Y,,C,02,1,0,0,0,0,0,0,0,1,"- ","- ",35.907138824462891,-118.47791290283203,TULARE,UNINCORPORATED,-118.48284149169922,35.967819213867188
91008044,2019,2019-06-11,9480,2019-05-30,1927,018861,,4,2,9,5400,0,1,3,,1,040,"STATE ROUTE 216 (HOUSTON AVENUE)","ROAD 158",758.00,W,N,A,-,Y,,,216,,,,,,,Y,2,0,1,1,A,-,03,22350,,N,E,I,A,A,H,-,A,D,0,,,,,Y,,A,07,1,0,0,0,0,0,0,0,0,"- ","- ",36.349208831787109,-119.22308349609375,TULARE,UNINCORPORATED,-119.22308349609375,36.349216461181641
91014901,2019,2019-06-21,9480,2019-06-08,2500,020612,,6,4,9,5400,0,1,3,,1,051,"STATE ROUTE 43","PALMER AVENUE",5280.00,S,N,A,-,Y,,,43,,,,,,,Y,2,0,1,1,A,-,01,23152,A,N,F,I,A,A,H,-,D,D,0,,,,,Y,,A,01,1,0,0,0,0,0,0,0,0,"- ","- ",35.852218627929688,-119.37690734863281,TULARE,UNINCORPORATED,-119.37689208984375,35.852230072021484
91017422,2019,2019-06-25,9480,2019-06-22,1755,019932,,6,2,9,5400,0,3,5,,2,006,"ROAD 164","AVENUE 264",780.00,S,N,A,-,N,,,,,,,,,,Y,2,0,1,1,A,-,08,22107,,N,E,I,A,A,H,-,A,D,0,,,,,Y,,A,01,1,0,0,0,0,0,0,0,0,"- ","- ",36.266471862792969,-119.20703887939453,TULARE,UNINCORPORATED,-119.20707702636719,36.266624450683594
91018334,2019,2019-06-26,9481,2019-06-19,1905,015290,,3,2,9,5400,0,1,3,,1,037,"STATE ROUTE 65","WHITE RIVER",163.00,S,N,A,-,Y,,,65,,,,,,,Y,2,0,1,1,A,-,01,23152,A,N,E,I,A,A,H,-,A,D,0,,,,Y,Y,Y,F,21,1,0,0,0,0,0,0,0,0,"- ","- ",35.863559722900391,-119.05294799804688,TULARE,UNINCORPORATED,-119.05288696289062,35.863536834716797
91022219,2019,2019-07-01,9480,2019-06-18,0710,016723,,2,1,9,5400,0,1,3,,2,095,"STATE ROUTE 99 (NORTHBOUND)",SR-190,5280.00,S,N,A,-,Y,,,99,,,,,,,Y,2,0,1,1,D,-,00,,,N,F,A,A,A,H,-,A,D,0,,,Y,,Y,,-,"- ",1,0,0,0,0,0,0,0,1,"- ","- ",36.036701202392578,-119.30895233154297,TULARE,UNINCORPORATED,-119.30905151367188,36.036678314208984
91024927,2019,2019-07-05,9480,2019-06-22,2500,015282,,6,4,9,5400,0,3,5,,2,003,"AVENUE 248 (WEST CARTMILL AVENUE)","NORTH WEST STREET",1320.00,W,N,A,-,N,,,,,,,,,,Y,2,0,1,1,A,-,08,22107,,N,F,A,A,A,H,-,B,D,0,,,,,Y,,A,07,1,0,0,0,0,0,0,0,0,"- ","- ",36.240200042724609,-119.37220001220703,TULARE,UNINCORPORATED,-119.37220001220703,36.240131378173828
91025811,2019,2019-07-08,9480,2019-03-10,2108,018861,,7,2,9,5400,0,1,3,,2,095,"STATE ROUTE 99 (NORTHBOUND)","AVENUE 24",929.00,S,N,A,-,Y,,,99,,,,,,,N,1,1,0,2,A,-,11,21954,A,N,G,B,D,A,H,-,D,D,0,Y,,,,Y,,N,60,0,0,0,1,0,0,0,0,0,"- ","- ",35.833209991455078,-119.26020050048828,TULARE,UNINCORPORATED,-119.26016998291016,35.833217620849609
91025984,2019,2019-07-08,9480,2019-06-25,1545,019111,,2,2,9,5400,0,1,3,,2,095,"SR-99 S/B","COURT AVE",1584.00,N,N,A,-,Y,,,99,,,,,,S,Y,2,0,3,1,A,-,08,22107,,N,E,I,A,A,H,-,A,D,0,,,,,Y,,A,07,1,2,0,0,0,0,0,0,0,"- ","- ",35.975830078125,-119.29534149169922,TULARE,UNINCORPORATED,-119.29523468017578,35.975883483886719
91032574,2019,2019-07-17,9480,2019-03-13,0002,019828,,3,3,9,5400,0,1,3,,2,095,"STATE ROUTE 99 (NORTHBOUND)","AVENUE 76",2640.00,S,N,A,-,Y,,,99,,,,,,,Y,1,1,0,2,A,-,11,21954,A,N,G,B,D,A,H,-,D,D,0,Y,,,,Y,,N,60,0,0,0,1,0,0,0,0,0,"- ","- ",35.921268463134766,-119.28186798095703,TULARE,UNINCORPORATED,-119.28194427490234,35.921276092529297
91033999,2019,2019-09-16,9480,2019-07-15,0517,021249,,1,3,9,5400,0,3,5,,2,002,"AVENUE 328","ROAD 108",1690.00,W,N,A,-,N,,,,,,,,,,Y,2,0,3,2,A,-,05,21650,,N,A,C,A,A,H,-,A,D,0,,,,,Y,,D,22,1,2,0,0,0,0,0,0,0,"- ","- ",36.385448455810547,-119.34504699707031,TULARE,UNINCORPORATED,-119.33794403076172,36.385421752929688
91036906,2019,2019-07-24,9480,2019-07-14,1710,019111,,7,2,9,5400,0,1,3,,1,044,SR-198,"HORSE CREEK ROAD",11088.00,E,N,A,-,Y,,,,,,,,,,Y,2,0,2,4,A,-,03,22350,,N,C,C,A,A,H,-,A,D,0,,,,,Y,,D,22,1,1,0,0,0,0,0,0,0,"- ","- ",36.410541534423828,-119.93920135498047,TULARE,UNINCORPORATED,-118.93971252441406,36.410442352294922
91041455,2019,2019-07-30,9480,2019-07-20,2240,016995,,6,3,9,5400,0,3,5,,2,005,"BORCHARDT DRIVE","BORCHARDT DR",0.00,,N,A,-,N,,,,,,,,,,Y,2,0,1,1,A,-,08,22107,,N,F,I,A,A,H,-,D,D,0,,,,,Y,,A,01,1,0,0,0,0,0,0,0,0,"- ","- ",35.887950897216797,-119.45291137695312,TULARE,UNINCORPORATED,-119.45398712158203,35.887569427490234
91044082,2019,2019-08-02,9480,2019-07-23,0940,015282,,2,1,5,5407,0,1,3,,1,064,"STATE ROUTE 198 EASTBOUND","SOUTH WOODLAND STREET O/C",920.00,W,N,A,-,Y,,,198,,,,,,E,Y,2,0,1,3,A,-,07,21658,A,N,C,C,A,A,H,-,A,D,0,,,,Y,Y,,A,08,1,0,0,0,0,0,0,0,0,"- ","- ",36.327228546142578,-119.32157897949219,TULARE,VISALIA,-119.32158660888672,36.327407836914062
91044520,2019,2019-12-27,9480,2019-05-30,0715,015282,,4,1,9,5400,0,1,3,,1,040,"STATE ROUTE 216","AVENUE 309",0.00,,Y,A,-,Y,,,216,,,,,,,Y,1,1,0,2,A,-,09,21802,A,N,A,C,A,A,H,-,A,A,0,,,Y,,Y,,D,22,0,0,0,0,0,0,0,1,0,"- ","- ",36.349971771240234,-119.21698760986328,TULARE,UNINCORPORATED,-119.21697998046875,36.349960327148438
91045338,2019,2019-08-05,9480,2019-07-27,1933,019697,,6,2,9,5400,0,3,5,,2,002,"AVENUE 424","ROAD 104",0.00,,Y,A,-,N,,,,,,,,,,Y,2,0,3,2,A,-,01,23152,A,N,D,C,A,A,H,-,A,A,0,,,,,Y,Y,A,01,1,2,0,0,0,0,0,0,0,"- ","- ",36.559761047363281,-119.34058380126953,TULARE,UNINCORPORATED,-119.34056854248047,36.559730529785156
91050127,2019,2019-08-12,9480,2019-08-04,0223,020060,,7,3,9,5400,0,1,3,,2,095,"STATE ROUTE 99 N/B","AVE 76 OVERCROSSING",3749.00,S,N,B,-,Y,,,99,,,,,,N,Y,2,0,3,2,A,-,11,21954,A,N,G,B,E,A,H,-,D,D,0,Y,,,,Y,Y,N,60,1,1,1,0,1,0,0,0,0,"- ","- ",35.912120819091797,-119.28044128417969,TULARE,UNINCORPORATED,-119.28044128417969,35.912120819091797
91050205,2019,2019-08-12,9480,2019-08-01,1910,019186,,4,2,9,5400,0,3,5,,2,006,"ROAD 168","AVENUE 246",115.00,S,N,A,-,N,,,,,,,,,,Y,2,0,2,1,A,-,08,22107,,N,E,I,A,A,H,-,A,D,0,,,,,Y,,A,01,1,0,1,0,0,0,0,0,0,"- ","- ",36.236011505126953,-119.20304107666016,TULARE,UNINCORPORATED,-119.20322418212891,36.236320495605469
91056431,2019,2019-12-27,9480,2019-08-15,2255,020890,,4,3,9,5400,0,3,5,,2,004,"MILLWOOD DRIVE","STATE ROUTE 216",825.00,N,N,A,-,N,,,,,,,,,,N,1,1,0,1,A,-,01,23152,A,N,H,A,A,A,H,-,D,D,0,,,,,Y,Y,D,22,0,0,0,0,0,0,0,0,0,"- ","- ",36.415008544921875,-119.13716888427734,TULARE,UNINCORPORATED,-119.18643188476562,36.391128540039062
91056773,2019,2019-08-21,9480,2019-08-17,0845,017452,,6,1,9,5400,0,1,3,,1,051,"SR-43 S/B (CENTRAL VALLEY HWY)","PALMER AVENUE",2112.00,N,N,A,-,Y,,,,,,,,,,Y,2,0,1,1,A,-,03,22350,,N,F,A,A,A,H,-,A,D,0,,,,,Y,,A,01,1,0,0,0,0,0,0,0,0,"- ","- ",36.869491577148438,-119.38881683349609,TULARE,UNINCORPORATED,,
91057077,2019,2019-09-03,9481,2019-07-19,1750,019280,,5,2,9,5400,0,1,3,,1,012,"STATE ROUTE 65 NORTHBOUND","AVENUE 184",1584.00,S,N,A,-,Y,,,65,,,,,,N,Y,2,0,2,1,A,-,08,22107,,N,E,I,A,A,H,-,A,D,0,,,,,Y,,A,01,2,0,0,0,0,0,0,0,0,"- ","- ",36.119308471679688,-119.05255126953125,TULARE,UNINCORPORATED,-119.05265808105469,36.119239807128906
9105853,2020,2020-07-15,5407,2020-03-22,2050,A307,480,7,5,5,5407,0,0,0,,0,M11,"N CHINOWTH","W DAMSEN",171.00,S,N,B,-,N,,,,,,,,,,N,2,0,2,5,A,-,03,22350,,M,G,B,E,B,H,-,C,D,0,Y,,,,Y,,-,,1,1,0,0,1,0,0,0,0,"- ","- ",36.333820343017578,-119.33625793457031,TULARE,VISALIA,-119.33625793457031,36.333171844482422
9105857,2020,2020-06-29,5407,2020-03-20,1341,M226,480,5,5,5,5407,0,0,0,,0,033,"W NOBLE AV","S CONYER ST",0.00,,Y,B,-,N,,,,,,,,,,Y,2,0,4,2,A,-,12,21453,A,N,D,C,A,A,H,-,A,A,0,,,,,Y,,-,"- ",2,0,2,0,0,0,0,0,0,"- ","- ",36.326461791992188,-119.30104064941406,TULARE,VISALIA,-119.30106353759766,36.326461791992188
91064678,2019,2019-08-30,9480,2019-08-21,1137,016210,,3,1,9,5400,0,3,5,,2,001,"ROAD 80","AVENUE 400",2180.00,N,N,A,-,N,,,,,,,,,,Y,2,0,1,1,A,-,08,22107,,N,E,I,A,A,H,-,A,D,0,,,,,Y,,A,01,1,0,0,0,0,0,0,0,0,"- ","- ",36.522541046142578,-119.39505767822266,TULARE,UNINCORPORATED,-119.39501190185547,36.522548675537109
91067365,2019,2019-09-04,9480,2019-08-26,1533,017778,,1,2,9,5400,0,3,5,,2,002,"ROAD 114","AVENUE 388",0.00,,Y,A,-,N,,,,,,,,,,Y,2,0,1,2,A,-,12,22450,A,N,D,C,A,A,H,-,A,D,0,,,Y,,Y,,M,46,1,0,0,0,0,0,0,0,0,"- ","- ",36.494270324707031,-119.31803131103516,TULARE,UNINCORPORATED,-119.31803894042969,36.494251251220703
91069310,2019,2019-09-06,9480,2019-08-25,1632,019349,,7,2,9,5400,0,3,5,,2,002,"AVENUE 416","ROAD 120",1007.00,E,N,A,-,N,,,,,,,,,,Y,2,0,5,3,A,-,01,23152,A,N,A,C,A,A,H,-,A,D,0,,,,,Y,Y,A,01,3,0,2,0,0,0,0,0,0,"- ","- ",36.544898986816406,-119.30145263671875,TULARE,UNINCORPORATED,-119.30146026611328,36.544910430908203
91069534,2019,2019-09-06,9480,2019-09-03,2020,017778,,2,2,9,5400,0,3,5,,2,002,"AVENUE 328","STATE ROUTE 63 (ROAD 124)",1308.00,W,N,A,-,N,,,,,,,,,,Y,2,0,1,2,A,-,09,21801,A,N,D,C,A,A,H,-,D,D,0,,,Y,,Y,,A,01,1,0,0,0,0,0,0,0,1,"- ","- ",36.385501861572266,-119.30097198486328,TULARE,UNINCORPORATED,-119.30097198486328,36.385501861572266