CASE_ID,ACCIDENT_YEAR,PROC_DATE,JURIS,COLLISION_DATE,COLLISION_TIME,OFFICER_ID,REPORTING_DISTRICT,DAY_OF_WEEK,CHP_SHIFT,POPULATION,CNTY_CITY_LOC,SPECIAL_COND,BEAT_TYPE,CHP_BEAT_TYPE,CITY_DIVISION_LAPD,CHP_BEAT_CLASS,BEAT_NUMBER,PRIMARY_RD,SECONDARY_RD,DISTANCE,DIRECTION,INTERSECTION,WEATHER_1,WEATHER_2,STATE_HWY_IND,CALTRANS_COUNTY,CALTRANS_DISTRICT,STATE_ROUTE,ROUTE_SUFFIX,POSTMILE_PREFIX,POSTMILE,LOCATION_TYPE,RAMP_INTERSECTION,SIDE_OF_HWY,TOW_AWAY,COLLISION_SEVERITY,NUMBER_KILLED,NUMBER_INJURED,PARTY_COUNT,PRIMARY_COLL_FACTOR,PCF_CODE_OF_VIOL,PCF_VIOL_CATEGORY,PCF_VIOLATION,PCF_VIOL_SUBSECTION,HIT_AND_RUN,TYPE_OF_COLLISION,MVIW,PED_ACTION,ROAD_SURFACE,ROAD_COND_1,ROAD_COND_2,LIGHTING,CONTROL_DEVICE,CHP_ROAD_TYPE,PEDESTRIAN_ACCIDENT,BICYCLE_ACCIDENT,MOTORCYCLE_ACCIDENT,TRUCK_ACCIDENT,NOT_PRIVATE_PROPERTY,ALCOHOL_INVOLVED,STWD_VEHTYPE_AT_FAULT,CHP_VEHTYPE_AT_FAULT,COUNT_SEVERE_INJ,COUNT_VISIBLE_INJ,COUNT_COMPLAINT_PAIN,COUNT_PED_KILLED,COUNT_PED_INJURED,COUNT_BICYCLIST_KILLED,COUNT_BICYCLIST_INJURED,COUNT_MC_KILLED,COUNT_MC_INJURED,PRIMARY_RAMP,SECONDARY_RAMP,LATITUDE,LONGITUDE,COUNTY,CITY,POINT_X,POINT_Y
91072550,2019,2019-09-11,9480,2019-09-01,0133,020612,,7,3,5,5407,0,1,3,,1,064,"STATE ROUTE 198 WESTBOUND","STATE ROUTE 99",540.00,E,N,A,-,Y,,,198,,,,,,W,Y,2,0,2,1,A,-,01,23152,A,N,E,I,A,A,H,-,D,D,0,,,,,Y,Y,A,01,1,1,0,0,0,0,0,0,0,"- ","- ",36.327419281005859,-119.36573028564453,TULARE,VISALIA,-119.36573028564453,36.327190399169922
91086599,2019,2019-12-27,9480,2019-09-16,1535,017778,,1,2,9,5400,0,1,3,,1,025,"STATE ROUTE 245 (MILLWOOD DRIVE)","BOYD DRIVE",528.00,S,N,A,-,Y,,,245,,,,,,,Y,1,1,0,1,A,-,17,21662,,N,E,I,A,A,H,-,A,D,0,,,Y,,Y,,C,02,0,0,0,0,0,0,0,1,0,"- ","- ",36.563060760498047,-119.13185119628906,TULARE,UNINCORPORATED,-119.13187408447266,36.563041687011719
91087643,2019,2019-10-01,9480,2019-09-13,0840,013656,,5,1,9,5400,0,1,3,,1,060,SR-137,"ROAD 180",1584.00,W,N,A,-,Y,,,137,,,,,,,Y,2,0,1,2,A,-,05,21650,,N,A,C,A,A,H,-,A,D,0,,,,Y,Y,,D,22,1,0,0,0,0,0,0,0,0,"- ","- ",36.210800170898438,-119.17839050292969,TULARE,UNINCORPORATED,-119.17839050292969,36.210796356201172
91100544,2019,2020-04-06,9480,2019-10-07,0708,016210,,1,1,9,5400,0,3,5,,2,001,"AVENUE 304","ROAD 64",0.00,,Y,A,-,N,,,,,,,,,,Y,2,0,1,2,A,-,09,21802,A,N,F,A,A,A,H,-,A,A,0,,,Y,Y,Y,,G,26,1,0,0,0,0,0,0,0,1,"- ","- ",36.341648101806641,-119.43073272705078,TULARE,UNINCORPORATED,-119.43034362792969,36.341701507568359
91100711,2019,2019-10-18,9481,2019-10-04,0615,017991,,5,1,9,5400,0,3,5,,2,050,"TEAPOT DOME AVENUE","STATE ROUTE 65",110.00,E,N,A,-,N,,,,,,,,,,Y,2,0,1,2,A,-,05,21752,D,N,D,C,A,A,H,-,C,A,0,,,Y,,Y,,C,02,1,0,0,0,0,0,0,0,1,"- ","- ",36.022239685058594,-119.03907775878906,TULARE,UNINCORPORATED,-119.03927612304688,36.022228240966797
91101971,2019,2019-10-21,9480,2019-10-15,0740,015282,,2,1,9,5400,0,1,3,,1,040,"STATE ROUTE 216 EASTBOUND","AVENUE 308",100.00,W,N,A,-,Y,,,216,,,,,,E,Y,2,0,1,1,A,-,01,23152,A,N,E,I,A,A,H,-,A,D,0,,,,,Y,Y,A,01,1,0,0,0,0,0,0,0,0,"- ","- ",36.350841522216797,-119.21675109863281,TULARE,UNINCORPORATED,-119.21640777587891,36.35064697265625
91103194,2019,2019-12-27,9480,2019-09-10,0508,018521,,2,3,9,5400,0,1,3,,1,045,"STATE ROUTE 245 (ROAD 204)","AVENUE 312",0.00,,Y,A,-,Y,,,,,,,,,,Y,1,1,0,1,A,-,12,22450,A,N,E,I,A,A,H,-,D,A,0,,,,,Y,,A,01,0,0,0,0,0,0,0,0,0,"- ","- ",36.354831695556641,-119.11630249023438,TULARE,UNINCORPORATED,,
91103453,2019,2019-10-23,9481,2019-10-19,1605,020332,,6,2,9,5400,0,2,4,,2,052,"MOUNTAIN ROAD 137 (RESERVATION ROAD)","ROAD 296",2112.00,W,N,A,-,N,,,,,,,,,,Y,2,0,2,1,A,-,08,22107,,N,E,I,A,A,H,-,A,A,0,,,,,Y,,A,01,1,1,0,0,0,0,0,0,0,"- ","- ",36.026760101318359,-118.91687774658203,TULARE,UNINCORPORATED,-118.91689300537109,36.026782989501953
91107488,2019,2019-10-28,9481,2019-10-21,1508,020238,,1,2,9,5400,0,1,3,,1,012,"STATE ROUTE 65 (SOUTHBOUND)","AVENUE 208",0.00,,Y,A,-,Y,,,65,,,,,,,Y,2,0,3,2,A,-,09,21802,A,N,D,C,A,A,H,-,A,A,0,,,,,Y,,D,22,1,0,2,0,0,0,0,0,0,"- ","- ",36.167270660400391,-119.08321380615234,TULARE,UNINCORPORATED,-119.08323669433594,36.167255401611328
91110617,2019,2019-10-31,9480,2019-10-10,0210,018809,,4,3,9,5400,0,3,5,,2,006,"NOBLE AVENUE","ROAD 156",3390.00,W,N,A,-,Y,,,,,,,,,,Y,2,0,1,2,A,-,01,23152,A,N,E,I,A,A,D,-,D,D,0,,,,,Y,Y,A,01,1,0,0,0,0,0,0,0,0,"- ","- ",36.326900482177734,-119.23433685302734,TULARE,UNINCORPORATED,-119.23380279541016,36.326759338378906
91127905,2019,2019-11-22,9481,2019-11-14,0600,013643,,4,1,9,5400,0,1,3,,1,012,"SR-65 (SOUTHBOUND)","ROAD 216",1584.00,S,N,A,-,Y,,,65,,,,,,,Y,2,0,1,1,A,-,08,22107,,N,E,I,A,A,H,-,B,D,0,,,,,Y,,A,01,1,0,0,0,0,0,0,0,0,"- ","- ",36.180320739746094,-119.089599609375,TULARE,UNINCORPORATED,-119.08969879150391,36.180267333984375
91130319,2019,2019-11-26,9480,2019-11-22,1545,020837,,5,2,9,5400,0,3,5,,2,003,"AVENUE 232","ROAD 28",0.00,,Y,A,-,N,,,,,,,,,,Y,2,0,1,2,A,-,05,21752,D,N,B,C,A,A,H,-,A,A,0,,,Y,,Y,,C,02,1,0,0,0,0,0,0,0,1,"- ","- ",36.210979461669922,-119.51078033447266,TULARE,UNINCORPORATED,-119.51080322265625,36.210979461669922
91138013,2019,2019-12-06,9480,2019-11-25,0905,016210,,1,1,9,5400,0,3,5,,2,006,"SPACER DR","AVENUE 200",0.00,,Y,A,-,N,,,,,,,,,,Y,2,0,4,2,A,-,09,21802,A,N,D,D,A,A,H,-,A,A,0,,,,,Y,,D,22,3,1,0,0,0,0,0,0,0,"- ","- ",36.152778625488281,-119.28630065917969,TULARE,UNINCORPORATED,-119.28630065917969,36.152790069580078
91139626,2019,2019-12-10,9481,2019-12-03,2252,021175,,2,3,9,5400,0,1,3,,1,012,"STATE ROUTE 65 (NORTHBOUND)","ROAD 228",0.00,,Y,C,-,Y,,,65,,,,,,,Y,2,0,2,2,A,-,09,21802,A,N,D,C,A,B,H,-,C,A,0,,,,,Y,,A,08,2,0,0,0,0,0,0,0,0,"- ","- ",36.134429931640625,-119.0640869140625,TULARE,UNINCORPORATED,-119.06409454345703,36.134426116943359
91139882,2019,2019-12-10,9480,2019-12-02,1936,019932,,1,2,9,5400,0,1,3,,1,044,"SR-198 (SIERRA DRIVE)","RD 244",50.00,E,N,B,-,Y,,,198,,,,,,,Y,2,0,3,2,A,-,08,22107,,N,A,C,A,A,H,-,D,D,0,,,,,Y,,A,07,2,1,0,0,0,0,0,0,0,"- ","- ",36.380378723144531,-119.02622985839844,TULARE,UNINCORPORATED,-119.02625274658203,36.380393981933594
91142010,2019,2019-12-12,9480,2019-11-26,1312,016210,,2,1,9,5400,0,3,5,,2,001,"AVENUE 328","ROAD 80",416.00,W,N,B,-,N,,,,,,,,,,Y,2,0,3,2,A,-,03,22350,,N,C,E,A,A,H,-,A,A,0,,,,,Y,,A,01,1,2,0,0,0,0,0,0,0,"- ","- ",36.385440826416016,-119.39588165283203,TULARE,UNINCORPORATED,-119.39618682861328,36.385372161865234
91146906,2019,2019-12-19,9481,2019-12-07,1740,018029,,6,2,9,5400,0,3,5,,2,020,"ROAD 276","AVENUE 196",690.00,S,N,B,C,N,,,,,,,,,,Y,2,0,1,1,A,-,08,22107,,N,E,I,A,B,H,-,D,D,0,,,,,Y,Y,D,22,1,0,0,0,0,0,0,0,0,"- ","- ",36.142848968505859,-118.95584106445312,TULARE,UNINCORPORATED,-118.95671844482422,36.143825531005859
91150500,2019,2019-12-23,9480,2019-12-14,1918,019846,,6,2,9,5400,0,3,5,,2,003,"I DRIVE","AVENUE 200",1056.00,S,N,A,-,N,,,,,,,,,,N,2,0,1,2,C,-,18,,,N,D,G,A,A,H,-,D,D,0,,Y,,,Y,,-,"- ",1,0,0,0,0,0,1,0,0,"- ","- ",36.14971923828125,-119.33547973632812,TULARE,UNINCORPORATED,-119.33615875244141,36.15277099609375
91151267,2019,2019-12-24,9481,2019-12-23,0720,016147,,1,1,9,5400,0,3,5,,2,010,"AVENUE 160","ROAD 200",1056.00,E,N,B,C,N,,,,,,,,,,Y,2,0,1,2,A,-,03,22350,,N,C,C,A,B,H,-,B,D,0,,,,,Y,,A,01,1,0,0,0,0,0,0,0,0,"- ","- ",36.080421447753906,-119.35562896728516,TULARE,UNINCORPORATED,-119.12178802490234,36.080337524414062
91155143,2019,2019-12-30,9480,2019-12-15,1035,016210,,7,1,9,5400,0,1,3,,1,065,SR-65,"AVENUE 237",226.00,S,N,A,-,Y,,,65,,,,,,,Y,2,0,1,2,A,-,08,22107,,N,D,C,A,A,H,-,A,A,0,,,Y,,Y,,A,01,1,0,0,0,0,0,0,0,1,"- ","- ",36.219028472900391,-119.13639068603516,TULARE,UNINCORPORATED,-119.13639068603516,36.219028472900391
91155481,2019,2020-02-04,9480,2019-11-26,2320,020890,,2,3,9,5400,0,3,5,,2,006,"ROAD 140","STATE ROUTE 137",2112.00,N,N,B,-,N,,,,,,,,,,Y,1,1,0,2,A,-,01,23152,A,N,A,C,A,B,H,-,D,D,0,,,,Y,Y,Y,A,01,0,0,0,0,0,0,0,0,0,"- ","- ",36.216789245605469,-119.26029968261719,TULARE,UNINCORPORATED,-119.26031494140625,36.216754913330078
91156488,2019,2019-12-31,9480,2019-12-24,1900,016233,,2,2,9,5400,0,3,5,,2,004,"STATE ROUTE 198","ROAD 220",0.00,,Y,B,-,Y,,,198,,,,,,,Y,2,0,1,1,A,-,12,22450,A,N,E,I,A,B,H,-,D,A,0,,,,,Y,,A,01,1,0,0,0,0,0,0,0,0,"- ","- ",36.325241088867188,-119.08122253417969,TULARE,UNINCORPORATED,-119.08121490478516,36.325389862060547
91174322,2020,2020-01-27,9480,2020-01-19,2255,020612,,7,3,9,5400,0,3,5,,2,004,"AVENUE 296","ROAD 162",250.00,W,N,A,-,N,,,,,,,,,,Y,2,0,1,1,A,-,01,23152,A,N,E,I,A,A,H,-,D,A,0,,,Y,,Y,Y,C,02,1,0,0,0,0,0,0,0,1,"- ","- ",36.3271484375,-119.21192169189453,TULARE,UNINCORPORATED,-119.21199798583984,36.327171325683594
91179544,2020,2020-02-04,9480,2020-01-27,0857,016210,,1,1,9,5400,0,1,3,,1,010,SR-201,"ROAD 64",11.00,W,N,E,-,Y,,,201,,,,,,,Y,2,0,1,1,A,-,03,22350,,N,E,I,A,B,H,-,A,D,0,,,,,Y,,A,01,1,0,0,0,0,0,0,0,0,"- ","- ",36.517368316650391,-119.43063354492188,TULARE,UNINCORPORATED,-119.43063354492188,36.517311096191406
91183867,2020,2020-02-10,9481,2020-02-06,1637,015290,,4,2,9,5400,0,2,4,,1,031,"ROAD 152","AVENUE 152",0.00,,Y,A,-,N,,,,,,,,,,Y,2,0,3,3,A,-,09,21802,A,N,D,C,A,A,H,-,A,A,0,,,,Y,Y,,A,07,1,0,2,0,0,0,0,0,0,"- ","- ",36.065841674804688,-119.23242950439453,TULARE,UNINCORPORATED,-119.23233795166016,36.065750122070312
91192563,2019,2020-04-13,9480,2019-09-29,1720,016995,,7,2,9,5400,0,1,3,,1,044,"STATE ROUTE 198","ROAD 248",400.00,W,N,A,-,Y,,,,,,,,,,Y,1,2,5,2,A,-,01,23152,A,N,A,C,A,A,H,-,A,D,0,,,,,Y,Y,A,01,1,4,0,0,0,0,0,0,0,"- ","- ",36.387901306152344,-119.0181884765625,TULARE,UNINCORPORATED,,
91194212,2020,2020-02-26,9480,2020-02-15,1840,016995,,6,2,5,5407,0,1,3,,1,064,"STATE ROUTE 198 (WB)","GIDDINGS ST",275.00,W,N,A,-,Y,,,198,,,,,,,Y,2,0,1,1,A,-,01,23152,A,N,E,I,A,A,H,-,D,D,0,,,,,Y,Y,D,22,1,0,0,0,0,0,0,0,0,"- ","- ",36.3271484375,-119.30661010742188,TULARE,VISALIA,-119.30661010742188,36.326961517333984
91199829,2019,2020-12-03,9481,2019-08-04,0204,019149,,7,3,9,5400,0,1,3,,1,012,"STATE ROUTE 65 (SOUTHBOUND)","AVENUE 196",654.00,N,N,A,-,Y,,,65,,,,,,,Y,1,4,1,3,A,-,01,23152,A,N,A,C,A,A,H,-,D,D,0,,,Y,,Y,Y,A,07,1,0,0,0,0,0,0,4,0,"- ","- ",36.147739410400391,-119.07351684570312,TULARE,UNINCORPORATED,-119.07357788085938,36.147712707519531
91201048,2020,2020-03-03,9480,2020-02-25,2300,019543,,2,3,9,5400,0,3,5,,2,005,"N. PARK DR","WRIGHT AVE",50.00,N,N,A,-,N,,,,,,,,,,N,2,0,1,2,A,-,08,22107,,F,G,B,E,A,H,-,C,D,0,Y,,,,Y,,-,99,1,0,0,0,1,0,0,0,0,"- ","- ",35.987281799316406,-119.29514312744141,TULARE,UNINCORPORATED,-119.29505920410156,35.986125946044922
91205828,2020,2020-03-11,9481,2020-02-13,2100,020238,,4,2,9,5400,0,3,5,,2,050,"AVENUE 95","ROAD 248",2112.00,E,N,A,-,N,,,,,,,,,,N,2,0,2,1,C,-,18,,,N,E,H,A,A,H,-,D,D,0,,,,,Y,,-,"- ",1,0,1,0,0,0,0,0,0,"- ","- ",35.962390899658203,-119.01361846923828,TULARE,UNINCORPORATED,-119.01097106933594,35.962375640869141
91208694,2019,2020-03-16,9480,2019-10-08,1930,019186,,2,2,9,5400,0,3,5,,2,004,"AVENUE 328","ROAD 132",183.00,E,N,A,-,N,,,,,,,,,,N,2,0,1,2,A,-,11,21954,A,F,G,B,D,A,H,-,D,D,0,Y,,,,Y,,N,60,1,0,0,0,1,0,0,0,0,"- ","- ",36.385631561279297,-119.27816009521484,TULARE,UNINCORPORATED,-119.2781982421875,36.385612487792969
91212053,2020,2020-03-19,9480,2020-03-06,1215,013821,,5,1,9,5400,0,3,5,,2,005,"ROAD 96","AVENUE 144",0.00,,Y,A,-,N,,,,,,,,,,Y,2,0,2,3,A,-,09,21802,A,N,A,C,A,A,H,-,A,D,0,,,,Y,Y,,A,01,1,1,0,0,0,0,0,0,0,"- ","- ",36.050998687744141,-119.35769653320312,TULARE,UNINCORPORATED,-119.35764312744141,36.051158905029297
91212978,2019,2020-04-13,9480,2019-12-26,0605,015282,,4,1,9,5400,0,3,5,,2,002,"AVENUE 384","MONSON DRIVE",836.00,W,N,B,-,N,,,,,,,,,,Y,1,1,5,2,A,-,01,23152,F,N,A,C,A,B,H,-,D,D,0,,,,,Y,,A,07,5,0,0,0,0,0,0,0,0,"- ","- ",36.487201690673828,-119.33365631103516,TULARE,UNINCORPORATED,-119.33360290527344,36.487159729003906
91215789,2019,2020-03-25,9480,2019-10-24,0435,018809,,4,3,9,5400,0,3,5,,2,006,"ROAD 100","AVENUE 272",1582.00,S,N,A,-,N,,,,,,,,,,Y,1,1,0,2,A,-,01,23152,F,N,A,C,A,A,H,-,D,D,0,,,,Y,Y,,A,01,0,0,0,0,0,0,0,0,0,"- ","- ",36.279689788818359,-119.34927368164062,TULARE,UNINCORPORATED,-119.34928131103516,36.279369354248047
91216512,2020,2020-04-13,9480,2020-02-22,1905,020837,,6,2,9,5400,0,1,3,,1,032,"STATE ROUTE 190 (AVENUE 144)","ROAD 120 (CALLISON ROAD)",0.00,,Y,A,-,Y,,,190,,,,,,,Y,1,1,3,2,A,-,12,22450,A,N,D,C,A,A,H,-,D,A,0,,,,,Y,,A,01,0,0,3,0,0,0,0,0,0,"- ","- ",36.051219940185547,-119.30388641357422,TULARE,UNINCORPORATED,-119.30388641357422,36.051288604736328
91218788,2020,2020-03-30,9480,2020-03-22,1622,019349,,7,2,9,5400,0,3,5,,2,001,"ROAD 64","AVENUE 306",1306.00,S,N,A,-,N,,,,,,,,,,Y,2,0,1,1,A,-,08,22107,,N,F,A,A,A,H,-,A,D,0,,,Y,,Y,,C,02,1,0,0,0,0,0,0,0,1,"- ","- ",36.344741821289062,-119.43158721923828,TULARE,UNINCORPORATED,,
91219373,2020,2020-04-01,9480,2020-03-19,1640,019186,,4,2,5,5407,0,1,3,,1,064,"SR-198 E/B","BEN MADDOX WAY",2112.00,E,N,B,C,Y,,,198,,,,,,E,Y,2,0,1,1,A,-,03,22350,,N,E,I,A,B,H,-,A,D,0,,,,,Y,,D,22,1,0,0,0,0,0,0,0,0,"- ","- ",36.32666015625,-119.27030181884766,TULARE,VISALIA,-119.27030944824219,36.326717376708984
91220465,2020,2020-04-03,9480,2020-01-18,0149,018521,,6,3,9,5400,0,3,5,,2,005,"BISHOP STREET (ROAD 128)","AVENUE 80",112.00,S,N,E,-,N,,,,,,,,,,N,1,1,0,2,A,-,11,21954,A,N,G,B,E,A,H,-,D,D,0,Y,,,,Y,,N,60,0,0,0,1,0,0,0,0,0,"- ","- ",35.934871673583984,-119.2857666015625,TULARE,UNINCORPORATED,-119.28603363037109,35.934982299804688
91226535,2020,2020-04-16,9481,2020-03-24,1713,015290,,2,2,9,5400,0,3,5,,2,030,"ROAD 192","AVENUE 145",288.00,S,N,B,-,N,,,,,,,,,,Y,2,0,5,2,A,-,03,22350,,N,B,C,A,A,H,-,A,A,0,,,,,Y,,A,01,3,0,2,0,0,0,0,0,0,"- ","- ",36.052440643310547,-119.14312744140625,TULARE,UNINCORPORATED,-119.14308929443359,36.052230834960938
91230659,2020,2020-05-04,9481,2020-04-23,2027,020332,,4,2,9,5400,0,3,5,,2,050,"DATE AVENUE","LEGGETT STREET",528.00,W,N,A,-,N,,,,,,,,,,N,2,0,1,2,A,-,08,22107,,F,G,B,E,A,H,-,D,D,0,Y,,,,Y,,D,22,1,0,0,0,1,0,0,0,0,"- ","- ",36.058521270751953,-119.00116729736328,TULARE,UNINCORPORATED,-119.00137329101562,36.058464050292969
91232870,2020,2020-05-01,9480,2020-04-15,0745,013656,,3,1,9,5400,0,3,5,,2,006,"AVENUE 272","ROAD 132",578.00,E,N,A,-,N,,,,,,,,,,Y,1,1,0,1,A,-,08,22107,,N,E,I,A,A,H,-,A,D,0,,,Y,,Y,,C,02,0,0,0,0,0,0,0,1,0,"- ","- ",36.285221099853516,-119.27629089355469,TULARE,UNINCORPORATED,-119.27672576904297,36.285385131835938
91233225,2020,2020-05-04,9480,2020-04-24,2200,020837,,5,3,9,5400,0,3,5,,2,005,"ROAD 34","AVENUE 56",62.00,S,N,A,-,N,,,,,,,,,,Y,2,0,1,1,A,-,01,23152,A,N,E,I,A,A,H,-,D,D,0,,,,,Y,Y,D,22,1,0,0,0,0,0,0,0,0,"- ","- ",35.890949249267578,-119.49614715576172,TULARE,UNINCORPORATED,,
91233519,2020,2020-05-04,9480,2020-04-30,1428,019048,,4,2,9,5400,0,3,5,,2,004,"ROAD 188","AVENUE 336",0.00,,Y,A,-,N,,,,,,,,,,Y,2,0,3,2,A,-,12,22450,A,N,D,C,A,A,H,-,A,A,0,,,,,Y,,A,01,1,1,1,0,0,0,0,0,0,"- ","- ",36.399589538574219,-119.15235137939453,TULARE,UNINCORPORATED,-119.15273284912109,36.399330139160156
91236608,2020,2020-05-12,9480,2020-05-03,0125,018861,,7,3,9,5400,0,1,3,,2,091,"STATE ROUTE-99 (NORTHBOUND)","MERRITT DRIVE",4224.00,N,N,A,-,Y,,,99,,,,,,,Y,2,0,4,1,A,-,08,22107,,N,F,A,A,A,H,-,D,D,0,,,,,Y,,A,01,2,2,0,0,0,0,0,0,0,"- ","- ",36.463760375976562,-119.49530792236328,TULARE,UNINCORPORATED,-119.49538421630859,36.463706970214844
91239726,2020,2020-05-29,9480,2020-05-13,1520,020060,,3,2,9,5400,0,1,3,,1,065,"STATE ROUTE 65","AVENUE 240",101.00,S,N,A,-,Y,,,65,,,,,,,Y,1,1,1,2,A,-,03,22350,,N,C,C,A,A,H,-,A,D,0,,,,,Y,,A,01,0,1,0,0,0,0,0,0,0,"- ","- ",36.224441528320312,-119.13649749755859,TULARE,UNINCORPORATED,-119.13648986816406,36.224441528320312
91242255,2020,2020-05-26,9480,2020-05-13,0330,018421,,3,3,9,5400,0,3,5,,2,005,"ROAD 120","AVENUE 88",240.00,N,N,A,-,N,,,,,,,,,,Y,2,0,1,1,A,-,01,23152,A,N,F,A,A,A,H,-,D,D,0,,,,,Y,Y,D,22,1,0,0,0,0,0,0,0,0,"- ","- ",35.950420379638672,-119.30352020263672,TULARE,UNINCORPORATED,-119.37551879882812,36.007598876953125
91242753,2020,2020-05-27,9481,2020-05-19,1718,020238,,2,2,9,5400,0,3,5,,2,050,"EAST WORTH AVENUE","SOUTH HILLCREST STREET",330.00,W,N,A,-,N,,,,,,,,,,Y,2,0,1,1,A,-,01,23152,A,N,F,A,A,A,H,-,A,D,0,,,,,Y,Y,D,22,1,0,0,0,0,0,0,0,0,"- ","- ",36.043960571289062,-118.99201202392578,TULARE,UNINCORPORATED,-118.99211120605469,36.044029235839844
91245271,2020,2020-05-29,9480,2020-03-21,1547,019543,,6,2,9,5400,0,3,5,,2,002,"AVENUE 392","ROAD 120",0.00,,Y,A,-,N,,,,,,,,,,Y,1,2,5,2,A,-,12,22450,A,N,D,C,A,A,H,-,A,A,0,,,,,Y,,A,07,2,1,2,0,0,0,0,0,0,"- ","- ",36.501380920410156,-119.30451965332031,TULARE,UNINCORPORATED,-119.30451202392578,36.501369476318359
91247871,2020,2020-06-05,9481,2020-06-04,1150,016065,,4,1,9,5400,0,2,4,,1,031,"RICHGROVE DRIVE","AVENUE 32",5280.00,S,N,A,-,N,,,,,,,,,,Y,2,0,1,2,A,-,08,22107,,N,A,C,A,A,H,-,A,D,0,,,,,Y,,D,22,1,0,0,0,0,0,0,0,0,"- ","- ",35.839328765869141,-119.08447265625,TULARE,UNINCORPORATED,-119.08460998535156,35.839317321777344
91249188,2020,2020-06-08,9480,2020-05-23,0220,018861,,6,3,9,5400,0,3,5,,2,001,"AVENUE 312 (RIGGIN AVENUE)","ROAD 72",50.00,W,N,A,-,N,,,,,,,,,,Y,2,0,1,1,A,-,01,23152,A,N,E,I,A,A,H,-,D,D,0,,,,,Y,Y,A,01,1,0,0,0,0,0,0,0,0,"- ","- ",36.356159210205078,-119.41265869140625,TULARE,UNINCORPORATED,-119.412621,36.356203999999998
91249444,2020,2020-06-09,9481,2020-05-30,0530,021234,,6,3,9,5400,0,2,4,,1,035,"ROAD 160","AVENUE 40",2112.00,S,N,A,-,N,,,,,,,,,,Y,2,0,1,2,A,-,21,22106,,N,D,C,A,A,H,-,B,D,0,,,,,Y,,A,08,1,0,0,0,0,0,0,0,0,"- ","- ",35.856231689453125,-119.21476745605469,TULARE,UNINCORPORATED,-119.21472930908203,35.857192993164062
91251816,2020,2021-01-29,9480,2020-05-28,0332,017291,,4,3,9,5400,0,3,5,,2,001,"AVENUE 384","ROAD 44",550.00,W,N,A,-,N,,,,,,,,,,Y,2,0,2,2,A,-,16,24615,,N,C,C,A,A,H,-,D,D,0,,,,Y,Y,,M,46,1,0,1,0,0,0,0,0,0,"- ","- ",36.488521575927734,-119.4683837890625,TULARE,UNINCORPORATED,-119.468181,36.488563999999997
91252170,2020,2020-06-15,9481,2020-06-01,1450,015218,,1,2,9,5400,0,3,5,,2,030,"ROAD 232","RICHGROVE DRIVE",268.00,N,N,A,-,N,,,,,,,,,,Y,2,0,2,2,A,-,01,23152,A,N,A,C,A,A,H,-,D,D,0,,,,,Y,Y,D,22,1,1,0,0,0,0,0,0,0,"- ","- ",35.867950439453125,-119.05371856689453,TULARE,UNINCORPORATED,,
91254498,2020,2020-06-19,9481,2020-06-11,1715,018029,,4,2,9,5400,0,3,5,,2,030,"MOUNTAIN ROAD 56","MOUNTAIN ROAD 109",6336.00,E,N,A,-,N,,,,,,,,,,N,2,0,2,1,A,-,17,21662,A,N,F,A,A,A,H,-,A,D,0,,,Y,,Y,,C,02,2,0,0,0,0,0,0,0,2,"- ","- ",35.891651153564453,-118.89877319335938,TULARE,UNINCORPORATED,,
91255871,2020,2020-06-23,9480,2020-06-13,2200,021249,,6,3,9,5400,0,3,5,,2,006,"FOOTHILL AVE","FIR ST",0.00,,Y,A,-,N,,,,,,,,,,Y,2,0,2,2,A,-,12,22450,A,N,D,C,A,A,H,-,D,A,0,,,,,Y,Y,A,07,1,0,1,0,0,0,0,0,0,"- ","- ",36.131790161132812,-119.42562866210938,TULARE,UNINCORPORATED,-119.07379150390625,36.221649169921875
91258845,2020,2020-06-26,9481,2020-06-12,1645,013643,,5,2,9,5400,0,3,5,,2,020,"ROAD 228","AVENUE 208",200.00,S,N,A,-,N,,,,,,,,,,Y,2,0,3,2,A,-,05,21650,,N,A,C,A,A,H,-,A,D,0,,,,,Y,,A,01,1,1,1,0,0,0,0,0,0,"- ","- ",36.166828155517578,-119.06329345703125,TULARE,UNINCORPORATED,-119.06326293945312,36.166751861572266
91263467,2020,2020-07-06,9481,2020-06-25,2150,021234,,4,2,9,5400,0,2,4,,1,051,"ROAD 236","AVENUE 112",2851.00,N,N,A,-,N,,,,,,,,,,Y,2,0,3,1,A,-,08,22107,,N,F,A,A,A,H,-,D,D,0,,,,,Y,,A,07,2,1,0,0,0,0,0,0,0,"- ","- ",36.004600524902344,-119.03500366210938,TULARE,UNINCORPORATED,,