CASE_ID,ACCIDENT_YEAR,PROC_DATE,JURIS,COLLISION_DATE,COLLISION_TIME,OFFICER_ID,REPORTING_DISTRICT,DAY_OF_WEEK,CHP_SHIFT,POPULATION,CNTY_CITY_LOC,SPECIAL_COND,BEAT_TYPE,CHP_BEAT_TYPE,CITY_DIVISION_LAPD,CHP_BEAT_CLASS,BEAT_NUMBER,PRIMARY_RD,SECONDARY_RD,DISTANCE,DIRECTION,INTERSECTION,WEATHER_1,WEATHER_2,STATE_HWY_IND,CALTRANS_COUNTY,CALTRANS_DISTRICT,STATE_ROUTE,ROUTE_SUFFIX,POSTMILE_PREFIX,POSTMILE,LOCATION_TYPE,RAMP_INTERSECTION,SIDE_OF_HWY,TOW_AWAY,COLLISION_SEVERITY,NUMBER_KILLED,NUMBER_INJURED,PARTY_COUNT,PRIMARY_COLL_FACTOR,PCF_CODE_OF_VIOL,PCF_VIOL_CATEGORY,PCF_VIOLATION,PCF_VIOL_SUBSECTION,HIT_AND_RUN,TYPE_OF_COLLISION,MVIW,PED_ACTION,ROAD_SURFACE,ROAD_COND_1,ROAD_COND_2,LIGHTING,CONTROL_DEVICE,CHP_ROAD_TYPE,PEDESTRIAN_ACCIDENT,BICYCLE_ACCIDENT,MOTORCYCLE_ACCIDENT,TRUCK_ACCIDENT,NOT_PRIVATE_PROPERTY,ALCOHOL_INVOLVED,STWD_VEHTYPE_AT_FAULT,CHP_VEHTYPE_AT_FAULT,COUNT_SEVERE_INJ,COUNT_VISIBLE_INJ,COUNT_COMPLAINT_PAIN,COUNT_PED_KILLED,COUNT_PED_INJURED,COUNT_BICYCLIST_KILLED,COUNT_BICYCLIST_INJURED,COUNT_MC_KILLED,COUNT_MC_INJURED,PRIMARY_RAMP,SECONDARY_RAMP,LATITUDE,LONGITUDE,COUNTY,CITY,POINT_X,POINT_Y
91264686,2020,2020-08-12,9480,2020-06-23,0800,016233,,2,1,9,5400,0,1,3,,1,051,"STATE ROUTE 43","PALMER AVENUE",2390.00,N,N,A,-,Y,,,43,,,,,,,Y,1,1,0,1,A,-,08,22107,,N,E,I,A,A,H,-,A,D,0,,,,,Y,,D,22,0,0,0,0,0,0,0,0,0,"- ","- ",35.870498657226562,-119.39013671875,TULARE,UNINCORPORATED,-119.39012908935547,35.870510101318359
91267704,2020,2020-07-24,9481,2020-07-04,0105,016776,,6,3,9,5400,0,2,4,,1,021,"AVENUE 196","ROAD 236",1140.00,W,N,A,-,N,,,,,,,,,,Y,1,2,0,1,A,-,01,23152,A,N,E,I,A,A,H,-,D,D,0,,,,,Y,Y,A,01,0,0,0,0,0,0,0,0,0,"- ","- ",36.145671844482422,-119.04878997802734,TULARE,UNINCORPORATED,,
91270961,2020,2020-07-20,9481,2020-07-11,1025,018595,,6,1,9,5400,0,3,5,,2,010,"ROAD 192","AVENUE 176",1056.00,S,N,A,-,N,,,,,,,,,,Y,2,0,2,1,A,-,08,22107,,N,E,I,A,A,H,-,A,D,0,,,,,Y,,A,01,1,1,0,0,0,0,0,0,0,"- ","- ",36.10662841796875,-119.14285278320312,TULARE,UNINCORPORATED,-119.14301300048828,36.106353759765625
91273925,2020,2020-07-24,9480,2020-07-14,0333,019543,,2,3,9,5400,0,1,3,,2,091,"SR-99 S/B","BETTY DR",1056.00,S,N,A,-,Y,,,99,,,,,,S,Y,2,0,1,2,A,-,08,22107,,N,B,C,A,A,H,-,C,D,0,,,,Y,Y,,A,01,1,0,0,0,0,0,0,0,0,"- ","- ",36.34783935546875,-119.42527008056641,TULARE,UNINCORPORATED,-119.42520904541016,36.347892761230469
91274130,2020,2020-07-24,9480,2020-07-18,0925,018521,,6,1,9,5400,0,3,5,,2,003,"AVENUE 256","ROAD 36",0.00,,Y,A,-,N,,,,,,,,,,Y,2,0,3,2,A,-,09,21802,A,N,D,C,A,A,H,-,A,A,0,,,,,Y,,D,22,2,0,1,0,0,0,0,0,0,"- ","- ",36.254730224609375,-119.49253082275391,TULARE,UNINCORPORATED,-119.49250793457031,36.254680633544922
91276469,2020,2020-07-29,9481,2020-07-10,1455,021234,,5,2,9,5400,0,1,3,,1,053,"STATE ROUTE 190","GLOBE DRIVE",686.00,E,N,A,-,Y,,,190,,,,,,,Y,1,1,0,1,A,-,08,22107,,N,E,I,A,A,H,-,A,D,0,,,,,Y,,A,01,0,0,0,0,0,0,0,0,0,"- ","- ",36.100681304931641,-118.83457946777344,TULARE,UNINCORPORATED,-118.83457946777344,36.100566864013672
91277330,2020,2020-08-12,9480,2020-06-20,1646,019846,,6,2,9,5400,0,3,5,,2,002,"ROAD 100","AVENUE 424",2053.00,S,N,A,-,N,,,,,,,,,,Y,1,1,0,2,A,-,09,21801,A,N,D,C,A,A,H,-,A,D,0,,,Y,,Y,,A,01,0,0,0,0,0,0,0,1,0,"- ","- ",36.554229736328125,-119.34951019287109,TULARE,UNINCORPORATED,-119.34950256347656,36.554214477539062
91280344,2020,2020-08-04,9481,2020-07-23,0829,015218,,4,1,9,5400,0,1,3,,1,032,"STATE ROUTE 190 (AVENUE 144)","ROAD 208",0.00,,Y,A,-,Y,,,190,,,,,,,Y,2,0,2,2,A,-,12,22450,A,N,D,D,A,A,H,-,A,A,0,,,,,Y,,A,01,1,0,1,0,0,0,0,0,0,"- ","- ",36.051200866699219,-119.10755920410156,TULARE,UNINCORPORATED,-119.10755920410156,36.05120849609375
91280958,2020,2021-03-11,9480,2020-07-29,2121,019349,,3,2,9,5400,0,3,5,,2,001,"AVENUE 416","ROAD 42",351.00,E,N,A,-,N,,,,,,,,,,Y,1,1,0,2,A,-,03,22350,,N,D,C,A,A,H,-,C,D,0,,,,Y,Y,,A,01,0,0,0,0,0,0,0,0,0,"- ","- ",36.546638488769531,-119.47866821289062,TULARE,UNINCORPORATED,-119.478866,36.546607000000002
91281188,2020,2020-08-05,9480,2020-03-02,0715,016210,,1,1,9,5400,0,3,5,,2,002,"AVENUE 432 (FLORAL AVENUE)","ROAD 120 (HILLS VALLEY ROAD)",0.00,,Y,A,-,N,,,,,,,,,,Y,1,1,2,2,A,-,12,22450,A,N,D,D,A,A,H,-,A,A,0,,,,,Y,,D,22,2,0,0,0,0,0,0,0,0,"- ","- ",36.573699951171875,-119.30510711669922,TULARE,UNINCORPORATED,-119.30515289306641,36.573719024658203
91283438,2020,2020-08-10,9480,2020-08-02,0500,020127,,7,3,5,5407,0,1,3,,1,064,"SR-198 W/B","PLAZA DR",42.00,W,N,A,-,Y,,,198,,,,,,W,Y,2,0,3,2,A,-,01,23152,A,N,C,C,A,A,H,-,C,D,0,,,,,Y,Y,A,01,1,0,2,0,0,0,0,0,0,"- ","- ",36.327178955078125,-119.39035034179688,TULARE,VISALIA,-119.39035034179688,36.327266693115234
91283483,2020,2020-08-10,9480,2020-07-25,2350,019828,,6,3,9,5400,0,3,5,,2,005,"BISHOP DR.","AVE. 80",398.00,S,N,A,-,N,,,,,,,,,,Y,2,0,1,1,A,-,01,23152,A,N,E,I,A,A,H,-,D,D,0,,,,,Y,Y,A,01,1,0,0,0,0,0,0,0,0,"- ","- ",35.934200286865234,-119.28569793701172,TULARE,UNINCORPORATED,-119.28585815429688,35.934215545654297
91288157,2020,2020-08-18,9480,2020-08-05,0055,016145,,3,3,9,5400,0,3,5,,2,006,"ROAD 156","AVENUE 280",2535.00,S,N,A,-,N,,,,,,,,,,Y,2,0,1,1,A,-,08,22107,,N,E,I,A,A,H,-,D,D,0,,,,,Y,,A,01,1,0,0,0,0,0,0,0,0,"- ","- ",36.290721893310547,-119.22509765625,TULARE,UNINCORPORATED,,
91289477,2020,2020-08-20,9480,2020-08-17,1018,016210,,1,1,9,5400,0,1,3,,1,021,SR-63,"AVENUE 368",2851.00,S,N,A,-,Y,,,63,,,,,,,Y,2,0,2,2,A,-,03,22350,,N,C,C,A,A,D,-,A,A,0,,,,Y,Y,,A,01,1,1,0,0,0,0,0,0,0,"- ","- ",36.449810028076172,-119.29550933837891,TULARE,UNINCORPORATED,-119.29556274414062,36.449810028076172
91292656,2020,2020-08-26,9480,2020-08-19,0155,020612,,3,3,9,5400,0,1,3,,1,051,"STATE ROUTE 43","AVENUE 56",4224.00,N,N,A,-,Y,,,43,,,,,,,Y,2,0,1,1,A,-,08,22107,,N,F,A,A,A,H,-,D,D,0,,,,,Y,,A,07,1,0,0,0,0,0,0,0,0,"- ","- ",35.901481628417969,-119.41255187988281,TULARE,UNINCORPORATED,-119.41263580322266,35.901420593261719
91293942,2020,2020-08-27,9480,2020-07-29,2135,020127,,3,2,9,5400,0,3,5,,2,003,"AVENUE 232","ROAD 44",2746.00,W,N,A,-,N,,,,,,,,,,Y,1,1,0,2,A,-,14,25803,A,N,C,C,A,A,H,-,D,D,0,,,Y,,Y,,M,46,0,0,0,0,0,0,0,1,0,"- ","- ",36.210720062255859,-119.48458099365234,TULARE,UNINCORPORATED,-119.48439788818359,36.210773468017578
91295418,2020,2020-08-28,9480,2020-08-22,0630,016233,,6,1,9,5400,0,1,3,,2,095,"SR-99 N/B","COURT AVE.",2610.00,N,N,A,-,Y,,,99,,,,,,N,Y,2,0,1,1,A,-,01,23152,A,N,E,I,A,A,H,-,B,D,0,,,,,Y,Y,A,07,1,0,0,0,0,0,0,0,0,"- ","- ",35.977130889892578,-119.29527282714844,TULARE,UNINCORPORATED,-119.29538726806641,35.977100372314453
91298244,2020,2020-09-03,9480,2020-08-26,2155,018421,,3,2,9,5400,0,1,3,,2,091,"SR-99 N/B","ROAD 12",780.00,S,N,A,-,Y,,,99,,,,,,N,Y,2,0,1,1,A,-,01,23152,A,N,F,A,A,A,H,-,D,D,0,,,,,Y,Y,A,01,1,0,0,0,0,0,0,0,0,"- ","- ",36.505508422851562,-119.54601287841797,TULARE,UNINCORPORATED,-119.54605865478516,36.505443572998047
91301151,2020,2020-09-09,9480,2020-08-31,2135,016145,,1,2,9,5400,0,1,3,,1,063,"SR-63 (MOONEY BLVD)","AVENUE 256",841.00,N,N,A,-,Y,,,63,,,,,,,Y,2,0,2,1,A,-,08,22107,,N,F,A,A,A,H,-,C,D,0,,,,,Y,,A,01,1,1,0,0,0,0,0,0,0,"- ","- ",36.257091522216797,-119.31314086914062,TULARE,UNINCORPORATED,-119.31310272216797,36.257091522216797
9130259,2020,2020-09-15,5407,2020-06-18,1748,C51,480,4,5,5,5407,0,0,0,,0,R12,"SOUTH DEMAREE ST","WEST JUDY AV",99.00,S,N,A,-,N,,,,,,,,,,Y,2,0,1,4,A,-,03,22350,,N,C,C,A,A,H,-,A,A,0,,,,,Y,,D,22,1,0,0,0,0,0,0,0,0,"- ","- ",,,TULARE,VISALIA,-119.33169555664062,36.315258026123047
91303893,2020,2020-09-14,9481,2020-09-05,1930,021183,,6,2,9,5400,0,3,5,,2,030,"ROAD 232","AVENUE 95",4752.00,N,N,A,-,N,,,,,,,,,,N,2,0,1,1,A,-,03,22350,,N,F,A,A,A,H,-,B,D,0,,,Y,,Y,,C,02,1,0,0,0,0,0,0,0,1,"- ","- ",35.976108551025391,-119.05374145507812,TULARE,UNINCORPORATED,,
91307952,2020,2020-09-21,9480,2020-09-04,2129,020450,,5,2,9,5400,0,3,5,,2,006,"AVENUE 280","MARIPOSA AVE",2006.00,W,N,A,-,N,,,,,,,,,,N,2,0,1,2,A,-,08,22107,,F,E,G,A,A,H,-,D,D,0,,Y,,,Y,,A,07,1,0,0,0,0,0,1,0,0,"- ","- ",36.298019409179688,-119.23191070556641,TULARE,UNINCORPORATED,-119.231689453125,36.298061370849609
91315908,2020,2020-10-01,9481,2020-09-12,0330,018595,,6,3,9,5400,0,3,5,,2,010,"ROAD 224","AVENUE 196",650.00,S,N,A,-,Y,,,,,,,,,,Y,2,0,1,1,A,-,08,22107,,N,E,I,A,A,H,-,D,A,0,,,Y,,Y,,C,02,1,0,0,0,0,0,0,0,1,"- ","- ",36.143550872802734,-119.07166290283203,TULARE,UNINCORPORATED,-119.07196044921875,36.144016265869141
91316062,2020,2020-10-01,9480,2020-09-21,1440,020273,,1,2,9,5400,0,1,3,,2,095,"SR-99 N/B","AVENUE 48",150.00,N,N,A,-,Y,,,99,,,,,,N,N,2,0,1,2,A,-,11,21954,A,N,G,B,D,A,H,-,A,D,0,Y,,,Y,Y,,N,60,1,0,0,0,1,0,0,0,0,"- ","- ",35.878009796142578,-119.2705078125,TULARE,UNINCORPORATED,-119.27053070068359,35.878005981445312
91321655,2020,2020-10-12,9481,2020-09-30,1845,017991,,3,2,4,5405,0,1,3,,1,037,"STATE ROUTE 65 (SOUTHBOUND)","OLIVE AVENUE",1848.00,S,N,A,-,Y,,,65,,,,,,,Y,2,0,2,1,A,-,08,22107,,N,E,I,A,A,H,-,D,D,0,,,,,Y,,A,07,1,0,1,0,0,0,0,0,0,"- ","- ",36.060829162597656,-119.03955841064453,TULARE,PORTERVILLE,-119.03948211669922,36.060829162597656
91321746,2020,2020-10-12,9481,2020-09-15,2015,017991,,2,2,9,5400,0,2,4,,1,021,"ORANGE BELT DRIVE","AVENUE 196",226.00,S,N,A,-,N,,,,,,,,,,N,2,0,1,2,A,-,11,21956,,N,G,B,D,A,H,-,C,A,0,Y,,,,Y,,N,60,1,0,0,0,1,0,0,0,0,"- ","- ",36.144851684570312,-119.06060791015625,TULARE,UNINCORPORATED,-119.06075286865234,36.145023345947266
91325015,2020,2020-10-16,9480,2020-10-13,1915,017854,,2,2,9,5400,0,3,5,,2,006,"ROAD 188","AVENUE 256",2640.00,N,N,A,-,N,,,,,,,,,,Y,2,0,2,2,A,-,03,22350,,N,C,C,A,A,H,-,D,D,0,,,,,Y,,A,07,1,0,1,0,0,0,0,0,0,"- ","- ",36.260841369628906,-119.15422058105469,TULARE,UNINCORPORATED,-119.15419769287109,36.261005401611328
91329326,2020,2020-10-22,9481,2020-10-19,1514,018113,,1,2,9,5400,0,1,3,,1,012,"STATE ROUTE 65 (N/B)","AVENUE 196",0.00,,Y,A,-,Y,,,65,,,,,,,Y,2,0,2,3,A,-,12,21453,A,N,D,C,A,A,H,-,A,A,0,,,,,Y,,D,22,1,0,1,0,0,0,0,0,0,"- ","- ",36.145538330078125,-119.07218170166016,TULARE,UNINCORPORATED,-119.07217407226562,36.145542144775391
91329809,2020,2020-10-22,9480,2020-09-24,0448,017291,,4,3,9,5400,0,1,3,,2,095,"STATE ROUTE 99 NORTHBOUND","AVENUE 96",1056.00,S,N,A,-,Y,,,99,,,,,,N,Y,1,1,0,2,A,-,11,21954,A,N,G,B,D,A,H,-,C,D,0,Y,,,,Y,,N,60,0,0,0,1,0,0,0,0,0,"- ","- ",35.96160888671875,-119.29045867919922,TULARE,UNINCORPORATED,-119.29046630859375,35.961612701416016
91336397,2020,2020-11-02,9480,2020-10-20,1040,018202,,2,1,9,5400,0,3,5,,2,005,"PARK DR","HOWARD AVE",375.00,N,N,A,-,Y,,,,,,,,,,Y,2,0,2,2,A,-,03,22350,,N,D,C,A,A,H,-,A,D,0,,,,Y,Y,,A,01,1,1,0,0,0,0,0,0,0,"- ","- ",35.974170684814453,-119.29316711425781,TULARE,UNINCORPORATED,-119.29312133789062,35.974197387695312
91339541,2020,2021-01-14,9480,2020-10-12,0048,018421,,1,3,9,5400,0,3,5,,2,001,"RIGGIN AVENUE EASTBOUND","FLORENCE AVENUE",85.00,W,N,A,-,N,,,,,,,,,,Y,1,1,0,1,A,-,01,23152,A,N,E,I,A,A,H,-,C,D,0,,,,,Y,Y,A,07,0,0,0,0,0,0,0,0,0,"- ","- ",36.356178283691406,-119.40609741210938,TULARE,UNINCORPORATED,,
91342177,2020,2020-11-09,9480,2020-11-07,1933,020060,,6,2,9,5400,0,1,3,,2,093,"STATE ROUTE 99 S/B","AVENUE 184",9240.00,S,N,A,-,Y,,,99,,,,,,S,Y,2,0,1,2,A,-,08,22107,,N,B,C,A,A,H,-,D,D,0,,,,,Y,,-,"- ",1,0,0,0,0,0,0,0,0,"- ","- ",36.097400665283203,-119.32261657714844,TULARE,UNINCORPORATED,-119.32257843017578,36.097404479980469
91342399,2020,2021-01-14,9480,2020-10-13,2102,019846,,2,2,4,5406,0,1,3,,2,093,"STATE ROUTE 99 SOUTHBOUND","PROSPERITY AVENUE",983.00,S,N,B,-,Y,,,99,,,,,,S,Y,1,1,0,2,A,-,01,23152,A,N,D,C,A,A,H,-,C,D,0,,,,Y,Y,Y,A,01,0,0,0,0,0,0,0,0,0,"- ","- ",36.221920013427734,-119.33241271972656,TULARE,TULARE,-119.33238220214844,36.221935272216797
91343099,2020,2020-11-10,9480,2020-11-07,1455,019846,,6,2,9,5400,0,3,5,,2,002,"ROAD 108","AVENUE 320",93.00,N,N,B,-,N,,,,,,,,,,Y,2,0,1,1,A,-,01,23152,A,N,E,I,A,B,H,-,A,A,0,,,,,Y,Y,A,01,1,0,0,0,0,0,0,0,0,"- ","- ",36.371898651123047,-119.33216094970703,TULARE,UNINCORPORATED,-119.332193,36.371277999999997
91344727,2020,2020-11-13,9481,2020-10-16,2238,021175,,5,3,9,5400,0,2,4,,1,031,"WEST OLIVE AVENUE","NORTH NEWCOMB STREET",0.00,,Y,A,-,N,,,,,,,,,,N,1,1,0,2,A,-,12,21453,A,F,D,G,A,A,H,-,C,A,0,,Y,Y,,Y,Y,L,04,0,0,0,0,0,1,0,0,0,"- ","- ",36.065849304199219,-119.05293273925781,TULARE,UNINCORPORATED,-119.05299377441406,36.065841674804688
91348021,2020,2020-11-18,9481,2020-11-09,1730,017894,,1,2,9,5400,0,3,5,,2,020,"ROAD 244","AVENUE 212",0.00,,Y,A,-,N,,,,,,,,,,Y,2,0,4,2,A,-,09,21802,A,N,D,C,A,A,H,-,D,A,0,,,,,Y,,A,07,1,0,3,0,0,0,0,0,0,"- ","- ",36.174549102783203,-119.02773284912109,TULARE,UNINCORPORATED,-119.02773284912109,36.174579620361328
9134902,2020,2020-10-05,5407,2020-07-04,0103,A266,480,6,5,5,5407,0,0,0,,0,011,"PLAZA DR","RIGGIN AV",2544.00,N,N,A,-,N,,,,,,,,,,Y,2,0,1,1,A,-,03,22348,C,N,F,I,A,A,H,-,C,D,0,,,,,Y,,A,01,1,0,0,0,0,0,0,0,0,"- ","- ",36.359630584716797,-119.39440155029297,TULARE,VISALIA,-119.39467620849609,36.363380432128906
9135079,2020,2020-10-12,5405,2020-08-04,1218,259,,2,5,4,5405,0,0,0,,0,004,"OLIVE AV","MATTHEW ST",0.00,,Y,A,-,N,,,,,,,,,,N,2,0,1,2,D,-,00,,,N,G,B,A,A,H,-,A,A,0,,Y,,Y,Y,,-,"- ",1,0,0,0,0,0,1,0,0,"- ","- ",36.065719604492188,-119.06192779541016,TULARE,PORTERVILLE,-119.06191253662109,36.065658569335938
91353407,2020,2020-11-25,9480,2020-11-01,1155,016210,,7,1,9,5400,0,1,3,,1,060,SR-137,"ROAD 152",3379.00,E,N,A,-,Y,,,137,,,,,,,Y,2,0,1,2,A,-,08,22107,,N,C,C,A,A,H,-,A,A,0,,,Y,,Y,,D,22,1,0,0,0,0,0,0,0,1,"- ","- ",36.210868835449219,-119.22176361083984,TULARE,UNINCORPORATED,-119.22176361083984,36.210849761962891
91360936,2020,2020-12-08,9480,2020-12-04,1108,013914,,5,1,9,5400,0,3,5,,2,004,"AVENUE 328","STATE ROUTE 63",16.00,E,N,A,-,N,,,,,,,,,,Y,2,0,1,1,A,-,08,22107,,N,E,I,A,A,H,-,A,A,0,,,,,Y,,A,07,1,0,0,0,0,0,0,0,0,"- ","- ",36.385650634765625,-119.29656982421875,TULARE,UNINCORPORATED,-119.29667999999999,36.385517999999998
91366189,2020,2020-12-14,9480,2020-12-03,2115,020273,,4,2,9,5400,0,1,3,,1,030,SR-137,"AVENUE 216",785.00,E,N,A,-,Y,,,137,,,,,,,N,2,0,2,1,A,-,08,22107,,N,E,I,A,A,H,-,D,D,0,,,,,Y,,A,01,2,0,0,0,0,0,0,0,0,"- ","- ",36.182819366455078,-119.49317169189453,TULARE,UNINCORPORATED,-119.49327087402344,36.182823181152344
91369591,2020,2020-12-17,9481,2020-12-11,1635,019422,,5,2,9,5400,0,3,5,,2,010,"AVENUE 224","ROAD 196",0.00,,Y,A,-,N,,,,,,,,,,Y,2,0,2,2,A,-,12,22450,A,N,D,C,A,A,H,-,A,A,0,,,,,Y,,A,01,1,1,0,0,0,0,0,0,0,"- ","- ",36.196300506591797,-119.13574981689453,TULARE,UNINCORPORATED,-119.13577270507812,36.196319580078125
91371959,2020,2020-12-21,9480,2020-12-13,1920,020273,,7,2,9,5400,0,1,3,,2,093,"SR-99 N/B FROM J STREET","CAMERON CREEK BRIDGE",270.00,N,N,A,-,Y,,,99,,,,R,,N,N,2,0,1,1,A,-,08,22107,,N,E,I,A,B,H,-,D,D,0,,,,,Y,,A,01,1,0,0,0,0,0,0,0,0,"- ","- ",36.255821228027344,-119.35870361328125,TULARE,UNINCORPORATED,-119.35870361328125,36.255821228027344
91372375,2020,2020-12-21,9480,2020-10-28,0250,020890,,3,3,9,5400,0,3,5,,2,002,"AVENUE 424","ROAD 100",359.00,W,N,A,-,N,,,,,,,,,,Y,1,1,0,1,A,-,01,23152,A,N,H,A,A,A,H,-,D,A,0,,,,,Y,Y,A,01,0,0,0,0,0,0,0,0,0,"- ","- ",36.559818267822266,-119.34867095947266,TULARE,UNINCORPORATED,-119.35073089599609,36.559833526611328
91373359,2020,2020-12-22,9480,2020-12-14,1630,017291,,1,2,9,5400,0,3,5,,2,001,"AVENUE 384","ROAD 36",220.00,E,N,A,-,N,,,,,,,,,,Y,2,0,1,2,A,-,03,22350,,N,C,C,A,A,H,-,A,D,0,,,,,Y,,A,01,1,0,0,0,0,0,0,0,0,"- ","- ",36.488609313964844,-119.49147796630859,TULARE,UNINCORPORATED,-119.49314117431641,36.488716125488281
91376068,2020,2020-12-28,9480,2020-12-19,1837,019349,,6,2,9,5400,0,1,3,,1,051,"STATE ROUTE 43","PALMER AVE",1283.00,N,N,A,-,Y,,,43,,,,,,,Y,2,0,3,2,A,-,05,21650,,N,A,C,A,A,H,-,D,D,0,,,,,Y,,A,01,2,0,1,0,0,0,0,0,0,"- ","- ",35.867759704589844,-119.38745880126953,TULARE,UNINCORPORATED,-119.38745880126953,35.867759704589844
91378153,2020,2020-12-30,9480,2020-12-18,1823,019543,,5,2,9,5400,0,3,5,,2,002,"AVE 460","ROAD 136",1584.00,E,N,A,-,N,,,,,,,,,,Y,2,0,1,1,A,-,01,23152,A,N,E,I,A,A,H,-,D,D,0,,,,,Y,Y,A,01,1,0,0,0,0,0,0,0,0,"- ","- ",36.624240875244141,-119.26016998291016,TULARE,UNINCORPORATED,-119.26911163330078,36.624240875244141
91380073,2020,2021-01-04,9480,2020-12-26,1325,020273,,6,1,9,5400,0,3,5,,2,006,"YOKOHL VALLEY DR","STEWART DR",42240.00,W,N,A,-,N,,,,,,,,,,Y,2,0,1,1,A,-,08,22107,,N,F,A,A,A,H,-,A,D,0,,,Y,,Y,,C,02,1,0,0,0,0,0,0,0,1,"- ","- ",36.225978851318359,-119.86557769775391,TULARE,UNINCORPORATED,,
91382806,2020,2021-01-15,9480,2020-10-30,2030,016995,,5,2,9,5400,0,3,5,,2,002,"AVENUE 312 (RIGGIN AVENUE)","ROAD 92 (SHIRK ROAD)",1584.00,W,N,A,-,N,,,,,,,,,,Y,1,1,0,2,A,-,11,21956,A,N,G,B,E,A,H,-,D,D,0,Y,,,,Y,Y,N,60,0,0,0,1,0,0,0,0,0,"- ","- ",36.356521606445312,-115.37338256835938,TULARE,UNINCORPORATED,,
91384000,2020,2021-01-08,9480,2020-12-26,2350,020450,,6,3,9,5400,0,1,3,,1,044,"SR-198 E/B","LONG DR",4224.00,E,N,A,-,Y,,,198,,,,,,E,Y,2,0,2,2,A,-,01,23152,A,N,D,C,A,A,H,-,D,A,0,,,,,Y,Y,A,01,1,0,1,0,0,0,0,0,0,"- ","- ",36.404560089111328,-118.99777221679688,TULARE,UNINCORPORATED,-118.99777221679688,36.404567718505859
91384847,2021,2021-01-11,9480,2021-01-05,2045,019846,,2,2,9,5400,0,1,3,,2,093,"SR-99 S/B (GOLDEN STATE FREEWAY)","AVENUE 152",1637.00,N,N,A,-,Y,,,99,,,,,,S,Y,2,0,1,1,A,-,08,22107,,N,E,I,A,A,H,-,D,D,0,,,,,Y,,A,07,1,0,0,0,0,0,0,0,0,"- ","- ",36.070228576660156,-119.31639099121094,TULARE,UNINCORPORATED,-119.31632995605469,36.070259094238281
91388387,2020,2021-01-28,9480,2020-12-30,0115,016210,,3,3,9,5400,0,3,5,,2,006,"ROAD 92B","AVENUE 264",250.00,E,N,A,-,N,,,,,,,,,,Y,1,1,0,1,A,-,01,23152,A,N,E,I,A,A,H,-,D,A,0,,,,,Y,Y,A,07,0,0,0,0,0,0,0,0,0,"- ","- ",36.268760681152344,-119.36176300048828,TULARE,UNINCORPORATED,,
91390795,2020,2021-01-19,9480,2020-11-20,0215,020450,,5,3,9,5400,0,1,3,,1,030,"STATE ROUTE 137 (WAUKENA AVENUE)","ROAD 24",845.00,W,N,A,-,Y,,,137,,,,,,,Y,1,1,1,2,A,-,08,22107,,N,A,C,A,A,H,-,D,D,0,,,,,Y,Y,A,01,1,0,0,0,0,0,0,0,0,"- ","- ",36.130809783935547,-119.52072906494141,TULARE,UNINCORPORATED,-119.52074432373047,36.130825042724609
91394915,2021,2021-01-27,9480,2021-01-16,1650,016240,,6,2,9,5400,0,1,3,,1,044,"SR-198 (SIERRA DRIVE)","AVENUE 324",7392.00,W,N,A,-,Y,,,198,,,,,,,Y,2,0,1,3,A,-,06,21751,,N,A,C,A,A,H,-,A,D,0,,,Y,,Y,,C,02,1,0,0,0,0,0,0,0,1,"- ","- ",36.35723876953125,-119.03994750976562,TULARE,UNINCORPORATED,-119.03993988037109,36.357231140136719
91400742,2021,2021-02-12,9480,2021-01-13,2500,017854,,3,4,9,5400,0,3,5,,2,006,"AVENUE 200","ROAD 140",1056.00,W,N,A,-,N,,,,,,,,,,Y,1,1,0,1,A,-,01,23152,A,N,E,I,A,A,H,-,D,D,0,,,,,Y,Y,D,22,0,0,0,0,0,0,0,0,0,"- ","- ",36.152801513671875,-119.2640380859375,TULARE,UNINCORPORATED,-119.26309204101562,36.152805328369141
91400751,2021,2021-02-02,9480,2021-01-19,1350,016210,,2,1,9,5400,0,1,3,,1,060,SR-137,"ROAD 152",0.00,,Y,A,-,Y,,,137,,,,,,,Y,2,0,1,2,A,-,12,21453,A,N,D,C,A,A,H,-,A,A,0,,,,Y,Y,,D,22,1,0,0,0,0,0,0,0,0,"- ","- ",36.210838317871094,-119.23348236083984,TULARE,UNINCORPORATED,-119.23348236083984,36.210826873779297
91406242,2021,2021-02-10,9480,2021-01-29,0205,020450,,5,3,9,5400,0,1,3,,2,095,"SR-99 S/B","AVENUE 120",390.00,S,N,B,C,Y,,,99,,,,,,S,Y,2,0,1,1,A,-,03,22350,,N,E,I,A,B,H,-,D,D,0,,,,Y,Y,,G,25,1,0,0,0,0,0,0,0,0,"- ","- ",36.006778717041016,-119.30209350585938,TULARE,UNINCORPORATED,-119.3018798828125,36.006809234619141