CASE_ID,ACCIDENT_YEAR,PROC_DATE,JURIS,COLLISION_DATE,COLLISION_TIME,OFFICER_ID,REPORTING_DISTRICT,DAY_OF_WEEK,CHP_SHIFT,POPULATION,CNTY_CITY_LOC,SPECIAL_COND,BEAT_TYPE,CHP_BEAT_TYPE,CITY_DIVISION_LAPD,CHP_BEAT_CLASS,BEAT_NUMBER,PRIMARY_RD,SECONDARY_RD,DISTANCE,DIRECTION,INTERSECTION,WEATHER_1,WEATHER_2,STATE_HWY_IND,CALTRANS_COUNTY,CALTRANS_DISTRICT,STATE_ROUTE,ROUTE_SUFFIX,POSTMILE_PREFIX,POSTMILE,LOCATION_TYPE,RAMP_INTERSECTION,SIDE_OF_HWY,TOW_AWAY,COLLISION_SEVERITY,NUMBER_KILLED,NUMBER_INJURED,PARTY_COUNT,PRIMARY_COLL_FACTOR,PCF_CODE_OF_VIOL,PCF_VIOL_CATEGORY,PCF_VIOLATION,PCF_VIOL_SUBSECTION,HIT_AND_RUN,TYPE_OF_COLLISION,MVIW,PED_ACTION,ROAD_SURFACE,ROAD_COND_1,ROAD_COND_2,LIGHTING,CONTROL_DEVICE,CHP_ROAD_TYPE,PEDESTRIAN_ACCIDENT,BICYCLE_ACCIDENT,MOTORCYCLE_ACCIDENT,TRUCK_ACCIDENT,NOT_PRIVATE_PROPERTY,ALCOHOL_INVOLVED,STWD_VEHTYPE_AT_FAULT,CHP_VEHTYPE_AT_FAULT,COUNT_SEVERE_INJ,COUNT_VISIBLE_INJ,COUNT_COMPLAINT_PAIN,COUNT_PED_KILLED,COUNT_PED_INJURED,COUNT_BICYCLIST_KILLED,COUNT_BICYCLIST_INJURED,COUNT_MC_KILLED,COUNT_MC_INJURED,PRIMARY_RAMP,SECONDARY_RAMP,LATITUDE,LONGITUDE,COUNTY,CITY,POINT_X,POINT_Y
91408719,2021,2021-02-16,9480,2021-01-30,1823,019349,,6,2,9,5400,0,3,5,,2,001,"STATE ROUTE 201 (AVENUE 400)","ROAD 64",438.00,E,N,A,-,Y,,,,,,,,,,Y,2,0,2,2,A,-,01,23152,A,N,A,C,A,A,H,-,D,D,0,,,,,Y,Y,A,01,1,0,1,0,0,0,0,0,0,"- ","- ",36.517189025878906,-119.72844696044922,TULARE,UNINCORPORATED,-119.42912292480469,36.517292022705078
91410924,2020,2021-02-18,9480,2020-12-30,0925,016210,,3,1,9,5400,0,3,5,,2,006,"ROAD 132","AVENUE 266",1056.00,N,N,A,-,N,,,,,,,,,,Y,1,1,0,1,A,-,08,22107,,N,E,I,A,A,H,-,A,D,0,,,,,Y,,A,01,0,0,0,0,0,0,0,0,0,"- ","- ",36.2781982421875,-119.27855682373047,TULARE,UNINCORPORATED,-119.27869415283203,36.277729034423828
91418316,2021,2021-03-01,9480,2021-02-27,1910,020837,,6,2,9,5400,0,3,5,,2,003,"STATE ROUTE 137","AVENUE 216",0.00,,Y,A,-,Y,,,137,,,,,,,Y,2,0,3,2,A,-,01,23152,A,N,D,C,A,A,H,-,D,A,0,,,,,Y,Y,A,01,1,1,1,0,0,0,0,0,0,"- ","- ",36.18109130859375,-119.49330902099609,TULARE,UNINCORPORATED,-119.49330139160156,36.18109130859375
91419206,2021,2021-03-02,9480,2021-02-23,0300,019543,,2,3,9,5400,0,1,3,,2,093,"SR-99 N/B","AVE 164",1056.00,N,N,A,-,Y,,,99,,,,,,N,Y,2,0,1,1,A,-,08,22107,,N,E,J,A,A,H,-,D,A,0,,,,,Y,,A,01,1,0,0,0,0,0,0,0,0,"- ","- ",36.276840209960938,-119.37113952636719,TULARE,UNINCORPORATED,-119.37122344970703,36.276782989501953
91431896,2021,2021-03-22,9481,2021-03-15,0610,021687,,1,1,9,5400,0,3,5,,2,010,"ROAD 152","AVENUE 168",200.00,S,N,C,-,N,,,,,,,,,,Y,2,0,1,1,C,-,18,,,N,H,H,A,B,H,-,D,D,0,,,,,Y,,-,"- ",1,0,0,0,0,0,0,0,0,"- ","- ",36.094169616699219,-119.23232269287109,TULARE,UNINCORPORATED,-119.23230743408203,36.094161987304688
91448026,2021,2021-04-12,9481,2021-04-04,1720,021687,,7,2,9,5400,0,3,5,,2,050,"AVENUE 80","ROAD 236",0.00,,Y,A,-,N,,,,,,,,,,Y,2,0,4,2,A,-,09,21802,A,N,D,C,A,A,H,-,A,A,0,,,,,Y,,A,01,1,0,3,0,0,0,0,0,0,"- ","- ",35.935169219970703,-119.04488372802734,TULARE,UNINCORPORATED,-119.04489135742188,35.935165405273438
91449948,2021,2021-04-14,9481,2021-04-08,1752,017894,,4,2,9,5400,0,3,5,,2,020,"LINDMORE AVENUE","LINDSAY STREET",0.00,,Y,A,-,N,,,,,,,,,,Y,2,0,2,2,A,-,09,21802,A,N,D,C,A,A,H,-,A,A,0,,,,Y,Y,,D,22,1,0,1,0,0,0,0,0,0,"- ","- ",36.196121215820312,-119.09120178222656,TULARE,UNINCORPORATED,-119.09120941162109,36.196117401123047
91454335,2021,2021-04-20,9480,2021-04-10,2350,021249,,6,3,5,5407,0,1,3,,1,064,"SR-198 WB","DEMAREE ST",1150.00,E,N,A,-,Y,,,198,,,,,,W,Y,2,0,2,2,A,-,01,23152,A,N,B,C,A,A,H,-,D,D,0,,,,,Y,Y,A,01,1,0,1,0,0,0,0,0,0,"- ","- ",36.327201843261719,-119.32759094238281,TULARE,VISALIA,-119.32759094238281,36.327114105224609
91460228,2021,2021-04-28,9480,2021-03-12,1323,020837,,5,1,9,5400,0,1,3,,2,095,"STATE ROUTE 99 NORTHBOUND","AVENUE 48",5808.00,S,N,A,-,Y,,,99,,,,,,N,Y,1,2,1,2,A,-,03,22350,,N,C,C,A,A,H,-,A,D,0,,,,,Y,,D,22,0,1,0,0,0,0,0,0,0,"- ","- ",35.861091613769531,-119.26863098144531,TULARE,UNINCORPORATED,-119.26868438720703,35.861076354980469
91461172,2021,2021-04-29,9480,2021-03-18,0135,020612,,4,3,9,5400,0,1,3,,1,044,"STATE ROUTE 198","HAWK HOLLOW DRIVE",792.00,E,N,A,-,Y,,,,,,,,,,Y,2,0,1,1,A,-,01,23152,A,F,E,I,A,A,H,-,D,D,0,,,,,Y,Y,A,01,1,0,0,0,0,0,0,0,0,"- ","- ",36.453998565673828,-119.89199829101562,TULARE,UNINCORPORATED,-118.89338684082031,36.454154968261719
91464037,2021,2021-05-03,9481,2021-04-10,0950,016147,,6,1,9,5400,0,3,5,,2,020,"ROAD 220 (SOUTH HARVARD AVENUE)","SOUTH MIRAGE AVENUE",129.00,N,N,A,-,N,,,,,,,,,,Y,1,1,1,2,A,-,01,23152,A,N,E,E,A,A,H,-,A,D,0,,,,,Y,Y,A,07,1,0,0,0,0,0,0,0,0,"- ","- ",36.185031890869141,-119.08206176757812,TULARE,UNINCORPORATED,,
91466466,2021,2021-05-05,9480,2021-03-20,2119,019349,,6,2,9,5400,0,3,5,,2,001,"ROAD 56","AVENUE 416",1056.00,N,N,A,-,N,,,,,,,,,,Y,1,1,5,2,A,-,08,22107,,N,A,C,A,A,H,-,D,D,0,,,,,Y,,A,01,0,3,2,0,0,0,0,0,0,"- ","- ",36.549839019775391,-119.44870758056641,TULARE,UNINCORPORATED,-119.44865900000001,36.549362000000002
91469403,2021,2021-05-10,9481,2021-05-03,1635,018113,,1,2,9,5400,0,1,3,,1,012,"STATE ROUTE 65 (NB)","LINDMORE AVENUE",0.00,,Y,A,-,Y,,,65,,,,,,,Y,2,0,2,4,A,-,09,21802,A,N,D,C,A,A,H,-,A,A,0,,,,,Y,,D,22,1,0,1,0,0,0,0,0,0,"- ","- ",36.195960998535156,-119.09958648681641,TULARE,UNINCORPORATED,-119.09960174560547,36.195949554443359
91472814,2021,2021-05-13,9480,2021-05-03,1745,019349,,1,2,5,5407,0,1,3,,1,064,"STATE ROUTE 198 E/B","LOCUST CT",287.00,W,N,A,-,Y,,,198,,,,,,E,Y,2,0,1,3,A,-,03,22350,,N,C,C,A,A,H,-,A,D,0,,,,,Y,,D,22,1,0,0,0,0,0,0,0,0,"- ","- ",36.326770782470703,-119.29537200927734,TULARE,VISALIA,-119.29537200927734,36.326900482177734
91476245,2021,2021-05-19,9481,2021-05-01,2230,019149,,6,3,9,5400,0,3,5,,2,010,"ROAD 196","AVENUE 208",1056.00,S,N,A,-,N,,,,,,,,,,Y,2,0,5,2,A,-,03,22350,,F,C,C,A,A,H,-,D,D,0,,,,,Y,,A,01,1,1,3,0,0,0,0,0,0,"- ","- ",36.164070129394531,-119.13484954833984,TULARE,UNINCORPORATED,-119.13485717773438,36.164344787597656
91480022,2021,2021-05-27,9480,2021-05-13,2005,016995,,4,2,9,5400,0,3,5,,2,002,"ROAD 84","AVENUE 388",2640.00,N,N,A,-,N,,,,,,,,,,Y,2,0,1,1,A,-,08,22107,,N,E,I,A,A,H,-,D,D,0,,,,,Y,,A,01,1,0,0,0,0,0,0,0,0,"- ","- ",36.500850677490234,-119.38583374023438,TULARE,UNINCORPORATED,-119.38577270507812,36.502265930175781
91486787,2021,2021-06-01,9481,2021-05-26,0500,015290,,3,3,9,5400,0,3,5,,2,050,"PLEASANT OAK DRIVE","MUSTANG DRIVE",180.00,W,N,A,-,N,,,,,,,,,,Y,2,0,1,1,A,-,08,22107,,N,F,A,A,A,H,-,B,D,0,,,Y,,Y,,C,02,1,0,0,0,0,0,0,0,1,"- ","- ",36.095279693603516,-118.845458984375,TULARE,UNINCORPORATED,-118.845388,36.095213999999999
91486951,2021,2021-06-01,9480,2021-05-23,0130,018421,,7,3,9,5400,0,3,5,,2,004,"ROAD 196","AVENUE 336",634.00,S,N,A,-,N,,,,,,,,,,Y,2,0,1,1,A,-,08,22107,,N,E,I,A,A,H,-,D,D,0,,,,,Y,,A,01,1,0,0,0,0,0,0,0,0,"- ","- ",36.397598266601562,-119.13538360595703,TULARE,UNINCORPORATED,-119.13534545898438,36.397579193115234
91488595,2021,2021-06-03,9481,2021-05-21,1325,015218,,5,1,9,5400,0,1,3,,1,012,"STATE ROUTE 65 (S/B)","ROAD 203",180.00,S,N,A,-,Y,,,65,,,,,,,Y,2,0,5,3,A,-,03,22350,,N,C,C,A,A,H,-,A,D,0,,,,,Y,,A,01,1,0,4,0,0,0,0,0,0,"- ","- ",36.210720062255859,-119.11965179443359,TULARE,UNINCORPORATED,-119.11965179443359,36.210781097412109
91490686,2021,2021-06-07,9480,2021-05-22,1410,016995,,6,2,9,5400,0,1,3,,1,044,"STATE ROUTE 198","ROAD 210",265.00,W,N,A,-,Y,,,198,,,,,,,N,2,0,3,2,A,-,08,22107,,N,D,2,A,A,H,-,A,D,0,,,Y,,Y,,C,02,1,1,1,0,0,0,0,0,3,"- ","- ",36.325698852539062,-119.10446929931641,TULARE,UNINCORPORATED,-119.10446929931641,36.32568359375
91496034,2021,2021-06-14,9481,2021-06-06,1820,020238,,7,2,9,5400,0,3,5,,2,030,"ROAD 216","AVENUE 136",0.00,,Y,A,-,N,,,,,,,,,,Y,2,0,3,2,A,-,09,21802,A,N,D,C,A,A,H,-,A,A,0,,,,,Y,,A,01,1,1,1,0,0,0,0,0,0,"- ","- ",36.036731719970703,-119.08902740478516,TULARE,UNINCORPORATED,-119.08901977539062,36.036693572998047
9149836,2020,2020-11-09,5407,2020-06-15,1230,M201,480,1,5,5,5407,0,0,0,,0,,"RT 63","FERGUSON AV",353.00,S,N,A,-,Y,TUL,6,63,-,-,9.570,H,-,N,Y,2,0,1,1,A,-,03,22350,,N,F,I,A,A,H,-,A,A,0,,,,,Y,Y,A,01,1,0,0,0,0,0,0,0,0,"- ","- ",36.348320007324219,-119.29849243164062,TULARE,VISALIA,-119.29692840576172,36.348476409912109
91499751,2021,2021-06-24,9481,2021-05-22,1143,016147,,6,1,9,5400,0,3,5,,2,020,"AVENUE 196","ROAD 216",0.00,,Y,A,-,N,,,,,,,,,,Y,1,1,2,2,A,-,09,21802,A,N,D,C,A,A,H,-,A,A,0,,,,,Y,,A,01,1,1,0,0,0,0,0,0,0,"- ","- ",36.145839691162109,-119.08966827392578,TULARE,UNINCORPORATED,-119.08966827392578,36.145492553710938
91500699,2021,2021-06-18,9480,2021-06-03,1730,018809,,4,2,9,5400,0,1,3,,1,044,"STATE ROUTE-198 W/B","ROAD 210",30.00,E,N,A,-,Y,,,198,,,,,,W,Y,2,0,4,2,A,-,03,22350,,N,C,C,A,A,H,-,A,D,0,,,,,Y,,A,08,1,2,1,0,0,0,0,0,0,"- ","- ",36.325698852539062,-119.10340881347656,TULARE,UNINCORPORATED,-119.10340881347656,36.325668334960938
91503564,2021,2021-06-23,9481,2021-06-14,1840,018029,,1,2,9,5400,0,3,5,,2,030,"ROAD 224","AVENUE 95",0.00,,Y,A,-,N,,,,,,,,,,Y,2,0,1,2,A,-,01,23152,A,N,D,C,A,A,H,-,A,A,0,,,,Y,Y,Y,A,01,1,0,0,0,0,0,0,0,0,"- ","- ",35.962429046630859,-119.07177734375,TULARE,UNINCORPORATED,-119.07169342041016,35.962444305419922
91506967,2021,2021-06-25,9480,2021-06-11,1850,016995,,5,2,9,5400,0,1,3,,2,095,"STATE ROUTE 99 N/B","AVENUE 80 PED OVERCROSSING",680.00,N,N,A,-,Y,,,99,,,,,,N,Y,2,0,1,1,A,-,03,22350,,N,F,A,A,A,H,-,A,D,0,,,Y,,Y,,C,02,1,0,0,0,0,0,0,0,1,"- ","- ",35.937511444091797,-119.28633117675781,TULARE,UNINCORPORATED,-119.28626251220703,35.937538146972656
91513433,2021,2021-07-06,9480,2021-06-20,1905,016995,,7,2,9,5400,0,3,5,,2,002,"AVENUE 432","ROAD 80",1056.00,E,N,A,-,N,,,,,,,,,,Y,2,0,2,1,A,-,08,22107,,N,E,I,A,A,H,-,A,D,0,,,,,Y,,A,01,1,0,1,0,0,0,0,0,0,"- ","- ",36.574798583984375,-119.38636779785156,TULARE,UNINCORPORATED,-119.39145660400391,36.574878692626953
91514484,2021,2021-08-27,9480,2021-06-27,0315,020273,,7,3,9,5400,0,1,S,,2,106,"SR-99 N/B","AVENUE 184",1777.00,S,N,A,-,Y,,,99,,,,,,N,Y,2,0,2,2,A,-,01,23152,A,N,A,C,A,A,H,-,C,D,0,,,,,Y,Y,A,01,1,1,0,0,0,0,0,0,0,"- ","- ",36.118938446044922,-119.32418823242188,TULARE,UNINCORPORATED,-119.32425689697266,36.118934631347656
91515847,2021,2021-07-08,9480,2021-06-26,2320,019828,,6,3,9,5400,0,3,5,,2,002,"AVE. 408","RD. 104",0.00,,Y,A,-,N,,,,,,,,,,Y,2,0,1,2,A,-,01,23152,G,N,D,C,A,A,H,-,D,A,0,,,,,Y,Y,A,01,1,0,0,0,0,0,0,0,0,"- ","- ",36.530769348144531,-119.34052276611328,TULARE,UNINCORPORATED,-119.34053039550781,36.530704498291016
91527174,2021,2021-07-23,9481,2021-07-03,0215,016776,,6,3,9,5400,0,3,5,,2,010,"ROAD 152","AVENUE 192",3462.00,N,N,A,-,N,,,,,,,,,,N,1,1,0,1,C,-,18,,,N,H,A,A,A,H,-,D,D,0,,,,,Y,Y,-,"- ",0,0,0,0,0,0,0,0,0,"- ","- ",36.147830963134766,-119.23274230957031,TULARE,UNINCORPORATED,-119.23274230957031,36.147754669189453
91530738,2021,2021-07-28,9480,2021-07-20,2315,016145,,2,3,9,5400,0,3,5,,2,004,"AVENUE 300",SR-245,397.00,E,N,A,-,N,,,,,,,,,,Y,2,0,2,1,A,-,01,23152,G,N,E,I,A,A,H,-,D,D,0,,,,,Y,Y,A,01,2,0,0,0,0,0,0,0,0,"- ","- ",36.333221435546875,-119.11501312255859,TULARE,UNINCORPORATED,-119.11547088623047,36.333106994628906
91533898,2021,2021-07-30,9481,2021-07-20,0530,017991,,2,3,9,5400,0,3,5,,2,030,"AVENUE 24","ROAD 184",512.00,W,N,A,-,N,,,,,,,,,,Y,2,0,1,2,A,-,03,22350,,N,C,D,A,A,H,-,D,D,0,,,,,Y,,D,22,1,0,0,0,0,0,0,0,0,"- ","- ",35.834159851074219,-119.16294860839844,TULARE,UNINCORPORATED,-119.16288757324219,35.834148406982422
91534946,2021,2021-08-02,9481,2021-07-22,2155,016065,,4,2,9,5400,0,3,5,,2,010,"AVENUE 176","ROAD 220",1450.00,W,N,A,-,N,,,,,,,,,,Y,2,0,2,2,A,-,06,21751,,N,A,C,A,A,H,-,D,D,0,,,,,Y,,A,01,1,1,0,0,0,0,0,0,0,"- ","- ",36.109321594238281,-119.08495330810547,TULARE,UNINCORPORATED,-119.08483123779297,36.109359741210938
91536182,2021,2021-08-03,9480,2021-07-20,1540,019349,,2,2,9,5400,0,3,5,,2,001,"ROAD 80","AVENUE 400",68.00,S,N,A,-,N,,,,,,,,,,Y,2,0,4,3,A,-,03,22350,,N,C,C,A,A,H,-,A,A,0,,,,Y,Y,,D,22,2,2,0,0,0,0,0,0,0,"- ","- ",36.516609191894531,-119.39462280273438,TULARE,UNINCORPORATED,-119.39485931396484,36.516674041748047
91536491,2021,2021-08-04,9481,2021-05-20,1545,021183,,4,2,9,5400,0,1,3,,1,037,"STATE ROUTE 65","AVENUE 95",3696.00,S,N,A,-,Y,,,65,,,,,,,Y,1,1,0,2,A,-,03,22350,,N,C,C,A,A,H,-,A,D,0,,,,Y,Y,,G,26,0,0,0,0,0,0,0,0,0,"- ","- ",35.951549530029297,-119.05368041992188,TULARE,UNINCORPORATED,-119.05370330810547,35.951549530029297
91536606,2021,2021-08-04,9481,2021-07-25,0245,016776,,7,3,9,5400,0,3,5,,2,010,"ROAD 224","AVENUE 188",1096.00,N,N,B,-,N,,,,,,,,,,Y,2,0,1,1,A,-,01,23152,A,N,E,I,A,A,H,-,D,D,0,,,,,Y,Y,A,01,1,0,0,0,0,0,0,0,0,"- ","- ",36.133758544921875,-119.07182312011719,TULARE,UNINCORPORATED,-119.07174682617188,36.133808135986328
91536764,2021,2021-08-04,9481,2021-07-25,1500,021687,,7,2,9,5400,0,3,5,,2,030,"ROAD 152","COUNTY LINE ROAD",30.00,N,N,A,-,N,,,,,,,,,,N,2,0,1,1,A,-,08,22107,,N,F,A,A,A,H,-,A,D,0,,,Y,,Y,,C,02,1,0,0,0,0,0,0,0,1,"- ","- ",35.790508270263672,-119.23243713378906,TULARE,UNINCORPORATED,-119.23245239257812,35.790561676025391
91540035,2021,2021-08-09,9480,2021-07-28,1309,016046,,3,1,9,5400,0,3,5,,2,004,"LORT DRIVE","ROAD 182",3168.00,E,N,A,-,N,,,,,,,,,,N,2,0,1,2,A,-,05,21650,,N,B,C,A,A,H,-,A,D,0,,,Y,,Y,,A,01,1,0,0,0,0,0,0,0,1,"- ","- ",36.340721130371094,-119.15689849853516,TULARE,UNINCORPORATED,,
91540192,2021,2021-08-09,9480,2021-07-31,2020,019697,,6,2,9,5400,0,3,5,,2,003,"AVENUE 260","ROAD 92",2640.00,W,N,A,-,N,,,,,,,,,,N,2,0,2,2,A,-,03,22350,,N,C,C,A,A,H,-,B,D,0,,,Y,,Y,,C,02,1,1,0,0,0,0,0,0,2,"- ","- ",36.261829376220703,-119.37605285644531,TULARE,UNINCORPORATED,-119.37599945068359,36.2618408203125
91543400,2021,2021-08-12,9480,2021-07-31,1122,016723,,6,1,9,5400,0,1,3,,1,044,"STATE ROUTE 198","LEMON HILL BOAT RAMP",0.00,,Y,A,-,Y,,,198,,,,,,,N,2,0,1,2,A,-,09,21802,A,N,D,C,A,A,H,-,A,A,0,,,Y,,Y,,A,08,1,0,0,0,0,0,0,0,1,"- ","- ",36.404541015625,-118.99790191650391,TULARE,UNINCORPORATED,-118.99789428710938,36.404525756835938
91545523,2021,2021-08-16,9481,2021-08-06,0313,018595,,5,3,4,5405,0,1,3,,1,012,"STATE ROUTE 65","MORTON AVENUE",60.00,S,N,A,-,Y,,,65,,,,,,,Y,2,0,1,2,A,-,03,22350,,N,D,C,A,A,H,-,D,D,0,,,,Y,Y,,D,22,1,0,0,0,0,0,0,0,0,"- ","- ",36.093009948730469,-119.03990173339844,TULARE,PORTERVILLE,-119.03965759277344,36.093017578125
91547276,2021,2021-08-17,9480,2021-08-09,0520,019427,,1,3,9,5400,0,3,5,,2,003,"AVENUE 184","ROAD 72",800.00,E,N,A,-,N,,,,,,,,,,Y,2,0,1,2,A,-,03,22350,,N,C,C,A,A,H,-,B,D,0,,,,,Y,,D,22,1,0,0,0,0,0,0,0,0,"- ","- ",36.123310089111328,-119.40550231933594,TULARE,UNINCORPORATED,-119.40892028808594,36.123294830322266
91550563,2021,2021-10-27,9480,2021-07-24,2242,017452,,6,3,9,5400,0,3,5,,2,003,"ROAD 92 (N. WEST STREET)","AVENUE 260",617.00,N,N,A,-,N,,,,,,,,,,Y,1,1,2,2,A,-,01,23152,A,N,A,C,A,A,H,-,D,D,0,,,,,Y,Y,D,22,2,0,0,0,0,0,0,0,0,"- ","- ",36.26361083984375,-119.36705780029297,TULARE,UNINCORPORATED,-119.36704254150391,36.263542175292969
91551813,2021,2021-08-23,9480,2021-08-09,2145,021249,,1,2,9,5400,0,3,5,,2,003,"AVENUE 216 (PAIGE AVENUE)","ROAD 68",2006.00,E,N,A,-,N,,,,,,,,,,N,1,1,0,2,A,-,11,21954,A,N,G,B,D,A,H,-,D,D,0,Y,,,,Y,,N,60,0,0,0,1,0,0,0,0,0,"- ","- ",36.181758880615234,-119.41365051269531,TULARE,UNINCORPORATED,-119.41456604003906,36.181743621826172
91551863,2021,2021-08-23,9480,2021-08-16,0945,016240,,1,1,9,5400,0,1,3,,1,034,"SR-198 W/B","ROAD 64",0.00,,Y,A,-,Y,,,198,,,,,,W,Y,2,0,2,2,A,-,09,21802,A,N,D,C,A,A,H,-,A,A,0,,,,,Y,,A,08,1,1,0,0,0,0,0,0,0,"- ","- ",36.328048706054688,-119.43041229248047,TULARE,UNINCORPORATED,-119.430419921875,36.327156066894531
91560922,2021,2021-09-02,9481,2021-08-24,0540,017894,,2,3,4,5405,0,2,4,,1,021,"ORANGE BELT DRIVE","AVENUE 181",282.00,S,N,A,-,N,,,,,,,,,,Y,2,0,1,1,A,-,08,22107,,N,E,I,A,A,H,-,D,D,0,,,,,Y,,A,01,1,0,0,0,0,0,0,0,0,"- ","- ",36.117630004882812,-119.04682159423828,TULARE,PORTERVILLE,-119.04677100000001,36.117379999999997
91564202,2021,2021-09-07,9480,2021-08-27,0930,016233,,5,1,9,5400,0,1,3,,1,060,SR-137,"RD 124",0.00,,Y,A,-,Y,,,137,,,,,,,Y,2,0,2,2,A,-,09,21802,A,N,D,C,A,A,H,-,A,A,0,,,,,Y,,A,01,1,1,0,0,0,0,0,0,0,"- ","- ",36.210880279541016,-119.29608154296875,TULARE,UNINCORPORATED,-119.29608154296875,36.210891723632812
91566866,2021,2021-09-09,9480,2021-08-31,1815,019349,,2,2,9,5400,0,3,5,,2,003,"AVENUE 232","ROAD 68",1320.00,E,N,A,-,N,,,,,,,,,,N,2,0,1,1,A,-,08,22107,,N,F,A,A,A,H,-,A,D,0,,,Y,,Y,,C,02,1,0,0,0,0,0,0,0,1,"- ","- ",36.210670471191406,-119.41654205322266,TULARE,UNINCORPORATED,-119.41664123535156,36.210800170898438
91568507,2021,2021-09-13,9480,2021-09-03,2254,021249,,5,3,9,5400,0,1,3,,2,095,"SR-99 N/B","AVENUE 120",4488.00,S,N,A,-,Y,,,99,,,,,,N,Y,2,0,9,2,A,-,08,22107,,N,D,C,A,A,H,-,D,D,0,,,,,Y,,A,01,2,3,4,0,0,0,0,0,0,"- ","- ",35.995529174804688,-119.29965972900391,TULARE,UNINCORPORATED,-119.29967498779297,35.995529174804688
91570709,2021,2021-09-15,9480,2021-09-05,0108,020612,,7,3,9,5400,0,1,3,,2,091,"STATE ROUTE 99 SOUTHBOUND","MERRITT DRIVE",220.00,N,N,A,-,Y,,,99,,,,,,S,Y,2,0,3,1,A,-,01,23152,A,N,E,I,A,A,H,-,D,D,0,,,,,Y,Y,D,22,2,1,0,0,0,0,0,0,0,"- ","- ",36.452911376953125,-119.49127197265625,TULARE,UNINCORPORATED,-119.49114990234375,36.452972412109375
91570902,2021,2021-09-15,9480,2021-09-07,1229,013914,,2,1,9,5400,0,3,5,,2,006,"ROAD 204 (SPRUCE ROAD)","AVENUE 268 (EAST MYER AVENUE)",654.00,N,N,A,-,N,,,,,,,,,,Y,2,0,1,3,A,-,08,22107,,N,A,C,A,A,H,-,A,D,0,,,,,Y,Y,D,22,1,0,0,0,0,0,0,0,0,"- ","- ",36.276950836181641,-119.11808013916016,TULARE,UNINCORPORATED,-119.11805725097656,36.275108337402344
91572349,2021,2021-09-16,9480,2021-09-04,1516,019349,,6,2,9,5400,0,3,5,,2,001,"AVENUE 384","ROAD 48",2482.00,E,N,A,-,N,,,,,,,,,,Y,2,0,1,1,A,-,08,22107,,N,E,J,A,A,H,-,A,D,0,,,,,Y,,A,07,1,0,0,0,0,0,0,0,0,"- ","- ",36.488578796386719,-119.45834350585938,TULARE,UNINCORPORATED,-119.45856475830078,36.488513946533203
91573198,2021,2022-06-01,9480,2021-05-07,1435,019697,,5,2,9,5400,0,1,3,,2,095,"STATE ROUTE 99 SOUTHBOUND","AVENUE 24",1056.00,N,N,A,-,Y,,,99,,,,,,S,Y,1,1,0,2,A,-,08,22107,,F,B,C,A,A,H,-,A,D,0,,,,Y,Y,,F,27,0,0,0,0,0,0,0,0,0,"- ","- ",35.842460632324219,-119.26451873779297,TULARE,UNINCORPORATED,-119.26450347900391,35.842464447021484
9157645,2020,2020-12-02,5407,2020-09-05,0359,A346,480,6,5,5,5407,0,0,0,,0,033,"SANTA FE","PARADISE AV",200.00,N,N,A,-,N,,,,,,,,,,Y,2,0,5,3,A,-,01,23152,B,N,C,E,A,A,H,-,C,A,0,,,,,Y,Y,A,01,2,3,0,0,0,0,0,0,0,"- ","- ",,,TULARE,VISALIA,-119.28750610351562,36.317039489746094
91582800,2021,2021-09-29,9480,2021-04-17,1827,020060,,6,2,9,5400,0,1,3,,2,095,"STATE ROUTE 99 NORTHBOUND","AVENUE 24",5280.00,S,N,A,-,Y,,,99,,,,,,N,Y,1,1,4,4,A,-,01,23152,A,N,B,C,A,A,H,-,A,D,0,,,Y,,Y,Y,D,22,2,2,0,0,0,0,0,1,1,"- ","- ",35.817779541015625,-119.25839996337891,TULARE,UNINCORPORATED,-119.25843048095703,35.817779541015625
91583995,2021,2021-09-30,9481,2021-08-06,0314,018595,,5,3,4,5405,0,1,3,,1,012,"STATE ROUTE 65","MORTON AVENUE",364.00,S,N,A,-,Y,,,65,,,,,,,Y,1,1,1,2,A,-,03,22350,,N,D,C,A,D,H,-,D,D,0,,,,Y,Y,,A,01,1,0,0,0,0,0,0,0,0,"- ","- ",36.072921752929688,-119.03983306884766,TULARE,PORTERVILLE,-119.03984069824219,36.072921752929688
91585733,2021,2021-10-01,9480,2021-09-23,0659,016046,,4,1,5,5407,0,1,3,,1,064,"STATE ROUTE 198 (EASTBOUND)","SHIRK ROAD",220.00,W,N,A,-,Y,,,198,,,,,,,Y,2,0,2,2,A,-,03,22350,,N,C,C,A,A,H,-,A,D,0,,,,,Y,,A,01,1,0,1,0,0,0,0,0,0,"- ","- ",36.327140808105469,-119.36856842041016,TULARE,VISALIA,-119.36856842041016,36.327186584472656