CASE_ID,ACCIDENT_YEAR,PROC_DATE,JURIS,COLLISION_DATE,COLLISION_TIME,OFFICER_ID,REPORTING_DISTRICT,DAY_OF_WEEK,CHP_SHIFT,POPULATION,CNTY_CITY_LOC,SPECIAL_COND,BEAT_TYPE,CHP_BEAT_TYPE,CITY_DIVISION_LAPD,CHP_BEAT_CLASS,BEAT_NUMBER,PRIMARY_RD,SECONDARY_RD,DISTANCE,DIRECTION,INTERSECTION,WEATHER_1,WEATHER_2,STATE_HWY_IND,CALTRANS_COUNTY,CALTRANS_DISTRICT,STATE_ROUTE,ROUTE_SUFFIX,POSTMILE_PREFIX,POSTMILE,LOCATION_TYPE,RAMP_INTERSECTION,SIDE_OF_HWY,TOW_AWAY,COLLISION_SEVERITY,NUMBER_KILLED,NUMBER_INJURED,PARTY_COUNT,PRIMARY_COLL_FACTOR,PCF_CODE_OF_VIOL,PCF_VIOL_CATEGORY,PCF_VIOLATION,PCF_VIOL_SUBSECTION,HIT_AND_RUN,TYPE_OF_COLLISION,MVIW,PED_ACTION,ROAD_SURFACE,ROAD_COND_1,ROAD_COND_2,LIGHTING,CONTROL_DEVICE,CHP_ROAD_TYPE,PEDESTRIAN_ACCIDENT,BICYCLE_ACCIDENT,MOTORCYCLE_ACCIDENT,TRUCK_ACCIDENT,NOT_PRIVATE_PROPERTY,ALCOHOL_INVOLVED,STWD_VEHTYPE_AT_FAULT,CHP_VEHTYPE_AT_FAULT,COUNT_SEVERE_INJ,COUNT_VISIBLE_INJ,COUNT_COMPLAINT_PAIN,COUNT_PED_KILLED,COUNT_PED_INJURED,COUNT_BICYCLIST_KILLED,COUNT_BICYCLIST_INJURED,COUNT_MC_KILLED,COUNT_MC_INJURED,PRIMARY_RAMP,SECONDARY_RAMP,LATITUDE,LONGITUDE,COUNTY,CITY,POINT_X,POINT_Y
91587479,2021,2021-10-04,9481,2021-09-01,0638,015290,,3,1,9,5400,0,3,5,,2,030,"ROAD 192","AVENUE 104",1320.00,N,N,A,-,N,,,,,,,,,,Y,1,2,1,2,A,-,08,22107,,N,D,C,A,A,H,-,A,D,0,,,,,Y,,M,58,0,1,0,0,0,0,0,0,0,"- ","- ",35.981979370117188,-119.14327239990234,TULARE,UNINCORPORATED,-119.14328002929688,35.982532501220703
91589490,2021,2021-10-06,9480,2021-09-21,1510,019697,,2,2,9,5400,0,1,3,,1,032,SR-190,"ROAD 120 (CALLISON RD)",0.00,,Y,A,-,Y,,,190,,,,,,,Y,2,0,3,2,A,-,09,21802,A,N,D,C,A,A,H,-,A,A,0,,,,,Y,,A,07,2,0,1,0,0,0,0,0,0,"- ","- ",36.051280975341797,-119.30381011962891,TULARE,UNINCORPORATED,-119.30381011962891,36.051284790039062
91589496,2021,2021-10-06,9480,2021-09-25,1855,019697,,6,2,9,5400,0,1,3,,2,093,"SR-99 N/B","DRIVE 92B",2112.00,S,N,A,-,Y,,,99,,,,,,N,Y,2,0,1,1,A,-,01,23152,A,N,E,I,A,A,H,-,D,D,0,,,,,Y,Y,A,01,1,0,0,0,0,0,0,0,0,"- ","- ",36.260341644287109,-119.36009979248047,TULARE,UNINCORPORATED,-119.3602294921875,36.26025390625
91592052,2021,2021-10-08,9480,2021-07-17,1222,016723,,6,1,5,5407,0,1,3,,1,064,"STATE ROUTE 198 EASTBOUND","BEN MADDOX WAY",410.00,W,N,A,-,Y,,,198,,,,,,E,Y,1,1,0,1,A,-,08,22107,,N,E,I,A,A,H,-,A,D,0,,,,,Y,,A,01,0,0,0,0,0,0,0,0,0,"- ","- ",36.326610565185547,-119.28015899658203,TULARE,VISALIA,-119.28014373779297,36.326835632324219
91596731,2021,2021-10-14,9481,2021-10-14,0940,016776,,4,1,9,5400,0,3,5,,2,010,"AVENUE 208","ROAD 216",0.00,,Y,A,-,N,,,,,,,,,,Y,2,0,2,2,A,-,09,21802,A,N,D,D,A,A,H,-,A,A,0,,,,,Y,,A,01,1,1,0,0,0,0,0,0,0,"- ","- ",36.167198181152344,-119.09037017822266,TULARE,UNINCORPORATED,-119.09037780761719,36.167182922363281
91600134,2021,2021-10-19,9481,2021-10-13,1500,020238,,3,2,9,5400,0,3,5,,2,030,"COUNTY LINE ROAD","ROAD 212",500.00,E,N,A,-,N,,,,,,,,,,N,2,0,1,1,C,-,18,,,N,H,A,A,A,H,-,A,D,0,,,,,Y,,-,"- ",1,0,0,0,0,0,0,0,0,"- ","- ",35.790760040283203,-119.09790802001953,TULARE,UNINCORPORATED,-119.09622955322266,35.790760040283203
91601310,2021,2021-10-20,9480,2021-10-16,1542,019846,,6,2,9,5400,0,3,5,,2,002,"AVENUE 328","ROAD 92",1038.00,E,N,E,-,N,,,,,,,,,,Y,2,0,1,3,A,-,03,22350,,N,D,C,A,A,H,-,A,D,0,,,,,Y,,D,22,1,0,0,0,0,0,0,0,0,"- ","- ",36.385398864746094,-119.36460876464844,TULARE,UNINCORPORATED,-119.36447906494141,36.385395050048828
91601311,2021,2021-10-20,9480,2021-10-16,1541,019846,,6,2,9,5400,0,1,3,,1,032,"AVENUE 328","ROAD 92",1006.00,E,N,E,-,N,,,,,,,,,,Y,2,0,1,4,A,-,03,22350,,N,C,C,A,A,H,-,A,D,0,,,,,Y,,D,22,1,0,0,0,0,0,0,0,0,"- ","- ",36.385398864746094,-119.36448669433594,TULARE,UNINCORPORATED,-119.36458587646484,36.385395050048828
91607456,2021,2021-10-27,9480,2021-10-15,2350,020612,,5,3,9,5400,0,1,3,,2,091,"STATE ROUTE 99 NORTHBOUND","BETTY DRIVE",3995.00,N,N,A,-,Y,,,99,,,,,,N,Y,2,0,2,1,A,-,08,22107,,N,E,I,A,A,H,-,D,D,0,,,,,Y,,A,07,2,0,0,0,0,0,0,0,0,"- ","- ",36.361698150634766,-119.42874908447266,TULARE,UNINCORPORATED,-119.42890167236328,36.361656188964844
91609045,2021,2021-12-13,9480,2021-08-29,2015,016615,,7,2,9,5400,0,3,5,,2,004,"AVENUE 320","ROAD 138",368.00,E,N,A,-,N,,,,,,,,,,Y,1,1,0,1,A,-,01,23152,A,N,F,A,A,A,H,-,D,D,0,,,,,Y,Y,A,07,0,0,0,0,0,0,0,0,0,"- ","- ",36.370979309082031,-119.26389312744141,TULARE,UNINCORPORATED,-119.26419830322266,36.370960235595703
91611841,2021,2022-01-10,9481,2021-09-22,0225,021687,,3,3,9,5400,0,2,4,,1,035,"ORANGE BELT DRIVE","AVENUE 112",1320.00,S,N,A,-,N,,,,,,,,,,Y,1,1,1,2,A,-,01,23152,A,F,A,C,A,A,H,-,D,D,0,,,Y,,Y,Y,A,01,0,1,0,0,0,0,0,1,0,"- ","- ",35.988178253173828,-119.04609680175781,TULARE,UNINCORPORATED,-119.04519653320312,35.989986419677734
91611852,2021,2021-11-01,9480,2021-10-22,1755,020060,,5,2,9,5400,0,3,5,,2,003,"AVENUE 232","ROAD 36",0.00,,Y,B,-,N,,,,,,,,,,Y,2,0,5,2,A,-,12,22450,A,N,D,C,A,A,H,-,A,A,0,,,,,Y,,D,22,1,4,0,0,0,0,0,0,0,"- ","- ",36.210800170898438,-119.49295043945312,TULARE,UNINCORPORATED,-119.49295043945312,36.210834503173828
91612449,2021,2021-11-01,9481,2021-10-23,0010,019578,,6,3,9,5400,0,2,4,,1,034,"AVENUE 176","ROAD 296",695.00,W,N,A,-,N,,,,,,,,,,Y,2,0,2,1,A,-,08,22107,,N,E,I,A,A,H,-,D,D,0,,,,,Y,,D,22,1,1,0,0,0,0,0,0,0,"- ","- ",36.111228942871094,-118.91429138183594,TULARE,UNINCORPORATED,-118.914224,36.111156999999999
91616313,2021,2021-11-04,9480,2021-10-12,1534,019048,,2,2,9,5400,0,3,5,,2,004,"ROAD 160","FREEDOM AVENUE",0.00,,Y,A,-,N,,,,,,,,,,N,1,1,0,2,A,-,21,22106,,N,G,B,D,A,H,-,A,D,0,Y,,,,Y,,D,22,0,0,0,1,0,0,0,0,0,"- ","- ",36.390228271484375,-119.21569061279297,TULARE,UNINCORPORATED,-119.21566772460938,36.390232086181641
91618427,2021,2021-11-08,9481,2021-10-23,1900,020238,,6,2,9,5400,0,2,4,,1,051,"WORTH DRIVE","ROAD 284",350.00,W,N,A,-,N,,,,,,,,,,N,2,0,2,3,C,-,18,,,N,G,B,E,A,H,-,D,D,0,Y,,,,Y,Y,-,"- ",1,0,1,0,2,0,0,0,0,"- ","- ",36.051181793212891,-118.94151306152344,TULARE,UNINCORPORATED,-118.9383544921875,36.052478790283203
91618569,2021,2021-11-08,9481,2021-10-31,0405,019578,,7,3,4,5405,0,1,3,,1,037,"S/B STATE ROUTE 65 TO E/B STATE ROUTE 190","STATE ROUTE 190",180.00,S,N,E,-,Y,,,65,,,,R,,,Y,2,0,1,1,A,-,01,23152,A,N,E,8,A,A,H,-,C,D,0,,,,,Y,Y,A,01,1,0,0,0,0,0,0,0,0,"- ","- ",36.050800323486328,-119.03952026367188,TULARE,PORTERVILLE,-119.03952026367188,36.050800323486328
91619981,2021,2021-11-09,9480,2021-11-05,2219,020060,,5,3,9,5400,0,3,5,,2,003,"PAIGE AVENUE","WEST STREET",900.00,E,N,A,-,N,,,,,,,,,,Y,2,0,2,2,A,-,01,23152,A,N,D,C,A,A,H,-,D,D,0,,,,Y,Y,Y,A,01,1,0,1,0,0,0,0,0,0,"- ","- ",36.182060241699219,-119.36263275146484,TULARE,UNINCORPORATED,-119.36309051513672,36.18194580078125
91628180,2021,2021-11-18,9480,2021-11-03,0208,020890,,3,3,9,5400,0,1,3,,1,051,"STATE ROUTE 43","AVENUE 120",1056.00,S,N,A,-,Y,,,43,,,,,,,Y,2,0,3,2,A,-,03,22350,,N,D,2,A,A,H,-,D,D,0,,,,Y,Y,,A,01,1,1,1,0,0,0,0,0,0,"- ","- ",36.005050659179688,-119.48832702636719,TULARE,UNINCORPORATED,-119.48830413818359,36.005069732666016
91630196,2021,2021-11-19,9481,2021-09-05,2500,020901,"Tule ",7,4,9,5400,0,2,4,,2,052,"BIA 70 (INDIAN RESERVATION DRIVE)","BIA 235/ RIVER CROSSING ROAD",1320.00,E,N,A,-,N,,,,,,,,,,Y,1,1,0,1,A,-,01,23152,A,N,F,A,A,A,H,-,D,D,0,,,,,Y,Y,A,01,0,0,0,0,0,0,0,0,0,"- ","- ",36.026290893554688,-118.79090118408203,TULARE,UNINCORPORATED,,
91630539,2021,2022-02-04,9480,2021-08-26,2232,020890,,4,3,9,5400,0,1,3,,1,034,"STATE ROUTE 198 WESTBOUND","ROAD 60",1056.00,E,N,A,-,Y,,,198,,,,,,W,N,1,1,1,2,A,-,11,21954,A,F,G,B,E,A,H,-,D,D,0,Y,,,,Y,,N,60,0,1,0,1,0,0,0,0,0,"- ","- ",36.327590942382812,-119.43608856201172,TULARE,UNINCORPORATED,-119.43609619140625,36.327213287353516
91632536,2021,2021-11-22,9480,2021-09-09,2025,019349,,4,2,4,5406,0,1,3,,2,093,"STATE ROUTE 99 NORTHBOUND","STATE ROUTE 137 (TULARE AVENUE)",347.00,S,N,B,-,Y,,,99,,,,,,N,Y,1,2,0,2,A,-,08,22107,,N,D,C,A,A,H,-,C,D,0,,,,Y,Y,Y,A,01,0,0,0,0,0,0,0,0,0,"- ","- ",36.209541320800781,-119.32836151123047,TULARE,TULARE,-119.32840728759766,36.209537506103516
91636472,2021,2021-11-29,9480,2021-11-13,0525,019427,,6,3,9,5400,0,3,5,,2,003,"ROAD 28","AVENUE 184",1056.00,S,N,E,-,N,,,,,,,,,,Y,2,0,4,2,A,-,08,22107,,N,A,C,A,B,H,-,D,D,0,,,,,Y,,A,01,1,3,0,0,0,0,0,0,0,"- ","- ",36.121341705322266,-119.50965118408203,TULARE,UNINCORPORATED,-119.50955200195312,36.120540618896484
91636902,2021,2021-11-29,9480,2021-11-21,0019,018521,,7,3,9,5400,0,1,3,,1,064,"SR-198 W/B",SR-99,2112.00,E,N,E,-,Y,,,198,,,,,,W,Y,2,0,2,1,A,-,01,23152,A,N,F,A,A,B,H,-,D,D,0,,,,,Y,Y,A,07,1,1,0,0,0,0,0,0,0,"- ","- ",36.327499389648438,-119.40293884277344,TULARE,UNINCORPORATED,-119.40293121337891,36.327537536621094
91640049,2021,2021-12-01,9480,2021-11-22,1700,020273,,1,2,9,5400,0,3,5,,2,006,"AVENUE 280","ROAD 140",350.00,E,N,A,-,N,,,,,,,,,,Y,2,0,2,3,A,-,01,23152,A,N,C,C,A,A,H,-,C,A,0,,,,,Y,Y,A,01,1,1,0,0,0,0,0,0,0,"- ","- ",36.298358917236328,-119.25997924804688,TULARE,UNINCORPORATED,-119.25961303710938,36.29833984375
91645446,2021,2021-12-07,9480,2021-11-04,0903,016240,,4,1,9,5400,0,1,3,,2,091,"STATE ROUTE 99 SOUTHBOUND","AVENUE 308 PEDESTRIAN OVERCROSSING",4224.00,S,N,A,-,Y,,,99,,,,,,S,Y,1,1,4,3,A,-,08,22107,,N,E,I,A,A,H,-,A,D,0,,,,,Y,,A,07,3,1,0,0,0,0,0,0,0,"- ","- ",36.338790893554688,-119.41757965087891,TULARE,UNINCORPORATED,-119.41757965087891,36.338790893554688
91647754,2021,2021-12-09,9480,2021-11-28,1355,019647,,7,1,9,5400,0,3,5,,2,004,"DRY CREEK DR",SR-216,62040.00,N,N,A,-,N,,,,,,,,,,Y,2,0,1,2,A,-,05,21650,,N,A,C,A,A,H,-,A,D,0,,,Y,,Y,,C,02,1,0,0,0,0,0,0,0,1,"- ","- ",36.542278289794922,-119.01083374023438,TULARE,UNINCORPORATED,-119.01992034912109,36.556140899658203
91648012,2021,2022-03-14,9480,2021-11-17,2235,017452,,3,3,9,5400,0,3,5,,2,001,"ROAD 80","AVENUE 384",126.00,S,N,A,-,N,,,,,,,,,,Y,1,1,0,2,A,-,03,22350,,N,C,C,A,A,H,-,C,A,0,,,,Y,Y,,A,01,0,0,0,0,0,0,0,0,0,"- ","- ",36.487499237060547,-119.39469909667969,TULARE,UNINCORPORATED,-119.39488983154297,36.487575531005859
91648015,2021,2021-12-09,9480,2021-12-03,0230,021159,,5,3,9,5400,0,1,3,,2,095,"SR 99 N/B","AVE 137",3168.00,S,N,A,-,Y,,,,,,,,,,Y,2,0,1,2,A,-,03,22350,,N,C,C,A,A,H,-,D,D,0,,,,Y,Y,,A,01,1,0,0,0,0,0,0,0,0,"- ","- ",36.202541351318359,-119.32843780517578,TULARE,UNINCORPORATED,,
91652970,2021,2021-12-15,9481,2021-11-16,0548,015290,,2,3,9,5400,0,1,3,,1,037,"STATE ROUTE 65","AVENUE 12",3168.00,S,N,B,-,Y,,,65,,,,,,,Y,1,1,1,2,A,-,09,21801,A,N,D,C,A,B,H,-,D,D,0,,,,Y,Y,,A,07,1,0,0,0,0,0,0,0,0,"- ","- ",35.803718566894531,-119.05348205566406,TULARE,UNINCORPORATED,-119.05351257324219,35.803718566894531
91656286,2021,2021-12-20,9481,2021-12-13,0705,020238,,1,1,9,5400,0,1,3,,1,012,"STATE ROUTE 65 (S/B)","ROAD 216",0.00,,Y,B,C,Y,,,65,,,,,,,Y,2,0,1,2,A,-,09,21802,A,N,D,C,A,A,H,-,A,A,0,,,,,Y,,D,22,1,0,0,0,0,0,0,0,0,"- ","- ",36.184329986572266,-119.09226989746094,TULARE,UNINCORPORATED,-119.09227752685547,36.184326171875
91660165,2021,2021-12-23,9480,2021-12-16,1720,017291,,4,2,9,5400,0,3,5,,2,001,"AVENUE 416","ROAD 28",0.00,,Y,A,-,N,,,,,,,,,,Y,2,0,1,2,A,-,09,21802,A,N,D,C,A,A,H,-,C,A,0,,,,,Y,,A,01,1,0,0,0,0,0,0,0,0,"- ","- ",36.546840667724609,-119.48993682861328,TULARE,UNINCORPORATED,-119.489937,36.546841000000001
91667593,2021,2021-12-31,9481,2021-12-22,2310,021234,,3,3,9,5400,0,3,5,,2,030,"RICHGROVE DRIVE","AVENUE 32",2376.00,N,N,B,-,N,,,,,,,,,,Y,2,0,1,1,A,-,08,22107,,N,F,A,A,B,H,-,D,D,0,,,,,Y,,A,01,1,0,0,0,0,0,0,0,0,"- ","- ",35.851970672607422,-119.06462860107422,TULARE,UNINCORPORATED,-119.06447601318359,35.852054595947266
91674442,2021,2022-01-10,9480,2021-12-31,0300,021249,,5,3,9,5400,0,3,5,,2,005,"ROAD 96","AVENUE 152",3168.00,N,N,E,-,N,,,,,,,,,,Y,2,0,1,2,A,-,03,22350,,N,C,C,A,B,H,-,D,D,0,,,,Y,Y,,A,01,1,0,0,0,0,0,0,0,0,"- ","- ",36.073738098144531,-119.35764312744141,TULARE,UNINCORPORATED,-119.35771179199219,36.074356079101562
91679789,2021,2022-01-18,9481,2021-11-01,1640,018029,,1,2,9,5400,0,3,5,,2,030,"SUGARLOAF DRIVE","ROAD M-3",1584.00,E,N,B,-,N,,,,,,,,,,Y,1,1,0,1,A,-,08,22107,,N,E,I,A,A,H,-,A,D,0,,,,Y,Y,,G,26,0,0,0,0,0,0,0,0,0,"- ","- ",35.807449340820312,-118.66316986083984,TULARE,UNINCORPORATED,,
91686494,2022,2022-01-27,9480,2022-01-17,1600,017291,,1,2,9,5400,0,3,5,,2,001,"ROAD 72","RIGGIN AVENUE",0.00,,Y,A,-,N,,,,,,,,,,N,2,0,3,3,A,-,09,21802,A,N,D,C,A,A,H,-,A,D,0,,,,,Y,,A,01,1,0,2,0,0,0,0,0,0,"- ","- ",36.356281280517578,-119.41230010986328,TULARE,UNINCORPORATED,,
91688358,2022,2022-01-28,9480,2022-01-23,1410,019349,,7,2,9,5400,0,3,5,,2,001,"ROAD 52","AVENUE 309",4118.00,N,N,A,-,N,,,,,,,,,,Y,2,0,1,1,A,-,08,22107,,N,E,J,A,A,H,-,A,D,0,,,Y,,Y,,C,06,1,0,0,0,0,0,0,0,1,"- ","- ",36.362369537353516,-119.45732879638672,TULARE,UNINCORPORATED,-119.45744323730469,36.362140655517578
91691382,2022,2022-08-05,9481,2022-01-27,1216,016776,,4,1,9,5400,0,1,3,,1,037,"STATE ROUTE 65","AVENUE 95",3168.00,N,N,A,-,Y,TUL,,65,,R,12.494,H,,R,Y,2,0,2,2,A,-,01,23152,G,N,B,C,A,A,H,-,A,D,0,,,,Y,Y,Y,D,22,1,1,0,0,0,0,0,0,0,"- ","- ",35.97161865234375,-119.05358123779297,TULARE,UNINCORPORATED,-119.05355834960938,35.97161865234375
91691519,2022,2022-02-02,9480,2022-01-17,0025,016145,,1,3,9,5400,0,1,3,,1,064,"SR-198 W/B","WOODLAND DR",384.00,E,N,A,-,Y,TUL,,198,,R,8.547,H,,L,Y,2,0,2,1,A,-,01,23152,A,M,E,I,A,A,H,-,C,D,0,,,,,Y,Y,D,22,2,0,0,0,0,0,0,0,0,"- ","- ",36.327461242675781,-119.31771850585938,TULARE,UNINCORPORATED,-119.31774139404297,36.327323913574219
91691980,2022,2022-02-02,9480,2022-01-24,1638,019349,,1,2,9,5400,0,3,5,,2,001,"AVENUE 330","HAWTHORNE ROAD",0.00,,Y,A,-,N,,,,,,,,,,N,2,0,2,2,A,-,09,21800,A,N,D,C,A,A,H,-,A,D,0,,,Y,,Y,,C,02,2,0,0,0,0,0,0,0,2,"- ","- ",36.388530731201172,-119.21678924560547,TULARE,UNINCORPORATED,-119.21681976318359,36.3885498046875
91693697,2021,2022-02-04,9480,2021-09-19,1310,019186,,7,1,9,5400,0,1,3,,1,034,"STATE ROUTE 198 EASTBOUND","ROAD 56",0.00,,Y,A,-,Y,,,198,,,,,,E,Y,1,1,0,2,A,-,09,21802,A,N,D,C,A,A,H,-,A,A,0,,,,,Y,,D,22,0,0,0,0,0,0,0,0,0,"- ","- ",36.327461242675781,-119.44838714599609,TULARE,UNINCORPORATED,-119.44838714599609,36.327339172363281
91693854,2022,2022-02-04,9480,2022-01-26,1920,019349,,3,2,9,5400,0,1,3,,1,064,"STATE ROUTE 198","ROAD 156",2323.00,W,N,A,-,Y,TUL,,198,,R,13.285,H,,R,Y,2,0,3,2,A,-,08,22107,,N,A,C,A,A,H,-,C,D,0,,,,,Y,,A,01,2,1,0,0,0,0,0,0,0,"- ","- ",36.327159881591797,-119.23300170898438,TULARE,UNINCORPORATED,-119.23299407958984,36.326950073242188
91695021,2022,2022-02-07,9480,2022-01-31,1000,018202,,1,1,9,5400,0,3,5,,2,001,"SR-201 (AVE. 400)","RD. 48",0.00,,Y,B,-,Y,TUL,,201,,,3.936,H,,R,Y,2,0,2,2,A,-,09,21802,A,N,D,C,A,A,H,-,A,A,0,,,,,Y,,A,01,2,0,0,0,0,0,0,0,0,"- ","- ",36.517520904541016,-119.46676635742188,TULARE,UNINCORPORATED,-119.46676635742188,36.51751708984375
91695375,2022,2022-02-07,9480,2022-01-26,1855,017291,,3,2,9,5400,0,3,5,,2,001,"ROAD 80","AVENUE 360",5280.00,S,N,A,-,N,,,,,,,,,,N,2,0,1,1,A,-,08,22107,,N,E,I,A,A,H,-,D,D,0,,,,,Y,,A,01,1,0,0,0,0,0,0,0,0,"- ","- ",36.429130554199219,-119.38453674316406,TULARE,UNINCORPORATED,-119.39482879638672,36.429470062255859
91695393,2022,2022-02-07,9480,2022-02-01,1826,020060,,2,2,4,5406,0,1,3,,2,093,"SR-99 SOUTHBOUND FROM BARDSLEY AVENUE","BARDSLEY AVENUE",850.00,S,N,A,-,Y,TUL,,99,,,28.436,H,,L,Y,1,1,0,2,A,-,11,21954,A,N,G,B,D,A,H,-,D,D,0,Y,,,,Y,,N,60,0,0,0,1,0,0,0,0,0,"- ","- ",36.194240570068359,-119.32887268066406,TULARE,TULARE,-119.32864379882812,36.194240570068359
91695718,2022,2022-02-08,9480,2022-02-01,1240,019427,,2,1,9,5400,0,1,3,,2,095,"STATE ROUTE 99 (SOUTHBOUND)","AVENUE 56",700.00,N,N,A,-,Y,TUL,,99,,,7.335,H,,R,N,2,0,7,2,A,-,03,22350,,N,C,C,A,A,D,-,A,D,0,,,,,Y,,D,22,3,0,4,0,0,0,0,0,0,"- ","- ",35.894020080566406,-119.275390625,TULARE,UNINCORPORATED,-119.27515411376953,35.89410400390625
91698827,2022,2022-02-11,9480,2022-02-05,1437,017291,,6,2,9,5400,0,1,3,,1,020,"STATE ROUTE 201 (AVENUE 384)","ROAD 144",0.00,,Y,A,-,Y,TUL,,201,,,16.013,H,,R,N,2,0,2,1,A,-,01,23152,A,F,E,8,A,A,H,-,A,D,0,,,,,Y,Y,A,01,1,0,1,0,0,0,0,0,0,"- ","- ",36.486270904541016,-119.25041961669922,TULARE,UNINCORPORATED,-119.25041961669922,36.486305236816406
91699858,2022,2022-02-14,9481,2022-01-16,2235,019578,,7,3,9,5400,0,3,5,,2,050,"AVENUE 95","ROAD 234",233.00,E,N,A,-,N,,,,,,,,,,Y,2,0,2,2,A,-,01,23152,A,N,C,E,A,A,H,-,C,D,0,,,,,Y,Y,D,22,1,0,1,0,0,0,0,0,0,"- ","- ",35.962501525878906,-119.04859161376953,TULARE,UNINCORPORATED,-119.048583984375,35.962429046630859
91701549,2022,2022-02-15,9480,2022-02-09,0700,017108,,3,1,9,5400,0,1,3,,2,095,"STATE ROUTE 99 NORTHBOUND","AVENUE 76",528.00,N,N,A,-,Y,TUL,,99,,,9.872,H,,R,Y,2,0,2,1,A,-,08,22107,,N,F,A,A,A,H,-,A,D,0,,,,,Y,,A,01,2,0,0,0,0,0,0,0,0,"- ","- ",35.930160522460938,-119.28253936767578,TULARE,UNINCORPORATED,-119.28257751464844,35.930149078369141
91703263,2022,2022-02-17,9480,2022-02-09,1752,020060,,3,2,9,5400,0,3,5,,2,006,"TURNER DR","COMMERCIAL AVE",500.00,S,N,A,-,N,,,,,,,,,,Y,2,0,1,2,A,-,01,23152,A,N,C,C,A,A,H,-,D,D,0,,,,,Y,Y,D,22,1,0,0,0,0,0,0,0,0,"- ","- ",36.177871704101562,-119.30815124511719,TULARE,UNINCORPORATED,-119.30876922607422,36.178340911865234
91710000,2021,2022-06-01,9480,2021-12-12,2355,021159,,7,3,9,5400,0,1,3,,1,060,"STATE ROUTE 137","ROAD 68",1056.00,W,N,A,-,Y,,,137,,,,,,,Y,1,1,2,1,A,-,01,23153,A,N,E,8,A,A,H,-,D,D,0,,,,,Y,Y,A,01,1,1,0,0,0,0,0,0,0,"- ","- ",36.203330993652344,-119.42562103271484,TULARE,UNINCORPORATED,-119.42562103271484,36.203384399414062
91710013,2022,2022-02-25,9480,2022-02-12,1735,019697,,6,2,9,5400,0,3,5,,2,003,"KLINDERA AVE.","HAMLIN RD",226.00,E,N,A,-,N,,,,,,,,,,N,2,0,1,1,A,-,03,22350,,N,F,A,A,A,G,-,B,D,0,,Y,,,Y,,L,04,1,0,0,0,0,0,1,0,0,"- ","- ",36.058990478515625,-119.31475067138672,TULARE,UNINCORPORATED,-119.31475067138672,36.058956146240234
91718630,2022,2022-03-09,9480,2022-02-25,2245,021175,,5,3,9,5400,0,3,5,,2,003,"STATE ROUTE 137","WAUKENA AVENUE",0.00,,Y,A,-,Y,KIN,,137,,,2.056,H,,R,Y,2,0,5,2,A,-,01,23152,A,F,A,C,A,A,H,-,D,A,0,,,,,Y,Y,A,07,3,2,0,0,0,0,0,0,0,"- ","- ",36.120620727539062,-119.53636169433594,TULARE,UNINCORPORATED,-119.53636932373047,36.120632171630859
91719437,2021,2023-07-20,9481,2021-11-12,1705,019422,,5,2,9,5400,0,3,5,,2,010,"ROAD 152","AVENUE 208",0.00,,Y,A,-,N,,,,,,,,,,Y,1,1,1,2,A,-,09,21801,A,N,A,C,A,A,H,-,C,D,0,,,,,Y,,A,01,0,1,0,0,0,0,0,0,0,"- ","- ",36.1673583984375,-119.23287200927734,TULARE,UNINCORPORATED,-119.23287200927734,36.167346954345703
91719777,2022,2022-03-10,9480,2022-02-26,0220,020450,,6,3,9,5400,0,3,5,,2,006,"ROAD 94","AVENUE 194",2112.00,S,N,A,-,N,,,,,,,,,,Y,2,0,1,1,A,-,01,23152,A,N,F,I,A,A,H,-,D,D,0,,,,,Y,Y,D,22,1,0,0,0,0,0,0,0,0,"- ","- ",36.136131286621094,-119.35778045654297,TULARE,UNINCORPORATED,,
91720656,2022,2022-03-11,9480,2022-03-04,1839,019846,,5,2,9,5400,0,1,3,,1,020,"STATE ROUTE 201 (AVENUE 376)","MPM 201 TUL 23.84",172.00,E,N,B,-,Y,TUL,,201,,,23.873,H,,R,N,2,0,1,3,A,-,03,22350,,N,E,E,E,B,H,-,D,D,0,Y,,,,Y,Y,A,07,1,0,0,0,1,0,0,0,0,"- ","- ",36.471710205078125,-119.12387847900391,TULARE,UNINCORPORATED,-119.12387847900391,36.471725463867188
91721150,2021,2022-04-19,9480,2021-12-17,2010,019932,,5,2,9,5400,0,1,3,,2,095,"STATE ROUTE 99 NORTHBOUND","AVENUE 48",1060.00,N,N,A,-,Y,,,,,,,,,,N,1,1,0,2,A,-,11,21954,A,N,G,B,D,A,H,-,C,D,0,Y,,,Y,Y,,N,60,0,0,0,1,0,0,0,0,0,"- ","- ",36.880058288574219,-119.27098846435547,TULARE,UNINCORPORATED,-119.27040100097656,35.877529144287109