CASE_ID,ACCIDENT_YEAR,PROC_DATE,JURIS,COLLISION_DATE,COLLISION_TIME,OFFICER_ID,REPORTING_DISTRICT,DAY_OF_WEEK,CHP_SHIFT,POPULATION,CNTY_CITY_LOC,SPECIAL_COND,BEAT_TYPE,CHP_BEAT_TYPE,CITY_DIVISION_LAPD,CHP_BEAT_CLASS,BEAT_NUMBER,PRIMARY_RD,SECONDARY_RD,DISTANCE,DIRECTION,INTERSECTION,WEATHER_1,WEATHER_2,STATE_HWY_IND,CALTRANS_COUNTY,CALTRANS_DISTRICT,STATE_ROUTE,ROUTE_SUFFIX,POSTMILE_PREFIX,POSTMILE,LOCATION_TYPE,RAMP_INTERSECTION,SIDE_OF_HWY,TOW_AWAY,COLLISION_SEVERITY,NUMBER_KILLED,NUMBER_INJURED,PARTY_COUNT,PRIMARY_COLL_FACTOR,PCF_CODE_OF_VIOL,PCF_VIOL_CATEGORY,PCF_VIOLATION,PCF_VIOL_SUBSECTION,HIT_AND_RUN,TYPE_OF_COLLISION,MVIW,PED_ACTION,ROAD_SURFACE,ROAD_COND_1,ROAD_COND_2,LIGHTING,CONTROL_DEVICE,CHP_ROAD_TYPE,PEDESTRIAN_ACCIDENT,BICYCLE_ACCIDENT,MOTORCYCLE_ACCIDENT,TRUCK_ACCIDENT,NOT_PRIVATE_PROPERTY,ALCOHOL_INVOLVED,STWD_VEHTYPE_AT_FAULT,CHP_VEHTYPE_AT_FAULT,COUNT_SEVERE_INJ,COUNT_VISIBLE_INJ,COUNT_COMPLAINT_PAIN,COUNT_PED_KILLED,COUNT_PED_INJURED,COUNT_BICYCLIST_KILLED,COUNT_BICYCLIST_INJURED,COUNT_MC_KILLED,COUNT_MC_INJURED,PRIMARY_RAMP,SECONDARY_RAMP,LATITUDE,LONGITUDE,COUNTY,CITY,POINT_X,POINT_Y
91726950,2022,2022-03-18,9480,2022-03-02,2350,020060,,3,3,9,5400,0,3,5,,2,002,"AVENUE 384","ROAD 88",408.00,W,N,A,-,N,,,,,,,,,,Y,1,1,0,1,A,-,08,22107,,N,E,I,A,A,H,-,D,D,0,,,,,Y,Y,A,01,0,0,0,0,0,0,0,0,0,"- ","- ",36.487709045410156,-119.37751770019531,TULARE,UNINCORPORATED,-119.37807464599609,36.487689971923828
91727804,2021,2022-04-21,9481,2021-12-08,0056,021227,,3,3,9,5400,0,3,5,,2,020,"ROAD 276","AVENUE 196",296.00,S,N,A,-,N,,,,,,,,,,Y,1,1,0,1,A,-,08,22107,,N,E,I,A,A,H,-,D,D,0,,,,,Y,,A,01,0,0,0,0,0,0,0,0,0,"- ","- ",36.144779205322266,-118.95871734619141,TULARE,UNINCORPORATED,-118.957763671875,36.144485473632812
91735867,2022,2022-03-29,9481,2022-03-25,1240,017991,,5,1,9,5400,0,1,3,,1,037,"STATE ROUTE 65","AVENUE 16",2059.00,N,N,A,-,Y,TUL,,65,,,2.370,H,,R,Y,2,0,1,1,A,-,08,22107,,N,F,8,A,A,H,-,A,D,0,,,,Y,Y,,F,27,1,0,0,0,0,0,0,0,0,"- ","- ",35.825290679931641,-119.0537109375,TULARE,UNINCORPORATED,-119.05362701416016,35.825290679931641
91737243,2022,2022-03-30,9481,2022-03-27,1140,017991,,7,1,9,5400,0,3,5,,2,050,"MOUNTAIN ROAD 56","OLD STAGE COACH ROAD",5280.00,E,N,A,-,N,,,,,,,,,,N,2,0,1,1,A,-,08,22107,,N,F,I,A,A,H,-,A,D,0,,,Y,,Y,,C,02,1,0,0,0,0,0,0,0,1,"- ","- ",35.892578125,-118.90086364746094,TULARE,UNINCORPORATED,,
9173749,2020,2020-12-11,5407,2020-10-27,0233,A186,480,2,5,5,5407,0,0,0,,0,,"MINERAL KING","MAIN ST",291.00,W,N,A,-,N,,,,,,,,,,Y,2,0,1,1,A,-,03,22350,,N,E,I,A,A,H,-,C,A,0,,,,,Y,,A,01,1,0,0,0,0,0,0,0,0,"- ","- ",36.327548980712891,-119.327392578125,TULARE,VISALIA,-119.26474761962891,36.327629089355469
91739047,2021,2022-04-01,9480,2021-11-02,0923,016240,,2,1,9,5400,0,3,5,,2,001,"ROAD 64","AVENUE 304",0.00,,Y,A,-,N,,,,,,,,,,Y,1,1,1,2,A,-,09,21802,A,N,D,C,A,A,H,-,A,A,0,,,,,Y,,A,01,0,1,0,0,0,0,0,0,0,"- ","- ",36.341670989990234,-119.43102264404297,TULARE,UNINCORPORATED,-119.43039703369141,36.341701507568359
9174169,2020,2021-02-11,5407,2020-11-14,2147,A341,480,6,5,5,5407,0,0,0,,0,033,"S SANTA FE ST","MYRTLE AV",126.00,N,N,A,-,N,,,,,,,,,,Y,2,0,3,4,A,-,01,23153,A,F,C,E,F,A,H,-,C,A,0,Y,,,,Y,Y,A,01,2,0,1,0,2,0,0,0,0,"- ","- ",36.324581146240234,-119.28775787353516,TULARE,VISALIA,-119.28775024414062,36.324893951416016
91742948,2022,2022-04-07,9481,2022-03-30,0442,016776,,3,3,9,5400,0,1,3,,1,012,"STATE ROUTE 65 SOUTHBOUND","AVENUE 200",3079.00,N,N,B,-,Y,TUL,,65,,,26.239,H,,L,Y,2,0,1,2,A,-,03,22350,,N,C,C,A,A,H,-,D,D,0,,,,Y,Y,,D,22,1,0,0,0,0,0,0,0,0,"- ","- ",36.160640716552734,-119.07994842529297,TULARE,UNINCORPORATED,-119.07993316650391,36.16064453125
91743627,2022,2022-04-07,9480,2022-02-28,0200,016145,,1,3,9,5400,0,3,5,,2,002,"ROLLER DRIVE","STATE ROUTE 63 (ROAD 128)",2640.00,E,N,A,-,N,,,,,,,,,,Y,1,1,1,1,A,-,03,22350,,N,F,A,A,A,H,-,D,A,0,,,,,Y,Y,A,01,1,0,0,0,0,0,0,0,0,"- ","- ",36.605609893798828,-119.27935791015625,TULARE,UNINCORPORATED,,
91743698,2022,2022-04-07,9480,2022-01-27,2500,020612,,4,4,9,5400,0,1,3,,1,051,"STATE ROUTE 43 (CENTRAL VALLEY HIGHWAY)","PALMER AVENUE",1000.00,S,N,A,-,Y,TUL,,43,,,5.324,H,,R,Y,1,2,0,1,A,-,01,23152,F,N,E,I,A,A,H,-,D,D,0,,,Y,,Y,,C,02,0,0,0,0,0,0,0,2,0,"- ","- ",35.862060546875,-119.3839111328125,TULARE,UNINCORPORATED,-119.38388061523438,35.862064361572266
91745070,2022,2022-04-11,9480,2022-03-26,0845,019186,,6,1,9,5400,0,1,3,,2,091,"SR-99 N/B","AVENUE 328",5280.00,N,N,A,-,Y,TUL,,99,,,44.695,H,,L,Y,2,0,1,1,A,-,08,22107,,N,E,I,A,A,H,-,A,D,0,,,,,Y,,A,01,1,0,0,0,0,0,0,0,0,"- ","- ",36.401779174804688,-119.45522308349609,TULARE,UNINCORPORATED,-119.45500183105469,36.401870727539062
91745203,2022,2022-04-11,9480,2022-03-28,1500,020273,,1,2,9,5400,0,3,5,,2,001,"THOMPSON ROAD","PARADE AVENUE",0.00,,Y,A,-,N,,,,,,,,,,N,2,0,1,1,C,-,18,,,N,G,B,A,A,H,-,A,D,0,,,,,Y,,-,"- ",1,0,0,0,0,0,0,0,0,"- ","- ",35.887451171875,-119.26415252685547,TULARE,UNINCORPORATED,-119.26418304443359,35.887474060058594
91745352,2022,2022-04-11,9480,2022-04-01,1525,021159,,5,2,9,5400,0,1,3,,2,095,"ELM ST.","E HOWARD AVE.",10.00,S,N,A,-,Y,,,,,,,,,,Y,2,0,1,2,A,-,03,22350,,N,C,C,A,A,H,-,A,D,0,,,Y,,Y,,C,02,1,0,0,0,0,0,0,0,1,"- ","- ",35.973880767822266,-119.28614807128906,TULARE,UNINCORPORATED,-119.28617858886719,35.973972320556641
91746443,2021,2022-04-12,9480,2021-11-19,1520,021249,,5,2,9,5400,0,3,5,,2,005,"ROAD 136","AVENUE 16",250.00,S,N,A,-,N,,,,,,,,,,Y,1,1,0,3,A,-,06,21751,,F,C,E,A,A,H,-,A,D,0,,,,,Y,Y,A,01,0,0,0,0,0,0,0,0,0,"- ","- ",35.818508148193359,-119.26808929443359,TULARE,UNINCORPORATED,-119.26816558837891,35.818653106689453
91747940,2022,2022-04-14,9480,2022-03-25,0750,016723,,5,1,9,5400,0,1,3,,1,064,"STATE ROUTE 198 (EASTBOUND)","ROAD 180 (ANDERSON ROAD)",141.00,E,N,A,-,Y,TUL,,198,,R,16.880,H,,R,Y,2,0,1,2,A,-,03,22350,,N,C,C,A,A,H,-,A,A,0,,,Y,,Y,,C,02,1,0,0,0,0,0,0,0,1,"- ","- ",36.326461791992188,-119.16863250732422,TULARE,UNINCORPORATED,-119.16863250732422,36.326454162597656
91748308,2022,2022-04-15,9480,2022-04-05,1310,016240,,2,1,9,5400,0,3,5,,2,001,"6TH STREET","MERRITT DRIVE",1584.00,S,N,A,-,N,,,,,,,,,,Y,2,0,1,2,A,-,09,21804,A,N,D,C,A,A,H,-,A,D,0,,,,,Y,,A,01,1,0,0,0,0,0,0,0,0,"- ","- ",36.448070526123047,-119.48629760742188,TULARE,UNINCORPORATED,,
91758144,2022,2022-04-27,9480,2022-04-15,1411,018521,,5,2,9,5400,0,1,3,,1,021,SR-63,"AVE 432",0.00,,Y,A,-,Y,TUL,,63,,R,25.539,H,,R,Y,2,0,2,2,A,-,12,22450,A,N,D,C,A,A,H,-,A,A,0,,,,,Y,,D,22,1,1,0,0,0,0,0,0,0,"- ","- ",36.573280334472656,-119.28703308105469,TULARE,UNINCORPORATED,-119.28716278076172,36.573280334472656
91759282,2022,2022-04-28,9480,2022-04-14,1050,016723,,4,1,9,5400,0,1,3,,2,093,"STATE ROUTE 99 NORTHBOUND","AVENUE 184",615.00,N,N,A,-,Y,TUL,,99,,,23.614,H,,R,Y,2,0,8,4,A,-,01,23152,A,N,C,C,A,A,H,-,A,D,0,,,,,Y,Y,A,01,2,1,5,0,0,0,0,0,0,"- ","- ",36.125308990478516,-119.3248291015625,TULARE,UNINCORPORATED,-119.32481384277344,36.125308990478516
91771632,2022,2022-05-13,9480,2022-05-04,0245,017452,,3,3,9,5400,0,3,5,,2,001,"AVENUE 352","ROAD 36",4066.00,W,N,A,-,N,,,,,,,,,,N,2,0,2,2,A,-,03,22350,,N,C,C,A,A,H,-,D,D,0,,,,,Y,,A,01,1,1,0,0,0,0,0,0,0,"- ","- ",36.430278778076172,-119.50656127929688,TULARE,UNINCORPORATED,-119.50637817382812,36.430335998535156
91775305,2022,2022-05-18,9480,2022-05-13,1310,016046,,5,1,5,5407,0,1,3,,1,064,"STATE ROUTE 198 (WESTBOUND) FROM BEN MADDOX WAY","BEN MADDOX WAY",634.00,E,N,A,-,Y,,,,,,,,,,Y,2,0,2,2,A,-,08,22107,,N,D,C,A,A,H,-,A,D,0,,,,,Y,,D,22,1,0,1,0,0,0,0,0,0,"- ","- ",36.326969146728516,-119.27588653564453,TULARE,VISALIA,-119.27588653564453,36.326969146728516
91778848,2022,2022-05-24,9480,2022-05-13,2105,021044,,5,2,9,5400,0,3,5,,2,003,"AVENUE 240","ROAD 48",140.00,W,N,A,-,N,,,,,,,,,,Y,2,0,1,1,A,-,03,22350,,N,E,I,A,A,H,-,D,A,0,,,,,Y,,D,22,1,0,0,0,0,0,0,0,0,"- ","- ",36.225749969482422,-119.46589660644531,TULARE,UNINCORPORATED,-119.46640777587891,36.225742340087891
91784201,2022,2022-05-30,9481,2022-05-22,2150,021227,,7,2,9,5400,0,3,5,,2,030,"ROAD 208","AVENUE 128",400.00,S,N,A,-,N,,,,,,,,,,N,2,0,1,1,A,-,08,22107,,N,E,I,A,A,H,-,D,D,0,,,,,Y,,A,07,1,0,0,0,0,0,0,0,0,"- ","- ",36.021190643310547,-119.10739135742188,TULARE,UNINCORPORATED,-119.10746002197266,36.021190643310547
91785206,2022,2022-05-31,9480,2022-05-24,0125,017452,,2,3,9,5400,0,1,3,,2,091,"SR-99 N/B","AVENUE 384",2225.00,S,N,A,-,Y,TUL,,99,,,51.380,H,,R,N,2,0,4,1,A,-,08,22107,,M,E,I,A,A,H,-,D,D,0,,,,,Y,,A,07,3,1,0,0,0,0,0,0,0,"- ","- ",36.486488342285156,-119.51229095458984,TULARE,UNINCORPORATED,-119.51233673095703,36.486442565917969
91785695,2022,2023-10-10,9480,2022-05-23,0558,016046,,1,3,9,5400,0,3,5,,2,004,"AVENUE 328","ROAD 144",0.00,,Y,A,-,N,,,,,,,,,,N,2,0,2,2,A,-,12,22450,A,F,D,C,A,A,H,-,A,A,0,,,,,Y,,D,22,1,0,1,0,0,0,0,0,0,"- ","- ",36.385398864746094,-119.25174713134766,TULARE,UNINCORPORATED,-119.25181579589844,36.385372161865234
91786234,2022,2022-06-01,9480,2022-02-04,1534,019349,,5,2,9,5400,0,1,3,,1,040,"STATE ROUTE 216 (ROAD 160)","EL RIO DRIVE",528.00,N,N,A,-,Y,TUL,,216,,,5.200,H,,R,Y,1,1,0,3,A,-,03,22350,,N,C,C,A,A,H,-,A,D,0,,,,Y,Y,,A,07,0,0,0,0,0,0,0,0,0,"- ","- ",36.359428405761719,-119.21621704101562,TULARE,UNINCORPORATED,-119.21615600585938,36.359428405761719
91786645,2022,2022-06-02,9480,2022-05-26,1655,018840,,4,2,9,5400,0,3,5,,2,003,"AVE 168","ROAD 144",4494.00,E,N,A,-,N,,,,,,,,,,Y,2,0,1,1,A,-,08,22107,,N,F,A,A,A,G,-,A,D,0,,,,Y,Y,,G,25,1,0,0,0,0,0,0,0,0,"- ","- ",36.094619750976562,-119.25457000732422,TULARE,UNINCORPORATED,-119.23495483398438,36.094699859619141
9178774,2020,2020-11-13,5407,2020-09-28,1528,M66,480,1,5,5,5407,0,0,0,,0,,"JACOB ST",GROVE,24.00,S,N,A,-,N,,,,,,,,,,N,2,0,1,2,A,-,03,22350,,N,C,C,A,A,H,-,A,D,0,,,Y,,Y,,C,02,1,0,0,0,0,0,0,0,1,"- ","- ",36.336330413818359,-119.30207061767578,TULARE,VISALIA,-119.30213928222656,36.336803436279297
91787774,2022,2022-06-03,9480,2022-04-07,1656,018521,,4,2,9,5400,0,3,5,,2,002,"ROAD 144","STATE ROUTE 201",2640.00,N,N,A,-,N,,,,,,,,,,Y,1,1,1,2,A,-,01,23152,A,F,A,C,A,A,H,-,A,D,0,,,,,Y,Y,A,01,0,0,1,0,0,0,0,0,0,"- ","- ",36.493858337402344,-119.25054931640625,TULARE,UNINCORPORATED,-119.25005340576172,36.486301422119141
91789232,2022,2022-06-06,9480,2022-03-04,2150,018861,,5,2,9,5400,0,1,3,,2,091,"STATE ROUTE 99 SOUTHBOUND","BETTY DRIVE",5808.00,N,N,B,C,Y,TUL,,99,,,41.812,H,,L,Y,1,1,1,3,C,-,18,,,N,A,C,E,B,H,-,D,D,0,Y,,,Y,Y,,-,"- ",0,1,0,1,0,0,0,0,0,"- ","- ",36.365028381347656,-119.43063354492188,TULARE,UNINCORPORATED,-119.43069458007812,36.365001678466797
91795749,2022,2022-06-15,9480,2022-06-01,0750,012900,,3,1,9,5400,0,3,5,,2,006,SR-137,"ROAD 132",1320.00,E,N,A,-,Y,TUL,,137,,,19.456,H,,R,N,2,0,2,2,A,-,09,21804,,N,D,2,A,A,H,-,A,D,0,,,,,Y,,A,01,1,1,0,0,0,0,0,0,0,"- ","- ",36.210941314697266,-119.27835083007812,TULARE,UNINCORPORATED,-119.27835083007812,36.210922241210938
91798812,2022,2022-06-20,9480,2022-04-27,0922,016233,,3,1,9,5400,0,3,5,,2,005,"BORCHARDT DRIVE","AVENUE 54",200.00,N,N,A,-,N,,,,,,,,,,N,1,1,0,1,A,-,01,23152,F,N,E,I,A,A,H,-,A,D,0,,,,,Y,,D,22,0,0,0,0,0,0,0,0,0,"- ","- ",35.888408660888672,-119.45229339599609,TULARE,UNINCORPORATED,-119.45333099365234,35.887664794921875
91800317,2022,2022-06-21,9480,2022-06-14,1550,020890,,2,2,9,5400,0,3,5,,2,005,"AVENUE 88","ROAD 140",3.00,W,N,A,-,N,,,,,,,,,,Y,2,0,1,2,A,-,09,21801,A,N,A,C,A,A,H,-,A,A,0,,,Y,,Y,,A,01,1,0,0,0,0,0,0,0,1,"- ","- ",35.949771881103516,-119.25942993164062,TULARE,UNINCORPORATED,-119.25937652587891,35.949729919433594
91809207,2022,2022-07-01,9480,2022-06-28,0505,020060,,2,3,9,5400,0,1,3,,1,021,"STATE ROUTE 63 (ROAD 124)","AVENUE 326",7.00,N,N,A,-,Y,TUL,,63,,,11.868,H,,R,N,2,0,1,3,A,-,09,21801,A,N,G,B,E,A,H,-,D,D,0,Y,,,,Y,,A,01,1,0,0,0,1,0,0,0,0,"- ","- ",36.381759643554688,-119.29680633544922,TULARE,UNINCORPORATED,-119.29686737060547,36.381759643554688
91809603,2022,2022-07-04,9480,2022-06-25,0140,021175,,6,3,9,5400,0,3,5,,2,002,"STATE ROUTE 201","ROAD 184",1531.00,E,N,A,-,Y,TUL,,201,,,21.311,H,,R,Y,2,0,1,1,A,-,01,23152,A,N,E,I,A,A,H,-,D,B,0,,,,,Y,Y,A,01,1,0,0,0,0,0,0,0,0,"- ","- ",36.484840393066406,-119.15522766113281,TULARE,UNINCORPORATED,-119.15523529052734,36.484828948974609
91816228,2022,2022-07-13,9481,2022-06-29,0745,015290,,3,1,9,5400,0,1,3,,1,053,"STATE ROUTE 190","SUCCESS VALLEY DRIVE",0.00,,Y,A,-,Y,TUL,,190,,,24.486,H,,R,Y,1,1,1,2,A,-,12,22450,A,N,D,C,A,A,H,-,A,A,0,,,,,Y,,A,01,0,1,0,0,0,0,0,0,0,"- ","- ",36.080471038818359,-118.89836883544922,TULARE,UNINCORPORATED,-118.89842224121094,36.080501556396484
91817206,2022,2022-07-14,9481,2022-07-09,0410,021227,,6,3,9,5400,0,2,4,,1,051,"ACENUE 146 (WORTH DRIVE)","HUMMINGBIRD DRIVE",400.00,E,N,A,-,N,,,,,,,,,,N,2,0,1,3,A,-,01,23152,A,N,F,E,A,A,H,-,D,D,0,,,,,Y,Y,A,07,1,0,0,0,0,0,0,0,0,"- ","- ",36.054599761962891,-118.94860076904297,TULARE,UNINCORPORATED,,
91822125,2022,2022-07-21,9481,2022-07-15,2120,020238,,5,2,9,5400,0,1,3,,1,037,"STATE ROUTE 65","AVENUE 112",0.00,,Y,A,-,Y,TUL,,65,,R,14.075,H,,R,Y,2,0,1,2,A,-,09,21802,A,N,D,C,A,A,H,-,C,A,0,,,Y,,Y,,C,02,1,0,0,0,0,0,0,0,1,"- ","- ",35.993289947509766,-119.04611206054688,TULARE,UNINCORPORATED,-119.04606628417969,35.993274688720703
91822326,2022,2022-07-21,9480,2022-07-09,0714,018521,,6,1,9,5400,0,3,5,,2,001,"AVE 308","RD 50",500.00,E,N,A,-,N,,,,,,,,,,Y,2,0,4,2,A,-,09,21804,A,N,D,C,A,A,H,-,A,A,0,,,,,Y,,A,01,1,2,1,0,0,0,0,0,0,"- ","- ",36.349040985107422,-119.46018218994141,TULARE,UNINCORPORATED,-119.46033477783203,36.349044799804688
91831538,2022,2022-08-02,9481,2022-07-26,0709,017957,,2,1,9,5400,0,2,4,,1,031,"ROAD 152","AVENUE 152",0.00,,Y,A,-,N,,,,,,,,,,Y,2,0,1,2,A,-,03,22352,A,N,D,C,A,A,H,-,A,B,0,,,,,Y,,A,01,1,0,0,0,0,0,0,0,0,"- ","- ",36.065788269042969,-119.23236846923828,TULARE,UNINCORPORATED,-119.23234558105469,36.065753936767578
91832914,2022,2022-08-04,9480,2022-07-27,0243,021249,,3,3,9,5400,0,1,3,,1,064,SR-198,"ROAD 204 (SPRUCE ROAD)",0.00,,Y,A,-,N,,,,,,,,,,Y,2,0,2,1,A,-,01,23152,G,N,E,I,A,A,H,-,C,A,0,,,,,Y,Y,A,01,1,1,0,0,0,0,0,0,0,"- ","- ",36.326301574707031,-119.13491058349609,TULARE,UNINCORPORATED,-119.11695098876953,36.325870513916016
91833356,2022,2022-08-04,9480,2022-07-24,2315,020450,,7,3,9,5400,0,2,S,,2,915,SR-63,"AVENUE 340",1320.00,N,N,A,-,N,,,,,,,,,,Y,2,0,1,2,A,-,11,21954,A,N,G,B,D,A,H,-,D,D,0,Y,,,,Y,,N,60,1,0,0,0,1,0,0,0,0,"- ","- ",36.410270690917969,-119.29622650146484,TULARE,UNINCORPORATED,-119.29616546630859,36.410270690917969
91837937,2022,2022-08-15,9480,2022-08-03,1125,012900,,3,1,9,5400,0,3,5,,2,006,"SR137 (AVENUE 232)","ROAD 126",0.00,,Y,A,-,N,,,,,,,,,,Y,2,0,3,3,A,-,03,22350,,N,C,C,A,A,H,-,A,D,0,,,,,Y,,D,22,1,1,1,0,0,0,0,0,0,"- ","- ",36.210910797119141,-119.29160308837891,TULARE,UNINCORPORATED,-119.29161834716797,36.210906982421875
91838933,2022,2022-10-13,9480,2022-07-12,0510,016145,,2,3,5,5407,0,1,3,,1,064,"STATE ROUTE 198 EASTBOUND","BURKE STREET",280.00,W,N,A,-,Y,TUL,,198,,R,10.413,H,,R,Y,1,1,0,2,A,-,17,21200,,N,G,G,A,A,H,-,C,D,0,,Y,,,Y,,L,04,0,0,0,0,0,1,0,0,0,"- ","- ",36.326850891113281,-119.28430938720703,TULARE,VISALIA,-119.28430938720703,36.326847076416016
91848912,2022,2022-08-25,9480,2022-07-22,0742,013914,,5,1,9,5400,0,1,3,,1,021,"STATE ROUTE 63","RIVERWAY DRIVE",536.00,N,N,A,-,Y,TUL,,63,,,10.725,H,,R,Y,1,1,3,3,A,-,08,22107,,N,A,C,A,A,H,-,A,D,0,,,,Y,Y,,D,22,3,0,0,0,0,0,0,0,0,"- ","- ",36.365211486816406,-119.29698944091797,TULARE,UNINCORPORATED,-119.29701232910156,36.365211486816406
91848933,2022,2022-10-13,9480,2022-07-15,2126,021249,,5,2,9,5400,0,1,3,,2,091,"STATE ROUTE 99 SOUTHBOUND","BETTY DRIVE",1690.00,N,N,A,-,Y,TUL,,99,,,41.138,H,,L,Y,1,1,1,1,A,-,08,22107,,M,E,I,A,A,H,-,C,D,0,,,,,Y,Y,A,07,0,1,0,0,0,0,0,0,0,"- ","- ",36.355480194091797,-119.42843627929688,TULARE,UNINCORPORATED,-119.4283447265625,36.355487823486328
91850869,2022,2022-08-26,9480,2022-08-19,1708,019543,,5,2,9,5400,0,3,5,,2,002,"1ST DRIVE","SANTA FE DRIVE",0.00,,Y,A,-,N,,,,,,,,,,Y,2,0,1,2,A,-,09,21802,A,N,D,C,A,A,H,-,A,A,0,,,,,Y,,A,01,1,0,0,0,0,0,0,0,0,"- ","- ",36.52545166015625,-119.29173278808594,TULARE,UNINCORPORATED,-119.29168701171875,36.52532958984375
91859081,2022,2022-09-07,9480,2022-08-30,0650,016240,,2,1,9,5400,0,3,5,,2,001,"AVENUE 384","ROAD 8",295.00,E,N,A,-,N,,,,,,,,,,N,2,0,2,2,A,-,01,23152,F,N,A,C,A,A,H,-,A,D,0,,,,,Y,,D,22,1,1,0,0,0,0,0,0,0,"- ","- ",36.488971710205078,-119.55615997314453,TULARE,UNINCORPORATED,-119.55618286132812,36.488941192626953
91861588,2022,2022-09-12,9420,2022-09-05,1315,021915,,1,1,9,5400,0,3,5,,2,020,"MOUNTAIN HIGHWAY 50","ABANDONED COUNTY ROAD",528.00,N,N,A,-,N,,,,,,,,,,Y,2,0,2,1,A,-,08,22107,,N,F,A,A,A,H,-,A,D,0,,,,,Y,,A,01,2,0,0,0,0,0,0,0,0,"- ","- ",35.970291137695312,-118.54763793945312,TULARE,UNINCORPORATED,-118.54965209960938,35.972793579101562
91861981,2022,2022-09-12,9480,2022-08-09,0355,016145,,2,3,9,5400,0,1,3,,1,064,"STATE ROUTE 198 EASTBOUND","ROAD 180",1052.00,W,N,A,-,Y,TUL,,198,,R,16.561,H,,R,N,1,1,1,2,A,-,11,21956,A,N,G,B,E,A,H,-,D,A,0,Y,,,,Y,,N,60,0,1,0,1,0,0,0,0,0,"- ","- ",36.326541900634766,-119.17434692382812,TULARE,UNINCORPORATED,-119.17434692382812,36.326545715332031
91868972,2022,2022-09-20,9480,2022-09-11,2300,020612,,7,3,9,5400,0,1,3,,2,095,"STATE ROUTE 99 NORTHBOUND","COUNTY LINE ROAD",1056.00,N,N,A,-,Y,TUL,,99,,,0.329,H,,R,Y,2,0,1,1,A,-,08,22107,,N,E,I,A,A,H,-,D,D,0,,,,,Y,Y,A,07,1,0,0,0,0,0,0,0,0,"- ","- ",35.79473876953125,-119.25306701660156,TULARE,UNINCORPORATED,-119.25330352783203,35.794696807861328
91872396,2022,2022-09-26,9480,2022-09-14,0105,020612,,3,3,9,5400,0,3,5,,2,006,"AVENUE 280","ROAD 148",211.00,E,N,A,-,N,,,,,,,,,,N,2,0,1,1,A,-,01,23152,A,N,E,I,A,A,H,-,D,D,0,,,,,Y,Y,A,08,1,0,0,0,0,0,0,0,0,"- ","- ",36.298160552978516,-119.23558044433594,TULARE,UNINCORPORATED,-119.24229431152344,36.298171997070312
91876566,2022,2022-09-29,9480,2022-09-19,0445,020612,,1,3,9,5400,0,3,5,,2,004,"ROAD 196","LORT DRIVE",213.00,N,N,A,-,N,,,,,,,,,,N,2,0,1,1,A,-,08,22107,,N,E,I,A,A,H,-,D,D,0,,,,,Y,,A,01,1,0,0,0,0,0,0,0,0,"- ","- ",36.353450775146484,-119.13433074951172,TULARE,UNINCORPORATED,-119.13437652587891,36.353294372558594
91880794,2022,2022-10-03,9480,2022-09-22,0335,021044,,4,3,9,5400,0,3,5,,2,006,"ROAD 204","E. MARINETTE AVENUE",528.00,S,N,A,-,N,,,,,,,,,,Y,2,0,1,1,A,-,08,22107,,N,E,I,A,A,H,-,D,D,0,,,,,Y,,A,01,1,0,0,0,0,0,0,0,0,"- ","- ",36.309669494628906,-119.11712646484375,TULARE,UNINCORPORATED,-119.11722564697266,36.309921264648438
91886072,2022,2022-10-10,9480,2022-08-24,1607,019846,,3,2,9,5400,0,1,3,,1,051,"STATE ROUTE 43 (CENTRAL VALLEY HWY)","AVENUE 152",662.00,S,N,A,-,Y,TUL,,43,,R,21.611,H,,R,Y,1,1,2,3,A,-,08,22107,,N,B,C,A,A,H,-,A,D,0,,,,,Y,,A,01,1,1,0,0,0,0,0,0,0,"- ","- ",36.063549041748047,-119.53108215332031,TULARE,UNINCORPORATED,-119.53105926513672,36.063560485839844
91887098,2022,2022-10-11,9480,2022-10-04,0840,018521,,2,1,9,5400,0,1,3,,2,091,SR-99,"BETTY DR",8976.00,S,N,A,-,Y,TUL,,99,,R,39.128,H,,R,N,2,0,1,2,C,-,18,,,N,E,J,A,A,H,-,A,D,0,,,,Y,Y,,-,"- ",1,0,0,0,0,0,0,0,0,"- ","- ",36.330558776855469,-119.41024017333984,TULARE,UNINCORPORATED,-119.4102783203125,36.330539703369141
91889219,2022,2022-10-13,9480,2022-09-05,1244,013914,,1,1,9,5400,0,1,3,,1,021,"STATE ROUTE 63 (ROAD 128)","IRA AVENUE",150.00,N,N,A,-,Y,TUL,,63,,,23.028,H,,R,Y,1,2,1,2,A,-,08,22107,,N,D,C,A,A,H,-,A,D,0,,,Y,,Y,,D,22,0,1,0,0,0,0,0,2,0,"- ","- ",36.536888122558594,-119.28684234619141,TULARE,UNINCORPORATED,-119.28684234619141,36.536888122558594