CASE_ID,ACCIDENT_YEAR,PROC_DATE,JURIS,COLLISION_DATE,COLLISION_TIME,OFFICER_ID,REPORTING_DISTRICT,DAY_OF_WEEK,CHP_SHIFT,POPULATION,CNTY_CITY_LOC,SPECIAL_COND,BEAT_TYPE,CHP_BEAT_TYPE,CITY_DIVISION_LAPD,CHP_BEAT_CLASS,BEAT_NUMBER,PRIMARY_RD,SECONDARY_RD,DISTANCE,DIRECTION,INTERSECTION,WEATHER_1,WEATHER_2,STATE_HWY_IND,CALTRANS_COUNTY,CALTRANS_DISTRICT,STATE_ROUTE,ROUTE_SUFFIX,POSTMILE_PREFIX,POSTMILE,LOCATION_TYPE,RAMP_INTERSECTION,SIDE_OF_HWY,TOW_AWAY,COLLISION_SEVERITY,NUMBER_KILLED,NUMBER_INJURED,PARTY_COUNT,PRIMARY_COLL_FACTOR,PCF_CODE_OF_VIOL,PCF_VIOL_CATEGORY,PCF_VIOLATION,PCF_VIOL_SUBSECTION,HIT_AND_RUN,TYPE_OF_COLLISION,MVIW,PED_ACTION,ROAD_SURFACE,ROAD_COND_1,ROAD_COND_2,LIGHTING,CONTROL_DEVICE,CHP_ROAD_TYPE,PEDESTRIAN_ACCIDENT,BICYCLE_ACCIDENT,MOTORCYCLE_ACCIDENT,TRUCK_ACCIDENT,NOT_PRIVATE_PROPERTY,ALCOHOL_INVOLVED,STWD_VEHTYPE_AT_FAULT,CHP_VEHTYPE_AT_FAULT,COUNT_SEVERE_INJ,COUNT_VISIBLE_INJ,COUNT_COMPLAINT_PAIN,COUNT_PED_KILLED,COUNT_PED_INJURED,COUNT_BICYCLIST_KILLED,COUNT_BICYCLIST_INJURED,COUNT_MC_KILLED,COUNT_MC_INJURED,PRIMARY_RAMP,SECONDARY_RAMP,LATITUDE,LONGITUDE,COUNTY,CITY,POINT_X,POINT_Y
91889632,2022,2022-10-13,9481,2022-10-06,1610,017523,,4,2,9,5400,0,2,4,,1,031,"AVENUE 152","ROAD 160",850.00,W,N,A,-,N,,,,,,,,,,Y,2,0,3,3,A,-,05,21460,A,N,C,C,A,A,D,-,A,D,0,,,,,Y,,D,22,1,0,2,0,0,0,0,0,0,"- ","- ",36.065910339355469,-119.21692657470703,TULARE,UNINCORPORATED,-119.21739959716797,36.065765380859375
91894119,2022,2022-10-19,9420,2022-10-15,1120,020782,,6,1,9,5400,0,3,5,,2,020,"SHERMAN PASS ROAD","MOUNTAIN HIGHWAY 99",19536.00,E,N,A,-,N,,,,,,,,,,N,2,0,1,1,A,-,08,22107,,F,E,I,A,A,H,-,A,D,0,,,Y,,Y,,C,02,1,0,0,0,0,0,0,0,1,"- ","- ",35.978908538818359,-118.45388793945312,TULARE,UNINCORPORATED,,
91895596,2022,2022-10-20,9481,2022-10-09,2040,019422,,7,2,9,5400,0,3,5,,2,010,"ROAD 224","LINDA VISTA AVE",226.00,N,N,A,-,N,,,,,,,,,,Y,2,0,1,1,A,-,01,23152,A,N,E,I,A,A,H,-,C,D,0,,,,,Y,Y,A,07,1,0,0,0,0,0,0,0,0,"- ","- ",36.106479644775391,-119.07111358642578,TULARE,UNINCORPORATED,-119.07106018066406,36.106281280517578
91896118,2022,2022-10-21,9480,2022-10-13,0920,017108,,4,1,4,5406,0,1,3,,2,093,"STATE ROUTE 99 NORTHBOUND","CARTMILL AVENUE",1003.00,S,N,A,-,Y,TUL,,99,,,31.635,H,,R,Y,2,0,1,2,A,-,03,22350,,N,C,C,A,A,C,-,A,D,0,,,,Y,Y,,A,07,1,0,0,0,0,0,0,0,0,"- ","- ",36.237598419189453,-119.34355926513672,TULARE,TULARE,-119.34358978271484,36.237583160400391
91897072,2022,2022-10-24,9480,2022-10-15,1935,020060,,6,2,9,5400,0,3,5,,2,006,"ROCKY HILL DRIVE","SPRUCE ROAD (RD 204)",7920.00,E,N,A,-,N,,,,,,,,,,Y,2,0,3,4,A,-,03,22350,,N,G,B,E,A,H,-,D,D,0,Y,,Y,,Y,,C,02,1,1,1,0,2,0,0,0,1,"- ","- ",36.300628662109375,-119.09590148925781,TULARE,UNINCORPORATED,-119.09618377685547,36.300518035888672
91897720,2022,2022-10-24,9480,2022-10-16,0235,019697,,7,3,9,5400,0,3,5,,2,001,"SHIRK RD","WALNUT AVE.",1056.00,N,N,A,-,N,,,,,,,,,,Y,2,0,1,1,A,-,01,23152,A,N,E,I,A,A,H,-,D,D,0,,,,,Y,Y,A,01,1,0,0,0,0,0,0,0,0,"- ","- ",36.314769744873047,-119.36766052246094,TULARE,UNINCORPORATED,-119.36756896972656,36.315647125244141
91898069,2022,2022-10-24,9480,2022-10-15,1120,018521,,6,1,9,5400,0,3,5,,2,003,"AVE 232","RD 68",2112.00,W,N,A,-,N,,,,,,,,,,Y,2,0,4,1,A,-,08,22107,,N,F,A,A,A,H,-,A,D,0,,,,,Y,,A,07,1,3,0,0,0,0,0,0,0,"- ","- ",36.210521697998047,-119.43193817138672,TULARE,UNINCORPORATED,-119.42826080322266,36.210643768310547
91905991,2022,2022-10-31,9480,2022-10-20,1720,020926,,4,2,9,5400,0,1,3,,2,095,"SR-43 (CENTRAL VALLEY HWY)","AVENUE 56",1056.00,S,N,A,-,Y,TUL,,43,,,7.511,H,,R,Y,2,0,4,2,A,-,08,22107,,N,A,C,A,A,H,-,A,D,0,,,,,Y,,A,01,2,2,0,0,0,0,0,0,0,"- ","- ",35.888370513916016,-119.40313720703125,TULARE,UNINCORPORATED,-119.40313720703125,35.888370513916016
91911011,2022,2022-11-07,9481,2022-10-31,1915,018113,,1,2,9,5400,0,3,5,,2,030,"RICHGROVE DRIVE","DOOLEY DRIVE",0.00,,Y,A,-,N,,,,,,,,,,Y,2,0,2,2,A,-,09,21801,A,N,D,C,A,A,H,-,C,A,0,,,,Y,Y,,F,26,1,0,1,0,0,0,0,0,0,"- ","- ",35.797580718994141,-119.11020660400391,TULARE,UNINCORPORATED,-119.11023712158203,35.797580718994141
91916647,2022,2022-11-14,9481,2022-11-05,2250,020917,,6,3,9,5400,0,2,4,,1,051,"SPRINGVILLE AVENUE","SUCCESS DRIVE",35.00,E,N,A,-,N,,,,,,,,,,N,2,0,1,2,A,-,09,21804,A,N,H,G,A,A,H,-,D,D,0,,Y,,,Y,,L,04,1,0,0,0,0,0,1,0,0,"- ","- ",36.055068969726562,-118.9735107421875,TULARE,UNINCORPORATED,-118.99138641357422,36.057186126708984
91928689,2022,2022-11-29,9481,2022-11-18,1535,020273,,5,2,9,5400,0,3,5,,2,050,"ROAD 264","AVENUE 88",0.00,,Y,A,-,N,,,,,,,,,,Y,2,0,1,2,A,-,09,21802,A,N,D,C,A,A,H,-,A,A,0,,,,,Y,,A,01,1,0,0,0,0,0,0,0,0,"- ","- ",35.949649810791016,-118.98217010498047,TULARE,UNINCORPORATED,-118.98213958740234,35.949653625488281
91932420,2022,2022-12-02,9480,2022-11-25,2259,021249,,5,3,9,5400,0,1,3,,1,064,"STATE ROUTE 198 E/B","ROAD 196",0.00,,Y,A,-,Y,TUL,,198,,R,18.759,H,,R,Y,2,0,7,4,A,-,01,23152,A,N,D,D,A,A,H,-,C,A,0,,,,,Y,Y,D,22,3,4,0,0,0,0,0,0,0,"- ","- ",36.326290130615234,-119.13494110107422,TULARE,UNINCORPORATED,-119.13493347167969,36.326137542724609
91933800,2022,2022-12-05,9480,2022-11-16,0910,012900,,3,1,9,5400,0,3,5,,2,002,"AVENUE 120","ROAD 96",0.00,,Y,A,-,N,,,,,,,,,,Y,2,0,1,2,A,-,09,21802,A,N,D,C,A,A,H,-,A,A,0,,,,Y,Y,,A,07,1,0,0,0,0,0,0,0,0,"- ","- ",36.007640838623047,-119.35768890380859,TULARE,UNINCORPORATED,-119.35768890380859,36.007614135742188
91933807,2022,2022-12-05,9480,2022-11-20,0910,018202,,7,1,9,5400,0,3,5,,2,006,"SPRUCE RD (RD 204)","BIRCH AVE",1056.00,S,N,A,-,N,,,,,,,,,,Y,2,0,3,2,A,-,08,22107,,N,A,C,A,A,H,-,A,D,0,,,,,Y,,A,01,2,1,0,0,0,0,0,0,0,"- ","- ",36.217029571533203,-119.11829376220703,TULARE,UNINCORPORATED,-119.1182861328125,36.216705322265625
91936504,2022,2022-12-07,9480,2022-09-29,2025,019186,,4,2,9,5400,0,3,5,,2,002,"AVENUE 416","ROAD 125",80.00,W,N,A,-,N,,,,,,,,,,N,1,1,0,2,A,-,11,21954,A,F,G,B,D,A,H,-,D,D,0,Y,,,,Y,,N,60,0,0,0,1,0,0,0,0,0,"- ","- ",36.544788360595703,-119.29398345947266,TULARE,UNINCORPORATED,-119.29395294189453,36.544815063476562
91936582,2022,2022-12-07,9480,2022-04-17,0422,018861,,7,3,9,5400,0,1,3,,2,091,"STATE ROUTE 99 SOUTHBOUND","BETTY DRIVE",6326.00,S,N,A,-,Y,TUL,,99,,,39.700,H,,L,Y,1,1,1,2,A,-,01,23152,A,N,A,C,A,A,H,-,C,D,0,,,,,Y,Y,A,01,1,0,0,0,0,0,0,0,0,"- ","- ",36.335639953613281,-119.41506195068359,TULARE,UNINCORPORATED,-119.41497039794922,36.335689544677734
91936660,2022,2022-12-07,9480,2022-11-04,2253,021249,,5,3,9,5400,0,1,3,,1,064,"STATE ROUTE 198 WESTBOUND","ROAD 182",0.00,,Y,A,-,Y,TUL,,198,,R,17.016,H,,L,Y,1,1,1,3,A,-,01,23152,A,N,C,C,A,A,H,-,D,D,0,,,,,Y,Y,A,07,0,1,0,0,0,0,0,0,0,"- ","- ",36.326591491699219,-119.16619873046875,TULARE,UNINCORPORATED,-119.16619873046875,36.326595306396484
91940284,2022,2022-12-12,9480,2022-12-03,2132,020060,,6,2,9,5400,0,3,5,,2,006,"AVENUE 280","ROAD 140",1056.00,E,N,C,-,N,,,,,,,,,,N,2,0,1,2,A,-,08,22107,,F,G,B,E,A,H,-,D,D,0,Y,,,,Y,,A,01,1,0,0,0,1,0,0,0,0,"- ","- ",36.298240661621094,-119.25612640380859,TULARE,UNINCORPORATED,-119.25722503662109,36.29827880859375
91942582,2022,2022-12-14,9480,2022-12-02,1745,019543,,5,2,9,5400,0,3,5,,2,002,"AVENUE 360","ROAD 112",4224.00,W,N,A,-,N,,,,,,,,,,Y,2,0,2,2,A,-,01,23152,A,N,A,C,A,A,H,-,D,D,0,,,,,Y,Y,A,01,2,0,0,0,0,0,0,0,0,"- ","- ",36.443580627441406,-119.33780670166016,TULARE,UNINCORPORATED,-119.33699798583984,36.443557739257812
91943863,2022,2022-12-16,9480,2022-12-04,2140,019828,,7,2,9,5400,0,3,5,,2,003,"ENTERPRISE ST.","PROSPERITY AVE.",528.00,N,N,A,-,N,,,,,,,,,,N,2,0,2,1,A,-,01,23152,A,N,E,I,A,A,H,-,D,D,0,,,,,Y,Y,A,01,2,0,0,0,0,0,0,0,0,"- ","- ",36.227020263671875,-119.38468933105469,TULARE,UNINCORPORATED,-119.38462066650391,36.227039337158203
91944669,2022,2022-12-16,9481,2022-12-07,1320,015290,,3,1,9,5400,0,1,3,,1,037,"STATE ROUTE 65","AVENUE 56",0.00,,Y,A,-,Y,TUL,,65,,R,6.984,H,,R,Y,2,0,4,2,A,-,12,21453,A,N,D,C,A,A,H,-,A,A,0,,,,,Y,,-,"- ",2,1,1,0,0,0,0,0,0,"- ","- ",35.891719818115234,-119.05355072021484,TULARE,UNINCORPORATED,-119.05349731445312,35.891719818115234
91946105,2022,2022-12-19,9480,2022-11-02,1628,019349,,3,2,5,5407,0,1,3,,1,064,"STATE ROUTE 198 EASTBOUND","BURKE STREET",845.00,E,N,B,-,Y,TUL,,198,,R,10.640,H,,R,Y,1,1,2,2,A,-,01,23152,A,N,C,C,A,A,H,-,A,D,0,,,Y,,Y,Y,C,02,1,1,0,0,0,0,0,1,1,"- ","- ",36.326759338378906,-119.28024291992188,TULARE,VISALIA,-119.28023529052734,36.3267822265625
91948495,2022,2022-12-21,9480,2022-12-17,1400,019543,,6,2,9,5400,0,3,5,,2,002,"AMETHYST AVE","GEORGE RD",0.00,,Y,A,-,N,,,,,,,,,,N,2,0,1,1,A,-,03,22350,,N,E,I,A,A,H,-,A,D,0,,,Y,,Y,,C,06,1,0,0,0,0,0,0,0,1,"- ","- ",36.527988433837891,-119.29181671142578,TULARE,UNINCORPORATED,-119.29187774658203,36.528003692626953
91949460,2022,2022-12-22,9480,2022-10-30,0221,016240,,7,3,9,5400,0,3,5,,2,002,"AVENUE 432","ROAD 120",1726.00,E,N,A,-,N,,,,,,,,,,Y,1,1,0,1,A,-,01,23152,G,N,E,I,A,A,H,-,D,D,0,,,,,Y,,A,01,0,0,0,0,0,0,0,0,0,"- ","- ",36.57373046875,-119.29960632324219,TULARE,UNINCORPORATED,-119.29930877685547,36.573600769042969
91954066,2022,2022-12-28,9481,2022-12-23,1112,015290,,5,1,9,5400,0,3,5,,2,050,"SOUTH CONNER STREET","EAST SUCCESS DRIVE",395.00,S,N,A,-,N,,,,,,,,,,N,2,0,1,1,A,-,03,22350,,N,E,I,A,A,H,-,A,D,0,,,Y,,Y,,C,06,1,0,0,0,0,0,0,0,1,"- ","- ",36.055988311767578,-118.98615264892578,TULARE,UNINCORPORATED,-118.98609924316406,36.056365966796875
91955372,2022,2022-12-29,9480,2022-12-17,1028,019349,,6,1,9,5400,0,1,3,,1,034,"STATE ROUTE 198","ROAD 44",95.00,E,N,E,-,Y,TUL,,198,,,0.021,H,,R,Y,2,0,5,2,A,-,03,22350,,N,C,C,A,B,H,-,A,D,0,,,,Y,Y,,A,01,4,0,1,0,0,0,0,0,0,"- ","- ",36.327648162841797,-119.47496032714844,TULARE,UNINCORPORATED,-119.47496032714844,36.327617645263672
91955928,2022,2022-12-29,9480,2022-12-22,1747,020060,,4,2,9,5400,0,1,3,,1,051,"STATE ROUTE 43","AVENUE 144 (POPLAR AVENUE)",260.00,N,N,A,-,Y,TUL,,43,,R,20.668,H,,R,Y,2,0,3,1,A,-,03,22350,,N,E,8,A,A,D,-,D,D,0,,,,,Y,,A,01,1,0,2,0,0,0,0,0,0,"- ","- ",36.051898956298828,-119.52229309082031,TULARE,UNINCORPORATED,-119.52247619628906,36.051811218261719
91961202,2022,2023-01-05,9480,2022-09-04,0710,018861,,7,1,9,5400,0,1,3,,2,093,"STATE ROUTE 99 N/B","AVENUE 152",2983.00,N,N,A,-,Y,TUL,,99,,,20.030,H,,R,Y,1,1,1,1,A,-,08,22107,,N,E,I,A,A,H,-,A,D,0,,,,,Y,Y,D,22,0,1,0,0,0,0,0,0,0,"- ","- ",36.073711395263672,-119.31748962402344,TULARE,UNINCORPORATED,-119.31749725341797,36.073707580566406
91963035,2022,2023-04-03,9480,2022-12-26,0235,020450,,1,3,9,5400,0,1,3,,2,093,"STATE ROUTE 99","AVENUE 200",2800.00,N,N,E,-,Y,TUL,,99,,,26.216,H,,L,Y,2,0,1,4,A,-,01,23152,A,N,E,8,A,B,H,-,D,D,0,,,,,Y,Y,A,07,1,0,0,0,0,0,0,0,0,"- ","- ",36.162349700927734,-119.33277893066406,TULARE,UNINCORPORATED,-119.33264923095703,36.162311553955078
91969182,2023,2023-01-16,9480,2023-01-06,1745,020837,,5,2,9,5400,0,3,5,,2,005,"AVENUE 120","ROAD 124",0.00,,Y,B,-,N,,,,,,,,,,Y,2,0,4,2,A,-,12,22450,A,N,D,C,A,A,H,-,A,A,0,,,,Y,Y,,A,07,1,1,2,0,0,0,0,0,0,"- ","- ",36.007659912109375,-119.29495239257812,TULARE,UNINCORPORATED,-119.29490661621094,36.007659912109375
9197528,2020,2021-02-03,5407,2020-11-13,1404,C56,480,5,5,5,5407,0,0,0,,0,R12,"W WALNUT AV","S PARKWOOD CT",0.00,,Y,A,-,N,,,,,,,,,,Y,2,0,1,2,A,-,09,21804,A,N,D,C,A,A,H,-,A,D,0,,,Y,,Y,,D,22,1,0,0,0,0,0,0,0,1,"- ","- ",36.312770843505859,-119.34954071044922,TULARE,VISALIA,-119.34806060791016,36.312770843505859
91977254,2022,2023-01-25,9480,2022-10-26,1018,018861,,3,1,9,5400,0,1,3,,2,095,"STATE ROUTE 99 NORTHBOUND","AVENUE 56 (SIERRA AVENUE)",889.00,S,N,A,-,Y,TUL,,99,,,7.027,H,,R,Y,1,1,0,2,A,-,03,22350,,N,C,C,A,A,H,-,A,D,0,,,,Y,Y,,A,01,0,0,0,0,0,0,0,0,0,"- ","- ",35.889961242675781,-119.27323150634766,TULARE,UNINCORPORATED,-119.27323913574219,35.889957427978516
9197727,2020,2021-01-14,5403,2020-11-05,1719,839,,4,5,2,5403,0,0,0,,0,,"FARMERSVILLE BL","VISALIA RD",153.00,N,N,A,-,N,,,,,,,,,,N,2,0,1,2,A,-,10,21954,B,N,G,B,D,A,H,-,B,A,0,Y,,,,Y,,A,01,1,0,0,0,1,0,0,0,0,"- ","- ",,,TULARE,FARMERSVILLE,-119.20718383789062,36.298191070556641
91981683,2023,2023-01-30,9481,2023-01-23,1625,020238,,1,2,9,5400,0,2,4,,1,035,"AVENUE 56","ROAD 164",500.00,E,N,A,-,N,,,,,,,,,,Y,2,0,1,1,A,-,01,23152,A,N,E,I,A,A,H,-,A,D,0,,,,,Y,Y,A,07,1,0,0,0,0,0,0,0,0,"- ","- ",35.892021179199219,-119.20442962646484,TULARE,UNINCORPORATED,-119.20442199707031,35.891956329345703
91990894,2022,2023-02-09,9481,2022-12-17,0440,021227,,6,3,9,5400,0,1,3,,1,032,"STATE ROUTE 190","ROAD 232 (NEWCOMB STREET)",1056.00,W,N,E,-,Y,TUL,,190,,,14.247,H,,R,Y,1,1,0,2,A,-,08,22105,,N,D,C,A,B,H,-,D,D,0,,,,,Y,,A,01,0,0,0,0,0,0,0,0,0,"- ","- ",36.051311492919922,-119.05654907226562,TULARE,UNINCORPORATED,-119.05654907226562,36.051319122314453
91990953,2023,2023-02-10,9480,2023-01-28,1756,020060,,6,2,9,5400,0,3,5,,2,006,"ROAD 108","AVENUE 264",170.00,N,N,A,-,N,,,,,,,,,,Y,2,0,2,3,A,-,01,23152,A,N,C,C,A,A,H,-,D,D,0,,,,,Y,Y,A,01,1,1,0,0,0,0,0,0,0,"- ","- ",36.269851684570312,-119.33119964599609,TULARE,UNINCORPORATED,-119.33132934570312,36.269756317138672
91991721,2023,2023-02-10,9481,2023-02-03,1125,017523,,5,1,9,5400,0,1,3,,1,012,"STATE ROUTE 65 NORTHBOUND","AVENUE 208",0.00,,Y,A,-,Y,TUL,,65," "," ",26.728,H,,R,Y,2,0,3,2,A,-,09,21802,A,N,D,C,A,A,H,-,A,A,0,,,,,Y,,A,01,1,1,1,0,0,0,0,0,0,"- ","- ",36.167228698730469,-119.08287048339844,TULARE,UNINCORPORATED,-119.08293914794922,36.167209625244141
91994169,2022,2023-02-14,9481,2022-11-22,1531,018113,,2,2,9,5400,1,2,4,,2,052,"MOUNTAIN 137 (RESERVATION ROAD)","MOUNTAIN 160 (SUCCESS VALLEY DRIVE)",4312.00,W,N,A,-,N,,,,,,,,,,Y,1,1,19,2,A,-,05,21460,A,N,A,C,A,A,H,-,A,D,0,,,,,Y,,A,01,1,4,14,0,0,0,0,0,0,"- ","- ",36.033351898193359,-118.86920928955078,TULARE,UNINCORPORATED,,
92002231,2023,2023-04-20,9480,2023-02-20,1345,020837,,1,1,9,5400,0,3,5,,2,006,"SPACER DRIVE","AVENUE 200",0.00,,Y,A,-,N,,,,,,,,,,Y,2,0,1,1,A,-,03,22350,,N,F,A,A,A,H,-,A,A,0,,,,Y,Y,,G,27,1,0,0,0,0,0,0,0,0,"- ","- ",36.152729034423828,-119.28610229492188,TULARE,UNINCORPORATED,-119.28639984130859,36.152782440185547
92003861,2023,2023-02-27,9481,2023-02-18,"130 ",021234,,6,3,9,5400,0,3,5,,2,050,"MOUNTAIN ROAD 137 (RESERVATION ROAD)","AVENUE 138",0.00,,Y,A,-,N,,,,,,,,,,Y,2,0,2,1,A,-,01,23152,A,N,E,I,A,A,H,-,D,A,0,,,,,Y,Y,A,01,2,0,0,0,0,0,0,0,0,"- ","- ",36.040199279785156,-118.93672180175781,TULARE,UNINCORPORATED,,
92004896,2023,2023-02-28,9480,2023-02-19,"200 ",019697,,7,3,9,5400,0,1,3,,2,093,"SR-99 S/B","AVENUE 152",95.00,S,N,A,-,Y,TUL,,99," "," ",19.445,H,,L,Y,2,0,2,1,A,-,08,22107,,N,E,I,A,A,H,-,D,D,0,,,,,Y,,A,01,2,0,0,0,0,0,0,0,0,"- ","- ",36.065681457519531,-119.31433868408203,TULARE,UNINCORPORATED,-119.31420135498047,36.065715789794922
92009709,2022,2023-03-06,9480,2022-12-15,2305,021370,,4,3,9,5400,0,1,3,,1,051,"STATE ROUTE 43 (CENTRAL VALLEY HIGHWAY)","PALMER AVENUE",985.00,S,N,A,-,Y,TUL,,43,,,5.312,H,,R,Y,1,1,1,1,A,-,01,23152,A,N,F,I,A,A,H,-,D,A,0,,,,,Y,Y,D,22,1,0,0,0,0,0,0,0,0,"- ","- ",35.861900329589844,-119.38384246826172,TULARE,UNINCORPORATED,-119.38381958007812,35.861904144287109
92010986,2023,2023-03-07,9480,2023-02-28,1447,019349,,2,2,9,5400,0,3,5,,2,006,"ROAD 204","AVENUE 262",452.00,N,N,B,-,N,,,,,,,,,,Y,2,0,1,1,A,-,08,22107,,N,E,8,A,A,H,-,A,D,0,,,,,Y,,A,07,1,0,0,0,0,0,0,0,0,"- ","- ",36.265880584716797,-119.11829376220703,TULARE,UNINCORPORATED,-119.11823272705078,36.265541076660156
92011600,2023,2023-03-07,9480,2023-02-25,"15  ",020450,,6,3,9,5400,0,1,3,,1,064,"SR-198 E/B","ROAD 180",426.00,E,N,C,-,Y,TUL,,198," ",R,16.842,H,,R,Y,2,0,1,1,A,-,01,23152,A,N,E,8,A,B,H,-,D,D,0,,,,,Y,Y,A,01,1,0,0,0,0,0,0,0,0,"- ","- ",36.326419830322266,-119.1693115234375,TULARE,UNINCORPORATED,-119.1693115234375,36.326457977294922
92019721,2023,2023-03-16,9480,2023-02-04,1800,020837,,6,2,9,5400,0,1,3,,1,065,"STATE ROUTE 65 (ROAD 196)","AVENUE 244",1778.00,N,N,A,-,Y,TUL,,65," "," ",33.373,H,,R,Y,1,1,1,2,A,-,08,22107,,N,A,C,A,A,H,-,D,D,0,,,,,Y,Y,A,01,1,0,0,0,0,0,0,0,0,"- ","- ",36.236751556396484,-119.13641357421875,TULARE,UNINCORPORATED,-119.13641357421875,36.236751556396484
92029190,2023,2023-03-27,9480,2023-03-17,1620,019349,,5,2,4,5406,0,1,3,,2,093,"STATE ROUTE 99","PAIGE AVENUE",1742.00,N,N,A,-,Y,TUL,,99," "," ",27.946,H,,R,Y,2,0,1,2,A,-,03,22350,,N,C,C,A,A,H,-,A,D,0,,,Y,,Y,,C,02,1,0,0,0,0,0,0,0,1,"- ","- ",36.187168121337891,-119.32868194580078,TULARE,TULARE,-119.32846069335938,36.187168121337891
92030704,2023,2023-03-28,9480,2023-02-16,1409,019846,,4,2,9,5400,0,3,5,,2,002,"ROAD 120 (HILLS VALLEY ROAD)","AVENUE 448",1636.00,S,N,B,-,N,,,,,,,,,,Y,1,3,3,2,A,-,01,23152,E,N,A,C,A,A,H,-,A,D,0,,,,,Y,,D,22,3,0,0,0,0,0,0,0,0,"- ","- ",36.597381591796875,-119.30490112304688,TULARE,UNINCORPORATED,-119.304931640625,36.598213195800781
92031429,2023,2023-03-29,9480,2023-01-30,1820,020890,,1,2,9,5400,0,1,3,,1,051,"STATE ROUTE 43 (CENTRAL VALLEY HIGHWAY)","PALMER AVENUE",1056.00,S,N,A,-,Y,TUL,,43," "," ",5.321,H,,R,Y,1,1,0,1,A,-,01,23152,A,N,E,I,A,A,H,-,D,D,0,,,,,Y,Y,A,07,0,0,0,0,0,0,0,0,0,"- ","- ",35.862018585205078,-119.38390350341797,TULARE,UNINCORPORATED,-119.38386535644531,35.862026214599609
92031441,2023,2023-03-29,9480,2023-02-09,1845,019846,,4,2,9,5400,0,1,3,,1,021,"STATE ROUTE 63 (ROAD 124)","FRIDEN AVENUE",176.00,N,N,A,-,Y,TUL,,63," "," ",11.246,H,,R,Y,1,1,0,2,A,-,01,23152,A,N,C,C,A,A,H,-,D,D,0,,,,Y,Y,Y,A,01,0,0,0,0,0,0,0,0,0,"- ","- ",36.372749328613281,-119.29691314697266,TULARE,UNINCORPORATED,-119.29695892333984,36.372749328613281
92041008,2023,2023-04-10,9480,2023-03-02,2110,019186,,4,2,9,5400,0,1,3,,1,020,"STATE ROUTE 201 (AVENUE 400)","ROAD 92",880.00,E,N,B,-,Y,TUL,,201," "," ",9.644,H,,R,Y,1,1,0,1,A,-,01,23152,A,N,E,9,A,A,H,-,D,D,0,,,,,Y,Y,A,01,0,0,0,0,0,0,0,0,0,"- ","- ",36.516559600830078,-119.36453247070312,TULARE,UNINCORPORATED,-119.36453247070312,36.516563415527344
92047486,2023,2023-04-18,9480,2023-01-10,"555 ",018521,,2,3,9,5400,0,1,3,,2,091,"STATE ROUTE 99 NORTHBOUND","BETTY DRIVE",6336.00,N,N,C,G,Y,TUL,,99," "," ",42.075,H,,R,Y,1,1,0,3,A,-,03,22350,,N,E,J,A,B,C,-,D,D,0,,,,,Y,,D,22,0,0,0,0,0,0,0,0,0,"- ","- ",36.368328094482422,-119.43258666992188,TULARE,UNINCORPORATED,-119.43254852294922,36.36834716796875
92052567,2023,2023-04-25,9480,2023-04-16,1500,019349,,7,2,9,5400,0,3,5,,2,001,"ROAD 80","AVENUE 430",0.00,,Y,A,-,N,,,,,,,,,,Y,2,0,2,2,A,-,01,23152,F,N,D,C,A,A,H,-,A,A,0,,,Y,,Y,,C,02,1,1,0,0,0,0,0,0,1,"- ","- ",36.571250915527344,-119.39511108398438,TULARE,UNINCORPORATED,-119.39508819580078,36.571247100830078
92063561,2023,2023-05-08,9480,2023-04-29,1940,018421,,6,2,9,5400,0,3,5,,2,006,"ROAD 214","PALM ST",500.00,S,N,A,-,N,,,,,,,,,,N,2,0,1,2,A,-,08,22107,,F,G,B,E,A,H,-,B,D,0,Y,,,,Y,Y,-,99,1,0,0,0,1,0,0,0,0,"- ","- ",36.222808837890625,-119.09615325927734,TULARE,UNINCORPORATED,-119.09620666503906,36.222850799560547
92063652,2022,2023-05-08,9480,2022-06-28,1546,019349,,2,2,5,5407,0,1,3,,1,064,"STATE ROUTE 198 EASTBOUND","STATE ROUTE 63 (MOONEY BOULEVARD)",95.00,W,N,A,-,Y,TUL,,198,,R,8.733,H,,R,Y,1,1,0,2,A,-,08,22107,,N,C,C,A,A,H,-,A,D,0,,,,Y,Y,,A,01,0,0,0,0,0,0,0,0,0,"- ","- ",36.326881408691406,-119.31446075439453,TULARE,VISALIA,-119.31446075439453,36.326896667480469
92063692,2023,2023-05-08,9480,2023-05-03,1525,019048,,3,2,9,5400,0,1,3,,1,044,SR-198,"DEER CANYON RD",581.00,S,N,A,-,Y,TUL,,198," "," ",41.490,H,,R,N,2,0,1,1,A,-,01,23152,A,N,F,A,A,A,H,-,A,D,0,,,,,Y,Y,A,01,1,0,0,0,0,0,0,0,0,"- ","- ",36.462440490722656,-118.87030029296875,TULARE,UNINCORPORATED,-118.87028503417969,36.462440490722656