CASE_ID,ACCIDENT_YEAR,PROC_DATE,JURIS,COLLISION_DATE,COLLISION_TIME,OFFICER_ID,REPORTING_DISTRICT,DAY_OF_WEEK,CHP_SHIFT,POPULATION,CNTY_CITY_LOC,SPECIAL_COND,BEAT_TYPE,CHP_BEAT_TYPE,CITY_DIVISION_LAPD,CHP_BEAT_CLASS,BEAT_NUMBER,PRIMARY_RD,SECONDARY_RD,DISTANCE,DIRECTION,INTERSECTION,WEATHER_1,WEATHER_2,STATE_HWY_IND,CALTRANS_COUNTY,CALTRANS_DISTRICT,STATE_ROUTE,ROUTE_SUFFIX,POSTMILE_PREFIX,POSTMILE,LOCATION_TYPE,RAMP_INTERSECTION,SIDE_OF_HWY,TOW_AWAY,COLLISION_SEVERITY,NUMBER_KILLED,NUMBER_INJURED,PARTY_COUNT,PRIMARY_COLL_FACTOR,PCF_CODE_OF_VIOL,PCF_VIOL_CATEGORY,PCF_VIOLATION,PCF_VIOL_SUBSECTION,HIT_AND_RUN,TYPE_OF_COLLISION,MVIW,PED_ACTION,ROAD_SURFACE,ROAD_COND_1,ROAD_COND_2,LIGHTING,CONTROL_DEVICE,CHP_ROAD_TYPE,PEDESTRIAN_ACCIDENT,BICYCLE_ACCIDENT,MOTORCYCLE_ACCIDENT,TRUCK_ACCIDENT,NOT_PRIVATE_PROPERTY,ALCOHOL_INVOLVED,STWD_VEHTYPE_AT_FAULT,CHP_VEHTYPE_AT_FAULT,COUNT_SEVERE_INJ,COUNT_VISIBLE_INJ,COUNT_COMPLAINT_PAIN,COUNT_PED_KILLED,COUNT_PED_INJURED,COUNT_BICYCLIST_KILLED,COUNT_BICYCLIST_INJURED,COUNT_MC_KILLED,COUNT_MC_INJURED,PRIMARY_RAMP,SECONDARY_RAMP,LATITUDE,LONGITUDE,COUNTY,CITY,POINT_X,POINT_Y
92063880,2023,2023-05-08,9480,2023-04-01,"105 ",021044,,6,3,9,5400,0,3,5,,2,003,"ROAD 92","WEST OAKDALE AVENUE",1320.00,S,N,A,-,N,,,,,,,,,,Y,1,1,0,1,A,-,01,23152,A,N,E,8,A,A,H,-,D,D,0,,,,,Y,Y,A,01,0,0,0,0,0,0,0,0,0,"- ","- ",36.250869750976562,-119.36688995361328,TULARE,UNINCORPORATED,-119.36701965332031,36.254600524902344
92068853,2023,2023-07-10,9480,2023-04-27,"535 ",017108,,4,3,9,5400,0,1,3,,1,051,"STATE ROUTE 43 (CENTRAL VALLEY HIGHWAY)","ROAD 64",1109.00,S,N,A,-,Y,TUL,,43," ",R,10.200,H,,R,Y,1,1,0,2,A,-,01,23152,F,N,C,C,A,A,H,-,B,D,0,,,,Y,Y,,A,01,0,0,0,0,0,0,0,0,0,"- ","- ",35.921360015869141,-119.42720031738281,TULARE,UNINCORPORATED,-119.42718505859375,35.921367645263672
92069616,2023,2023-05-16,9480,2023-05-14,"0   ",020450,,7,3,9,5400,0,3,5,,2,003,"AVENUE 152","ROAD 96",5280.00,E,N,A,-,N,,,,,,,,,,Y,2,0,1,1,A,-,01,23152,A,N,F,A,A,A,H,-,D,D,0,,,,,Y,Y,A,07,1,0,0,0,0,0,0,0,0,"- ","- ",36.065700531005859,-119.34367370605469,TULARE,UNINCORPORATED,-119.33983612060547,36.065650939941406
9206988,2020,2021-02-18,5402,2020-12-04,1148,844,,5,5,2,5402,0,0,0,,0,,"S BELMONT","FIREBAUGH AV",90.00,N,N,A,-,N,,,,,,,,,,N,2,0,1,2,A,-,07,21658,,N,G,B,F,A,H,-,A,-,0,Y,,,Y,Y,,F,26,1,0,0,0,1,0,0,0,0,"- ","- ",,,TULARE,EXETER,-119.15406036376953,36.290348052978516
92073999,2023,2023-05-22,9480,2023-05-10,1950,020926,,3,2,9,5400,0,3,5,,2,005,"PARK DR","AVENUE 112",120.00,S,N,A,-,N,,,,,,,,,,N,2,0,1,2,A,-,03,22350,,N,D,C,A,A,H,-,A,D,0,,,Y,,Y,,C,02,1,0,0,0,0,0,0,0,1,"- ","- ",35.99285888671875,-119.29503631591797,TULARE,UNINCORPORATED,-119.29503631591797,35.993198394775391
92074125,2023,2023-05-22,9480,2023-05-14,"315 ",021175,,7,3,9,5400,0,1,3,,1,051,"STATE ROUTE 43","AVENUE 144",528.00,N,N,A,-,Y,,,,,,,,,,Y,2,0,1,1,A,-,01,23152,A,N,F,A,A,A,H,-,D,D,0,,,,,Y,Y,A,07,1,0,0,0,0,0,0,0,0,"- ","- ",36.051670074462891,-119.52187347412109,TULARE,UNINCORPORATED,-119.52218627929688,36.051441192626953
92088469,2023,2023-06-07,9480,2023-05-26,1335,020926,,5,1,9,5400,0,3,5,,2,003,"SR-137 (ROAD 36)","SR-137 (AVENUE 199)",0.00,,Y,A,-,Y,TUL,,137," "," ",3.547,H,,R,Y,2,0,2,2,A,-,03,22350,,N,B,C,A,A,H,-,A,D,0,,,,,Y,,A,01,1,0,1,0,0,0,0,0,0,"- ","- ",36.150539398193359,-119.49304962158203,TULARE,UNINCORPORATED,-119.49309539794922,36.150554656982422
92103505,2023,2023-06-27,9480,2023-06-15,1500,019828,,4,2,9,5400,0,3,5,,2,006,"AVE. 224","RD. 152",480.00,W,N,A,-,N,,,,,,,,,,Y,2,0,2,2,A,-,05,21650,,N,A,C,A,A,H,-,A,D,0,,,,,Y,,D,22,1,1,0,0,0,0,0,0,0,"- ","- ",36.196388244628906,-119.23489379882812,TULARE,UNINCORPORATED,-119.23483276367188,36.196403503417969
92103516,2023,2023-06-27,9480,2023-06-19,1424,020612,,1,2,9,5400,0,3,5,,2,003,"ROAD 112","AVENUE 184",0.00,,Y,A,-,N,,,,,,,,,,Y,2,0,2,2,A,-,01,23152,A,N,D,C,A,A,H,-,A,A,0,,,,Y,Y,Y,A,08,1,0,1,0,0,0,0,0,0,"- ","- ",36.123809814453125,-119.32183074951172,TULARE,UNINCORPORATED,-119.32992553710938,36.12359619140625
92107137,2023,2024-06-20,9481,2023-06-21,"512 ",016776,,3,3,9,5400,0,3,5,,2,010,"AVENUE 176","ROAD 208",0.00,,Y,A,-,N,,,,,,,,,,Y,2,0,4,2,A,-,12,22450,A,N,D,C,A,A,H,-,A,A,0,,,,Y,Y,,G,26,2,0,2,0,0,0,0,0,0,"- ","- ",36.109241485595703,-119.10755920410156,TULARE,UNINCORPORATED,-119.10755157470703,36.109207153320312
92107199,2023,2023-06-30,9480,2023-06-22,"655 ",016240,,4,1,9,5400,0,3,5,,2,002,"ROAD 112","AVENUE 328",1480.00,N,N,A,-,N,,,,,,,,,,Y,2,0,1,2,A,-,06,21750,A,N,B,C,A,A,H,-,A,D,0,,,Y,Y,Y,,C,02,1,0,0,0,0,0,0,0,1,"- ","- ",36.389579772949219,-119.32317352294922,TULARE,UNINCORPORATED,-119.32316589355469,36.389560699462891
92111863,2023,2023-07-07,9481,2023-06-28,2000,019422,,3,2,9,5400,0,3,5,,2,030,"ROAD 152","STATE ROUTE 190",1320.00,S,N,A,-,N,,,,,,,,,,N,2,0,3,2,A,-,03,22350,,N,D,C,A,A,H,-,A,D,0,,,Y,,Y,,C,02,1,2,0,0,0,0,0,0,3,"- ","- ",36.04669189453125,-119.23246765136719,TULARE,UNINCORPORATED,-119.23220825195312,36.051242828369141
92113709,2023,2023-07-11,9480,2023-07-02,1340,021370,,7,1,9,5400,0,3,5,,2,004,"STATE ROUTE 198","MEHRTEN DR",7392.00,N,N,A,-,N,,,,,,,,,,Y,2,0,4,2,A,-,06,21751,,N,A,C,A,A,H,-,A,D,0,,,,,Y,,A,01,4,0,0,0,0,0,0,0,0,"- ","- ",36.358261108398438,-119.03913879394531,TULARE,UNINCORPORATED,-119.03913116455078,36.358249664306641
9211613,2020,2021-02-18,5401,2020-08-24,0140,2121,5401,1,5,3,5401,0,0,0,,0,00A,"NEBRASKA AV","AUTUMN DR",295.00,W,N,A,-,N,,,,,,,,,,Y,1,1,1,1,A,-,01,23152,A,N,E,I,A,A,D,-,D,A,0,,,,,Y,Y,D,22,0,0,1,0,0,0,0,0,0,"- ","- ",,,TULARE,DINUBA,-119.401697,36.560422000000003
9211772,2021,2023-06-17,5404,2021-02-28,1911,671,20L,7,5,2,5404,0,0,0,,0,013,"GALE HILL",HERMOSA,16.00,N,N,A,-,N,,,,,,,,,,Y,1,1,0,1,A,-,01,23152,A,N,E,I,A,A,H,-,C,A,0,,,,,Y,Y,A,01,0,0,0,0,0,0,0,0,0,"- ","- ",,,TULARE,LINDSAY,-119.08889007568359,36.205921173095703
92118535,2023,2023-07-17,9480,2023-07-08,2140,020926,,6,2,9,5400,0,1,3,,1,034,"SR-198 W/B","WOODLAND ST",132.00,W,N,A,-,Y,TUL,,198," ",R,8.473,H,,L,Y,2,0,1,1,A,-,01,23152,G,N,E,I,A,A,H,-,D,D,0,,,,,Y,Y,A,01,1,0,0,0,0,0,0,0,0,"- ","- ",36.327548980712891,-119.31903076171875,TULARE,UNINCORPORATED,-119.31903839111328,36.327445983886719
92118637,2023,2023-08-02,9480,2023-06-22,2112,020890,,4,2,9,5400,0,3,5,,2,003,"ROAD 36","AVENUE 248",1056.00,S,N,A,-,N,,,,,,,,,,Y,1,1,3,2,A,-,01,23152,G,N,A,2,A,A,H,-,D,D,0,,,,,Y,Y,A,01,0,0,3,0,0,0,0,0,0,"- ","- ",36.237438201904297,-119.49279022216797,TULARE,UNINCORPORATED,-119.49275207519531,36.237560272216797
92121237,2023,2023-07-19,9481,2023-07-07,1705,019422,,5,2,9,5400,0,3,5,,2,010,"ROAD 208","AVENUE 192",0.00,,Y,A,-,N,,,,,,,,,,Y,2,0,1,2,A,-,09,21802,A,N,D,2,A,A,H,-,A,A,0,,,Y,,Y,,D,22,1,0,0,0,0,0,0,0,1,"- ","- ",36.138278961181641,-119.10743713378906,TULARE,UNINCORPORATED,-119.10753631591797,36.138301849365234
92125734,2023,2023-07-25,9481,2023-07-14,2325,021227,,5,3,4,5405,0,1,3,,1,012,"SR-65 SOUTHBOUND","HENDERSON AVENUE",1584.00,S,N,A,-,Y,TUL,,65," ",R,19.810,H,,L,Y,2,0,1,1,A,-,01,23152,A,N,E,I,A,A,H,-,C,D,0,,,,,Y,Y,A,01,1,0,0,0,0,0,0,0,0,"- ","- ",36.075569152832031,-119.03965759277344,TULARE,PORTERVILLE,-119.03970336914062,36.075572967529297
92135328,2023,2023-08-03,9481,2023-07-31,2050,019162,,1,2,9,5400,0,3,5,,2,050,"CRESTVIEW STREET","YATES AVENUE",465.00,S,N,A,-,N,,,,,,,,,,N,2,0,1,1,A,-,03,22350,,N,H,A,A,A,H,-,D,D,0,,,Y,,Y,,C,02,1,0,0,0,0,0,0,0,1,"- ","- ",36.041709899902344,-118.99514007568359,TULARE,UNINCORPORATED,-118.99508666992188,36.040973663330078
92143086,2023,2023-11-01,9481,2023-08-08,1840,017991,,2,2,9,5400,0,3,5,,2,020,"AVENUE 176","CAMPBELL CREEK DRIVE",516.00,W,N,A,-,N,,,,,,,,,,Y,1,1,0,1,A,-,08,22107,,N,E,8,A,A,H,-,A,D,0,,,,,Y,,A,07,0,0,0,0,0,0,0,0,0,"- ","- ",36.108051300048828,-118.86123657226562,TULARE,UNINCORPORATED,-118.86072540283203,36.108268737792969
92156958,2023,2023-08-29,9480,2023-08-20,2253,020926,,7,3,9,5400,0,1,3,,2,091,"SR-99 N/B","BETTY DRIVE",1531.00,S,N,C,-,Y,TUL,,99," "," ",40.604,H,,R,Y,2,0,3,2,A,-,01,23152,F,N,C,C,A,B,H,-,D,D,0,,,,,Y,,-,"- ",1,2,0,0,0,0,0,0,0,"- ","- ",36.346969604492188,-119.42411041259766,TULARE,UNINCORPORATED,-119.42412567138672,36.346961975097656
92159519,2023,2023-10-24,9481,2023-08-27,1425,020273,,7,2,9,5400,0,3,5,,2,020,"AVENUE 216","ROAD 228",0.00,,Y,A,-,N,,,,,,,,,,N,1,1,2,2,A,-,09,21802,A,N,D,2,A,A,H,-,A,A,0,,,,,Y,,A,08,0,0,2,0,0,0,0,0,0,"- ","- ",36.181831359863281,-119.06369781494141,TULARE,UNINCORPORATED,-119.06369781494141,36.181827545166016
92163811,2023,2023-09-06,9480,2023-08-25,2245,021370,,5,3,9,5400,0,1,3,,2,095,"STATE ROUTE 99 SOUTHBOUND","COUNTY LINE RD",528.00,N,N,A,-,Y,TUL,,99," "," ",0.728,H,,L,N,2,0,1,2,A,-,11,21954,A,N,G,B,E,A,H,-,D,D,0,Y,,,,Y,,N,60,1,0,0,0,1,0,0,0,0,"- ","- ",35.800361633300781,-119.25491333007812,TULARE,UNINCORPORATED,-119.25491333007812,35.800361633300781
92166786,2023,2023-09-11,9481,2023-09-02,1310,017991,,6,1,9,5400,0,3,5,,2,050,"E. SPRINGVILLE AVENUE","E. DATE AVENUE",291.00,E,N,A,-,N,,,,,,,,,,Y,2,0,1,2,A,-,09,21804,A,N,D,C,A,A,H,-,A,D,0,,,,Y,Y,,F,55,1,0,0,0,0,0,0,0,0,"- ","- ",36.056560516357422,-118.99066925048828,TULARE,UNINCORPORATED,-118.99077606201172,36.056694030761719
92170834,2023,2023-09-15,9481,2023-09-06,"550 ",017991,,3,3,9,5400,0,2,4,,1,031,"AVENUE 152","ROAD 200",1056.00,E,N,A,-,N,,,,,,,,,,Y,2,0,1,2,A,-,03,22350,,N,C,C,A,A,H,-,B,D,0,,,,Y,Y,,G,25,1,0,0,0,0,0,0,0,0,"- ","- ",36.065811157226562,-119.12113952636719,TULARE,UNINCORPORATED,-119.12171173095703,36.065830230712891
92172247,2023,2023-09-18,9481,2023-09-11,"630 ",017957,,1,1,9,5400,0,3,5,,2,030,"ROAD 184","AVENUE 56",0.00,,Y,A,-,N,,,,,,,,,,Y,2,0,2,2,A,-,09,21802,A,N,D,C,A,A,H,-,A,A,0,,,,,Y,,A,01,1,1,0,0,0,0,0,0,0,"- ","- ",35.891910552978516,-119.1614990234375,TULARE,UNINCORPORATED,-119.16148376464844,35.891891479492188
92173208,2023,2023-10-09,9481,2023-09-13,1340,020238,,3,1,9,5400,0,3,5,,2,020,"BALCH PARK ROAD (MTN 239)","BEAR CREEK ROAD (MTN 220)",3168.00,S,N,A,-,N,,,,,,,,,,Y,2,0,1,2,A,-,06,21750,A,N,D,C,A,A,H,-,A,D,0,,,Y,Y,Y,,C,02,1,0,0,0,0,0,0,0,1,"- ","- ",36.177101135253906,-118.79837036132812,TULARE,UNINCORPORATED,-118.68061828613281,36.216728210449219
92173210,2023,2023-09-19,9481,2023-09-10,1850,020238,,7,2,9,5400,0,3,5,,2,010,"AVENUE 196","ROAD 216",885.00,E,N,A,-,N,,,,,,,,,,Y,2,0,2,2,A,-,01,23152,A,N,A,C,A,A,H,-,A,D,0,,,,,Y,Y,A,01,2,0,0,0,0,0,0,0,0,"- ","- ",36.145549774169922,-119.08659362792969,TULARE,UNINCORPORATED,-119.08667755126953,36.145503997802734
92173496,2023,2023-09-19,9481,2023-09-15,1015,016147,,5,1,9,5400,0,3,5,,2,010,"ROAD 224","LINDA VISTA AVENUE",528.00,S,N,A,-,N,,,,,,,,,,Y,2,0,1,1,A,-,01,23152,A,N,E,I,A,A,H,-,A,D,0,,,,,Y,Y,A,01,1,0,0,0,0,0,0,0,0,"- ","- ",36.103481292724609,-119.07096099853516,TULARE,UNINCORPORATED,-119.07102966308594,36.105659484863281
92174718,2023,2023-09-20,9480,2023-09-10,1754,018840,,7,2,9,5400,0,1,3,,2,095,"SR-99 S/B","AVENUE 24",1954.00,S,N,A,-,Y,TUL,,99," "," ",2.689,H,,L,Y,2,0,4,3,A,-,07,21658,A,N,B,C,A,A,H,-,A,D,0,,,,Y,Y,,A,01,3,0,1,0,0,0,0,0,0,"- ","- ",35.8284912109375,-119.25933837890625,TULARE,UNINCORPORATED,-119.25932312011719,35.8284912109375
92175365,2023,2023-09-20,9480,2023-08-27,"115 ",019543,,7,3,9,5400,0,3,5,,2,002,"SR-201 (AVE 384)","ROAD 184",528.00,E,N,A,-,Y,TUL,,201," "," ",21.331,H,,R,Y,2,0,2,1,A,-,08,22107,,N,E,I,A,A,H,-,D,D,0,,,,,Y,,A,07,2,0,0,0,0,0,0,0,0,"- ","- ",36.484790802001953,-119.15486907958984,TULARE,UNINCORPORATED,-119.15493011474609,36.484699249267578
92175375,2023,2023-09-20,9480,2023-09-10,2042,018840,,7,2,9,5400,0,1,3,,2,095,"SR-99 N/B","AVENUE 120",8870.00,N,N,A,-,Y,TUL,,99," "," ",17.052,H,,R,Y,2,0,3,1,A,-,01,23152,A,N,E,I,A,A,H,-,D,D,0,,,,,Y,Y,A,07,1,2,0,0,0,0,0,0,0,"- ","- ",36.031581878662109,-119.30780792236328,TULARE,UNINCORPORATED,-119.30789184570312,36.031566619873047
92175852,2023,2023-09-21,9480,2023-09-08,2316,020926,,5,3,9,5400,0,3,5,,2,006,"TURNER DR","COMMERCIAL AVE",1267.00,S,N,A,-,N,,,,,,,,,,Y,2,0,3,1,A,-,08,22107,,N,E,I,A,A,H,-,D,D,0,,,,,Y,,A,07,1,2,0,0,0,0,0,0,0,"- ","- ",36.176780700683594,-119.3067626953125,TULARE,UNINCORPORATED,-119.30695343017578,36.176841735839844
92186785,2023,2023-11-08,9480,2023-09-29,"335 ",016240,,5,3,9,5400,0,3,5,,2,006,"ROCKY HILL DR","YOKOHL VALLEY DR",4066.00,W,N,A,-,N,,,,,,,,,,N,2,0,1,1,A,-,01,23152,A,N,E,I,A,A,H,-,D,D,0,,,,,Y,Y,A,01,1,0,0,0,0,0,0,0,0,"- ","- ",36.297359466552734,-119.07901763916016,TULARE,UNINCORPORATED,-119.07968902587891,36.297325134277344
92189296,2023,2023-10-03,9480,2023-09-23,1600,021628,,6,2,9,5400,0,1,3,,2,095,"STATE ROUTE 99 SOUTHBOUND","AVENUE 72",500.00,N,N,A,-,Y,TUL,,99," "," ",9.303,H,,L,Y,2,0,1,2,A,-,03,22350,,N,C,C,A,A,H,-,A,D,0,,,Y,,Y,,C,02,1,0,0,0,0,0,0,0,1,"- ","- ",35.921951293945312,-119.28204345703125,TULARE,UNINCORPORATED,-119.28211212158203,35.921955108642578
92190610,2023,2023-10-04,9480,2023-09-28,1550,016995,,4,2,9,5400,0,3,5,,2,006,"ROAD 132","AVENUE 228",0.00,,Y,A,-,N,,,,,,,,,,Y,2,0,2,2,A,-,09,21802,A,N,D,2,A,A,H,-,A,A,0,,,,,Y,,A,01,1,0,1,0,0,0,0,0,0,"- ","- ",36.203708648681641,-119.27816009521484,TULARE,UNINCORPORATED,-119.27815246582031,36.203704833984375
92192424,2023,2023-10-05,9480,2023-09-24,"405 ",020926,,7,3,9,5400,0,3,5,,2,002,"AVENUE 328","ROAD 112",579.00,E,N,A,-,N,,,,,,,,,,Y,2,0,2,2,A,-,08,22107,,N,A,C,A,A,H,-,D,D,0,,,,,Y,Y,D,22,1,0,1,0,0,0,0,0,0,"- ","- ",36.385528564453125,-119.32113647460938,TULARE,UNINCORPORATED,-119.32119750976562,36.385498046875
92205674,2023,2023-10-23,9480,2023-10-11,1953,019048,,3,2,9,5400,0,1,3,,1,044,SR-198,"MEHRTEN DR",2640.00,E,N,A,-,Y,TUL,,198," "," ",25.298,H,,R,N,2,0,2,2,C,-,18,,,N,H,H,A,A,H,-,D,D,0,,,Y,,Y,,-,"- ",2,0,0,0,0,0,0,0,2,"- ","- ",36.360069274902344,-119.03781127929688,TULARE,UNINCORPORATED,-119.03793334960938,36.360118865966797
92231962,2023,2023-11-09,9480,2023-09-27,2315,020926,,3,3,9,5400,0,3,5,,2,006,"AVENUE 280","N ELBERTA ROAD",210.00,W,N,A,-,N,,,,,,,,,,Y,2,0,1,1,A,-,08,22107,,F,E,I,A,A,H,-,D,D,0,,,,,Y,,A,07,1,0,0,0,0,0,0,0,0,"- ","- ",36.297378540039062,-119.16385650634766,TULARE,UNINCORPORATED,,
92236586,2023,2023-11-15,9480,2023-11-06,1730,019048,,1,2,9,5400,0,3,5,,2,006,"ROAD 188","TUOHY AVE",50.00,S,N,A,-,N,,,,,,,,,,N,2,0,1,2,A,-,11,21954,A,M,G,B,E,A,H,-,D,D,0,Y,,,,Y,,N,60,1,0,0,0,1,0,0,0,0,"- ","- ",36.276359558105469,-119.15412139892578,TULARE,UNINCORPORATED,-119.15411376953125,36.2772216796875
92238798,2023,2023-11-17,9481,2023-11-07,2248,016776,,2,3,9,5400,0,2,4,,1,021,"ORANGE BELT DRIVE","HARVARD AVENUE (ROAD 220)",500.00,N,N,A,-,N,,,,,,,,,,Y,2,0,1,1,A,-,08,22107,,N,F,0,A,A,H,-,D,D,0,,,,,Y,,A,01,1,0,0,0,0,0,0,0,0,"- ","- ",36.187549591064453,-119.08383178710938,TULARE,UNINCORPORATED,-119.08261108398438,36.185375213623047
92245038,2023,2023-11-27,9480,2023-11-22,"155 ",020837,,3,3,9,5400,0,3,5,,2,006,"ROAD 156","AVENUE 280",5280.00,S,N,A,-,N,,,,,,,,,,Y,2,0,1,1,A,-,01,23152,A,N,E,I,A,A,H,-,D,D,0,,,,,Y,Y,A,01,1,0,0,0,0,0,0,0,0,"- ","- ",36.283561706542969,-119.22502136230469,TULARE,UNINCORPORATED,-119.22512054443359,36.283382415771484
92251524,2023,2023-12-04,9481,2023-11-22,2300,018595,,3,3,4,5405,0,3,5,,2,030,"AMES DRIVE","COUNTY LINE ROAD",100.00,N,N,A,-,N,,,,,,,,,,Y,2,0,1,1,A,-,01,23152,A,N,E,8,A,A,H,-,D,A,0,,,,,Y,Y,A,01,1,0,0,0,0,0,0,0,0,"- ","- ",35.790901184082031,-119.10310363769531,TULARE,PORTERVILLE,-119.10292053222656,35.790866851806641
92253776,2023,2023-12-06,9480,2023-11-28,1745,020721,,2,2,9,5400,0,3,5,,2,002,"ROAD 120","AVE 424",1584.00,S,N,A,-,N,,,,,,,,,,Y,2,0,1,2,A,-,03,22350,,N,C,C,A,A,H,-,D,D,0,,,,Y,Y,,A,01,1,0,0,0,0,0,0,0,0,"- ","- ",36.555721282958984,-119.30493927001953,TULARE,UNINCORPORATED,-119.30493927001953,36.5550537109375
92267060,2023,2023-12-20,9480,2023-12-09,"315 ",019578,,6,3,9,5400,0,3,5,,2,006,"ROAD 188","STATE ROUTE 137",2640.00,N,N,A,-,N,,,,,,,,,,N,2,0,1,2,A,-,11,21956,A,N,G,B,E,A,H,-,D,D,0,Y,,,,Y,Y,N,60,1,0,0,0,1,0,0,0,0,"- ","- ",36.220199584960938,-119.15425872802734,TULARE,UNINCORPORATED,-119.15423583984375,36.218021392822266
92271163,2023,2023-12-26,9480,2023-10-13,1928,019048,,5,2,9,5400,0,1,3,,1,064,"SR-198 W/B TO SR-99 N/B (TRANSITION)","SR-99 N/B",500.00,E,N,A,-,Y,,,,,,,,,,Y,1,1,1,1,A,-,01,23152,G,N,E,I,A,A,H,-,D,D,0,,,,,Y,Y,A,01,1,0,0,0,0,0,0,0,0,"- ","- ",36.328269958496094,-119.40403747558594,TULARE,UNINCORPORATED,-119.40403747558594,36.328269958496094
92272701,2023,2023-12-27,9481,2023-11-28,"548 ",017957,,2,3,9,5400,0,3,5,,2,030,"AVENUE 8","ROAD 208",528.00,W,N,A,-,N,,,,,,,,,,N,1,1,0,2,A,-,11,21954,A,F,G,B,D,A,H,-,D,D,0,Y,,,,Y,,N,60,0,0,0,1,0,0,0,0,0,"- ","- ",35.805229187011719,-119.10928344726562,TULARE,UNINCORPORATED,-119.10918426513672,35.805210113525391
92274763,2023,2023-12-29,9480,2023-12-23,"750 ",018204,,6,1,9,5400,0,1,3,,1,020,"SR 201 (AVENUE 400)","ROAD 32",592.00,W,N,B,E,Y,TUL,,201," ",R,1.814,H,,R,Y,2,0,2,2,A,-,09,21801,A,N,D,C,A,A,H,-,A,D,0,,,,,Y,,D,22,1,1,0,0,0,0,0,0,0,"- ","- ",36.517879486083984,-119.5047607421875,TULARE,UNINCORPORATED,-119.5047607421875,36.51788330078125
92281400,2023,2024-01-08,9480,2023-12-29,1905,019048,,5,2,9,5400,0,3,5,,2,004,"DRY CREEK DR",SR-216,26400.00,N,N,B,-,N,,,,,,,,,,N,2,0,1,1,A,-,08,22107,,N,F,A,A,A,H,-,D,D,0,,,,,Y,,A,01,1,0,0,0,0,0,0,0,0,"- ","- ",36.44696044921875,-119.02851867675781,TULARE,UNINCORPORATED,-119.02565002441406,36.469333648681641
92285000,2023,2024-01-11,9480,2023-10-31,1900,018861,,2,2,9,5400,0,1,3,,1,040,"STATE ROUTE 216 (ROAD 160)","BEECHWOOD AVENUE",0.00,,Y,A,-,Y,TUL,,216," "," ",6.522,H,,R,Y,1,1,3,2,A,-,17,24250,,N,D,C,A,A,H,-,C,D,0,,,,,Y,Y,D,22,0,1,2,0,0,0,0,0,0,"- ","- ",36.378700256347656,-119.2156982421875,TULARE,UNINCORPORATED,-119.21565246582031,36.378700256347656
92285286,2023,2024-01-11,9480,2023-12-12,1722,017291,,2,2,9,5400,0,3,5,,2,003,"ROAD 92 (WEST STREET)","AVENUE 260",528.00,N,N,A,-,N,,,,,,,,,,N,1,1,1,2,A,-,01,23152,A,N,A,C,A,A,H,-,D,D,0,,,,,Y,Y,D,22,0,0,1,0,0,0,0,0,0,"- ","- ",36.263641357421875,-119.36705017089844,TULARE,UNINCORPORATED,-119.3670654296875,36.263298034667969
92288082,2023,2024-02-22,9481,2023-12-10,1838,021227,,7,2,9,5400,0,3,5,,2,010,"AVENUE 196","ROAD 204",220.00,W,N,F,-,N,,,,,,,,,,Y,1,2,4,3,A,-,01,23152,A,N,C,2,A,A,H,-,D,D,0,,,,,Y,Y,A,01,0,3,1,0,0,0,0,0,0,"- ","- ",36.145511627197266,-119.11721801757812,TULARE,UNINCORPORATED,-119.11715698242188,36.145492553710938
92295619,2023,2024-01-24,9481,2023-12-22,"525 ",018595,,5,3,9,5400,0,3,5,,2,030,"ROAD 160","AVENUE 48",0.00,,Y,B,E,N,,,,,,,,,,Y,1,2,0,2,A,-,12,22450,A,N,D,2,A,B,H,-,D,A,0,,,,,Y,,A,01,0,0,0,0,0,0,0,0,0,"- ","- ",35.877468109130859,-119.21476745605469,TULARE,UNINCORPORATED,-119.21475219726562,35.877475738525391
92307335,2024,2024-02-06,9480,2024-02-04,"330 ",022293,,7,3,9,5400,0,3,5,,2,002,"AVENUE 352","MILLWOOD DRIVE",1916.00,E,N,B,C,N,,,,,,,,,,Y,2,0,1,1,A,-,01,23152,A,M,E,I,A,B,H,-,D,D,0,,,,,Y,Y,A,01,1,0,0,0,0,0,0,0,0,"- ","- ",36.428199768066406,-119.11762237548828,TULARE,UNINCORPORATED,-119.11775207519531,36.42822265625
92307920,2024,2024-02-07,9480,2024-02-02,2005,020926,,5,2,9,5400,0,3,5,,2,004,"SR-198 E/B","LONG DRIVE",12461.00,E,N,B,C,Y,TUL,,198," "," ",31.061,H,,R,Y,2,0,1,1,A,-,01,23152,A,N,E,I,A,B,H,-,D,D,0,,,,,Y,Y,A,01,1,0,0,0,0,0,0,0,0,"- ","- ",36.398250579833984,-118.98412322998047,TULARE,UNINCORPORATED,-118.98411560058594,36.398239135742188