CASE_ID,ACCIDENT_YEAR,PROC_DATE,JURIS,COLLISION_DATE,COLLISION_TIME,OFFICER_ID,REPORTING_DISTRICT,DAY_OF_WEEK,CHP_SHIFT,POPULATION,CNTY_CITY_LOC,SPECIAL_COND,BEAT_TYPE,CHP_BEAT_TYPE,CITY_DIVISION_LAPD,CHP_BEAT_CLASS,BEAT_NUMBER,PRIMARY_RD,SECONDARY_RD,DISTANCE,DIRECTION,INTERSECTION,WEATHER_1,WEATHER_2,STATE_HWY_IND,CALTRANS_COUNTY,CALTRANS_DISTRICT,STATE_ROUTE,ROUTE_SUFFIX,POSTMILE_PREFIX,POSTMILE,LOCATION_TYPE,RAMP_INTERSECTION,SIDE_OF_HWY,TOW_AWAY,COLLISION_SEVERITY,NUMBER_KILLED,NUMBER_INJURED,PARTY_COUNT,PRIMARY_COLL_FACTOR,PCF_CODE_OF_VIOL,PCF_VIOL_CATEGORY,PCF_VIOLATION,PCF_VIOL_SUBSECTION,HIT_AND_RUN,TYPE_OF_COLLISION,MVIW,PED_ACTION,ROAD_SURFACE,ROAD_COND_1,ROAD_COND_2,LIGHTING,CONTROL_DEVICE,CHP_ROAD_TYPE,PEDESTRIAN_ACCIDENT,BICYCLE_ACCIDENT,MOTORCYCLE_ACCIDENT,TRUCK_ACCIDENT,NOT_PRIVATE_PROPERTY,ALCOHOL_INVOLVED,STWD_VEHTYPE_AT_FAULT,CHP_VEHTYPE_AT_FAULT,COUNT_SEVERE_INJ,COUNT_VISIBLE_INJ,COUNT_COMPLAINT_PAIN,COUNT_PED_KILLED,COUNT_PED_INJURED,COUNT_BICYCLIST_KILLED,COUNT_BICYCLIST_INJURED,COUNT_MC_KILLED,COUNT_MC_INJURED,PRIMARY_RAMP,SECONDARY_RAMP,LATITUDE,LONGITUDE,COUNTY,CITY,POINT_X,POINT_Y
92315409,2024,2024-02-15,9480,2024-02-07,"20  ",021044,,3,3,9,5400,0,1,3,,1,064,"SR-198 W/B","MOONEY BOULEVARD",1954.00,E,N,C,-,Y,TUL,,198," ",R,9.144,H,,L,Y,2,0,2,1,A,-,08,22107,,N,F,A,A,B,H,-,C,D,0,,,,,Y,,A,01,1,1,0,0,0,0,0,0,0,"- ","- ",36.327041625976562,-119.30706024169922,TULARE,UNINCORPORATED,-119.30706024169922,36.327045440673828
92317806,2024,2024-02-20,9480,2024-02-04,"310 ",021682,,7,3,9,5400,0,3,5,,2,006,"ROAD 156","AVENUE 292",725.00,N,N,C,-,N,,,,,,,,,,N,2,0,1,2,A,-,11,21956,A,N,G,B,E,B,H,-,D,D,0,Y,,,,Y,Y,N,60,1,0,0,0,1,0,0,0,0,"- ","- ",36.321750640869141,-119.22464752197266,TULARE,UNINCORPORATED,-119.22464752197266,36.321708679199219
92323053,2024,2024-02-26,9480,2024-02-18,2112,017452,,7,2,9,5400,0,3,5,,2,001,"AVENUE 416","ROAD 32",1239.00,E,N,C,-,N,,,,,,,,,,Y,2,0,1,2,A,-,03,22350,,M,C,C,A,B,H,-,D,D,0,,,Y,,Y,,C,02,1,0,0,0,0,0,0,0,1,"- ","- ",36.546791076660156,-119.49904632568359,TULARE,UNINCORPORATED,,
92340684,2024,2024-03-18,9480,2024-02-06,"425 ",021044,,2,3,4,5406,0,1,3,,2,093,"STATE ROUTE 99 SOUTHBOUND","K STREET",3168.00,N,N,C,-,Y,TUL,,99," "," ",26.042,H,,L,Y,1,1,0,1,A,-,08,22107,,N,F,A,A,B,H,-,D,D,0,,,,Y,Y,,F,26,0,0,0,0,0,0,0,0,0,"- ","- ",36.159820556640625,-119.33306884765625,TULARE,TULARE,-119.33327484130859,36.159828186035156
92344274,2024,2024-03-21,9480,2024-03-09,1732,022131,,6,2,9,5400,0,3,5,,2,002,"SR- 201 (AVENUE 400)","ROAD 84",0.00,,Y,A,-,Y,TUL,,201," "," ",8.449,H,,R,Y,2,0,2,2,A,-,09,21801,A,N,A,C,A,A,H,-,A,A,0,,,,,Y,,A,01,1,0,1,0,0,0,0,0,0,"- ","- ",36.516750335693359,-119.38585662841797,TULARE,UNINCORPORATED,-119.38585662841797,36.516754150390625
92346436,2024,2024-03-25,9480,2024-03-03,1535,021628,,7,2,9,5400,0,3,5,,2,004,"ROAD 196","AVENUE 304",1056.00,N,N,B,-,N,,,,,,,,,,Y,1,1,0,1,A,-,01,23152,A,N,F,0,A,A,H,-,A,D,0,,,,,Y,Y,D,22,0,0,0,0,0,0,0,0,0,"- ","- ",36.343589782714844,-119.13449096679688,TULARE,UNINCORPORATED,-119.13446044921875,36.343418121337891
92358923,2024,2024-06-03,9480,2024-04-01,1611,019048,,1,2,9,5400,0,1,3,,1,010,"SR-201 (AVE 400)","ROAD 74",0.00,,Y,A,-,Y,TUL,,201," "," ",7.190,H,,R,N,2,0,2,2,A,-,09,21802,A,N,D,C,A,A,H,-,A,A,0,,,,,Y,,A,01,1,1,0,0,0,0,0,0,0,"- ","- ",36.517051696777344,-119.40834808349609,TULARE,UNINCORPORATED,-119.40834808349609,36.517055511474609
92373258,2024,2024-04-23,9480,2024-04-15,"130 ",017452,,1,3,9,5400,0,1,3,,1,064,"SR-198 E/B","WEST STREET O/C",1058.00,W,N,A,-,Y,TUL,,198," ",R,9.520,H,,R,Y,2,0,1,1,A,-,01,23152,A,N,E,I,A,A,H,-,C,D,0,,,,,Y,Y,D,23,1,0,0,0,0,0,0,0,0,"- ","- ",36.326789855957031,-119.30030059814453,TULARE,UNINCORPORATED,-119.30030059814453,36.32684326171875
92375042,2024,2024-04-25,9480,2024-04-13,"147 ",021971,,6,3,9,5400,0,1,3,,2,093,"SR-99 N/B","AVENUE 164",2112.00,N,N,A,-,Y,TUL,,99," "," ",21.513,H,,R,N,2,0,1,3,A,-,08,22107,,N,G,B,F,A,H,-,D,D,0,Y,,,,Y,,A,01,1,0,0,0,1,0,0,0,0,"- ","- ",36.094898223876953,-119.32198333740234,TULARE,UNINCORPORATED,-119.32211303710938,36.094890594482422
92378369,2024,2024-04-30,9480,2024-04-22,2125,018521,,1,2,9,5400,0,3,5,,2,003,"RD 56","AVE 280",0.00,,Y,A,-,N,,,,,,,,,,Y,2,0,1,3,A,-,12,22450,A,N,D,C,A,A,H,-,D,A,0,,,Y,,Y,,C,06,1,0,0,0,0,0,0,0,1,"- ","- ",36.29779052734375,-119.44777679443359,TULARE,UNINCORPORATED,-119.44772338867188,36.297801971435547
92382642,2024,2024-05-06,9480,2024-04-27,"328 ",019349,,6,3,9,5400,0,1,3,,2,091,"STATE ROUTE 99","18TH AVENUE",351.00,S,N,A,-,Y,TUL,,99," ",R,53.752,H,,R,Y,2,0,1,1,A,-,08,22107,,N,E,J,A,A,H,-,C,D,0,,,,,Y,,D,22,1,0,0,0,0,0,0,0,0,"- ","- ",36.506229400634766,-119.54709625244141,TULARE,UNINCORPORATED,-119.54714202880859,36.506191253662109
92384228,2024,2024-05-07,9480,2024-04-27,1640,016995,,6,2,9,5400,0,3,5,,2,004,"HEATHER AVE","ROAD 159",0.00,,Y,A,-,N,,,,,,,,,,N,2,0,1,2,A,-,09,21800,C,N,D,C,A,A,H,-,A,A,0,,,Y,,Y,,A,01,1,0,0,0,0,0,0,0,1,"- ","- ",36.391101837158203,-119.21788787841797,TULARE,UNINCORPORATED,-119.21794128417969,36.391059875488281
92404674,2024,2024-06-03,9480,2024-05-25,1915,021971,,6,2,9,5400,0,3,5,,2,002,"SR-201 E/B","ROAD 192",2112.00,W,N,A,-,Y,TUL,,201," "," ",22.343,H,,R,N,2,0,1,1,A,-,08,22107,,N,E,I,A,A,H,-,A,D,0,,,Y,,Y,,C,02,1,0,0,0,0,0,0,0,1,"- ","- ",36.472160339355469,-119.15032196044922,TULARE,UNINCORPORATED,-119.15031433105469,36.472217559814453
92407742,2024,2024-06-06,9480,2024-06-01,"447 ",022256,,6,3,9,5400,0,3,5,,2,004,"ROAD 144","AVENUE 320",739.00,S,N,A,-,N,,,,,,,,,,Y,2,0,1,1,A,-,01,23152,A,N,E,I,A,A,H,-,A,D,0,,,,,Y,Y,A,01,1,0,0,0,0,0,0,0,0,"- ","- ",36.368579864501953,-119.25199127197266,TULARE,UNINCORPORATED,-119.25193023681641,36.368942260742188
92413220,2024,2024-06-12,9480,2024-04-30,"645 ",016233,,2,1,9,5400,0,3,5,,2,006,"AVENUE 256","ROAD 132",0.00,,Y,A,-,N,,,,,,,,,,N,1,1,1,2,A,-,09,21802,A,N,D,C,A,A,H,-,A,A,0,,,,,Y,,A,01,0,1,0,0,0,0,0,0,0,"- ","- ",36.256790161132812,-119.27850341796875,TULARE,UNINCORPORATED,-119.27848815917969,36.256771087646484
92414065,2023,2024-12-06,9481,2023-11-23,2300,020917,,4,3,9,5400,0,3,5,,2,010,"AVENUE 168","ROAD 180",400.00,W,N,A,-,N,,,,,,,,,,Y,2,0,2,1,A,-,01,23152,A,N,E,8,A,A,H,-,D,D,0,,,,,Y,Y,A,01,2,0,0,0,0,0,0,0,0,"- ","- ",36.094570159912109,-119.17130279541016,TULARE,UNINCORPORATED,-119.17116546630859,36.09454345703125
92414193,2024,2024-06-13,9480,2024-06-05,1000,017713,,3,1,9,5400,0,1,3,,1,044,"HWY. 198 W/B","YOKOHL DR.",20.00,W,N,A,-,N,,,,,,,,,,N,2,0,2,1,A,-,08,22107,,N,E,I,A,A,H,-,A,D,0,,,,,Y,,A,01,1,1,0,0,0,0,0,0,0,"- ","- ",36.325641632080078,-119.07891845703125,TULARE,UNINCORPORATED,-119.07889556884766,36.325660705566406
92418675,2024,2024-06-19,9480,2024-06-17,1225,018204,,1,1,9,5400,0,1,3,,2,093,"RT 99","J STREET OVERCROSSING",1214.00,N,N,B,-,Y,TUL,,99," "," ",33.468,H,,L,Y,2,0,1,3,A,-,08,22107,,F,C,C,A,A,H,-,A,D,0,,,Y,Y,Y,,C,02,1,0,0,0,0,0,0,0,1,"- ","- ",36.260280609130859,-119.36074066162109,TULARE,UNINCORPORATED,-119.36072540283203,36.260284423828125
92420198,2024,2024-06-21,9480,2024-06-09,1930,022376,,7,2,9,5400,0,3,5,,2,002,"BOYD DR","MILLWOOD DR",1050.00,W,N,A,-,N,,,,,,,,,,N,2,0,1,1,A,-,08,22107,,N,F,A,A,A,H,-,A,D,0,,,Y,,Y,,C,02,1,0,0,0,0,0,0,0,1,"- ","- ",36.564479827880859,-119.13561248779297,TULARE,UNINCORPORATED,-119.13545989990234,36.564918518066406
92420659,2024,2024-06-21,9481,2024-06-12,1515,016147,,3,2,9,5400,0,3,5,,2,050,"ROAD 236","AVENUE 92",0.00,,Y,A,-,N,,,,,,,,,,N,2,0,1,2,A,-,09,21804,A,N,D,C,A,A,H,-,A,A,0,,,Y,,Y,,C,06,1,0,0,0,0,0,0,0,1,"- ","- ",35.956939697265625,-119.04434967041016,TULARE,UNINCORPORATED,-119.04435729980469,35.956916809082031
92421567,2024,2024-06-24,9480,2024-03-13,"28  ",022376,,3,3,9,5400,0,1,3,,1,021,"STATE ROUTE 63","EMERALD AVENUE",25.00,S,N,A,-,N,,,,,,,,,,N,2,0,1,2,A,-,02,22400,A,F,C,C,A,A,H,-,C,D,0,,,Y,,Y,Y,-,99,1,0,0,0,0,0,0,0,1,"- ","- ",36.527309417724609,-119.28682708740234,TULARE,UNINCORPORATED,-119.28685760498047,36.527313232421875
92424150,2024,2024-06-26,9480,2024-06-10,"140 ",022131,,1,3,9,5400,0,1,3,,2,095,"SR-99 S/B","AVE 24",3400.00,N,N,A,-,Y,TUL,,99," "," ",3.817,H,,L,N,2,0,4,1,A,-,01,23152,G,N,F,9,A,A,H,-,C,A,0,,,,,Y,Y,A,01,1,3,0,0,0,0,0,0,0,"- ","- ",35.844028472900391,-119.26512145996094,TULARE,UNINCORPORATED,-119.26502227783203,35.844043731689453
92424378,2023,2024-06-26,9480,2023-10-15,"722 ",018521,,7,1,9,5400,0,1,3,,2,095,"STATE ROUTE 99 SOUTHBOUND","AVENUE 96",2640.00,S,N,A,-,Y,TUL,,99," "," ",11.783,H,,L,Y,1,1,0,2,A,-,01,23152,F,N,C,E,A,A,H,-,A,A,0,,,,,Y,,A,07,0,0,0,0,0,0,0,0,0,"- ","- ",35.956951141357422,-119.29102325439453,TULARE,UNINCORPORATED,-119.29103088378906,35.956947326660156
92431388,2024,2024-07-05,9480,2024-06-21,1310,021547,,5,1,9,5400,0,2,S,,2,904,"RD 208","RD 152",300.00,N,N,A,-,N,,,,,,,,,,N,2,0,1,2,A,-,08,22107,,N,E,I,A,A,H,-,A,D,0,,,Y,,Y,,C,02,1,0,0,0,0,0,0,0,1,"- ","- ",36.066791534423828,-119.10742950439453,TULARE,UNINCORPORATED,,
92432704,2024,2024-07-08,9480,2024-06-23,2210,022131,,7,3,9,5400,0,3,5,,2,005,"AVE 58","ROAD 39",1300.00,E,N,A,-,N,,,,,,,,,,N,2,0,1,1,A,-,08,22107,,N,F,A,A,A,H,-,D,D,0,,,,,Y,,A,42,1,0,0,0,0,0,0,0,0,"- ","- ",35.894989013671875,-119.48410797119141,TULARE,UNINCORPORATED,,
92436119,2024,2024-07-11,9481,2024-07-03,1755,020784,,3,2,9,5400,0,3,5,,2,030,"AVENUE 146","KILROY ROAD",53.00,W,N,A,-,N,,,,,,,,,,N,2,0,1,1,A,-,01,23152,A,N,E,8,A,A,H,-,A,D,0,,,Y,,Y,Y,C,06,1,0,0,0,0,0,0,0,1,"- ","- ",36.054988861083984,-119.14463043212891,TULARE,UNINCORPORATED,-119.14456176757812,36.054958343505859
92436239,2024,2024-07-11,9480,2024-07-05,"730 ",020837,,5,1,9,5400,0,1,3,,2,093,"STATE ROUTE 99 NORTHBOUND","AVENUE 184",3960.00,S,N,A,-,Y,TUL,,99," "," ",22.719,H,,R,Y,2,0,1,1,A,-,08,22107,,N,E,I,A,A,H,-,A,D,0,,,,,Y,,A,01,1,0,0,0,0,0,0,0,0,"- ","- ",36.112358093261719,-119.32357025146484,TULARE,UNINCORPORATED,-119.32368469238281,36.112354278564453
92439755,2024,2024-07-15,9481,2024-06-25,1958,016776,,2,2,9,5400,0,3,5,,2,020,"ROAD 256","AVENUE 196",0.00,,Y,A,-,N,,,,,,,,,,Y,1,1,2,2,A,-,12,22450,A,N,D,C,A,A,H,-,B,A,0,,,,,Y,Y,D,22,1,1,0,0,0,0,0,0,0,"- ","- ",36.145500183105469,-119.00016784667969,TULARE,UNINCORPORATED,-119.00016784667969,36.145503997802734
92441516,2024,2024-07-17,9480,2024-06-03,"604 ",019048,,1,1,9,5400,0,3,5,,2,001,"AVENUE 304","ROAD 52",0.00,,Y,A,-,N,,,,,,,,,,Y,1,1,0,2,A,-,12,22450,A,N,D,C,A,A,H,-,A,A,0,,,Y,,Y,,C,02,0,0,0,0,0,0,0,1,0,"- ","- ",36.341781616210938,-119.45742797851562,TULARE,UNINCORPORATED,-119.45743560791016,36.341793060302734
9251544,2020,2021-04-23,5406,2020-11-22,1603,23,5406,7,5,4,5406,0,0,0,,0,0WS,MEADOW,E,0.00,E,N,A,-,N,,,,,,,,,,Y,2,0,1,2,A,-,03,22350,,N,A,E,A,A,H,-,A,D,0,,,Y,,Y,Y,C,02,1,0,0,0,0,0,0,0,1,"- ","- ",,,TULARE,TULARE,-119.35215759277344,36.194728851318359
9252242,2021,2021-04-19,5407,2021-03-02,0136,A336,480,2,5,5,5407,0,0,0,,0,Q34,"E CALDWELL AV","S BURKE",423.00,W,N,A,-,N,,,,,,,,,,Y,2,0,1,2,A,-,17,21753,,N,C,C,A,A,H,-,C,A,0,,,,,Y,Y,A,08,1,0,0,0,0,0,0,0,0,"- ","- ",36.298099517822266,-119.28273010253906,TULARE,VISALIA,-119.28414154052734,36.298114776611328
9253317,2021,2021-04-27,5407,2021-03-04,1837,A285,480,4,5,5,5407,0,0,0,,0,Q34,"W WALNUT","S ENCINA",0.00,,Y,A,-,N,,,,,,,,,,Y,2,0,2,2,A,-,03,22350,,N,D,C,A,A,H,-,C,A,0,,,Y,,Y,,C,02,1,0,1,0,0,0,0,0,1,"- ","- ",,,TULARE,VISALIA,-119.2947998046875,36.3128662109375
9255391,2021,2021-05-19,5403,2021-04-06,1721,846,,2,5,2,5403,0,0,0,,0,12F,"FARMERSVILLE BL","EDISON POLE 4026409",122.00,S,N,A,-,N,,,,,,,,,,N,2,0,1,2,D,-,00,,,N,G,B,D,A,H,-,A,D,0,Y,,,,Y,,-,"- ",1,0,0,0,1,0,0,0,0,"- ","- ",,,TULARE,FARMERSVILLE,,
9256240,2020,2022-06-14,5407,2020-10-15,1842,M203,480,4,5,5,5407,0,0,0,,0,034,"COURT ST","WALNUT AV",529.00,N,N,A,-,N,,,,,,,,,,Y,1,1,0,2,A,-,11,21954,A,N,G,B,D,A,H,-,C,A,0,Y,,,,Y,,N,60,0,0,0,1,0,0,0,0,0,"- ","- ",36.312850952148438,-119.29200744628906,TULARE,VISALIA,-119.29203033447266,36.314311981201172
9256346,2021,2023-06-17,5407,2021-03-16,1633,M194,480,2,5,5,5407,0,0,0,,0,026,"N BEN MADDOX WY","BUENA VISTA",121.00,S,N,A,-,N,,,,,,,,,,Y,1,1,0,3,A,-,06,21750,,N,B,C,A,A,H,-,A,D,0,,,Y,,Y,,C,02,0,0,0,0,0,0,0,1,0,"- ","- ",36.345638275146484,-119.27886962890625,TULARE,VISALIA,-119.27884674072266,36.345298767089844
9258653,2021,2021-05-03,5407,2021-04-14,2031,A331,480,3,5,5,5407,0,0,0,,0,P33,"S COURT ST","WEST NOBLE AVE",12.00,S,N,A,-,N,,,,,,,,,,Y,2,0,1,2,A,-,17,21657,,N,B,C,A,A,H,-,C,A,0,,,,,Y,,A,01,1,0,0,0,0,0,0,0,0,"- ","- ",36.326419830322266,-119.29225921630859,TULARE,VISALIA,-119.29229736328125,36.326408386230469
9258689,2021,2021-05-07,5407,2021-03-30,1256,C51,480,2,5,5,5407,0,0,0,,0,M11,"W GOSHEN AV","N SHIRK ST",0.00,,Y,A,-,N,,,,,,,,,,Y,2,0,4,3,A,-,12,21453,A,N,D,C,A,A,H,-,A,A,0,,,,,Y,,A,07,1,1,2,0,0,0,0,0,0,"- ","- ",36.341960906982422,-119.36776733398438,TULARE,VISALIA,-119.36775207519531,36.342018127441406
9264385,2021,2021-06-22,5405,2021-05-11,1705,169,,2,5,4,5405,0,0,0,,0,SEC1,"RT 65","LINDA VISTA AV",0.00,,Y,A,-,Y,TUL,6,65,-,-,21.830,I,5,N,Y,2,0,3,3,A,-,09,21801,A,N,D,C,A,A,H,-,A,A,0,,,,,Y,,A,01,2,1,0,0,0,0,0,0,0,"- ","- ",,,TULARE,PORTERVILLE,-119.04294586181641,36.104343414306641
9270486,2021,2021-06-04,5404,2021-05-17,0757,688,20L,1,5,2,5404,0,0,0,,0,010,"N GALE HILL","3RD ST",133.00,S,N,A,-,N,,,,,,,,,,N,2,0,1,2,A,-,11,21950,B,N,G,B,D,A,H,-,A,D,0,Y,,,,Y,,N,60,1,0,0,0,1,0,0,0,0,"- ","- ",,,TULARE,LINDSAY,-119.08953857421875,36.209285736083984
92799770,2024,2024-07-26,9480,2024-05-23,"20  ",016995,,4,3,9,5400,0,1,3,,1,044,"STATE ROUTE 198 (SIERRA DRIVE)","SUNSET DRIVE",1584.00,W,N,A,-,Y,TUL,,198," "," ",40.162,H,,R,Y,1,1,0,1,A,-,01,23152,G,N,E,8,A,A,H,-,D,D,0,,,Y,,Y,Y,C,02,0,0,0,0,0,0,0,1,0,"- ","- ",36.454071044921875,-118.88797760009766,TULARE,UNINCORPORATED,-118.88803863525391,36.454135894775391
9281357,2021,2021-08-16,5405,2021-07-20,2206,259,4,2,5,4,5405,0,0,0,,0,,"OLIVE AV","BEVERLY ST",0.00,,Y,A,-,N,,,,,,,,,,Y,2,0,2,2,A,-,03,22350,,N,D,C,A,A,H,-,C,A,0,,,Y,Y,Y,,C,02,1,1,0,0,0,0,0,0,1,"- ","- ",36.065021514892578,-119.04918670654297,TULARE,PORTERVILLE,-119.04856109619141,36.065879821777344
9287714,2020,2021-08-06,5402,2020-11-19,1650,824,54021,4,5,2,5402,0,0,0,,0,02E,"KAWEAH ST","CHESTNUT AV",205.00,S,N,A,-,Y,TUL,6,65,-,-,37.410,H,-,S,Y,2,0,2,2,A,-,07,21658,A,N,A,C,A,A,H,-,B,D,0,,,,,Y,,-,,1,0,1,0,0,0,0,0,0,"- ","- ",,,TULARE,EXETER,-119.13612365722656,36.294704437255859
92878639,2024,2024-07-30,9480,2024-07-21,1224,022131,,7,1,9,5400,0,1,3,,2,095,"SR-99 NORTHBOUND","COUNTYLINE ROAD",1584.00,N,N,A,-,Y,TUL,,99," "," ",0.406,H,,R,Y,2,0,2,1,A,-,08,22107,,N,F,9,A,A,H,-,A,A,0,,,,,Y,,A,01,1,1,0,0,0,0,0,0,0,"- ","- ",35.795799255371094,-119.25350952148438,TULARE,UNINCORPORATED,-119.25356292724609,35.795791625976562
9288444,2021,2021-07-07,5407,2021-05-23,2215,A341,480,7,5,5,5407,0,0,0,,0,033,"E NOBLE AV","S GODDARD ST",450.00,E,N,A,-,N,,,,,,,,,,N,2,0,1,2,A,-,11,21956,,N,G,B,E,A,H,-,C,A,0,Y,,,,Y,,N,60,1,0,0,0,1,0,0,0,0,"- ","- ",36.326641082763672,-119.26077270507812,TULARE,VISALIA,-119.264892578125,36.326919555664062
92887535,2024,2024-07-30,9480,2024-07-21,1530,022131,,7,2,9,5400,0,3,5,,2,005,"ROAD 136","COUNTY LINE ROAD",2075.00,N,N,A,-,N,,,,,,,,,,Y,2,0,1,1,A,-,01,23152,A,N,E,8,A,A,H,-,A,D,0,,,,,Y,Y,A,07,1,0,0,0,0,0,0,0,0,"- ","- ",35.796180725097656,-119.26817321777344,TULARE,UNINCORPORATED,-119.26811981201172,35.796104431152344
92898552,2024,2024-07-30,9480,2024-07-25,1540,016995,,4,2,9,5400,0,3,5,,2,001,"STATE ROUTE 99 FROM MERRITT DR","MERRITT DR",0.00,,Y,A,-,Y,TUL,,99," "," ",48.707,H,,L,Y,2,0,2,2,A,-,09,21801,A,N,A,C,A,A,H,-,A,D,0,,,,,Y,,D,22,2,0,0,0,0,0,0,0,0,"- ","- ",36.452110290527344,-119.49099731445312,TULARE,UNINCORPORATED,-119.49072265625,36.452224731445312
9291343,2021,2021-07-30,5407,2021-03-30,1009,M66,480,2,5,5,5407,0,0,0,,0,,"SANTA FE ST","NE 1ST AV",0.00,,Y,B,-,N,,,,,,,,,,Y,2,0,1,2,A,-,08,22107,,N,D,G,A,A,H,-,A,D,0,,Y,,,Y,,L,04,1,0,0,0,0,0,1,0,0,"- ","- ",36.339210510253906,-119.28791809082031,TULARE,VISALIA,-119.28788757324219,36.339237213134766
9297997,2021,2021-08-11,5407,2021-06-19,0112,A330,480,6,5,5,5407,0,0,0,,0,,"S DEMAREE ST","PACKWOOD AV",420.00,S,N,A,-,N,,,,,,,,,,Y,2,0,1,1,A,-,03,22350,,N,E,I,A,A,H,-,C,A,0,,,,,Y,,A,01,1,0,0,0,0,0,0,0,0,"- ","- ",36.298370361328125,-119.33148956298828,TULARE,VISALIA,-119.33158874511719,36.293487548828125
9301710,2021,2023-06-24,5407,2021-05-29,0100,M194,480,6,5,5,5407,0,0,0,,0,012,WALNUT,LINWOOD,428.00,W,N,A,-,N,,,,,,,,,,Y,1,2,0,1,A,-,05,21650,,N,E,I,A,A,H,-,C,A,0,,,,,Y,Y,A,01,0,0,0,0,0,0,0,0,0,"- ","- ",36.312908172607422,-119.34258270263672,TULARE,VISALIA,-119.34209442138672,36.312786102294922
9301752,2021,2021-10-28,5406,2021-09-07,1956,27,5406,2,5,4,5406,0,0,0,,0,0NE,"RT 137",HIGHLAND,34.00,W,N,A,-,Y,TUL,6,137,-,-,16.340,H,-,E,N,1,1,0,2,A,-,11,21956,,N,G,B,E,A,H,-,C,D,0,Y,,,,Y,,N,60,0,0,0,1,0,0,0,0,0,"- ","- ",,,TULARE,TULARE,-119.33329010009766,36.209606170654297
9312734,2021,2021-10-19,5405,2021-07-29,0457,203,,4,5,4,5405,0,0,0,,0,003,"RT 190","JAYE ST",29.00,E,N,A,-,Y,TUL,6,190,-,-,15.950,I,5,E,Y,1,1,0,2,A,-,11,21950,B,N,G,B,B,A,H,-,C,A,0,Y,,,,Y,,N,60,0,0,0,1,0,0,0,0,0,"- ","- ",36.051528930664062,-119.02626800537109,TULARE,PORTERVILLE,-119.02626037597656,36.051456451416016
9320275,2021,2023-06-17,5407,2021-11-04,2004,M203,480,4,5,5,5407,0,0,0,,0,,WALNUT,GARDEN,0.00,,Y,A,-,N,,,,,,,,,,Y,1,1,0,2,A,-,08,22107,,N,D,C,A,A,H,-,C,A,0,,,Y,,Y,Y,A,07,0,0,0,0,0,0,0,1,0,"- ","- ",36.312549591064453,-119.28958129882812,TULARE,VISALIA,-119.2896728515625,36.3128662109375
9320438,2022,2022-03-03,5406,2022-01-02,1721,70,5406,7,5,4,5406,0,0,0,,0,0SE,"BARDSLEY AV","SPRUCE ST",0.00,,Y,A,-,N,,,,,,,,,,Y,1,1,0,2,A,-,01,23153,A,F,G,B,B,A,H,-,A,A,0,Y,,,,Y,Y,A,01,0,0,0,1,0,0,0,0,0,"- ","- ",,,TULARE,TULARE,-119.32723999023438,36.196659088134766
9320616,2022,2022-04-19,5407,2022-02-27,1935,A350,480,7,5,5,5407,0,0,0,,0,P33,"S LOVERS LN","E NOBLE AV",300.00,S,N,A,-,N,,,,,,,,,,N,1,1,0,2,A,-,10,21950,,N,G,B,D,A,H,-,C,A,0,Y,,,,Y,,N,60,0,0,0,1,0,0,0,0,0,"- ","- ",36.326641082763672,-119.26077270507812,TULARE,VISALIA,-119.26068115234375,36.325798034667969
9320667,2022,2022-05-20,5405,2022-03-29,1920,250,"SEC 3",2,5,4,5405,0,0,0,,0,003,"RT 190","PLANO ST",0.00,,Y,A,-,Y,TUL,6,190,-,-,16.967,I,5,W,Y,1,1,1,2,A,-,09,21453,C,N,D,C,A,A,H,-,A,A,0,,,,Y,Y,Y,A,07,1,0,0,0,0,0,0,0,0,"- ","- ",36.051109313964844,-119.00821685791016,TULARE,PORTERVILLE,-119.00825500488281,36.051170349121094
9320852,2022,2022-07-27,5405,2022-06-17,2155,236,"SEC 1",5,5,4,5405,0,0,0,,0,"SEC 1","VILLA ST","MORTON AV",0.00,,Y,A,-,N,,,,,,,,,,Y,1,1,0,2,A,-,"- ",,,N,G,B,B,A,H,-,C,A,0,Y,,,,Y,Y,-,"- ",0,0,0,1,0,0,0,0,0,"- ","- ",36.073261260986328,-119.03060913085938,TULARE,PORTERVILLE,-119.0306396484375,36.073268890380859
9321129,2023,2023-03-01,5406,2023-01-11,1854,35,5406,3,5,4,5406,0,0,0,,0,0ES,BARDSLEY,RT-99,0.00,,Y,A,-,Y,TUL,6,99,-,-,28.830,R,4,S,N,1,1,0,2,D,-,00,,,N,G,B,E,A,H,-,D,A,0,Y,,,,Y,,-,"- ",0,0,0,1,0,0,0,0,0,"- ",SF,,,TULARE,TULARE,-119.32867431640625,36.199932098388672