CASE_ID,ACCIDENT_YEAR,PROC_DATE,JURIS,COLLISION_DATE,COLLISION_TIME,OFFICER_ID,REPORTING_DISTRICT,DAY_OF_WEEK,CHP_SHIFT,POPULATION,CNTY_CITY_LOC,SPECIAL_COND,BEAT_TYPE,CHP_BEAT_TYPE,CITY_DIVISION_LAPD,CHP_BEAT_CLASS,BEAT_NUMBER,PRIMARY_RD,SECONDARY_RD,DISTANCE,DIRECTION,INTERSECTION,WEATHER_1,WEATHER_2,STATE_HWY_IND,CALTRANS_COUNTY,CALTRANS_DISTRICT,STATE_ROUTE,ROUTE_SUFFIX,POSTMILE_PREFIX,POSTMILE,LOCATION_TYPE,RAMP_INTERSECTION,SIDE_OF_HWY,TOW_AWAY,COLLISION_SEVERITY,NUMBER_KILLED,NUMBER_INJURED,PARTY_COUNT,PRIMARY_COLL_FACTOR,PCF_CODE_OF_VIOL,PCF_VIOL_CATEGORY,PCF_VIOLATION,PCF_VIOL_SUBSECTION,HIT_AND_RUN,TYPE_OF_COLLISION,MVIW,PED_ACTION,ROAD_SURFACE,ROAD_COND_1,ROAD_COND_2,LIGHTING,CONTROL_DEVICE,CHP_ROAD_TYPE,PEDESTRIAN_ACCIDENT,BICYCLE_ACCIDENT,MOTORCYCLE_ACCIDENT,TRUCK_ACCIDENT,NOT_PRIVATE_PROPERTY,ALCOHOL_INVOLVED,STWD_VEHTYPE_AT_FAULT,CHP_VEHTYPE_AT_FAULT,COUNT_SEVERE_INJ,COUNT_VISIBLE_INJ,COUNT_COMPLAINT_PAIN,COUNT_PED_KILLED,COUNT_PED_INJURED,COUNT_BICYCLIST_KILLED,COUNT_BICYCLIST_INJURED,COUNT_MC_KILLED,COUNT_MC_INJURED,PRIMARY_RAMP,SECONDARY_RAMP,LATITUDE,LONGITUDE,COUNTY,CITY,POINT_X,POINT_Y
9321144,2023,2023-02-27,5406,2023-01-22,1755,36,5406,7,5,4,5406,0,0,0,,0,0AO,CARTMILL,"DE LA VINA",1307.00,W,N,A,-,N,,,,,,,,,,Y,1,1,0,2,A,-,11,21954,A,N,G,B,C,A,H,-,C,D,0,Y,,,,Y,,N,60,0,0,0,1,0,0,0,0,0,"- ","- ",,,TULARE,TULARE,-119.32644653320312,36.240291595458984
93491538,2024,2024-08-05,9480,2024-07-22,"530 ",018861,,1,3,9,5400,0,3,5,,2,006,"AVENUE 224 (BARDSLEY AVENUE)","ROAD 124 (OAKMORE STREET)",1083.00,E,N,A,-,N,,,,,,,,,,Y,2,0,4,4,A,-,03,22350,,N,C,C,A,A,H,-,B,D,0,,,,,Y,,A,07,2,2,0,0,0,0,0,0,0,"- ","- ",36.196338653564453,-119.29216003417969,TULARE,UNINCORPORATED,,
9355884,2021,2021-11-10,5407,2021-10-13,1318,M333,480,3,5,5,5407,0,0,0,,0,P33,"RT 63","S GIDDINGS ST",0.00,,Y,A,-,N,,,,,,,,,,Y,2,0,2,2,A,-,09,21801,A,N,A,C,A,A,H,-,A,A,0,,,,,Y,,A,01,1,0,1,0,0,0,0,0,0,"- ","- ",,,TULARE,VISALIA,-119.30547332763672,36.327022552490234
9373515,2021,2021-12-14,5407,2021-10-18,0829,C57,,1,5,5,5407,0,0,0,,0,VMC,"E WALNUT AV","S MC AULIFF ST",0.00,,Y,A,-,N,,,,,,,,,,Y,2,0,2,2,A,-,12,22450,A,N,D,C,A,A,H,-,A,A,0,,,,,Y,,A,01,2,0,0,0,0,0,0,0,0,"- ","- ",36.312641143798828,-119.25160217285156,TULARE,VISALIA,-119.25164031982422,36.312660217285156
9373730,2021,2022-01-10,5407,2021-11-15,2010,C57,480,1,5,5,5407,0,0,0,,0,033,"S BEN MADDOX WY","E TULARE AV",0.00,,Y,E,-,N,,,,,,,,,,Y,2,0,5,2,A,-,12,21453,A,N,D,C,A,A,H,-,C,A,0,,,,,Y,,A,01,1,2,2,0,0,0,0,0,0,"- ","- ",36.320121765136719,-119.27655792236328,TULARE,VISALIA,-119.27664184570312,36.320121765136719
9373774,2021,2021-12-13,5407,2021-10-15,1619,M203,480,5,5,5,5407,0,0,0,,0,,"N ST JOHNS PKWY",LARK,487.00,N,N,A,-,N,,,,,,,,,,Y,2,0,1,1,A,-,03,22350,,N,E,I,A,A,H,-,A,A,0,,,,,Y,,A,01,1,0,0,0,0,0,0,0,0,"- ","- ",36.356330871582031,-119.28665924072266,TULARE,VISALIA,-119.28656768798828,36.356254577636719
9377833,2021,2022-01-10,5407,2021-11-27,1755,C57,480,6,5,5,5407,0,0,0,,0,025,"N RINALDI ST","W GROVE AV",264.00,N,N,A,-,N,,,,,,,,,,N,2,0,1,2,A,-,11,21954,A,N,G,B,D,A,H,-,D,A,0,Y,,,,Y,,N,60,1,0,0,0,1,0,0,0,0,"- ","- ",36.337490081787109,-119.30799865722656,TULARE,VISALIA,-119.30808258056641,36.337272644042969
9377834,2021,2022-01-10,5407,2021-11-26,1938,C57,480,5,5,5,5407,0,0,0,,0,026,"E HOUSTON AV","N BURKE ST",60.00,E,N,A,-,N,,,,,,,,,,Y,2,0,1,2,A,-,03,22350,,N,C,C,A,A,H,-,C,A,0,,,,,Y,,A,07,1,0,0,0,0,0,0,0,0,"- ","- ",36.341831207275391,-119.28321075439453,TULARE,VISALIA,-119.28299713134766,36.341846466064453
9377892,2021,2022-01-13,5407,2021-12-20,1509,C57,480,1,5,5,5407,0,0,0,,0,012,"W CAMERON AV","S STONEBROOK",739.00,W,N,A,-,N,,,,,,,,,,Y,2,0,1,2,A,-,09,21801,A,N,D,C,A,A,H,-,A,A,0,,,,,Y,,A,01,1,0,0,0,0,0,0,0,0,"- ","- ",36.29412841796875,-119.30525970458984,TULARE,VISALIA,-119.30775451660156,36.294406890869141
9377893,2021,2022-01-13,5407,2021-12-17,1603,C51,480,5,5,5,5407,0,0,0,,0,M11,"W RIGGIN AV","N CRENSHAW ST",45.00,W,N,A,-,N,,,,,,,,,,Y,2,0,1,4,A,-,03,22350,,N,C,C,A,A,H,-,B,A,0,,,,,Y,,A,01,1,0,0,0,0,0,0,0,0,"- ","- ",36.356521606445312,-119.34597778320312,TULARE,VISALIA,-119.34613037109375,36.356529235839844
9401301,2022,2022-02-16,5406,2022-01-05,1651,57,5406,3,5,4,5406,0,0,0,,0,0ES,IRWIN,BARDSLEY,345.00,S,N,A,-,N,,,,,,,,,,N,2,0,1,2,A,-,01,23153,A,F,G,B,E,A,H,-,A,D,0,Y,,,,Y,Y,D,22,1,0,0,0,1,0,0,0,0,"- ","- ",,,TULARE,TULARE,-119.31783294677734,36.195755004882812
94075323,2024,2024-08-16,9480,2024-08-02,"35  ",021971,,5,3,9,5400,0,1,3,,1,051,"SR-43 N/B (CENTRAL VALLEY HWY)","AVENUE 144",7.00,N,N,A,-,Y,,,,,,,,,,Y,2,0,1,1,A,-,08,22107,,N,E,I,A,A,H,-,D,D,0,,,,,Y,,-,"- ",1,0,0,0,0,0,0,0,0,"- ","- ",36.050849914550781,-119.52104949951172,TULARE,UNINCORPORATED,-119.52172088623047,36.050796508789062
9412095,2021,2022-03-15,5406,2021-09-07,2335,40,5406,2,5,4,5406,0,0,0,,0,0ES,BARDSLEY,LASPINA,0.00,,Y,A,-,N,,,,,,,,,,N,2,0,1,2,A,-,08,22107,,N,H,B,B,A,H,-,C,A,0,Y,,,,Y,,A,01,1,0,0,0,1,0,0,0,0,"- ","- ",,,TULARE,TULARE,-119.32221984863281,36.196678161621094
9418148,2022,2022-03-24,5405,2022-03-02,1813,259,SEC1,3,5,4,5405,0,0,0,,0,,"HENDERSON AV","MATHEW ST",0.00,,Y,A,-,N,,,,,,,,,,Y,2,0,2,2,A,-,01,23152,F,N,D,C,A,A,H,-,B,A,0,,,,,Y,Y,B,07,1,0,1,0,0,0,0,0,0,"- ","- ",36.081108093261719,-119.05921936035156,TULARE,PORTERVILLE,-119.061767578125,36.080333709716797
9418521,2022,2022-04-26,5405,2022-03-09,1858,265,SEC1,3,5,4,5405,0,0,0,,0,001,"HENDERSON AV","WOODS ST",129.00,E,N,A,-,N,,,,,,,,,,Y,2,0,4,2,-,-,"- ",,A,F,C,E,A,A,H,-,C,D,0,,,,Y,Y,Y,A,01,1,3,0,0,0,0,0,0,0,"- ","- ",36.080558776855469,-119.02754974365234,TULARE,PORTERVILLE,-119.02709197998047,36.080551147460938
9427237,2022,2022-04-15,5405,2022-03-24,0754,234,"SEC 4",4,5,4,5405,0,0,0,,0,004,"NEWCOMB AV","TOMAH AV",0.00,,Y,A,-,N,,,,,,,,,,Y,2,0,1,2,A,-,09,21802,A,N,D,C,A,A,H,-,A,A,0,,,,,Y,,A,07,1,0,0,0,0,0,0,0,0,"- ","- ",36.067668914794922,-119.052978515625,TULARE,PORTERVILLE,-119.05297088623047,36.067680358886719
9431412,2022,2022-05-06,5407,2022-03-05,0208,A363,480,6,5,5,5407,0,0,0,,0,033,"W CALDWELL AV","FAIRWAY ST",18.00,W,N,A,-,N,,,,,,,,,,N,2,0,1,2,A,-,10,21950,A,N,G,B,B,B,H,-,C,A,0,Y,,,,Y,,D,23,1,0,0,0,1,0,0,0,0,"- ","- ",,,TULARE,VISALIA,-119.31079864501953,36.298370361328125
9433386,2022,2022-08-15,5406,2022-07-29,0712,70,5406,5,5,4,5406,0,0,0,,0,,J,"SAN JOAQUIN",0.00,,Y,A,-,N,,,,,,,,,,Y,2,0,1,2,A,-,01,23152,A,F,D,C,A,A,H,-,A,A,0,,,,,Y,Y,A,01,1,0,0,0,0,0,0,0,0,"- ","- ",,,TULARE,TULARE,-119.34800720214844,36.210483551025391
94356645,2024,2024-08-16,9481,2024-08-08,1810,021903,,4,2,9,5400,0,3,5,,2,030,"ROAD 152","AVENUE 8",0.00,,Y,A,-,N,,,,,,,,,,Y,2,0,3,2,A,-,09,21802,A,N,D,2,A,A,H,-,A,A,0,,,,Y,Y,,D,22,1,0,2,0,0,0,0,0,0,"- ","- ",35.804981231689453,-119.23246002197266,TULARE,UNINCORPORATED,-119.23242950439453,35.804950714111328
94357305,2024,2024-08-16,9480,2024-08-10,1410,019048,,6,2,9,5400,0,1,3,,1,044,SR-198,"HAWK HOLLOW DRIVE",528.00,W,N,A,-,Y,TUL,,198," "," ",39.657,H,,R,N,2,0,1,1,A,-,03,22350,,N,E,I,A,A,H,-,A,D,0,,,Y,,Y,,C,02,1,0,0,0,0,0,0,0,1,"- ","- ",36.452140808105469,-118.89556121826172,TULARE,UNINCORPORATED,-118.89552307128906,36.452095031738281
94372197,2024,2024-08-27,9480,2024-08-23,"725 ",021299,,5,1,9,5400,0,1,3,,2,093,"SR-99 N/B","AVE 280",7392.00,S,N,A,-,Y,TUL,,99," "," ",34.976,H,,R,Y,2,0,1,2,A,-,03,22350,,F,C,C,A,A,H,-,A,D,0,,,Y,,Y,,C,02,1,0,0,0,0,0,0,0,1,"- ","- ",36.279579162597656,-119.373046875,TULARE,UNINCORPORATED,-119.37306976318359,36.279571533203125
94372879,2024,2024-08-28,9481,2024-08-27,"545 ",017957,,2,3,9,5400,0,3,5,,2,010,"ROAD 152","AVENUE 192",2112.00,N,N,A,-,N,,,,,,,,,,Y,2,0,4,2,A,-,08,22107,,N,A,C,A,A,H,-,D,D,0,,,,,Y,,A,01,1,2,1,0,0,0,0,0,0,"- ","- ",36.144580841064453,-119.23274993896484,TULARE,UNINCORPORATED,-119.23271942138672,36.144050598144531
94376891,2024,2024-08-30,9480,2024-05-31,1850,021370,,5,2,9,5400,0,3,5,,2,002,"AVENUE 432","ROAD 140",0.00,,Y,A,-,N,,,,,,,,,,Y,1,1,1,2,A,-,12,22450,A,N,D,C,A,A,H,-,A,A,0,,,Y,,Y,,C,06,0,0,1,0,0,0,0,1,0,"- ","- ",36.573070526123047,-119.26013946533203,TULARE,UNINCORPORATED,-119.26015472412109,36.573055267333984
94386746,2024,2024-09-09,9480,2024-08-30,1745,021971,,5,2,9,5400,0,1,3,,1,051,"SR-43 (CENTRAL VALLEY HWY)","AVENUE 144",370.00,N,N,A,-,Y,TUL,,43," ",R,20.631,H,,R,Y,2,0,3,2,A,-,01,23152,A,N,E,8,A,A,H,-,A,D,0,,,,,Y,Y,A,01,1,0,2,0,0,0,0,0,0,"- ","- ",36.051490783691406,-119.52187347412109,TULARE,UNINCORPORATED,-119.52214813232422,36.051361083984375
94388371,2024,2024-09-10,9480,2024-08-31,2154,019828,,6,2,4,5406,0,1,S,,2,901,SR-137,"MARTIN ST.",50.00,E,N,A,-,Y,TUL,,137," "," ",17.728,H,,R,Y,2,0,2,2,A,-,01,23152,A,N,B,2,A,A,H,-,C,D,0,,,,,Y,Y,D,22,1,0,1,0,0,0,0,0,0,"- ","- ",36.211250305175781,-119.30919647216797,TULARE,TULARE,-119.3092041015625,36.211231231689453
94388522,2024,2024-11-25,9480,2024-08-29,2230,020450,,4,3,9,5400,0,1,3,,1,020,"ROAD 132","LEVEE DRIVE",234.00,N,N,A,-,N,,,,,,,,,,N,2,0,2,3,A,-,05,21202,A,N,G,B,A,A,H,-,D,D,0,,Y,,,Y,,-,"- ",1,1,0,0,0,0,2,0,0,"- ","- ",36.353458404541016,-119.27890777587891,TULARE,UNINCORPORATED,,
94394208,2024,2024-09-16,9480,2024-09-01,1552,019048,,7,2,5,5407,0,1,3,,1,064,"SR-198 W/B","MOONEY BLVD",200.00,W,N,A,-,Y,TUL,,198," ",R,8.588,H,,L,N,2,0,1,2,A,-,03,22350,,N,C,C,A,A,H,-,A,D,0,,,Y,,Y,,C,02,1,0,0,0,0,0,0,0,1,"- ","- ",36.327278137207031,-119.31700897216797,TULARE,VISALIA,-119.3170166015625,36.327251434326172
94395985,2024,2024-09-16,9480,2024-09-10,"645 ",021589,,2,1,9,5400,0,1,3,,2,095,"SR-99 S/B FROM AVE 120","AVE 120",528.00,S,N,A,-,Y,,,,,,,,,,Y,2,0,2,1,A,-,08,22107,,N,F,A,A,A,H,-,A,D,0,,,,,Y,,D,22,1,1,0,0,0,0,0,0,0,"- ","- ",36.006271362304688,-119.30227661132812,TULARE,UNINCORPORATED,-119.30178833007812,36.006206512451172
94396578,2024,2024-09-17,9481,2024-09-13,2500,019162,,5,4,9,5400,0,1,3,,1,054,"NELSON DRIVE","FOREST ROUTE 21S94 (COY FLAT ROAD)",200.00,N,N,A,-,N,,,,,,,,,,N,2,0,1,1,A,-,08,22107,,N,F,A,A,A,H,-,D,D,0,,,Y,,Y,,C,06,1,0,0,0,0,0,0,0,1,"- ","- ",36.137218475341797,-118.61903381347656,TULARE,UNINCORPORATED,-118.61851501464844,36.137371063232422
94399042,2024,2024-09-18,9830,2024-09-07,1616,023087,,6,2,9,5400,0,3,5,,2,007,"SHERMAN PASS RD","FOREST SERVICE ROAD 22S29",150.00,S,N,A,-,N,,,,,,,,,,N,2,0,1,1,A,-,08,22107,,N,F,0,A,A,H,-,A,D,0,,,,,Y,,A,07,1,0,0,0,0,0,0,0,0,"- ","- ",36.028301239013672,-118.27082061767578,TULARE,UNINCORPORATED,-118.27074432373047,36.028224945068359
94399146,2024,2024-09-18,9480,2024-06-18,2051,018521,,2,2,9,5400,0,1,3,,1,032,"STATE ROUTE 190 (AVENUE 144)","BURNETT ROAD",0.00,,Y,A,-,Y,,,,,,,,,,Y,1,1,0,2,A,-,12,22450,A,N,D,C,A,A,H,-,B,A,0,,,,Y,Y,Y,G,25,0,0,0,0,0,0,0,0,0,"- ","- ",36.051300048828125,-119.31266021728516,TULARE,UNINCORPORATED,-119.31268310546875,36.051273345947266
94399283,2024,2024-09-18,9480,2024-09-06,"515 ",019828,,5,3,9,5400,0,3,5,,2,004,"RD 132","ST. JOHN'S PARKWAY",1056.00,N,N,A,-,N,,,,,,,,,,N,2,0,1,2,A,-,11,21954,A,F,G,B,D,A,H,-,D,D,0,Y,,,,Y,,N,60,1,0,0,0,1,0,0,0,0,"- ","- ",36.353431701660156,-119.2789306640625,TULARE,UNINCORPORATED,,
94404513,2024,2024-09-23,9480,2024-09-14,"135 ",021903,,6,3,9,5400,0,1,3,,1,064,"SR-198 (W/B)",SR-99,1115.00,E,N,A,-,Y,TUL,,198," ",R,4.074,H,,L,Y,2,0,1,1,A,-,03,22350,,N,F,A,A,A,H,-,D,D,0,,,Y,,Y,Y,C,02,1,0,0,0,0,0,0,0,1,"- ","- ",36.327529907226562,-119.40297698974609,TULARE,UNINCORPORATED,-119.40296936035156,36.327552795410156
94408969,2024,2024-09-26,9481,2024-09-22,1755,021234,,7,2,9,5400,0,3,5,,2,050,"GIBBONS AVENUE","PLANO STREET",172.00,W,N,A,-,N,,,,,,,,,,N,2,0,2,2,C,-,18,,,N,E,9,E,A,H,-,A,D,0,Y,,,,Y,,-,"- ",1,0,1,0,1,0,0,0,0,"- ","- ",36.040470123291016,-119.00894927978516,TULARE,UNINCORPORATED,-119.00907135009766,36.040435791015625
94409997,2024,2024-09-26,9480,2024-07-03,2200,022328,,3,3,9,5400,0,3,5,,2,005,"ROAD 128","AVENUE 32",1584.00,S,N,A,-,N,,,,,,,,,,Y,1,1,0,2,A,-,01,23152,F,N,B,C,A,A,H,-,D,D,0,,,,,Y,,A,08,0,0,0,0,0,0,0,0,0,"- ","- ",35.844070434570312,-119.28592681884766,TULARE,UNINCORPORATED,-119.28591156005859,35.843902587890625
94410009,2024,2024-09-26,9480,2024-07-30,"752 ",021628,,2,1,9,5400,0,1,3,,1,010,"STATE ROUTE 201 (AVENUE 400)","ROAD 74",1584.00,W,N,A,-,Y,TUL,,201," "," ",6.892,H,,R,Y,1,1,1,2,A,-,08,22107,,N,A,C,A,A,H,-,A,D,0,,,,,Y,,A,01,1,0,0,0,0,0,0,0,0,"- ","- ",36.517181396484375,-119.41375732421875,TULARE,UNINCORPORATED,-119.41375732421875,36.517124176025391
94410866,2024,2024-09-27,9480,2024-09-20,"752 ",017108,,5,1,9,5400,0,3,5,,2,006,"FIR STREET","HILLCREST DR",28.00,E,N,A,-,N,,,,,,,,,,Y,2,0,3,2,A,-,09,21801,A,N,D,C,A,A,G,-,A,D,0,,,,,Y,,A,08,1,2,0,0,0,0,0,0,0,"- ","- ",36.221569061279297,-119.08162689208984,TULARE,UNINCORPORATED,-119.08168792724609,36.221572875976562
94411224,2024,2024-09-27,9480,2024-09-05,"525 ",016995,,4,3,9,5400,0,1,3,,1,030,"STATE ROUTE 137","ROAD 24",528.00,W,N,A,-,Y,TUL,,137," "," ",1.137,H,,R,Y,2,0,2,2,A,-,08,22107,,F,D,C,A,A,H,-,B,D,0,,,,,Y,,D,22,1,0,1,0,0,0,0,0,0,"- ","- ",36.130828857421875,-119.52071380615234,TULARE,UNINCORPORATED,-119.52072143554688,36.130840301513672
94411803,2024,2024-09-30,9481,2024-09-23,"735 ",019162,,1,1,9,5400,0,1,3,,1,054,"STATE ROUTE 190","WILD TURKEY WAY",5808.00,E,N,A,-,Y,TUL,,190," "," ",34.063,H,,R,Y,2,0,1,1,A,-,08,22107,,N,F,A,A,A,H,-,A,D,0,,,,Y,Y,,F,24,1,0,0,0,0,0,0,0,0,"- ","- ",36.133148193359375,-118.78652954101562,TULARE,UNINCORPORATED,-118.78652954101562,36.133167266845703
94414773,2024,2024-10-28,9480,2024-09-23,"310 ",022131,,1,3,5,5407,0,1,3,,1,064,"SR-198 (W/B)","SHIRK ROAD",300.00,W,N,A,-,Y,TUL,,198," "," ",5.744,H,,R,Y,2,0,2,2,A,-,01,23152,A,N,C,C,A,A,H,-,D,D,0,,,,,Y,Y,A,01,1,0,1,0,0,0,0,0,0,"- ","- ",36.3272705078125,-119.36797332763672,TULARE,VISALIA,-119.36797332763672,36.327106475830078
94422991,2024,2024-10-08,9480,2024-08-27,2233,021249,,2,3,9,5400,0,1,3,,2,095,"STATE ROUTE 99 S/B","AVENUE 120",280.00,N,N,A,-,Y,TUL,,99," "," ",15.478,H,,L,Y,1,1,0,1,A,-,08,22107,,N,E,I,A,A,H,-,D,D,0,,,,,Y,,A,01,0,0,0,0,0,0,0,0,0,"- ","- ",36.009208679199219,-119.30259704589844,TULARE,UNINCORPORATED,-119.30253601074219,36.009227752685547
94426165,2024,2024-10-10,9480,2024-09-17,1915,016240,,2,2,9,5400,0,1,3,,2,093,"SR-99 N/B","K STREET",1003.00,N,N,A,-,Y,TUL,,99," "," ",25.627,H,,R,Y,2,0,1,2,A,-,03,22350,,N,C,C,A,A,D,-,A,D,0,,,,Y,Y,,D,22,1,0,0,0,0,0,0,0,0,"- ","- ",36.153900146484375,-119.33161926269531,TULARE,UNINCORPORATED,-119.33175659179688,36.153873443603516
94429480,2024,2024-10-14,9480,2024-09-14,2005,021660,,6,2,9,5400,0,1,3,,1,021,"SR-63 S/B","AVENUE 324",383.00,N,N,A,-,Y,TUL,,63," "," ",11.707,H,,L,N,2,0,1,2,A,-,08,22107,,F,G,B,E,A,H,-,D,D,0,Y,,,,Y,,-,99,1,0,0,0,1,0,0,0,0,"- ","- ",36.379428863525391,-119.29689788818359,TULARE,UNINCORPORATED,-119.29688262939453,36.379428863525391
94430487,2024,2024-10-14,9480,2024-10-04,2157,022376,,5,2,9,5400,0,3,5,,2,002,"RD 144","AVE 284",0.00,,Y,A,-,N,,,,,,,,,,Y,2,0,1,1,A,-,12,22450,A,N,E,I,A,A,H,-,C,D,0,,,,,Y,,D,22,1,0,0,0,0,0,0,0,0,"- ","- ",36.486278533935547,-119.25050354003906,TULARE,UNINCORPORATED,,
94436269,2024,2024-10-18,9480,2024-10-03,1905,021682,,4,2,9,5400,0,3,5,,2,004,"ROAD 160","AVENUE 328",75.00,N,N,A,-,N,,,,,,,,,,N,2,0,1,2,A,-,11,21954,A,N,G,B,D,A,H,-,D,D,0,Y,,,,Y,,N,60,1,0,0,0,1,0,0,0,0,"- ","- ",36.385318756103516,-119.21572875976562,TULARE,UNINCORPORATED,-119.21562194824219,36.38507080078125
94448162,2024,2024-10-28,9480,2024-08-11,"911 ",021687,,7,1,9,5400,0,3,5,,2,003,"ROAD 68","AVENUE 288",2640.00,N,N,A,-,N,,,,,,,,,,N,1,1,0,2,A,-,08,22107,,F,C,G,A,A,H,-,A,D,0,,Y,,,Y,,A,01,0,0,0,0,0,1,0,0,0,"- ","- ",36.321048736572266,-119.42138671875,TULARE,UNINCORPORATED,-119.42144012451172,36.319744110107422
94455853,2024,2024-12-13,9480,2024-10-27,"125 ",022293,,7,3,9,5400,0,1,3,,1,021,SR-63,"ROAD 124",0.00,,Y,A,-,Y,TUL,,63," ",R,18.025,H,,R,Y,2,0,4,3,A,-,09,21801,A,N,A,C,A,A,H,-,D,D,0,,,,,Y,,A,01,3,0,1,0,0,0,0,0,0,"- ","- ",36.471038818359375,-119.294921875,TULARE,UNINCORPORATED,-119.29486083984375,36.471031188964844
94461836,2024,2024-11-07,9480,2024-02-10,"49  ",021687,,6,3,9,5400,0,1,3,,1,034,"SR-99 N/B TO SR-198 W/B","STATE ROUTE 99 NORTHBOUND",297.00,E,N,B,-,Y,TUL,,198," ",R,3.789,H,,L,Y,1,1,3,2,A,-,01,23152,A,N,A,C,A,A,H,-,C,D,0,,,,,Y,Y,A,01,3,0,0,0,0,0,0,0,0,"- ","- ",36.328891754150391,-119.4078369140625,TULARE,UNINCORPORATED,-119.40782165527344,36.328960418701172
94466509,2024,2024-11-12,9480,2024-11-03,1227,018204,,7,1,9,5400,0,3,5,,2,002,"AVENUE 328","ROAD 108",50.00,E,N,B,-,N,,,,,,,,,,Y,2,0,5,3,A,-,01,23152,A,N,C,C,A,A,H,-,A,A,0,,,,,Y,Y,D,22,1,0,4,0,0,0,0,0,0,"- ","- ",36.385490417480469,-119.33173370361328,TULARE,UNINCORPORATED,-119.33203887939453,36.385471343994141
94467354,2024,2024-11-13,9481,2024-11-06,"915 ",019162,,3,1,9,5400,0,3,5,,2,050,"ROAD 248","AVENUE 100",15.00,S,N,A,-,N,,,,,,,,,,Y,2,0,1,2,A,-,09,21802,A,N,C,C,A,A,H,-,A,A,0,,,,,Y,,A,01,1,0,0,0,0,0,0,0,0,"- ","- ",35.971408843994141,-119.01809692382812,TULARE,UNINCORPORATED,-119.01805877685547,35.971439361572266
94470202,2024,2024-11-14,9480,2024-11-06,1254,019349,,3,1,9,5400,0,3,5,,2,003,"AVENUE 152","ROAD 140",0.00,,Y,A,-,N,,,,,,,,,,Y,2,0,1,1,A,-,01,23152,A,N,E,8,A,A,H,-,A,A,0,,,,,Y,Y,A,07,1,0,0,0,0,0,0,0,0,"- ","- ",36.065601348876953,-119.25911712646484,TULARE,UNINCORPORATED,-119.25916290283203,36.065727233886719
94471885,2024,2024-11-18,9480,2024-11-02,1315,021299,,6,1,9,5400,0,1,3,,2,093,"SR-99 N/B","PAIGE AVE",4171.00,S,N,A,-,Y,TUL,,99," "," ",26.781,H,,R,Y,2,0,3,2,A,-,03,22350,,N,C,2,A,A,D,-,A,D,0,,,,,Y,,A,07,1,2,0,0,0,0,0,0,0,"- ","- ",36.170440673828125,-119.33043670654297,TULARE,UNINCORPORATED,-119.33043670654297,36.170440673828125
94471887,2024,2024-11-18,9480,2024-11-08,1725,021299,,5,2,9,5400,0,3,5,,2,003,"AVE 280","RD 44",1010.00,E,N,A,-,N,,,,,,,,,,Y,2,0,3,2,A,-,03,22350,,N,C,C,A,A,H,-,D,D,0,,,,,Y,,D,22,2,1,0,0,0,0,0,0,0,"- ","- ",36.297840118408203,-119.47080230712891,TULARE,UNINCORPORATED,,
94475035,2024,2024-11-19,9480,2024-11-09,"10  ",021628,,6,3,9,5400,0,1,3,,2,091,"STATE ROUTE 99 (S/B)","BETTY DRIVE",1056.00,N,N,A,-,Y,TUL,,99," "," ",41.204,H,,L,Y,2,0,1,1,A,-,08,22107,,N,F,A,A,A,H,-,C,D,0,,,,,Y,,A,01,1,0,0,0,0,0,0,0,0,"- ","- ",36.356460571289062,-119.42854309082031,TULARE,UNINCORPORATED,-119.42844390869141,36.356468200683594
94477393,2024,2024-11-20,9481,2024-11-14,1400,018595,,4,2,9,5400,0,1,3,,1,053,"STATE ROUTE 190","SUCCESS VALLEY DRIVE",2640.00,E,N,A,-,Y,TUL,,190," "," ",24.974,H,,R,Y,2,0,2,2,A,-,06,21750,A,N,D,C,A,A,H,-,A,D,0,,,Y,,Y,,C,02,1,1,0,0,0,0,0,0,1,"- ","- ",36.086078643798828,-118.89299774169922,TULARE,UNINCORPORATED,-118.89301300048828,36.086086273193359
94480852,2024,2024-11-22,9481,2024-11-14,"900 ",018595,,4,1,9,5400,0,3,5,,2,030,"ROAD 208","AVENUE 96",0.00,,Y,A,-,N,,,,,,,,,,Y,2,0,4,2,A,-,12,22450,,N,D,2,A,A,H,-,A,A,0,,,,Y,Y,,A,01,3,0,1,0,0,0,0,0,0,"- ","- ",35.964328765869141,-119.10746002197266,TULARE,UNINCORPORATED,-119.107421875,35.964286804199219
94501584,2024,2024-12-13,9480,2024-12-07,"37  ",021589,,6,3,9,5400,0,3,5,,2,004,"AVE 328","RD 142",50.00,E,N,E,-,N,,,,,,,,,,Y,2,0,2,2,A,-,01,23152,A,N,A,2,A,A,H,-,D,D,0,,,,,Y,Y,D,22,2,0,0,0,0,0,0,0,0,"- ","- ",36.385410308837891,-119.25608825683594,TULARE,UNINCORPORATED,-119.25623321533203,36.385398864746094
94514009,2024,2024-12-23,9481,2024-12-13,1815,022157,,5,2,9,5400,0,1,3,,1,037,SR-65,"AVENUE 56",675.00,S,N,A,-,Y,TUL,,65," ",R,6.854,H,,R,Y,2,0,3,3,A,-,01,23152,A,N,C,C,A,A,H,-,D,A,0,,,,,Y,Y,D,22,1,1,1,0,0,0,0,0,0,"- ","- ",35.889820098876953,-119.053466796875,TULARE,UNINCORPORATED,-119.05348968505859,35.889820098876953