CASE_ID,ACCIDENT_YEAR,PROC_DATE,JURIS,COLLISION_DATE,COLLISION_TIME,OFFICER_ID,REPORTING_DISTRICT,DAY_OF_WEEK,CHP_SHIFT,POPULATION,CNTY_CITY_LOC,SPECIAL_COND,BEAT_TYPE,CHP_BEAT_TYPE,CITY_DIVISION_LAPD,CHP_BEAT_CLASS,BEAT_NUMBER,PRIMARY_RD,SECONDARY_RD,DISTANCE,DIRECTION,INTERSECTION,WEATHER_1,WEATHER_2,STATE_HWY_IND,CALTRANS_COUNTY,CALTRANS_DISTRICT,STATE_ROUTE,ROUTE_SUFFIX,POSTMILE_PREFIX,POSTMILE,LOCATION_TYPE,RAMP_INTERSECTION,SIDE_OF_HWY,TOW_AWAY,COLLISION_SEVERITY,NUMBER_KILLED,NUMBER_INJURED,PARTY_COUNT,PRIMARY_COLL_FACTOR,PCF_CODE_OF_VIOL,PCF_VIOL_CATEGORY,PCF_VIOLATION,PCF_VIOL_SUBSECTION,HIT_AND_RUN,TYPE_OF_COLLISION,MVIW,PED_ACTION,ROAD_SURFACE,ROAD_COND_1,ROAD_COND_2,LIGHTING,CONTROL_DEVICE,CHP_ROAD_TYPE,PEDESTRIAN_ACCIDENT,BICYCLE_ACCIDENT,MOTORCYCLE_ACCIDENT,TRUCK_ACCIDENT,NOT_PRIVATE_PROPERTY,ALCOHOL_INVOLVED,STWD_VEHTYPE_AT_FAULT,CHP_VEHTYPE_AT_FAULT,COUNT_SEVERE_INJ,COUNT_VISIBLE_INJ,COUNT_COMPLAINT_PAIN,COUNT_PED_KILLED,COUNT_PED_INJURED,COUNT_BICYCLIST_KILLED,COUNT_BICYCLIST_INJURED,COUNT_MC_KILLED,COUNT_MC_INJURED,PRIMARY_RAMP,SECONDARY_RAMP,LATITUDE,LONGITUDE,COUNTY,CITY,POINT_X,POINT_Y
94515027,2024,2024-12-24,9481,2024-12-22,2139,019578,,7,2,9,5400,0,1,3,,1,032,"STATE ROUTE 190 (AVENUE 144)","ROAD 168",2640.00,W,N,A,-,Y,TUL,,190," "," ",5.918,H,,R,Y,2,0,1,1,A,-,01,23152,F,N,E,8,A,A,H,-,D,D,0,,,,,Y,,A,01,1,0,0,0,0,0,0,0,0,"- ","- ",36.05126953125,-119.20630645751953,TULARE,UNINCORPORATED,-119.20630645751953,36.051254272460938
94519656,2024,2024-12-30,9480,2024-12-21,2240,022293,,6,3,9,5400,0,3,5,,2,002,"AVENUE 416","ROAD 112",0.00,,Y,A,-,N,,,,,,,,,,N,2,0,1,2,A,-,08,22107,,N,G,B,E,A,H,-,C,D,0,Y,,,,Y,,A,01,1,0,0,0,1,0,0,0,0,"- ","- ",36.545269012451172,-119.32273101806641,TULARE,UNINCORPORATED,,
94527121,2024,2025-01-27,9480,2024-07-13,"903 ",022131,,6,1,9,5400,0,1,3,,2,095,"STATE ROUTE 99 NORTHBOUND","AVENUE 96",230.00,S,N,B,-,Y,TUL,,99," "," ",12.278,H,,R,Y,1,1,2,1,A,-,08,22107,,N,E,8,A,A,H,-,A,D,0,,,,,Y,,A,07,1,1,0,0,0,0,0,0,0,"- ","- ",35.964069366455078,-119.29049682617188,TULARE,UNINCORPORATED,-119.29044342041016,35.964080810546875
94528280,2024,2025-01-07,9480,2024-12-30,1940,021589,,1,2,9,5400,0,1,3,,1,021,"SR-63 (RD 128)","ALBERT AVE",120.00,S,N,A,-,Y,TUL,,63," "," ",22.947,H,,R,N,2,0,1,2,A,-,05,21650,,N,H,G,A,A,H,-,D,D,0,,Y,,,Y,Y,L,04,1,0,0,0,0,0,1,0,0,"- ","- ",36.535728454589844,-119.28678894042969,TULARE,UNINCORPORATED,-119.28684234619141,36.535732269287109
94530591,2025,2025-01-08,9480,2025-01-01,1905,016240,,3,2,9,5400,0,3,5,,2,001,"ROAD 80","AVENUE 320",70.00,N,N,A,-,N,,,,,,,,,,Y,2,0,1,1,A,-,01,23152,A,N,E,8,A,A,H,-,C,A,0,,,,,Y,Y,A,01,1,0,0,0,0,0,0,0,0,"- ","- ",36.371051788330078,-119.39482116699219,TULARE,UNINCORPORATED,-119.39472198486328,36.371040344238281
94536719,2025,2025-01-14,9481,2025-01-06,1505,020238,,1,2,9,5400,0,3,5,,2,010,"AVENUE 184","ROAD 224",0.00,,Y,A,-,N,,,,,,,,,,Y,2,0,4,2,A,-,12,22450,A,N,D,C,A,A,H,-,A,A,0,,,,,Y,,A,01,1,0,3,0,0,0,0,0,0,"- ","- ",36.123470306396484,-119.07182312011719,TULARE,UNINCORPORATED,-119.07181549072266,36.123497009277344
94547986,2025,2025-01-23,9481,2025-01-10,"835 ",020784,,5,1,9,5400,0,3,5,,2,050,"AVENUE 95","ROAD 256",0.00,,Y,A,-,N,,,,,,,,,,Y,1,2,1,2,A,-,09,21802,A,N,D,C,A,A,H,-,A,A,0,,,,Y,Y,,A,01,0,0,1,0,0,0,0,0,0,"- ","- ",35.962379455566406,-118.99993896484375,TULARE,UNINCORPORATED,-118.99985504150391,35.962371826171875
94549281,2025,2025-02-06,9480,2025-01-21,"855 ",016723,,2,1,9,5400,0,3,5,,2,002,"MONSON DRIVE","AVENUE 388",0.00,,Y,A,-,N,,,,,,,,,,Y,2,0,2,2,A,-,09,21801,A,N,D,C,A,A,H,-,A,D,0,,,,,Y,,D,22,1,1,0,0,0,0,0,0,0,"- ","- ",36.494480133056641,-119.33937835693359,TULARE,UNINCORPORATED,-119.34069061279297,36.494522094726562
9455080,2022,2022-06-30,5407,2022-05-27,2148,A348,480,5,5,5,5407,0,0,0,,0,011,"W RIGGIN AV","N AKERS ST",186.00,W,N,A,-,N,,,,,,,,,,Y,2,0,1,2,A,-,03,22350,,N,C,C,A,A,H,-,C,A,0,,,,,Y,,A,07,1,0,0,0,0,0,0,0,0,"- ","- ",36.356521606445312,-119.34995269775391,TULARE,VISALIA,-119.35060882568359,36.356521606445312
9455124,2022,2022-06-30,5407,2022-05-22,0052,A354,480,7,5,5,5407,0,0,0,,0,012,"S CHINOWTH ST","W WALNUT AV",0.00,,N,A,-,N,,,,,,,,,,N,2,0,1,2,D,-,00,,,F,G,B,E,A,H,-,C,A,0,Y,,,,Y,Y,-,"- ",1,0,0,0,1,0,0,0,0,"- ","- ",36.312801361083984,-119.33615875244141,TULARE,VISALIA,-119.33615875244141,36.31280517578125
94552550,2025,2025-01-28,9480,2025-01-14,1213,018861,,2,1,9,5400,0,1,3,,2,093,"STATE ROUTE 99 N/B","AVENUE 280",10.00,S,N,A,-,Y,TUL,,99," "," ",36.402,H,,R,Y,2,0,3,2,A,-,01,23152,G,N,B,C,A,A,H,-,A,D,0,,,,,Y,Y,D,22,2,1,0,0,0,0,0,0,0,"- ","- ",36.298061370849609,-119.38443756103516,TULARE,UNINCORPORATED,-119.38445281982422,36.298053741455078
94562741,2025,2025-02-03,9480,2025-01-30,1221,019932,,4,1,9,5400,0,1,3,,2,095,"STATE ROUTE 99 S/B","AVENUE 76",490.00,S,N,A,-,Y,TUL,,99," "," ",9.627,H,,L,Y,2,0,1,1,A,-,08,22107,,N,E,I,A,A,H,-,A,D,0,,,,,Y,,D,22,1,0,0,0,0,0,0,0,0,"- ","- ",35.926651000976562,-119.28192138671875,TULARE,UNINCORPORATED,-119.28196716308594,35.926647186279297
94571450,2025,2025-02-10,9480,2025-02-01,"840 ",019349,,6,1,9,5400,0,1,3,,2,091,"STATE ROUTE 99 NB","AVENUE 384",2746.00,N,N,A,-,Y,TUL,,99," "," ",52.324,H,,R,Y,2,0,1,3,A,-,08,22107,,N,C,C,A,A,H,-,A,D,0,,,,Y,Y,,A,07,1,0,0,0,0,0,0,0,0,"- ","- ",36.494621276855469,-119.52597045898438,TULARE,UNINCORPORATED,-119.52601623535156,36.49456787109375
94574445,2024,2025-02-11,9480,2024-12-09,1408,017291,,1,2,9,5400,0,1,3,,1,064,"STATE ROUTE 198 (EASTBOUND)","STATE ROUTE 99",207.00,E,N,A,-,Y,TUL,,198," ",R,3.899,H,,R,Y,1,1,3,2,A,-,07,21658,A,N,D,C,A,A,H,-,A,D,0,,,,Y,Y,,F,24,1,1,1,0,0,0,0,0,0,"- ","- ",36.326198577880859,-119.40576171875,TULARE,UNINCORPORATED,-119.40576171875,36.32623291015625
94574548,2024,2025-02-12,9480,2024-12-14,1833,022868,,6,2,9,5400,0,1,3,,1,065,"STATE ROUTE 65","MARINETTE AVENUE",0.00,,Y,A,-,Y,TUL,,65," "," ",38.570,H,,R,Y,1,1,2,2,A,-,12,22450,A,N,D,2,A,A,H,-,D,A,0,,,,,Y,,D,22,0,1,1,0,0,0,0,0,0,"- ","- ",36.311569213867188,-119.13526916503906,TULARE,UNINCORPORATED,-119.13526153564453,36.311569213867188
94575097,2025,2025-02-12,9480,2025-01-31,"925 ",019543,,5,1,9,5400,0,3,5,,2,002,"AVE 328","RD 100",3168.00,W,N,A,-,N,,,,,,,,,,Y,2,0,2,3,A,-,00,22017,,N,A,C,A,A,H,-,A,D,0,,,,Y,Y,,A,07,1,0,1,0,0,0,0,0,0,"- ","- ",36.385280609130859,-119.35653686523438,TULARE,UNINCORPORATED,-119.36080932617188,36.385337829589844
94588457,2025,2025-02-24,9480,2025-01-24,"830 ",017108,,5,1,9,5400,0,3,5,,2,006,"AVENUE 280 (CALDELL AVENUE)","SHIRK ROAD (ROAD 92)",1530.00,W,N,A,-,N,,,,,,,,,,Y,1,1,0,2,A,-,08,22107,,N,A,C,A,A,H,-,A,D,0,,,,,Y,,A,01,0,0,0,0,0,0,0,0,0,"- ","- ",36.298038482666016,-119.37232971191406,TULARE,UNINCORPORATED,-119.37255859375,36.298137664794922
9459562,2022,2022-07-26,5406,2022-05-14,1103,83,5406,6,5,4,5406,0,0,0,,0,0ES,"COMMERCIAL AV","TURNER DR",0.00,,Y,A,-,N,,,,,,,,,,Y,1,1,0,3,A,-,12,22450,A,N,D,C,A,A,H,-,A,A,0,,,,,Y,,A,01,0,0,0,0,0,0,0,0,0,"- ","- ",,,TULARE,TULARE,-119.30995941162109,36.179317474365234
9459573,2022,2022-06-20,5407,2022-04-08,1822,C59,480,5,5,5,5407,0,0,0,,0,011,"N AKERS","W HURLEY",510.00,S,N,A,-,N,,,,,,,,,,Y,2,0,2,2,A,-,03,22350,,N,D,C,A,A,H,-,A,A,0,,,,Y,Y,,A,01,1,0,1,0,0,0,0,0,0,"- ","- ",,,TULARE,VISALIA,-119.349853515625,36.333091735839844
94596320,2025,2025-04-08,9480,2025-01-10,"930 ",019543,,5,1,9,5400,0,3,5,,2,005,"ROAD 124","AVENUE 120",0.00,,Y,A,-,N,,,,,,,,,,Y,1,2,0,2,A,-,01,23152,A,N,D,C,A,A,H,-,A,A,0,,,,Y,Y,Y,A,01,0,0,0,0,0,0,0,0,0,"- ","- ",36.007648468017578,-119.29489135742188,TULARE,UNINCORPORATED,-119.29490661621094,36.007659912109375
9459689,2022,2022-06-16,5407,2022-04-20,1706,C60,480,3,5,5,5407,0,0,0,,0,026,"N BURKE ST","E DOUGLAS AV",362.00,S,N,A,-,N,,,,,,,,,,N,2,0,1,2,A,-,21,22106,,N,D,C,A,A,H,-,A,A,0,,,Y,,Y,,A,01,1,0,0,0,0,0,0,0,1,"- ","- ",36.336189270019531,-119.28337860107422,TULARE,VISALIA,-119.28338623046875,36.337177276611328
94597198,2025,2025-03-05,9480,2025-01-24,1845,022173,,5,2,9,5400,0,3,5,,2,002,"ROAD 120","AVENUE 424",0.00,,Y,A,-,N,,,,,,,,,,Y,1,1,0,2,A,-,09,21802,A,N,D,C,A,A,H,-,D,A,0,,,,Y,Y,,A,01,0,0,0,0,0,0,0,0,0,"- ","- ",36.5594482421875,-119.30503082275391,TULARE,UNINCORPORATED,-119.30500793457031,36.559402465820312
94607729,2024,2025-03-18,9480,2024-04-24,"310 ",018521,,3,3,9,5400,0,1,3,,2,091,"STATE ROUTE 99 (NORTHBOUND)","BETTY DRIVE",430.00,N,N,A,-,Y,TUL,,99," "," ",40.904,H,,R,Y,1,1,1,2,A,-,01,23152,G,N,A,C,A,A,H,-,C,D,0,,,,,Y,Y,A,01,1,0,0,0,0,0,0,0,0,"- ","- ",36.352100372314453,-119.427490234375,TULARE,UNINCORPORATED,-119.42745208740234,36.352108001708984
94613048,2025,2025-03-21,9480,2025-01-10,1917,021682,,5,2,9,5400,0,1,3,,2,095,"STATE ROUTE 99 NORTHBOUND","AVENUE 24",2482.00,S,N,A,-,Y,TUL,,99," "," ",2.596,H,,R,N,1,1,0,2,A,-,11,21956,A,N,G,B,E,A,H,-,D,D,0,Y,,,Y,Y,Y,N,60,0,0,0,1,0,0,0,0,0,"- ","- ",35.827159881591797,-119.2587890625,TULARE,UNINCORPORATED,-119.25876617431641,35.827163696289062
94625965,2024,2025-03-25,9480,2024-12-06,2053,019828,,5,2,9,5400,0,1,3,,1,060,"STATE ROUTE 137","ROAD 168",3168.00,E,N,E,-,Y,TUL,,137," "," ",24.523,H,,R,Y,1,1,2,2,A,-,05,21650,,N,A,C,A,A,H,-,D,D,0,,,,,Y,,A,01,2,0,0,0,0,0,0,0,0,"- ","- ",36.210769653320312,-119.18760681152344,TULARE,UNINCORPORATED,-119.18760681152344,36.210769653320312
94631742,2025,2025-03-31,9481,2025-03-24,"355 ",021227,,1,3,9,5400,0,1,3,,1,012,"STATE ROUTE 65 SOUTHBOUND","DRIVE 216",2112.00,S,N,A,-,Y,TUL,,65," "," ",27.644,H,,L,Y,2,0,3,1,A,-,01,23152,A,N,E,I,A,A,H,-,D,D,0,,,,,Y,Y,A,07,1,1,1,0,0,0,0,0,0,"- ","- ",36.179561614990234,-119.08924865722656,TULARE,UNINCORPORATED,-119.08930206298828,36.179542541503906
94632835,2025,2025-04-01,9481,2025-02-22,1828,021948,,6,2,9,5400,0,1,3,,1,032,"STATE ROUTE 190 (AVENUE 144)","ROAD 192",241.00,E,N,A,-,Y,TUL,,190," "," ",9.523,H,,R,N,1,1,0,2,A,-,11,21954,A,N,G,B,D,A,H,-,D,D,0,Y,,,,Y,,N,60,0,0,0,1,0,0,0,0,0,"- ","- ",36.05120849609375,-119.1422119140625,TULARE,UNINCORPORATED,-119.1422119140625,36.051239013671875
94633324,2025,2025-04-01,9480,2025-03-21,1715,022387,,5,2,9,5400,0,3,5,,2,006,SR-137,"FARMERSVILLE BLVD",0.00,,Y,A,-,Y,TUL,,137," "," ",23.901,H,,R,Y,2,0,2,3,A,-,09,21802,A,N,D,C,A,A,H,-,A,A,0,,,,,Y,,A,07,1,0,1,0,0,0,0,0,0,"- ","- ",36.210750579833984,-119.19876861572266,TULARE,UNINCORPORATED,-119.19876861572266,36.210700988769531
94634705,2025,2025-04-02,9480,2025-01-21,"25  ",022376,,2,3,9,5400,0,1,3,,1,032,"STATE ROUTE 190","BURNETT DRIVE",0.00,,Y,A,-,Y,,,,,,,,,,Y,1,1,0,1,A,-,01,23152,F,N,E,0,A,A,H,-,C,D,0,,,,,Y,,A,01,0,0,0,0,0,0,0,0,0,"- ","- ",36.051239013671875,-119.31260681152344,TULARE,UNINCORPORATED,-119.31268310546875,36.051273345947266
94639415,2025,2025-04-07,9481,2025-03-27,"134 ",022423,,4,3,4,5405,0,1,3,,1,037,"STATE ROUTE 65 N/B","OLIVE AVENUE",2323.00,S,N,A,-,Y,TUL,,65," "," ",18.711,H,,R,Y,2,0,1,1,A,-,01,23152,A,N,B,8,A,A,H,-,D,D,0,,,,,Y,Y,A,01,1,0,0,0,0,0,0,0,0,"- ","- ",36.05950927734375,-119.03920745849609,TULARE,PORTERVILLE,-119.03924560546875,36.05950927734375
94644178,2025,2025-04-10,9480,2025-04-06,1840,021589,,7,2,9,5400,0,1,3,,1,044,SR-198,"HORSE CREEK RD",2112.00,E,N,A,-,Y,TUL,,198," "," ",33.912,H,,R,Y,2,0,1,3,A,-,08,22107,,N,B,C,A,A,H,-,A,D,0,,,Y,,Y,,C,02,1,0,0,0,0,0,0,0,1,"- ","- ",36.394111633300781,-118.94743347167969,TULARE,UNINCORPORATED,-118.94741821289062,36.394115447998047
94645166,2025,2025-04-10,9480,2025-04-02,1542,020612,,3,2,9,5400,0,3,5,,2,006,"SHIRK ROAD","AVENUE 280",1620.00,N,N,A,-,N,,,,,,,,,,N,2,0,2,2,A,-,09,21801,A,N,A,C,A,A,H,-,A,D,0,,,,,Y,,D,22,1,0,1,0,0,0,0,0,0,"- ","- ",36.302738189697266,-119.36743927001953,TULARE,UNINCORPORATED,-119.36742401123047,36.302665710449219
94645233,2025,2025-04-10,9480,2025-04-03,1418,016723,,4,2,9,5400,0,1,3,,1,021,"STATE ROUTE 63","AVENUE 368",0.00,,Y,A,-,Y,TUL,,63," "," ",17.109,H,,R,Y,2,0,3,2,A,-,09,21802,A,N,D,C,A,A,H,-,A,A,0,,,,,Y,,A,01,1,0,2,0,0,0,0,0,0,"- ","- ",36.457729339599609,-119.29543304443359,TULARE,UNINCORPORATED,-119.29544830322266,36.457729339599609
94656407,2025,2025-04-21,9480,2025-04-09,"836 ",017713,,3,1,9,5400,0,1,3,,2,093,"SR-99 N/B","AVE. 184",1360.00,S,N,A,-,Y,TUL,,99," "," ",23.216,H,,R,Y,2,0,5,1,A,-,08,22107,,N,E,I,A,A,H,-,A,D,0,,,,,Y,,A,01,1,4,0,0,0,0,0,0,0,"- ","- ",36.119541168212891,-119.32422637939453,TULARE,UNINCORPORATED,-119.32430267333984,36.119537353515625
94673036,2025,2025-05-02,9481,2025-04-19,1804,022423,,6,2,9,5400,0,3,5,,2,050,"AVENUE 84","ROAD 240",42.00,W,N,A,-,N,,,,,,,,,,N,2,0,1,1,A,-,08,22107,,N,H,A,A,A,H,-,A,D,0,,,Y,,Y,,C,06,1,0,0,0,0,0,0,0,1,"- ","- ",35.942401885986328,-119.03632354736328,TULARE,UNINCORPORATED,-119.03627014160156,35.942359924316406
94680324,2025,2025-05-08,9481,2025-04-28,1730,019578,,1,2,9,5400,0,3,5,,2,030,"AVENUE 96","ROAD 152",1584.00,E,N,A,-,N,,,,,,,,,,Y,2,0,2,1,A,-,08,22107,,F,F,A,A,A,H,-,A,D,0,,,,,Y,,D,22,1,1,0,0,0,0,0,0,0,"- ","- ",35.964340209960938,-119.22567749023438,TULARE,UNINCORPORATED,-119.22737121582031,35.964393615722656
94693939,2025,2025-05-20,9480,2025-04-28,2230,021249,,1,3,9,5400,0,3,5,,2,004,"AVENUE 300","ROAD 200",90.00,W,N,A,-,N,,,,,,,,,,Y,2,0,2,1,A,-,01,23152,A,F,F,A,A,A,H,-,D,D,0,,,,,Y,Y,A,07,1,1,0,0,0,0,0,0,0,"- ","- ",36.33319091796875,-119.12612152099609,TULARE,UNINCORPORATED,-119.12607574462891,36.333206176757812
94698802,2024,2025-05-23,9480,2024-09-27,"555 ",019543,,5,3,9,5400,0,1,3,,1,021,"STATE ROUTE 63","AVENUE 392",8.00,N,N,A,-,Y,TUL,,63," "," ",20.574,H,,R,Y,1,1,0,2,C,-,18,,,N,G,B,E,A,H,-,D,D,0,Y,,,,Y,,-,"- ",0,0,0,1,0,0,0,0,0,"- ","- ",36.501338958740234,-119.28662872314453,TULARE,UNINCORPORATED,-119.28665924072266,36.501338958740234
94701728,2025,2025-05-27,9480,2025-05-16,2200,022387,,5,3,9,5400,0,3,5,,2,005,"PARK DR","WRIGHT AVE",1382.00,S,N,A,-,N,,,,,,,,,,N,2,0,1,2,A,-,05,21202,A,N,B,G,A,A,H,-,D,D,0,,Y,,,Y,,L,04,1,0,0,0,0,0,1,0,0,"- ","- ",35.982181549072266,-119.29508972167969,TULARE,UNINCORPORATED,-119.29508209228516,35.982196807861328
94704091,2025,2025-05-28,9480,2025-05-20,1520,017311,,2,2,9,5400,0,1,3,,1,064,"SR-198 E/B","COUNTY CENTER DR",167.00,E,N,A,-,Y,TUL,,198," "," ",8.135,H,,R,Y,2,0,1,2,A,-,03,22350,,N,C,C,A,A,H,-,A,D,0,,,Y,,Y,,C,02,1,0,0,0,0,0,0,0,1,"- ","- ",36.327098846435547,-119.32510375976562,TULARE,UNINCORPORATED,-119.32509613037109,36.32708740234375
94708693,2025,2025-06-13,9480,2025-05-16,2315,022151,,5,3,9,5400,0,3,5,,2,006,"AVENUE 296","ROAD 152",634.00,W,N,A,-,N,,,,,,,,,,N,2,0,4,3,A,-,03,22350,,N,D,C,E,A,H,-,C,D,0,Y,,,,Y,,A,01,1,2,1,0,1,0,0,0,0,"- ","- ",36.32672119140625,-119.23613739013672,TULARE,UNINCORPORATED,-119.2359619140625,36.327152252197266
94709812,2025,2025-06-02,9480,2025-05-26,"143 ",022293,,1,3,5,5407,0,1,3,,1,064,"SR-198 E/B TO BEN MADDOX WAY","NOBLE AVE",112.00,N,N,A,-,Y,,,,,,,,,,Y,2,0,2,1,A,-,03,22350,,F,E,8,A,A,H,-,C,A,0,,,,,Y,,A,01,1,1,0,0,0,0,0,0,0,"- ","- ",36.325901031494141,-119.27596282958984,TULARE,VISALIA,-119.38099670410156,36.326911926269531
94710299,2025,2025-06-02,9480,2025-05-02,2315,021971,,5,3,9,5400,0,3,5,,2,005,"WASHINGTON AVE","CHURCH ST",230.00,E,N,A,-,N,,,,,,,,,,N,2,0,1,2,A,-,01,23152,A,F,E,8,F,A,H,-,D,D,0,Y,,,,Y,Y,D,22,1,0,0,0,1,0,0,0,0,"- ","- ",35.884738922119141,-119.26724243164062,TULARE,UNINCORPORATED,-119.26740264892578,35.884681701660156
94713491,2025,2025-06-04,9480,2025-04-24,1533,017291,,4,2,9,5400,0,3,5,,2,003,"ROAD 36","AVENUE 248",0.00,,Y,A,-,N,,,,,,,,,,Y,1,1,2,3,A,-,12,22450,A,N,D,C,A,A,H,-,A,A,0,,,,,Y,,D,22,0,0,2,0,0,0,0,0,0,"- ","- ",36.240470886230469,-119.49272155761719,TULARE,UNINCORPORATED,-119.49272918701172,36.240463256835938
94720550,2025,2025-06-10,9830,2025-05-18,"0   ",023087,,7,3,9,5400,0,3,5,,2,007,"KENNEDY MEADOW RD","MPM 15.5",50.00,N,N,A,-,N,,,,,,,,,,Y,2,0,2,1,A,-,03,22350,,N,F,0,A,A,H,-,D,D,0,,,,,Y,Y,D,22,1,0,1,0,0,0,0,0,0,"- ","- ",35.925758361816406,-118.04889678955078,TULARE,UNINCORPORATED,,
94723957,2025,2025-06-12,9481,2025-06-04,1300,021227,,3,1,9,5400,0,1,3,,1,037,"STATE ROUTE 65 (SR-65)","AVENUE 112",0.00,,Y,A,-,Y,TUL,,65," ",R,14.059,H,,R,Y,2,0,1,1,A,-,03,22350,,N,E,I,A,A,H,-,A,D,0,,,,Y,Y,,G,25,1,0,0,0,0,0,0,0,0,"- ","- ",35.993118286132812,-119.04635620117188,TULARE,UNINCORPORATED,-119.04619598388672,35.993057250976562
94728739,2025,2025-06-17,9480,2025-04-22,1910,019186,,2,2,9,5400,0,3,5,,2,002,"ROAD 96","AVENUE 412",0.00,,Y,A,-,N,,,,,,,,,,Y,1,1,2,2,A,-,12,22450,A,N,D,C,A,A,H,-,A,A,0,,,,,Y,,A,07,1,1,0,0,0,0,0,0,0,"- ","- ",36.538349151611328,-119.35865783691406,TULARE,UNINCORPORATED,-119.358642578125,36.538299560546875
94741277,2025,2025-06-26,9480,2025-06-22,1400,021547,,7,2,9,5400,0,1,3,,1,025,SR-245,"WHITAKER FOREST RD",2640.00,N,N,A,-,Y,TUL,,245," "," ",31.624,H,,R,N,2,0,1,1,A,-,08,22107,,N,E,I,A,A,H,-,A,D,0,,,Y,,Y,,C,02,1,0,0,0,0,0,0,0,1,"- ","- ",36.63916015625,-119.01435089111328,TULARE,UNINCORPORATED,-119.01424407958984,36.639236450195312
94749640,2025,2025-07-07,9481,2025-06-21,1308,019162,,6,1,9,5400,0,3,5,,2,020,"ROAD 248","AVENUE 200",528.00,S,N,A,-,N,,,,,,,,,,N,2,0,3,1,A,-,01,23152,A,N,E,8,A,A,H,-,A,D,0,,,,,Y,Y,A,01,2,1,0,0,0,0,0,0,0,"- ","- ",36.151359558105469,-119.01817321777344,TULARE,UNINCORPORATED,-119.01817321777344,36.151390075683594
94766491,2025,2025-07-17,9480,2025-05-20,2145,021628,,2,2,9,5400,0,1,3,,1,021,"STATE ROUTE 63 (ROAD 124)","AVENUE 368",2640.00,S,N,A,-,Y,TUL,,63," "," ",16.058,H,,R,N,1,1,0,2,A,-,17,21200,,N,C,G,A,A,H,-,D,D,0,,Y,,,Y,Y,L,04,0,0,0,0,0,1,0,0,0,"- ","- ",36.442531585693359,-119.29560852050781,TULARE,UNINCORPORATED,-119.29566192626953,36.442531585693359
94772523,2025,2025-08-05,9481,2025-05-30,2043,022338,,5,2,9,5400,0,3,5,,2,050,"ROAD 264","AVENUE 120",0.00,,Y,A,-,N,,,,,,,,,,Y,1,1,0,2,A,-,01,23152,F,N,D,C,A,A,H,-,D,A,0,,,Y,,Y,,C,02,0,0,0,0,0,0,0,1,0,"- ","- ",36.007808685302734,-118.98226165771484,TULARE,UNINCORPORATED,-118.98226165771484,36.007774353027344
94773747,2025,2025-07-23,9480,2025-06-04,1645,017311,,3,2,9,5400,0,3,5,,2,003,"PAIGE AVENUE (AVENUE 216)","PRATT STREET (ROAD 96)",1056.00,W,N,A,-,N,,,,,,,,,,Y,1,1,2,2,A,-,01,23152,A,N,A,C,A,A,H,-,A,D,0,,,,,Y,Y,A,08,2,0,0,0,0,0,0,0,0,"- ","- ",36.181938171386719,-119.36115264892578,TULARE,UNINCORPORATED,-119.36129760742188,36.181961059570312
94783405,2025,2025-07-30,9481,2025-06-01,"455 ",021983,,7,3,9,5400,0,3,5,,2,030,"ROAD 192","AVENUE 112",686.00,N,N,A,-,N,,,,,,,,,,Y,1,1,0,1,A,-,08,22107,,N,F,A,A,A,H,-,D,D,0,,,,,Y,,D,22,0,0,0,0,0,0,0,0,0,"- ","- ",35.995368957519531,-119.14337921142578,TULARE,UNINCORPORATED,-119.14339447021484,35.995323181152344
94795155,2025,2025-08-08,9480,2025-04-22,"535 ",016995,,2,3,9,5400,0,3,5,,2,003,"ROAD 96 (PRATT STREET)","AVENUE 160",0.00,,Y,A,-,N,,,,,,,,,,Y,1,1,1,2,A,-,09,21801,A,N,A,C,A,A,H,-,B,D,0,,,,,Y,,D,22,0,0,1,0,0,0,0,0,0,"- ","- ",36.080158233642578,-119.35777282714844,TULARE,UNINCORPORATED,-119.35772705078125,36.080116271972656
94799604,2025,2025-08-12,9480,2025-05-20,1455,016995,,2,2,9,5400,0,3,5,,2,003,"ROAD 68","AVENUE 268",528.00,S,N,A,-,N,,,,,,,,,,Y,1,1,0,1,A,-,08,22107,,N,E,I,A,A,H,-,A,D,0,,,Y,,Y,,C,02,0,0,0,0,0,0,0,1,0,"- ","- ",36.273258209228516,-119.42124176025391,TULARE,UNINCORPORATED,-119.42120361328125,36.274692535400391