CASE_ID,ACCIDENT_YEAR,PROC_DATE,JURIS,COLLISION_DATE,COLLISION_TIME,OFFICER_ID,REPORTING_DISTRICT,DAY_OF_WEEK,CHP_SHIFT,POPULATION,CNTY_CITY_LOC,SPECIAL_COND,BEAT_TYPE,CHP_BEAT_TYPE,CITY_DIVISION_LAPD,CHP_BEAT_CLASS,BEAT_NUMBER,PRIMARY_RD,SECONDARY_RD,DISTANCE,DIRECTION,INTERSECTION,WEATHER_1,WEATHER_2,STATE_HWY_IND,CALTRANS_COUNTY,CALTRANS_DISTRICT,STATE_ROUTE,ROUTE_SUFFIX,POSTMILE_PREFIX,POSTMILE,LOCATION_TYPE,RAMP_INTERSECTION,SIDE_OF_HWY,TOW_AWAY,COLLISION_SEVERITY,NUMBER_KILLED,NUMBER_INJURED,PARTY_COUNT,PRIMARY_COLL_FACTOR,PCF_CODE_OF_VIOL,PCF_VIOL_CATEGORY,PCF_VIOLATION,PCF_VIOL_SUBSECTION,HIT_AND_RUN,TYPE_OF_COLLISION,MVIW,PED_ACTION,ROAD_SURFACE,ROAD_COND_1,ROAD_COND_2,LIGHTING,CONTROL_DEVICE,CHP_ROAD_TYPE,PEDESTRIAN_ACCIDENT,BICYCLE_ACCIDENT,MOTORCYCLE_ACCIDENT,TRUCK_ACCIDENT,NOT_PRIVATE_PROPERTY,ALCOHOL_INVOLVED,STWD_VEHTYPE_AT_FAULT,CHP_VEHTYPE_AT_FAULT,COUNT_SEVERE_INJ,COUNT_VISIBLE_INJ,COUNT_COMPLAINT_PAIN,COUNT_PED_KILLED,COUNT_PED_INJURED,COUNT_BICYCLIST_KILLED,COUNT_BICYCLIST_INJURED,COUNT_MC_KILLED,COUNT_MC_INJURED,PRIMARY_RAMP,SECONDARY_RAMP,LATITUDE,LONGITUDE,COUNTY,CITY,POINT_X,POINT_Y
94839642,2025,2025-09-10,9480,2025-06-14,"220 ",022293,,6,3,9,5400,0,3,5,,2,006,"ROAD 140","AVENUE 266",20.00,S,N,A,-,N,,,,,,,,,,Y,1,1,2,3,A,-,01,23152,A,N,A,C,A,A,H,-,D,D,0,,,,,Y,Y,A,01,2,0,0,0,0,0,0,0,0,"- ","- ",36.274620056152344,-119.26084136962891,TULARE,UNINCORPORATED,-119.26078796386719,36.274684906005859
9485474,2022,2022-08-30,5405,2022-08-20,0132,290,SEC1,6,5,4,5405,0,0,0,,0,SEC1,"VILLA ST","GRAND AV",15.00,S,N,A,-,N,,,,,,,,,,Y,2,0,1,1,A,-,01,23152,A,N,E,I,A,A,H,-,C,D,0,,,,,Y,Y,A,01,1,0,0,0,0,0,0,0,0,"- ","- ",36.076820373535156,-119.03050231933594,TULARE,PORTERVILLE,-119.03053283691406,36.076789855957031
9493258,2022,2022-09-15,5404,2022-08-20,1451,671,20L,6,5,2,5404,0,0,0,,0,015,"RT 65","HERMOSA ST",0.00,,Y,A,-,Y,TUL,6,65,-,-,29.491,I,5,N,Y,2,0,2,3,A,-,09,21801,A,N,D,C,A,A,H,-,A,A,0,,,,,Y,,A,07,2,0,0,0,0,0,0,0,0,"- ","- ",,,TULARE,LINDSAY,-119.10434722900391,36.203277587890625
9493327,2022,2022-09-30,5407,2022-07-05,2101,A367,480,2,5,5,5407,0,0,0,,0,026,"DINUBA BL","VINE AV",0.00,,Y,A,-,Y,TUL,6,63,-,-,9.520,I,5,N,Y,2,0,1,2,A,-,11,21954,A,N,G,B,D,A,H,-,D,A,0,Y,,,,Y,,N,60,1,0,0,0,1,0,0,0,0,"- ","- ",36.348011016845703,-119.29678344726562,TULARE,VISALIA,-119.29686737060547,36.347759246826172
9493535,2022,2022-09-15,5407,2022-08-12,2254,A369,480,5,5,5,5407,0,0,0,,0,026,"BEN MADDOX WY","N DOUGLAS AV",377.00,N,N,A,-,N,,,,,,,,,,Y,2,0,1,1,A,-,05,21650,,N,F,J,A,A,H,-,C,D,0,,,,,Y,Y,A,01,1,0,0,0,0,0,0,0,0,"- ","- ",,,TULARE,VISALIA,-119.27881622314453,36.339256286621094
9493625,2022,2022-09-15,5407,2022-06-26,0916,C57,480,7,5,5,5407,0,0,0,,0,012,"S DEMAREE ST","W WHITENDALE AV",3.00,N,N,A,-,N,,,,,,,,,,Y,2,0,1,2,A,-,09,21453,B,N,D,C,A,A,H,-,A,A,0,,,Y,,Y,,A,01,1,0,0,0,0,0,0,0,1,"- ","- ",36.305538177490234,-119.33158111572266,TULARE,VISALIA,-119.33158111572266,36.305549621582031
9493664,2022,2022-09-14,5407,2022-07-23,2129,A360,480,6,5,5,5407,0,0,0,,0,012,IRIS,CHINOWTH,0.00,,Y,A,-,N,,,,,,,,,,Y,2,0,3,2,A,-,12,22450,A,N,D,C,A,A,H,-,A,A,0,,,,,Y,,A,01,3,0,0,0,0,0,0,0,0,"- ","- ",,,TULARE,VISALIA,-119.33621215820312,36.319149017333984
9504072,2022,2022-10-31,5405,2022-08-08,2331,236,"SEC 3",1,5,4,5405,0,0,0,,0,,"RT 190","ELECTRIC POLE 703084E",89.00,S,N,A,-,Y,TUL,6,190,-,-,17.690,H,-,W,Y,1,1,0,2,A,-,11,21956,,N,G,B,E,A,H,-,D,D,0,Y,,,,Y,,N,60,0,0,0,1,0,0,0,0,0,"- ","- ",36.051109313964844,-118.99577331542969,TULARE,PORTERVILLE,-118.9952392578125,36.051212310791016
9504494,2022,2022-10-25,5407,2022-09-14,0930,M226,480,3,5,5,5407,0,0,0,,0,026,"RT 216","N MC AULIFF ST",0.00,W,N,A,-,Y,TUL,6,216,-,-,2.390,H,-,W,Y,2,0,1,2,A,-,03,22350,,N,D,G,A,A,D,-,A,A,0,,Y,,,Y,,A,01,1,0,0,0,0,0,1,0,0,"- ","- ",36.342029571533203,-119.25202941894531,TULARE,VISALIA,-119.25331115722656,36.34210205078125
9506970,2022,2022-10-21,5405,2022-10-06,1921,291,SEC3,4,5,4,5405,0,0,0,,0,,"PLANO ST","RIVER AV",50.00,S,N,A,-,N,,,,,,,,,,N,2,0,1,2,A,-,11,21954,A,N,G,B,D,A,H,-,C,D,0,Y,,,,Y,,N,60,1,0,0,0,1,0,0,0,0,"- ","- ",,,TULARE,PORTERVILLE,-119.00787353515625,36.057273864746094
9513985,2022,2022-11-04,5405,2022-09-28,2027,223,SEC3,3,5,4,5405,0,0,0,,0,,"D ST","OLIVE AV",432.00,N,N,A,-,N,,,,,,,,,,N,2,0,1,2,A,-,10,21950,A,F,G,B,C,A,H,-,D,A,0,Y,,,,Y,Y,A,01,1,0,0,0,1,0,0,0,0,"- ","- ",,,TULARE,PORTERVILLE,-119.01846313476562,36.065120697021484
9516604,2022,2022-12-28,5406,2022-11-14,0646,35,5406,1,5,4,5406,0,0,0,,0,0ES,FOSTER,SUNRISE,53.00,E,N,A,-,N,,,,,,,,,,Y,2,0,2,2,A,-,05,21460,A,N,A,C,A,A,H,-,A,D,0,,,,,Y,,A,07,1,0,1,0,0,0,0,0,0,"- ","- ",,,TULARE,TULARE,-119.31925201416016,36.18377685546875
9520026,2022,2023-02-08,5405,2022-07-17,0055,169,SEC1,7,5,4,5405,0,0,0,,0,,"MORTON AV","INDIANA ST",0.00,,Y,A,-,N,,,,,,,,,,Y,1,1,0,2,A,-,12,21453,A,N,D,C,A,A,H,-,C,A,0,,,Y,,Y,,C,02,0,0,0,0,0,0,0,1,0,"- ","- ",36.073299407958984,-119.03507232666016,TULARE,PORTERVILLE,-119.03507995605469,36.073276519775391
9520169,2022,2022-12-20,5403,2022-11-07,2118,848,,1,5,2,5403,0,0,0,,0,,"E. VISALIA RD","MAGNOLIA AV",173.00,E,N,B,-,N,,,,,,,,,,Y,1,1,0,2,A,-,08,22107,,N,G,B,D,B,H,-,C,D,0,Y,,,,Y,,A,01,0,0,0,1,0,0,0,0,0,"- ","- ",,,TULARE,FARMERSVILLE,-119.20555114746094,36.297828674316406
9520382,2022,2023-02-09,5406,2022-12-31,2050,55,,6,5,4,5406,0,0,0,,0,0AO,O,CHESTNUT,245.00,S,N,C,-,N,,,,,,,,,,Y,1,1,0,2,A,-,03,22350,,N,H,E,A,B,F,-,D,D,0,,,,,Y,,A,01,0,0,0,0,0,0,0,0,0,"- ","- ",,,TULARE,TULARE,-119.33989715576172,36.190727233886719
9520533,2023,2023-05-23,5406,2023-04-11,1459,47,5406,2,5,4,5406,0,0,0,,0,0DT,"O ST","SAN JOAQUIN ST",241.00,N,N,A,-,N,,,,,,,,,,N,1,1,0,3,A,-,03,22350,,N,B,-,A,A,H,-,A,A,0,,,Y,,Y,,C,02,0,0,0,0,0,0,0,1,0,"- ","- ",,,TULARE,TULARE,-119.34152221679688,36.212112426757812
9520753,2023,2023-07-25,5407,2023-01-27,1431,M203,480,5,5,5,5407,0,0,0,,0,026,"N BEN MADDOX WY","DOUGLAS AV",262.00,N,N,A,-,N,,,,,,,,,,Y,1,1,2,2,A,-,05,21650,,N,-,C,A,A,H,-,A,A,0,,,,,Y,,A,01,1,1,0,0,0,0,0,0,0,"- ","- ",36.338230133056641,-119.27880859375,TULARE,VISALIA,-119.27881622314453,36.338939666748047
9520950,2023,2025-06-25,5407,2023-04-16,1458,M226,480,7,5,5,5407,0,0,0,,0,011,"W RIGGIN AV","RD 88",33.00,E,N,A,-,N,,,,,,,,,,Y,1,1,2,2,A,-,09,21804,A,N,D,C,A,A,H,-,A,A,0,,,Y,,Y,,C,06,0,0,2,0,0,0,0,1,0,"- ","- ",36.356319427490234,-119.37918853759766,TULARE,VISALIA,,
9526971,2023,2023-03-21,5406,2023-02-16,1000,66,5406,4,5,4,5406,0,0,0,,0,0AO,"J ST",SANDRA,500.00,N,N,A,-,N,,,,,,,,,,Y,2,0,5,2,A,-,07,21658,A,N,A,C,A,A,H,-,A,D,0,,,,,Y,,I,09,1,2,2,0,0,0,0,0,0,"- ","- ",,,TULARE,TULARE,-119.35353088378906,36.231998443603516
9528059,2022,2023-02-09,5407,2022-10-12,1847,C57,480,3,5,5,5407,0,0,0,,0,012,"S DEMAREE ST","W CAMPUS AV",144.00,N,N,A,-,N,,,,,,,,,,Y,2,0,1,2,A,-,03,22350,,N,D,C,A,A,H,-,C,A,0,,,Y,,Y,,C,02,1,0,0,0,0,0,0,0,1,"- ","- ",36.324031829833984,-119.33175659179688,TULARE,VISALIA,-119.33174896240234,36.324424743652344
9533931,2022,2023-02-02,5406,2022-12-25,0917,53,5406,7,5,4,5406,0,0,0,,0,0SW,BARDSLEY,I,0.00,,Y,E,-,N,,,,,,,,,,Y,2,0,2,2,A,-,09,21802,A,N,D,C,A,B,H,-,A,D,0,,,,,Y,Y,A,01,2,0,0,0,0,0,0,0,0,"- ","- ",,,TULARE,TULARE,-119.34795379638672,36.196525573730469
9543722,2022,2023-02-02,5405,2022-12-26,1840,236,SEC1,1,5,4,5405,0,0,0,,0,,"HENDERSON AV","PROSPECT ST",928.00,W,N,A,-,N,,,,,,,,,,Y,2,0,2,2,A,-,03,22350,,N,D,C,A,A,H,-,C,A,0,,,Y,,Y,,C,02,1,0,1,0,0,0,0,0,1,"- ","- ",36.080780029296875,-119.04669952392578,TULARE,PORTERVILLE,-119.04710388183594,36.080390930175781
9548497,2023,2023-02-24,5407,2023-01-04,1838,C57,480,3,5,5,5407,0,0,0,,0,011,"N AKERS ST","W MINERAL KING AV",0.00,,Y,A,-,Y,TUL,6,198,-,-,6.616,R,4,W,Y,2,0,2,2,A,-,08,22107,,N,A,C,A,B,H,-,C,A,0,,,,,Y,,A,01,1,0,1,0,0,0,0,0,0,"- ","- ",36.327239990234375,-119.34967803955078,TULARE,VISALIA,-119.35234069824219,36.327320098876953
9548561,2023,2023-02-24,5405,2023-02-03,2231,287,SEC1,5,5,4,5405,0,0,0,,0,,"RT 65","WEST NORTH GRAND AV",0.00,,Y,A,-,Y,TUL,6,65,-,-,21.380,I,5,N,Y,2,0,4,2,A,-,12,21453,A,N,A,C,A,A,H,-,C,A,0,,,,,Y,,-,"- ",1,1,2,0,0,0,0,0,0,"- ","- ",36.098258972167969,-119.04012298583984,TULARE,PORTERVILLE,-119.04000091552734,36.098316192626953
9548648,2022,2023-02-13,5407,2022-12-12,1805,C59,480,1,5,5,5407,0,0,0,,0,,"W HOUSTON AV","PARK ST",27.00,E,N,A,-,N,,,,,,,,,,N,2,0,1,2,A,-,11,21954,A,N,G,B,D,A,H,-,C,A,0,Y,,,,Y,,N,60,1,0,0,0,1,0,0,0,0,"- ","- ",,,TULARE,VISALIA,-119.30665588378906,36.341899871826172
9549878,2023,2023-03-17,5406,2023-02-15,1253,39,5406,3,5,4,5406,0,0,0,,0,0AO,K,LEVIN,328.00,N,N,A,-,N,,,,,,,,,,Y,2,0,2,2,A,-,05,21202,A,N,D,G,A,A,H,-,A,D,0,,Y,Y,,Y,,L,04,1,0,1,0,0,0,1,0,1,"- ","- ",,,TULARE,TULARE,-119.34213256835938,36.190216064453125
9551552,2023,2023-03-06,5404,2023-02-01,2014,676,17,3,5,2,5404,0,0,0,,0,002,"S MIRAGE AV","E APIA ST",97.00,N,N,A,-,N,,,,,,,,,,Y,2,0,1,2,A,-,11,21954,A,N,G,B,D,A,H,-,C,D,0,Y,,,,Y,Y,N,60,1,0,0,0,1,0,0,0,0,"- ","- ",,,TULARE,LINDSAY,-119.08830261230469,36.202045440673828
9554546,2022,2023-03-08,5408,2022-08-30,2205,1957,5408,2,5,2,5408,0,0,0,,0,12W,"NORTH PALM ST","E ANTELOPE AV",0.00,,-,A,-,N,,,,,,,,,,N,2,0,1,2,A,-,00,20001,,F,-,B,D,A,H,-,D,D,0,Y,,,,Y,,-,,1,0,0,0,1,0,0,0,0,"- ","- ",,,TULARE,WOODLAKE,-119.10013580322266,36.415611267089844
9554923,2023,2023-03-23,5407,2023-02-14,1806,A350,480,2,5,5,5407,0,0,0,,0,034,"S MOONEY BL","AV 272",0.00,,Y,A,-,Y,TUL,6,63,-,-,5.013,I,5,S,Y,2,0,1,2,A,-,09,21800,A,N,D,C,A,A,H,-,C,D,0,,,Y,,Y,,A,01,1,0,0,0,0,0,0,0,1,"- ","- ",36.280269622802734,-119.31320953369141,TULARE,VISALIA,-119.31362152099609,36.284004211425781
9555093,2023,2023-03-27,5405,2023-03-05,2045,297,SEC3,7,5,4,5405,0,0,0,,0,,"RT 190","JAYE ST",0.00,,Y,B,-,Y,TUL,6,190,-,-,15.950,I,5,E,Y,2,0,3,2,A,-,12,21453,A,N,A,C,A,B,H,-,C,A,0,,,,,Y,,A,01,1,0,2,0,0,0,0,0,0,"- ","- ",36.051528930664062,-119.02626800537109,TULARE,PORTERVILLE,-119.02632904052734,36.051479339599609
9562952,2023,2023-05-09,5404,2023-03-02,1848,680,,4,5,2,5404,0,0,0,,0,,HERMOSA,MIRAGE,154.00,W,N,A,-,N,,,,,,,,,,Y,2,0,1,2,A,-,09,21804,A,N,D,G,A,A,H,-,C,D,0,,Y,,,Y,,L,04,1,0,0,0,0,0,1,0,0,"- ","- ",,,TULARE,LINDSAY,-119.09060668945312,36.205253601074219
9563321,2023,2023-05-01,5406,2023-03-11,1410,55,,6,5,4,5406,0,0,0,,0,0AO,"RANDLE RD",SONORA,90.00,N,N,B,-,N,,,,,,,,,,N,2,0,2,2,A,-,03,22350,,N,H,J,A,A,H,-,A,D,0,,,Y,,Y,,C,02,1,1,0,0,0,0,0,0,2,"- ","- ",,,TULARE,TULARE,-119.37865447998047,36.200626373291016
9565721,2023,2023-06-01,5407,2023-04-17,2041,2451,480,1,5,5,5407,0,0,0,,0,011,"N DEMAREE ST",HOUSTON,0.00,,Y,A,-,N,,,,,,,,,,Y,2,0,1,2,A,-,01,23152,A,N,D,C,A,A,H,-,C,A,0,,,,,Y,Y,A,01,1,0,0,0,0,0,0,0,0,"- ","- ",36.341888427734375,-119.33196258544922,TULARE,VISALIA,-119.33197784423828,36.341911315917969
9568096,2023,2023-04-27,5405,2023-04-05,2205,268,SEC4,3,5,4,5405,0,0,0,,0,,"RT 65","TEAPOT DOME AV",42.00,S,N,A,-,Y,TUL,6,65,-,-,16.130,I,5,S,Y,2,0,1,3,A,-,11,21456,B,N,G,B,B,A,H,-,C,A,0,Y,,,,Y,,N,60,1,0,0,0,1,0,0,0,0,"- ","- ",36.022239685058594,-119.03981018066406,TULARE,PORTERVILLE,-119.03966522216797,36.022251129150391
9578383,2023,2023-05-16,5406,2023-04-16,1610,35,5406,7,5,4,5406,0,0,0,,0,0WS,INYO,D,0.00,,Y,A,-,Y,TUL,6,137,-,-,14.900,I,5,W,N,2,0,1,2,A,-,09,21802,A,N,E,G,A,A,H,-,A,A,0,,Y,,,Y,,L,04,1,0,0,0,0,0,1,0,0,"- ","- ",,,TULARE,TULARE,-119.35533142089844,36.204025268554688
9580490,2023,2023-06-08,5405,2023-05-20,1947,236,SEC3,6,5,4,5405,0,0,0,,0,,"ALAMO CT","RIO BONITO AV",1777.00,E,N,A,-,N,,,,,,,,,,Y,2,0,1,2,A,-,00,23136,,N,A,E,A,A,H,-,A,D,0,,,Y,,Y,Y,C,02,1,0,0,0,0,0,0,0,1,"- ","- ",36.057701110839844,-119.01178741455078,TULARE,PORTERVILLE,-119.01152038574219,36.057559967041016
9589633,2023,2023-06-23,5407,2023-04-16,1519,A330,480,7,5,5,5407,0,0,0,,0,R12,"S MOONEY BL",MIDVALLEY,0.00,N,N,A,-,Y,TUL,6,63,-,-,5.280,H,-,S,Y,2,0,3,3,A,-,03,22350,,N,C,C,A,-,H,-,A,A,0,,,,,Y,,A,01,1,0,2,0,0,0,0,0,0,"- ","- ",36.287578582763672,-119.31356048583984,TULARE,VISALIA,-119.31366729736328,36.287906646728516
9594358,2023,2023-06-28,5404,2023-06-03,"809 ",670,20L,6,5,2,5404,0,0,0,,0,,TULARE,WESTWOOD,0.00,,Y,A,-,N,,,,,,,,,,N,2,0,1,2,A,-,11,21954,A,N,G,B,C,A,H,-,A,D,0,Y,,,,Y,,D,22,1,0,0,0,1,0,0,0,0,"- ","- ",,,TULARE,LINDSAY,-119.10022735595703,36.210445404052734
9596679,2023,2023-08-07,5407,2023-06-17,2314,A369,480,6,5,5,5407,0,0,0,,0,Q34,"S WEST ST","CAMERON AV",21.00,S,N,A,-,N,,,,,,,,,,Y,2,0,2,2,A,-,01,23152,A,N,D,C,A,A,H,-,C,D,0,,,Y,,Y,Y,A,01,1,1,0,0,0,0,0,0,1,"- ","- ",36.293750762939453,-119.29621887207031,TULARE,VISALIA,-119.29619598388672,36.293682098388672
9596681,2023,2023-07-28,5407,2023-06-11,2238,A372,480,7,5,5,5407,0,0,0,,0,R12,"CALDWELL AV","DEMAREE ST",351.00,E,N,A,-,N,,,,,,,,,,Y,2,0,1,1,A,-,03,22350,,N,A,J,A,A,D,-,C,A,0,,,Y,,Y,Y,C,02,1,0,0,0,0,0,0,0,1,"- ","- ",36.299510955810547,-119.33128356933594,TULARE,VISALIA,-119.33027648925781,36.29840087890625
9599226,2023,2024-01-30,5407,2023-12-19,2053,12060,480,2,5,5,5407,0,0,0,,0,O26,"N BEN MADDOX WY","ST JOHNS",0.00,,Y,A,-,N,,,,,,,,,,Y,2,0,3,3,A,-,12,21453,A,F,D,D,A,B,H,-,C,A,0,,,,,Y,,A,01,1,2,0,0,0,0,0,0,0,"- ","- ",36.350288391113281,-119.27890014648438,TULARE,VISALIA,-119.27890777587891,36.350254058837891
9599229,2023,2024-01-30,5407,2023-12-13,1211,M292,480,3,5,5,5407,0,0,0,,0,026,"N SANTA FE ST","E RACE AV",0.00,,Y,A,-,N,,,,,,,,,,Y,2,0,2,3,A,-,09,21802,A,N,D,C,F,A,H,-,A,A,0,Y,,,,Y,,A,01,1,1,0,0,1,0,0,0,0,"- ","- ",36.335361480712891,-119.28787994384766,TULARE,VISALIA,-119.28789520263672,36.335350036621094
9599231,2023,2024-01-30,5407,2023-12-09,1402,M226,480,6,5,5,5407,0,0,0,,0,026,"E HOUSTON AV","N SANTA FE ST",0.00,,Y,A,-,N,,,,,,,,,,N,2,0,1,2,A,-,05,21650,,N,B,G,A,A,H,-,A,A,0,,Y,,,Y,,A,01,1,0,0,0,0,0,1,0,0,"- ","- ",36.341598510742188,-119.28777313232422,TULARE,VISALIA,-119.28762817382812,36.341724395751953
9599245,2023,2024-01-29,5407,2023-11-13,1537,A389,480,1,5,5,5407,0,0,0,,0,012,"W COPPOLA AV","S UNIVERSITY",0.00,,Y,A,-,N,,,,,,,,,,N,2,0,1,2,A,-,12,22450,A,N,D,G,A,A,H,-,A,A,0,,Y,,,Y,,L,04,1,0,0,0,0,0,1,0,0,"- ","- ",36.310398101806641,-119.3272705078125,TULARE,VISALIA,-119.3272705078125,36.310417175292969
9599253,2023,2024-01-26,5407,2023-11-21,1810,12060,480,2,5,5,5407,0,0,0,,0,M11,"W GOSHEN AV",AKERS,0.00,,Y,A,-,N,,,,,,,,,,N,2,0,1,2,A,-,03,22350,,F,B,B,F,A,H,-,C,D,0,Y,,,,Y,,A,01,1,0,0,0,1,0,0,0,0,"- ","- ",36.34130859375,-119.34909057617188,TULARE,VISALIA,-119.34993743896484,36.341758728027344
9599277,2023,2024-01-31,5407,2023-12-09,1415,A372,480,6,5,5,5407,0,0,0,,0,M11,"W GOSHEN AVE","N CHINOWTH ST",0.00,,Y,A,-,N,,,,,,,,,,Y,2,0,2,2,A,-,08,22107,,N,C,C,A,A,H,-,A,A,0,,,,,Y,,A,01,1,1,0,0,0,0,0,0,0,"- ","- ",36.339511871337891,-119.33634185791016,TULARE,VISALIA,-119.33634185791016,36.339454650878906
9620941,2023,2023-10-24,5406,2023-09-24,"126 ",2QUZA,DIST1,7,5,4,5406,0,0,0,,0,EAST,MOONEY,BARDSLEY,816.00,N,N,A,-,N,,,,,,,,,,Y,2,0,1,1,A,-,01,23152,A,N,E,I,A,A,H,-,C,D,0,,,,,Y,Y,A,01,1,0,0,0,0,0,0,0,0,"- ","- ",36.196708679199219,-119.31324768066406,TULARE,TULARE,-119.313232421875,36.198940277099609
9621281,2023,2023-12-11,5406,2023-10-04,2213,SZ18A,PAT,3,5,4,5406,0,0,0,,0,A/O,KERN,ARONIAN,0.00,,Y,A,-,N,,,,,,,,,,Y,2,0,1,2,A,-,12,22450,A,N,D,C,A,A,H,-,C,A,0,,,Y,,Y,,C,02,1,0,0,0,0,0,0,0,1,"- ","- ",36.207599639892578,-119.31757354736328,TULARE,TULARE,-119.31764221191406,36.207622528076172
9621896,2023,2023-10-30,5405,2023-09-30,1511,236,"SEC 3",6,5,4,5405,0,0,0,,0,,"MAIN ST","MOUNTAIN VIEW AV",96.00,S,N,A,-,Y,TUL,6,190,-,-,16.565,R,4,W,Y,2,0,1,2,A,-,05,21651,B,N,A,G,A,A,H,-,A,A,0,,Y,,,Y,,L,04,1,0,0,0,0,0,1,0,0,"- ","- ",36.051010131835938,-119.01687622070312,TULARE,PORTERVILLE,-119.01542663574219,36.051116943359375
9624070,2023,2023-10-19,5406,2023-09-05,"657 ",CXMPV,DIST1,2,5,4,5406,0,0,0,,0,A/0,RT-137,GEMINI,550.00,W,N,A,-,Y,TUL,6,137,-,-,13.640,H,-,E,N,1,1,0,2,A,-,11,21954,A,N,G,B,E,A,G,-,A,D,0,Y,,,,Y,,N,60,0,0,0,1,0,0,0,0,0,"- ","- ",,,TULARE,TULARE,-119.37802886962891,36.203559875488281
9625168,2023,2023-10-02,5407,2023-08-04,2006,12473,SP510,5,5,5,5407,0,0,0,,0,033,"W NOBLE AV","S CONYER ST",0.00,,Y,A,-,N,,,,,,,,,,Y,2,0,3,2,A,-,12,21453,A,N,D,C,A,A,H,-,A,A,0,,,,,Y,,A,07,1,1,1,0,0,0,0,0,0,"- ","- ",36.326461791992188,-119.30104064941406,TULARE,VISALIA,-119.30106353759766,36.326457977294922
9627719,2023,2023-10-16,5406,2023-08-09,1609,CSPZD,DIST4,3,5,4,5406,0,0,0,,0,EAST,CROSS,J,151.00,E,N,A,-,N,,,,,,,,,,N,2,0,1,2,A,-,11,21955,,N,G,B,D,A,H,-,A,D,0,Y,,,,Y,,N,60,1,0,0,0,1,0,0,0,0,"- ","- ",36.213008880615234,-119.348876953125,TULARE,TULARE,-119.34883117675781,36.213050842285156
9632301,2023,2023-11-17,5407,2023-06-08,1536,11895,480,4,5,5,5407,0,0,0,,0,012,"S AKERS ST","W VISALIA PKWY",0.00,,Y,A,-,N,,,,,,,,,,Y,2,0,2,2,A,-,09,21801,A,N,A,C,A,A,H,-,A,A,0,,,Y,,Y,,A,01,1,1,0,0,0,0,0,0,1,"- ","- ",36.290958404541016,-119.34935760498047,TULARE,VISALIA,-119.34931945800781,36.291141510009766
9637223,2023,2024-01-22,5407,2023-10-17,2106,12350,480,2,5,5,5407,0,0,0,,0,026,"COURT ST",SEDONA,0.00,,Y,A,-,N,,,,,,,,,,Y,2,0,1,2,A,-,09,21802,A,N,D,C,A,A,H,-,C,A,0,,,,,Y,Y,A,07,1,0,0,0,0,0,0,0,0,"- ","- ",,,TULARE,VISALIA,,
9640143,2023,2025-06-25,5406,2023-11-10,1830,MVHFH,DIST2,5,5,4,5406,0,0,0,,0,WEST,"RT 137","I ST",184.00,W,N,A,-,Y,TUL,6,137,-,-,15.250,H,-,W,N,1,1,0,2,A,-,11,21954,A,F,G,B,D,A,H,-,C,D,0,Y,,,,Y,,N,60,0,0,0,1,0,0,0,0,0,"- ","- ",36.20458984375,-119.34938812255859,TULARE,TULARE,-119.34922790527344,36.204925537109375
9640432,2024,2024-05-15,5407,2024-02-06,1739,M293,480,2,5,5,5407,0,0,0,,0,026,"E MILL CREEK PKWY","N MANZANITA ST",306.00,W,N,C,-,N,,,,,,,,,,Y,1,1,0,1,A,-,03,22350,,N,E,I,A,B,H,-,C,A,0,,,,,Y,,A,01,0,0,0,0,0,0,0,0,0,"- ","- ",,,TULARE,VISALIA,-119.25314331054688,36.335659027099609
9640434,2024,2024-05-15,5407,2024-02-28,2317,M203,480,3,5,5,5407,0,0,0,,0,,"E NOBLE AV","BEN MADDOX",233.00,W,N,A,-,N,,,,,,,,,,Y,1,1,0,1,A,-,01,23152,G,N,E,I,A,A,H,-,C,A,0,,,,,Y,Y,A,01,0,0,0,0,0,0,0,0,0,"- ","- ",36.32611083984375,-119.27851104736328,TULARE,VISALIA,-119.27928161621094,36.326320648193359
9640715,2024,2024-07-16,5405,2024-06-16,1917,107,,7,5,4,5405,0,0,0,,0,,"TEAPOT DOME AV","NEWCOMB ST",0.00,,Y,A,-,N,,,,,,,,,,Y,1,2,1,2,A,-,01,23153,A,N,D,C,A,A,H,-,A,A,0,,,,,Y,Y,A,07,1,0,0,0,0,0,0,0,0,"- ","- ",36.022258758544922,-119.05339813232422,TULARE,PORTERVILLE,-119.05339813232422,36.022258758544922
9640969,2024,2024-09-30,5407,2024-07-22,1918,M333,480,1,5,5,5407,0,0,0,,0,026,"W RIGGIN AV","N COURT ST",0.00,,Y,A,-,N,,,,,,,,,,Y,1,1,0,2,A,-,09,21802,A,N,D,C,A,A,H,-,A,A,0,,,Y,,Y,,A,07,0,0,0,0,0,0,0,1,0,"- ","- ",,,TULARE,VISALIA,-119.29395294189453,36.356399536132812
9641012,2024,2024-10-14,5406,2024-09-09,1944,CXMPV,DIST3,1,5,4,5406,0,0,0,,0,A/O,BLACKSTONE,ASH,30.00,S,N,A,-,N,,,,,,,,,,N,1,1,0,2,A,-,11,21954,A,N,G,B,D,A,H,-,C,D,0,Y,,,,Y,,N,60,0,0,0,1,0,0,0,0,0,"- ","- ",36.196678161621094,-119.33104705810547,TULARE,TULARE,-119.33112335205078,36.198165893554688
9654159,2023,2024-01-30,5407,2023-12-30,1635,M226,480,6,5,5,5407,0,0,0,,0,026,"E MILL CCREEK PKWY","MANZANITA ST",310.00,E,N,B,-,N,,,,,,,,,,Y,1,1,1,4,A,-,01,23152,A,N,G,B,E,A,H,-,B,A,0,Y,,,,Y,Y,D,22,0,1,0,1,1,0,0,0,0,"- ","- ",36.335350036621094,-119.25031280517578,TULARE,VISALIA,-119.25113677978516,36.335243225097656