CASE_ID,ACCIDENT_YEAR,PROC_DATE,JURIS,COLLISION_DATE,COLLISION_TIME,OFFICER_ID,REPORTING_DISTRICT,DAY_OF_WEEK,CHP_SHIFT,POPULATION,CNTY_CITY_LOC,SPECIAL_COND,BEAT_TYPE,CHP_BEAT_TYPE,CITY_DIVISION_LAPD,CHP_BEAT_CLASS,BEAT_NUMBER,PRIMARY_RD,SECONDARY_RD,DISTANCE,DIRECTION,INTERSECTION,WEATHER_1,WEATHER_2,STATE_HWY_IND,CALTRANS_COUNTY,CALTRANS_DISTRICT,STATE_ROUTE,ROUTE_SUFFIX,POSTMILE_PREFIX,POSTMILE,LOCATION_TYPE,RAMP_INTERSECTION,SIDE_OF_HWY,TOW_AWAY,COLLISION_SEVERITY,NUMBER_KILLED,NUMBER_INJURED,PARTY_COUNT,PRIMARY_COLL_FACTOR,PCF_CODE_OF_VIOL,PCF_VIOL_CATEGORY,PCF_VIOLATION,PCF_VIOL_SUBSECTION,HIT_AND_RUN,TYPE_OF_COLLISION,MVIW,PED_ACTION,ROAD_SURFACE,ROAD_COND_1,ROAD_COND_2,LIGHTING,CONTROL_DEVICE,CHP_ROAD_TYPE,PEDESTRIAN_ACCIDENT,BICYCLE_ACCIDENT,MOTORCYCLE_ACCIDENT,TRUCK_ACCIDENT,NOT_PRIVATE_PROPERTY,ALCOHOL_INVOLVED,STWD_VEHTYPE_AT_FAULT,CHP_VEHTYPE_AT_FAULT,COUNT_SEVERE_INJ,COUNT_VISIBLE_INJ,COUNT_COMPLAINT_PAIN,COUNT_PED_KILLED,COUNT_PED_INJURED,COUNT_BICYCLIST_KILLED,COUNT_BICYCLIST_INJURED,COUNT_MC_KILLED,COUNT_MC_INJURED,PRIMARY_RAMP,SECONDARY_RAMP,LATITUDE,LONGITUDE,COUNTY,CITY,POINT_X,POINT_Y
9658840,2024,2024-03-04,5407,2024-01-30,"602 ",C56,480,2,5,5,5407,0,0,0,,0,O26,"N LOVERS LN","E HOUSTON AV",0.00,,Y,A,-,N,,,,,,,,,,Y,2,0,2,2,D,-,00,,,N,D,C,A,A,H,-,C,A,0,,,,,Y,,-,"- ",1,1,0,0,0,0,0,0,0,"- ","- ",36.341960906982422,-119.26097106933594,TULARE,VISALIA,-119.26097869873047,36.341991424560547
9661816,2024,2024-05-09,5407,2024-03-18,"130 ",A389,480,1,5,5,5407,0,0,0,,0,N25,"RT 63","RACE ST",211.00,S,N,A,-,Y,TUL,6,63,-,-,8.520,H,-,S,Y,2,0,1,3,A,-,01,23152,A,N,C,E,A,A,H,-,C,A,0,,,Y,,Y,Y,C,02,1,0,0,0,0,0,0,0,1,"- ","- ",,,TULARE,VISALIA,-119.29350280761719,36.334732055664062
9667683,2023,2024-04-15,5406,2023-12-28,1837,12205,480,4,5,4,5406,0,0,0,,0,034,"COURT ST","WALNUT AV",126.00,N,N,A,-,N,,,,,,,,,,N,1,1,0,2,A,-,10,21954,B,N,G,B,D,A,H,-,C,A,0,Y,,,Y,Y,,F,26,0,0,0,1,0,0,0,0,0,"- ","- ",36.312850952148438,-119.29200744628906,TULARE,TULARE,-119.29201507568359,36.313205718994141
9671885,2023,2024-02-26,5407,2023-12-21,1626,A337,480,4,5,5,5407,0,0,0,,0,034,"CALDWELL AV",FAIRWAY,0.00,,Y,A,-,N,,,,,,,,,,Y,2,0,2,2,A,-,12,21453,A,N,D,C,A,A,H,-,A,A,0,,,,,Y,,-,,1,1,0,0,0,0,0,0,0,"- ","- ",36.298458099365234,-119.31365966796875,TULARE,VISALIA,-119.31073760986328,36.298366546630859
9678082,2023,2024-03-07,5407,2023-12-23,"522 ",A396,480,6,5,5,5407,0,0,0,,0,011,"DEMAREE AV","PRATT RD",0.00,,Y,E,-,N,,,,,,,,,,Y,2,0,1,1,A,-,01,23152,A,N,E,I,A,A,H,-,C,A,0,,,,,Y,Y,A,01,1,0,0,0,0,0,0,0,0,"- ","- ",,,TULARE,VISALIA,-119.33213806152344,36.365589141845703
9678421,2024,2024-04-12,5407,2024-02-28,"513 ","A 245",480,3,5,5,5407,0,0,0,,0,P33,"GARDEN ST","PARADISE AV",225.00,N,N,A,-,N,,,,,,,,,,Y,2,0,1,1,A,-,05,21650,,N,E,I,A,A,H,-,C,A,0,,,,,Y,,A,01,1,0,0,0,0,0,0,0,0,"- ","- ",36.317249298095703,-119.28981781005859,TULARE,VISALIA,-119.28970336914062,36.317089080810547
9678962,2024,2024-04-03,5407,2024-02-24,1256,A330,480,6,5,5,5407,0,0,0,,0,R12,"S MOONEY BL","W WHITENDALE AV",0.00,,Y,A,-,Y,TUL,6,63,-,-,6.520,I,5,S,Y,2,0,6,6,A,-,01,23152,F,N,A,C,A,A,H,-,A,A,0,,,,,Y,Y,A,01,1,2,3,0,0,0,0,0,0,"- ","- ",36.306129455566406,-119.31358337402344,TULARE,VISALIA,-119.31387329101562,36.305801391601562
9681438,2024,2024-05-14,5407,2024-03-21,1609,M203,480,4,5,5,5407,0,0,0,,0,012,"LINWOOD ST",WALNUT,95.00,N,N,A,-,N,,,,,,,,,,Y,2,0,1,2,A,-,03,22350,,N,C,C,A,A,H,-,A,A,0,,,,,Y,,A,07,1,0,0,0,0,0,0,0,0,"- ","- ",36.313190460205078,-119.34078216552734,TULARE,VISALIA,-119.34064483642578,36.31304931640625
9683922,2024,2024-04-17,5406,2024-02-04,1935,MCPP7,DISTS,7,5,4,5406,0,0,0,,0,EAST,MOONEY,BARDSLEY,295.00,N,N,C,-,N,,,,,,,,,,Y,2,0,1,2,A,-,05,21651,A,N,A,E,A,B,H,-,C,A,0,,,,,Y,,A,01,1,0,0,0,0,0,0,0,0,"- ","- ",,,TULARE,TULARE,-119.31324768066406,36.197509765625
9685891,2024,2024-06-12,5407,2024-04-16,1227,M292,480,2,5,5,5407,0,0,0,,0,N25,"W HOUSTON AV","N DEMAREE ST",490.00,E,N,A,-,N,,,,,,,,,,Y,2,0,2,2,A,-,09,21804,A,N,D,C,A,A,H,-,A,A,0,,,,,Y,,A,07,1,0,1,0,0,0,0,0,0,"- ","- ",36.341869354248047,-119.33011627197266,TULARE,VISALIA,-119.33031463623047,36.341888427734375
9690342,2024,2024-07-29,5407,2024-03-29,1544,M292,480,5,5,5,5407,0,0,0,,0,011,"W GOSHREN AVE","N CHINOWITH ST",0.00,,Y,B,-,N,,,,,,,,,,Y,2,0,2,3,A,-,09,21801,A,N,A,C,A,A,H,-,A,A,0,,,,,Y,,A,01,1,1,0,0,0,0,0,0,0,"- ","- ",36.339481353759766,-119.33638763427734,TULARE,VISALIA,-119.33634185791016,36.339454650878906
9694803,2022,2024-05-07,5401,2022-04-27,2055,2118,5401,3,5,3,5401,0,0,0,,0,00A,"EL MONTE WY","WESTGATE WY",897.00,W,N,A,-,N,,,,,,,,,,Y,2,0,2,3,A,-,00,23103,,N,B,C,F,A,H,-,C,D,0,Y,,,,Y,,A,01,1,0,1,0,1,0,0,0,0,"- ","- ",,,TULARE,DINUBA,-119.41153717041016,36.546089172363281
9700513,2024,2024-10-04,5407,2024-05-11,"439 ",12546,480,6,5,5,5407,0,0,0,,0,026,"SANTA FE ST","MINERAL KING AV",131.00,S,N,A,-,N,,,,,,,,,,N,2,0,1,2,A,-,03,22350,,F,G,-,A,A,H,-,C,D,0,,Y,,,Y,,-,,1,0,0,0,0,0,1,0,0,"- ","- ",,,TULARE,VISALIA,-119.28781127929688,36.327438354492188
9700567,2024,2024-06-21,5407,2024-04-19,1449,M203,480,5,5,5,5407,0,0,0,,0,011,"N PLAZA DR",NICHOLAS,50.00,S,N,A,-,N,,,,,,,,,,N,2,0,1,2,A,-,09,21804,A,N,C,C,A,A,H,-,A,A,0,,,Y,,Y,,A,07,1,0,0,0,0,0,0,0,1,"- ","- ",36.336441040039062,-119.39456176757812,TULARE,VISALIA,-119.39459228515625,36.336502075195312
9701645,2024,2024-05-23,5401,2024-03-04,1242,2127,5401,1,5,3,5401,0,0,0,,0,,"E TULARE ST","N H ST",0.00,,-,A,-,N,,,,,,,,,,N,2,0,1,2,C,-,18,,,N,G,-,C,A,H,-,A,D,0,Y,,,,Y,,-,"- ",1,0,0,0,1,0,0,0,0,"- ","- ",,,TULARE,DINUBA,-119.38632202148438,36.543842315673828
9702052,2024,2024-06-27,5407,2024-03-18,2246,12536,480,1,5,5,5407,0,0,0,,0,034,"RT 63","VISALIA PKWY",0.00,,Y,A,-,Y,TUL,6,63,-,-,5.510,H,-,N,N,2,0,3,3,A,-,03,22350,,M,C,C,A,A,H,-,A,A,0,,,,,Y,,A,01,1,1,1,0,0,0,0,0,0,"- ","- ",,,TULARE,VISALIA,-119.31352233886719,36.291244506835938
9702056,2024,2024-06-26,5407,2024-04-27,1712,12389,480,6,5,5,5407,0,0,0,,0,034,"COURT ST","BEECH AV",0.00,,Y,A,-,N,,,,,,,,,,N,2,0,1,2,A,-,00,21508,,N,G,B,B,A,H,-,A,A,0,Y,,,,Y,Y,N,60,1,0,0,0,1,0,0,0,0,"- ","- ",,,TULARE,VISALIA,-119.29183197021484,36.309238433837891
9703418,2024,2024-08-13,5405,2024-06-08,"937 ",306,SEC4,6,5,4,5405,0,0,0,,0,,"PUTNAM AV","INDIANA ST",25.00,E,N,A,-,N,,,,,,,,,,N,2,0,2,1,A,-,08,22107,,F,E,I,A,A,H,-,A,A,0,,,,,Y,Y,A,07,1,1,0,0,0,0,0,0,0,"- ","- ",36.069000244140625,-119.03489685058594,TULARE,PORTERVILLE,-119.03502655029297,36.069618225097656
9706498,2023,2024-07-11,5407,2023-07-29,1734,A305,480,6,5,5,5407,0,0,0,,0,026,"N COURT ST",RACE,0.00,,Y,A,-,N,,,,,,,,,,N,2,0,1,2,D,-,00,,,F,G,G,A,A,H,-,A,D,0,,Y,,,Y,,-,"- ",1,0,0,0,0,0,1,0,0,"- ","- ",36.335338592529297,-119.29238128662109,TULARE,VISALIA,-119.29239654541016,36.335338592529297
9706542,2024,2024-07-26,5407,2024-05-17,1314,M186,480,5,5,5,5407,0,0,0,,0,012,"RT 63","AVE 268",0.00,,Y,A,-,Y,TUL,6,63,-,-,4.510,I,5,S,N,2,0,1,2,A,-,10,21950,A,N,G,B,B,A,H,-,A,A,0,Y,,,,Y,,I,09,1,0,0,0,1,0,0,0,0,"- ","- ",36.276760101318359,-119.31336212158203,TULARE,VISALIA,-119.31346130371094,36.276798248291016
9706668,2024,2024-07-26,5407,2024-06-01,"5   ",12540,480,6,5,5,5407,0,0,0,,0,N25,"RT 63","LOCUST ST",270.00,W,N,A,-,Y,TUL,6,63,-,L,9.100,H,-,S,Y,2,0,1,2,A,-,01,23152,A,F,G,B,D,A,H,-,C,A,0,Y,,,,Y,Y,A,01,1,0,0,0,1,0,0,0,0,"- ","- ",,,TULARE,VISALIA,-119.29450225830078,36.327423095703125
9708793,2024,2024-08-06,5405,2024-06-30,1819,259,SEC3,7,5,4,5405,0,0,0,,0,,"PUTNAM AV","ESTHER ST",0.00,,Y,A,-,N,,,,,,,,,,Y,2,0,2,2,A,-,09,21801,A,N,A,C,A,A,H,-,A,D,0,,,Y,,Y,,A,07,1,0,1,0,0,0,0,0,1,"- ","- ",36.069370269775391,-119.00698852539062,TULARE,PORTERVILLE,-119.00705718994141,36.069389343261719
9710256,2024,2024-07-30,5403,2024-06-19,1841,843,,3,5,2,5403,0,0,0,,0,,"WEST VISALIA ROAD","SOUTH VENTURA AVENUE",0.00,,Y,A,-,N,,,,,,,,,,Y,2,0,1,1,A,-,08,22100,,N,E,I,A,A,H,-,A,D,0,,,,,Y,,D,22,1,0,0,0,0,0,0,0,0,"- ","- ",,,TULARE,FARMERSVILLE,-119.21171569824219,36.29779052734375
9717696,2024,2024-08-28,5406,2024-07-02,1146,FNVWJ,DIST4,2,5,4,5406,0,0,0,,0,EAST,M,PROSPERITY,24.00,N,N,A,-,N,,,,,,,,,,N,2,0,1,2,A,-,05,21650,1,N,G,G,A,A,H,-,A,A,0,,Y,,,Y,,L,04,1,0,0,0,0,0,1,0,0,"- ","- ",36.22576904296875,-119.34432220458984,TULARE,TULARE,-119.34438323974609,36.225826263427734
9718136,2024,2024-08-08,5407,2024-06-29,"335 ",12619,480,6,5,5,5407,0,0,0,,0,025,"LOCUST ST","MAIN ST",0.00,,Y,A,-,Y,TUL,6,63,-,-,8.200,I,5,S,N,2,0,1,1,D,-,00,,,N,H,A,A,A,H,-,C,A,0,,,Y,,Y,,-,"- ",1,0,0,0,0,0,0,0,1,"- ","- ",,,TULARE,VISALIA,-119.29344940185547,36.330162048339844
9724329,2024,2024-08-30,5407,2024-06-14,1222,M186,480,5,5,5,5407,0,0,0,,0,011,"AKERS ST",NOBLE,59.00,N,N,A,-,N,,,,,,,,,,Y,2,0,4,3,C,-,18,,,N,A,D,A,A,H,-,A,A,0,,,,,Y,,-,"- ",2,0,2,0,0,0,0,0,0,"- ","- ",,,TULARE,VISALIA,-119.34959411621094,36.326801300048828
9731506,2024,2024-09-12,5407,2024-07-07,1406,M186,480,7,5,5,5407,0,0,0,,0,012,"S DEMAREE ST",WALNUT,0.00,,Y,A,-,N,,,,,,,,,,Y,2,0,1,2,A,-,12,21453,A,N,H,J,A,A,H,-,A,A,0,,,,,Y,,M,94,1,0,0,0,0,0,0,0,0,"- ","- ",36.312820434570312,-119.33168029785156,TULARE,VISALIA,-119.33167266845703,36.312812805175781
9733137,2024,2024-09-13,5407,2024-07-24,2037,12239,480,3,5,5,5407,0,0,0,,0,012,"CHINOWTH ST",CHERRY,0.00,,Y,A,-,N,,,,,,,,,,Y,2,0,1,3,A,-,09,21802,A,N,D,C,A,A,H,-,C,A,0,,,,,Y,,A,08,1,0,0,0,0,0,0,0,0,"- ","- ",36.307590484619141,-119.33608245849609,TULARE,VISALIA,-119.33611297607422,36.307594299316406
9733286,2024,2024-09-16,5407,2024-08-17,"539 ",12540,480,6,5,5,5407,0,0,0,,0,026,"MINERAL KING",CAIN,9.00,S,N,A,-,N,,,,,,,,,,Y,2,0,1,2,A,-,09,21801,A,N,D,C,A,A,H,-,B,A,0,,,Y,,Y,,A,01,1,0,0,0,0,0,0,0,1,"- ","- ",,,TULARE,VISALIA,-119.27420043945312,36.327339172363281
9736716,2024,2024-10-01,5405,2024-08-30,1328,270,SEC1,5,5,4,5405,0,0,0,,0,SEC1,"HENDERSON AV","NEWCOMB ST",0.00,,Y,A,-,N,,,,,,,,,,N,2,0,1,1,A,-,00,23103,A,N,H,A,A,A,H,-,A,A,0,,,Y,,Y,,C,02,1,0,0,0,0,0,0,0,1,"- ","- ",,,TULARE,PORTERVILLE,-119.05287170410156,36.080352783203125
9738618,2024,2024-10-03,5405,2024-09-09,2340,282,SEC4,1,5,4,5405,0,0,0,,0,,"NEWCOMB ST","PUTNAM AV",280.00,S,N,A,-,N,,,,,,,,,,Y,2,0,1,2,A,-,00,21760,C,N,C,G,A,A,H,-,C,A,0,,Y,,,Y,,A,01,1,0,0,0,0,0,1,0,0,"- ","- ",36.069660186767578,-119.05265808105469,TULARE,PORTERVILLE,-119.05297088623047,36.068721771240234
9743892,2024,2024-12-03,5405,2024-11-07,2332,265,SEC1,4,5,4,5405,0,0,0,,0,,"POPLAR AV","JAYE ST",622.00,W,N,A,-,N,,,,,,,,,,N,2,0,1,2,A,-,03,22350,,N,G,B,E,A,H,-,D,D,0,Y,,,,Y,,A,01,1,0,0,0,1,0,0,0,0,"- ","- ",36.051048278808594,-119.02628326416016,TULARE,PORTERVILLE,-119.02835845947266,36.051467895507812
9749573,2024,2024-11-07,5405,2024-10-23,2051,223,SEC1,3,5,4,5405,0,0,0,,0,,"RT 65","LINDA VISTA AV",0.00,,Y,A,-,Y,TUL,6,65,-,-,21.830,I,5,N,Y,2,0,5,2,A,-,09,21800,A,N,D,C,A,A,H,-,C,A,0,,,,,Y,,A,01,1,0,4,0,0,0,0,0,0,"- ","- ",,,TULARE,PORTERVILLE,-119.04294586181641,36.104347229003906
9751482,2024,2025-02-14,5405,2024-09-29,1221,282,"SEC 1",7,5,4,5405,0,0,0,,0,,"HENDERSON AV","BALMORAL DR",0.00,,Y,A,-,N,,,,,,,,,,Y,1,1,0,2,A,-,09,21802,A,N,D,C,A,A,H,-,A,A,0,,,Y,,Y,,D,22,0,0,0,0,0,0,0,1,0,"- ","- ",36.080341339111328,-119.06278991699219,TULARE,PORTERVILLE,-119.06278228759766,36.080333709716797
9752233,2024,2024-11-14,5403,2024-10-01,"750 ",847,,2,5,2,5403,0,0,0,,0,,"ASH ST","STEVEN AV",15.00,E,N,A,-,N,,,,,,,,,,N,2,0,2,3,A,-,10,21950,,N,G,B,B,A,H,-,A,A,0,Y,,,,Y,,A,07,2,0,0,0,2,0,0,0,0,"- ","- ",,,TULARE,FARMERSVILLE,-119.21328735351562,36.301799774169922
9754070,2024,2024-11-25,5406,2024-10-05,1807,6WA4R,3,6,5,4,5406,0,0,0,,0,0AO,BLACKSTONE,CEDAR,130.00,N,N,A,-,N,,,,,,,,,,Y,2,0,1,2,A,-,09,21801,A,N,D,C,A,A,H,-,B,D,0,,,Y,,Y,,A,01,1,0,0,0,0,0,0,0,1,"- ","- ",36.196678161621094,-119.33104705810547,TULARE,TULARE,-119.33112335205078,36.199947357177734
9759069,2024,2024-12-23,5407,2024-10-23,"830 ",A316,480,3,5,5,5407,0,0,0,,0,033,"W PRINCETON AV","S MOONEY BL",0.00,,Y,A,-,N,,,,,,,,,,N,2,0,1,2,A,-,10,21950,A,N,G,B,B,A,H,-,A,A,0,Y,,,,Y,,A,01,1,0,0,0,1,0,0,0,0,"- ","- ",36.315620422363281,-119.31378173828125,TULARE,VISALIA,-119.31394195556641,36.315639495849609
9761459,2024,2025-01-10,5405,2024-12-03,2026,312,SEC4,2,5,4,5405,0,0,0,,0,,"SPRINGVILLE AV","OAK VIEW ST",15.00,S,N,A,-,N,,,,,,,,,,Y,2,0,1,2,A,-,08,22107,,N,D,C,A,A,H,-,C,A,0,,,,,Y,,D,22,1,0,0,0,0,0,0,0,0,"- ","- ",36.055160522460938,-119.03137969970703,TULARE,PORTERVILLE,-119.03109741210938,36.054981231689453
9762990,2024,2025-01-09,5407,2024-12-17,1705,12060,480,2,5,5,5407,0,0,0,,0,Q34,"WHITENDALE AV",HALL,0.00,,Y,A,-,N,,,,,,,,,,Y,2,0,2,2,A,-,09,21802,A,N,D,C,A,A,H,-,A,A,0,,,,,Y,,A,01,1,1,0,0,0,0,0,0,0,"- ","- ",,,TULARE,VISALIA,-119.30828094482422,36.305713653564453
9763161,2024,2025-01-17,5407,2024-11-13,"627 ",M395,480,3,5,5,5407,0,0,0,,0,011,"N MOONEY BL","W WREN",0.00,,Y,A,-,N,,,,,,,,,,N,2,0,1,2,A,-,11,21956,,N,G,B,E,A,H,-,A,A,0,Y,,,,Y,,N,60,1,0,0,0,1,0,0,0,0,"- ","- ",,,TULARE,VISALIA,-119.31427001953125,36.353168487548828
9763567,2024,2025-01-31,5403,2024-12-31,1725,839,,2,5,2,5403,0,0,0,,0,,"VISALIA RD","S ROSE AV",2.00,W,N,A,-,N,,,,,,,,,,N,2,0,2,3,A,-,11,21954,A,F,G,B,D,A,H,-,C,D,0,Y,,,,Y,Y,N,60,1,0,1,0,2,0,0,0,0,"- ","- ",,,TULARE,FARMERSVILLE,-119.20411682128906,36.297828674316406
9763734,2024,2025-01-17,5403,2024-12-24,1716,839,,2,5,2,5403,0,0,0,,0,,"W VISALIA RD","S DODE AV",50.00,W,N,C,-,N,,,,,,,,,,N,2,0,1,2,A,-,11,21954,A,N,G,B,D,B,H,-,C,D,0,Y,,,,Y,Y,N,60,1,0,0,0,1,0,0,0,0,"- ","- ",,,TULARE,FARMERSVILLE,-119.21002197265625,36.29779052734375
9766640,2025,2025-04-01,5407,2025-02-14,1816,12531,480,5,5,5,5407,0,0,0,,0,025,"N MOONEY BL",SUNNYVIEW,0.00,,Y,A,-,N,,,,,,,,,,Y,2,0,1,2,A,-,08,22107,,N,D,C,A,A,C,H,C,D,0,,,Y,,Y,,A,01,1,0,0,0,0,0,0,0,1,"- ","- ",,,TULARE,VISALIA,,
9768399,2024,2024-12-23,5407,2024-09-15,2201,12202,480,7,5,5,5407,0,0,0,,0,033,"WALNUT AV",CENTRAL,0.00,,Y,A,-,N,,,,,,,,,,Y,2,0,2,2,A,-,09,21801,A,N,D,C,A,A,H,-,C,A,0,,,Y,,Y,,A,01,2,0,0,0,0,0,0,0,1,"- ","- ",36.312000274658203,-119.31199645996094,TULARE,VISALIA,-119.31211090087891,36.312957763671875
9770540,2024,2025-01-10,5405,2024-12-24,1945,314,SEC2,2,5,4,5405,0,0,0,,0,,"MAIN ST","NORTH AV",0.00,,Y,A,-,N,,,,,,,,,,Y,2,0,4,2,A,-,01,23153,A,N,A,C,A,A,H,-,D,D,0,,,,,Y,Y,A,01,1,1,2,0,0,0,0,0,0,"- ","- ",36.076061248779297,-119.01679992675781,TULARE,PORTERVILLE,-119.01679229736328,36.0760498046875
9770906,2024,2025-01-07,5407,2024-11-02,1948,C62,480,6,5,5,5407,0,0,0,,0,012,"W WALNUT AV","S SHIRK ST",0.00,,Y,A,-,N,,,,,,,,,,N,2,0,1,2,A,-,03,22350,,N,B,C,A,A,H,-,D,A,0,,,Y,,Y,,C,02,1,0,0,0,0,0,0,0,1,"- ","- ",36.312721252441406,-119.36759185791016,TULARE,VISALIA,-119.36754608154297,36.312751770019531
9781480,2025,2025-02-21,5407,2025-01-14,1655,A337,480,2,5,5,5407,0,0,0,,0,N25,"CONYER ST","MAIN ST",0.00,,Y,A,-,N,,,,,,,,,,N,2,0,1,2,A,-,10,21950,A,N,G,-,B,A,H,-,A,A,0,Y,,,,Y,,A,01,1,0,0,0,1,0,0,0,0,"- ","- ",,,TULARE,VISALIA,-119.30108642578125,36.330112457275391
9781827,2024,2025-02-12,5407,2024-11-29,"51  ",M371,480,5,5,5,5407,0,0,0,,0,034,"E WALNUT AV","GARDEN ST",160.00,E,N,A,-,N,,,,,,,,,,Y,2,0,2,3,A,-,01,23152,B,N,C,E,A,A,H,-,C,A,0,,,,,Y,Y,A,01,1,1,0,0,0,0,0,0,0,"- ","- ",36.312618255615234,-119.28903198242188,TULARE,VISALIA,-119.28913116455078,36.312870025634766
9786180,2024,2025-05-03,5405,2024-12-27,2324,322,"SEC 4",5,5,4,5405,0,0,0,,0,004,"TEAPOT DOME AV","NEWCOMB ST",0.00,,Y,A,-,N,,,,,,,,,,Y,1,1,2,2,A,-,01,23153,A,N,D,C,A,A,H,-,D,A,0,,,,,Y,Y,A,07,1,1,0,0,0,0,0,0,0,"- ","- ",36.022270202636719,-119.05342102050781,TULARE,PORTERVILLE,-119.05339813232422,36.022258758544922
9786324,2024,2025-07-29,5406,2024-12-23,2327,QY3DO,DIST5,1,5,4,5406,0,0,0,,0,EAST,MOONEY,BARDSLEY,0.00,,-,A,-,N,,,,,,,,,,Y,1,1,0,2,A,-,05,21650,,N,A,C,A,A,H,-,C,D,0,,,,,Y,,A,01,0,0,0,0,0,0,0,0,0,"- ","- ",36.196708679199219,-119.31324768066406,TULARE,TULARE,-119.31326293945312,36.196704864501953
9786419,2024,2025-07-18,5407,2024-11-21,1753,M186,480,4,5,5,5407,0,0,0,,0,012,WALNUT,"ROYAL OAKS AV",169.00,W,N,A,-,N,,,,,,,,,,Y,1,1,0,2,A,-,09,21804,A,N,D,C,A,A,H,-,C,A,0,,,Y,,Y,,D,22,0,0,0,0,0,0,0,1,0,"- ","- ",,,TULARE,VISALIA,-119.33065032958984,36.312808990478516
9793634,2025,2025-03-17,5407,2025-01-27,1227,C71,480,1,5,5,5407,0,0,0,,0,R12,"WALNUT AV","ROEBEN ST",0.00,,Y,A,-,N,,,,,,,,,,Y,2,0,1,2,A,-,03,22350,,N,C,C,A,A,H,-,A,A,0,,,,,Y,,A,01,1,0,0,0,0,0,0,0,0,"- ","- ",36.312740325927734,-119.35856628417969,TULARE,VISALIA,-119.35855865478516,36.312740325927734
9793635,2025,2025-03-20,5407,2025-01-21,"655 ",M289,480,2,5,5,5407,0,0,0,,0,026,"BEN MADDOX",HOUSTON,0.00,,Y,A,-,N,,,,,,,,,,Y,2,0,3,2,A,-,09,21453,C,N,A,C,A,A,H,-,C,A,0,,,,,Y,,-,,1,0,2,0,0,0,0,0,0,"- ","- ",,,TULARE,VISALIA,-119.27880859375,36.341854095458984
9793637,2025,2025-03-17,5407,2025-01-24,2219,A398,480,5,5,5,5407,0,0,0,,0,033,"MOONEY BL","TULARE AV",0.00,,Y,A,-,N,,,,,,,,,,N,2,0,1,2,A,-,11,21954,A,N,G,B,D,A,H,-,C,A,0,Y,,,,Y,,N,60,1,0,0,0,1,0,0,0,0,"- ","- ",36.319591522216797,-119.31379699707031,TULARE,VISALIA,-119.31398773193359,36.320220947265625
9800371,2025,2025-04-09,5406,2025-02-26,1545,FNVWJ,DIST2,3,5,4,5406,0,0,0,,0,WEST,E,PROSPERITY,413.00,N,N,A,-,N,,,,,,,,,,Y,2,0,1,2,A,-,05,21460,A,N,D,C,A,A,H,-,A,D,0,,,Y,,Y,,A,01,1,0,0,0,0,0,0,0,1,"- ","- ",36.225681304931641,-119.35771179199219,TULARE,TULARE,-119.35781097412109,36.226833343505859
9800372,2025,2025-04-09,5406,2025-02-23,1818,CXMPV,DIST2,7,5,4,5406,0,0,0,,0,A/O,TULARE,SACRAMENTO,85.00,E,N,A,-,N,,,,,,,,,,N,2,0,1,2,A,-,05,21650,1,N,G,G,A,A,H,-,A,A,0,,Y,,,Y,,L,04,1,0,0,0,0,0,1,0,0,"- ","- ",36.206329345703125,-119.36277008056641,TULARE,TULARE,-119.36247253417969,36.206287384033203
9805292,2025,2025-04-30,5407,2025-03-18,1054,M395,480,2,5,5,5407,0,0,0,,0,025,"W MAIN ST","S ELM",130.00,W,N,A,-,N,,,,,,,,,,N,2,0,1,2,A,-,09,21804,A,N,D,C,A,A,H,-,A,A,0,,,Y,,Y,,A,08,1,0,0,0,0,0,0,0,1,"- ","- ",36.329551696777344,-119.31391906738281,TULARE,VISALIA,-119.313232421875,36.329944610595703
9805372,2025,2025-04-29,5407,2025-04-02,1740,A430,480,3,5,5,5407,0,0,0,,0,033,"BEN MADDOX WY","NOBLE AV",0.00,,Y,A,-,N,,,,,,,,,,Y,2,0,2,2,A,-,08,22107,,N,A,C,A,A,H,-,A,A,0,,,,,Y,,A,07,1,1,0,0,0,0,0,0,0,"- ","- ",36.326099395751953,-119.27850341796875,TULARE,VISALIA,-119.27854156494141,36.326107025146484
9807489,2025,2025-05-29,5406,2025-04-12,2038,EETOY,1,6,5,4,5406,0,0,0,,0,0WS,SHASTA,"MARIN AV",1.00,W,N,A,-,N,,,,,,,,,,Y,2,0,1,2,A,-,03,22350,,N,D,C,A,A,H,-,C,A,0,,,Y,,Y,,C,02,1,0,0,0,0,0,0,0,1,"- ","- ",36.201839447021484,-119.37042236328125,TULARE,TULARE,-119.37042999267578,36.201850891113281
9813502,2025,2025-05-28,5406,2025-04-21,1416,CXMPV,3,1,5,4,5406,0,0,0,,0,0AO,LASPINA,"HOSFIELD DR",0.00,,Y,A,-,N,,,,,,,,,,Y,2,0,2,2,A,-,12,22450,A,N,D,C,A,A,H,-,A,A,0,,,,,Y,,E,22,2,0,0,0,0,0,0,0,0,"- ","- ",36.152790069580078,-119.32862091064453,TULARE,TULARE,-119.32024383544922,36.150749206542969
9813504,2025,2025-05-28,5406,2025-04-16,1627,CXMPV,3,3,5,4,5406,0,0,0,,0,0AO,BARDSLEY,LASPINA,240.00,W,N,A,-,N,,,,,,,,,,Y,2,0,1,3,A,-,09,21804,A,N,D,C,A,A,H,-,A,A,0,,,,,Y,,A,01,1,0,0,0,0,0,0,0,0,"- ","- ",36.196689605712891,-119.3221435546875,TULARE,TULARE,-119.32303619384766,36.196678161621094
9814993,2025,2025-06-04,5406,2025-03-03,"652 ",CXMPV,DIST3,1,5,4,5406,0,0,0,,0,0AO,J,TULARE,0.00,,Y,A,-,N,,,,,,,,,,Y,2,0,2,1,A,-,01,23152,A,N,E,I,A,A,H,-,A,A,0,,,,,Y,Y,A,01,2,0,0,0,0,0,0,0,0,"- ","- ",36.207870483398438,-119.34745025634766,TULARE,TULARE,-119.34754943847656,36.207836151123047