CASE_ID,ACCIDENT_YEAR,PROC_DATE,JURIS,COLLISION_DATE,COLLISION_TIME,OFFICER_ID,REPORTING_DISTRICT,DAY_OF_WEEK,CHP_SHIFT,POPULATION,CNTY_CITY_LOC,SPECIAL_COND,BEAT_TYPE,CHP_BEAT_TYPE,CITY_DIVISION_LAPD,CHP_BEAT_CLASS,BEAT_NUMBER,PRIMARY_RD,SECONDARY_RD,DISTANCE,DIRECTION,INTERSECTION,WEATHER_1,WEATHER_2,STATE_HWY_IND,CALTRANS_COUNTY,CALTRANS_DISTRICT,STATE_ROUTE,ROUTE_SUFFIX,POSTMILE_PREFIX,POSTMILE,LOCATION_TYPE,RAMP_INTERSECTION,SIDE_OF_HWY,TOW_AWAY,COLLISION_SEVERITY,NUMBER_KILLED,NUMBER_INJURED,PARTY_COUNT,PRIMARY_COLL_FACTOR,PCF_CODE_OF_VIOL,PCF_VIOL_CATEGORY,PCF_VIOLATION,PCF_VIOL_SUBSECTION,HIT_AND_RUN,TYPE_OF_COLLISION,MVIW,PED_ACTION,ROAD_SURFACE,ROAD_COND_1,ROAD_COND_2,LIGHTING,CONTROL_DEVICE,CHP_ROAD_TYPE,PEDESTRIAN_ACCIDENT,BICYCLE_ACCIDENT,MOTORCYCLE_ACCIDENT,TRUCK_ACCIDENT,NOT_PRIVATE_PROPERTY,ALCOHOL_INVOLVED,STWD_VEHTYPE_AT_FAULT,CHP_VEHTYPE_AT_FAULT,COUNT_SEVERE_INJ,COUNT_VISIBLE_INJ,COUNT_COMPLAINT_PAIN,COUNT_PED_KILLED,COUNT_PED_INJURED,COUNT_BICYCLIST_KILLED,COUNT_BICYCLIST_INJURED,COUNT_MC_KILLED,COUNT_MC_INJURED,PRIMARY_RAMP,SECONDARY_RAMP,LATITUDE,LONGITUDE,COUNTY,CITY,POINT_X,POINT_Y
9818539,2025,2025-07-31,5406,2025-06-08,1909,EET0Y,DIST3,7,5,4,5406,0,0,0,,0,0ES,ASPEN,LASPINA,86.00,E,N,A,-,N,,,,,,,,,,N,2,0,1,2,A,-,03,22350,,N,D,E,A,A,H,-,B,D,0,,,Y,,Y,Y,A,07,1,0,0,0,0,0,0,0,1,"- ","- ",36.185009002685547,-119.32427978515625,TULARE,TULARE,-119.32447814941406,36.184989929199219
9831642,2025,2025-07-14,5407,2025-04-10,1723,C71,36298,4,5,5,5407,0,0,0,,0,119335,"W CALDWELL AV",CHINOWTH,45.00,E,N,A,-,N,,,,,,,,,,Y,2,0,3,3,A,-,09,21804,A,N,C,C,A,A,H,-,A,A,0,,,,,Y,,A,01,1,2,0,0,0,0,0,0,0,"- ","- ",36.298320770263672,-119.33596038818359,TULARE,VISALIA,-119.33587646484375,36.298332214355469
9833012,2025,2025-07-30,5407,2025-05-18,"821 ",12903,480,7,5,5,5407,0,0,0,,0,025,"WEST RIGGIN AV","N GIDDINGS ST",0.00,,Y,A,-,N,,,,,,,,,,Y,2,0,1,2,A,-,06,21750,A,N,D,C,A,A,A,D,A,A,0,,,,,Y,,A,07,1,0,0,0,0,0,0,0,0,"- ","- ",36.356479644775391,-119.30573272705078,TULARE,VISALIA,-119.30571746826172,36.356399536132812
9833085,2025,2025-07-16,5407,2025-06-08,1547,A386,480,7,5,5,5407,0,0,0,,0,026,"E RIGGIN AV","ST JOHNS PKWY",0.00,,Y,A,-,N,,,,,,,,,,Y,2,0,1,1,A,-,03,22350,,N,E,I,A,A,H,-,A,A,0,,,Y,,Y,,C,02,1,0,0,0,0,0,0,0,1,"- ","- ",,,TULARE,VISALIA,-119.28826904296875,36.356876373291016
9833123,2025,2025-07-16,5407,2025-04-11,1339,M292,480,5,5,5,5407,0,0,0,,0,O26,"N ST JOHNS PKWY","E CONWAY CT",175.00,S,N,A,-,N,,,,,,,,,,Y,2,0,1,1,A,-,01,23152,B,N,A,I,A,A,H,-,A,A,0,,,Y,,Y,Y,C,02,1,0,0,0,0,0,0,0,1,"- ","- ",,,TULARE,VISALIA,-119.28646087646484,36.355968475341797
5912072,2014,2014-02-05,9480,2014-01-01,2115,17452,,3,2,9,5400,0,1,3,,2,095,"RT 99","AVENUE 72",2376.00,S,N,A,-,Y,TUL,6,99,-,-,8.660,H,-,N,Y,1,1,1,1,C,-,18,,,N,H,H,A,A,H,-,D,D,1,,,,,Y,,-,"- ",0,1,0,0,0,0,0,0,0,"- ","- ",35.91328,-119.28064999999999,TULARE,UNINCORPORATED,-119.28059275,35.912764199999998
6290012,2014,2014-12-22,9480,2014-01-21,0945,12251,,2,1,9,5400,0,3,5,,2,006,"AVENUE 288","ROAD 204",0.00,,Y,A,-,N,,,,,,,,,,Y,1,1,0,2,A,-,01,23152,A,N,D,C,A,A,H,-,A,A,0,,,,Y,Y,,A,08,0,0,0,0,0,0,0,0,0,"- ","- ",,,TULARE,UNINCORPORATED,-119.11718987,36.311370060000002
6290043,2014,2014-02-24,9480,2014-01-13,2147,17252,,1,2,9,5400,0,3,5,,2,005,"AVENUE 54","ROAD 16",1.00,E,N,A,-,N,,,,,,,,,,Y,1,1,0,1,A,-,03,22350,,N,E,I,A,A,H,-,D,D,0,,,,,Y,,A,07,0,0,0,0,0,0,0,0,0,"- ","- ",35.887900000000002,-119.53767000000001,TULARE,UNINCORPORATED,-119.53767000000001,35.887900000000002
6291361,2014,2014-10-22,9481,2014-08-15,0532,18853,,5,3,9,5400,0,2,4,,1,051,"ORANGE BELT DR","AVENUE 116",35.00,N,N,A,-,N,,,,,,,,,,Y,1,1,0,2,A,-,11,21954,A,N,G,B,E,A,H,-,D,D,0,Y,,,,Y,,N,60,0,0,0,1,0,0,0,0,0,"- ","- ",36.001950000000001,-119.03807,TULARE,UNINCORPORATED,-119.03880808,36.00056627
6291419,2014,2015-12-17,9480,2014-08-30,0330,17709,,6,3,9,5400,0,3,5,,2,003,"AVENUE 232","ROAD 28",0.00,,Y,A,-,N,,,,,,,,,,Y,1,2,2,2,A,-,01,23152,E,N,D,C,A,A,H,-,D,A,0,,,,,Y,Y,A,07,2,0,0,0,0,0,0,0,0,"- ","- ",36.210909999999998,-119.51091,TULARE,UNINCORPORATED,-119.51079986000001,36.210980020000001
6291507,2014,2014-10-30,9481,2014-09-10,1725,18657,,3,2,9,5400,0,3,5,,2,010,"ROAD 196","AVENUE 192",1584.00,S,N,A,-,N,,,,,,,,,,Y,1,1,0,2,A,-,08,22107,,N,D,C,A,A,H,-,A,D,0,,,,,Y,,A,01,0,0,0,0,0,0,0,0,0,"- ","- ",36.133960000000002,-119.13423,TULARE,UNINCORPORATED,-119.13421025,36.133956310000002
6291939,2014,2015-02-11,9480,2014-12-20,1342,019543,,6,1,9,5400,0,1,3,,1,034,"RT 198","RD 56",1056.00,E,N,A,-,Y,TUL,6,198,-,-,1.700,H,-,E,Y,1,1,0,2,A,-,08,22107,,N,C,C,A,A,H,-,A,D,0,,,,Y,Y,,D,22,0,0,0,0,0,0,0,0,0,"- ","- ",36.32732,-119.44458,TULARE,UNINCORPORATED,-119.44497044000001,36.327308090000002
6292234,2015,2017-04-04,9480,2015-04-20,0300,17311,,1,3,9,5400,0,1,3,,1,060,"RT 137","RD 168",4752.00,W,N,A,-,Y,TUL,6,137,-,-,23.090,H,-,E,Y,1,1,1,1,A,-,08,22107,,N,F,A,A,A,H,-,D,D,0,,,,,Y,Y,A,01,0,1,0,0,0,0,0,0,0,"- ","- ",36.210760000000001,-119.214,TULARE,UNINCORPORATED,-119.21327805999999,36.210781410000003
6292448,2015,2015-08-03,9481,2015-07-16,0635,16065,,4,1,9,5400,0,2,4,,1,011,"AVENUE 192","ROAD 196",0.00,,Y,A,-,N,,,,,,,,,,Y,1,1,0,2,A,-,05,21752,D,N,D,C,A,A,H,-,A,D,0,,,Y,,Y,,C,02,0,0,0,0,0,0,0,1,0,"- ","- ",36.138339999999999,-119.14324999999999,TULARE,UNINCORPORATED,-119.13408994,36.138290040000001
6292611,2015,2016-04-05,9480,2015-07-27,1725,15283,,1,2,9,5400,0,1,3,,1,065,"RT 65","AVENUE 232",2112.00,N,N,A,-,Y,TUL,6,65,-,-,31.950,H,-,S,Y,1,2,1,2,A,-,08,22107,,N,D,C,A,A,H,-,A,D,0,,,,Y,Y,,A,07,1,0,0,0,0,0,0,0,0,"- ","- ",36.216799999999999,-119.13633,TULARE,UNINCORPORATED,-119.13635272,36.216543999999999
6292670,2015,2016-02-22,9480,2015-08-10,0720,12568,,1,1,9,5400,0,3,5,,2,006,"RD 100","AVE 272",0.00,,Y,A,-,N,,,,,,,,,,Y,1,1,2,2,A,-,09,21801,A,N,D,C,A,A,H,-,A,A,0,,,,,Y,,A,07,0,0,2,0,0,0,0,0,0,"- ","- ",36.283769999999997,-119.34941999999999,TULARE,UNINCORPORATED,-119.34928993,36.283710059999997
6292981,2017,2017-10-27,5407,2017-07-25,0608,M222,480,2,5,5,5407,0,0,0,,0,025,"RT 63","OAK AV",0.00,,Y,A,-,Y,TUL,6,63,-,-,8.330,I,5,S,Y,1,1,0,2,A,-,11,21954,A,N,G,B,D,A,H,-,B,A,0,Y,,,,Y,,A,01,0,0,0,1,0,0,0,0,0,"- ","- ",36.331980000000001,-119.29346,TULARE,VISALIA,-119.29347131,36.331956239999997
6324097,2014,2015-12-18,5405,2014-01-08,1519,107,,3,5,4,5405,0,0,0,,0,001,"HENDERSON AV","PROSPECT ST",431.00,W,N,A,-,N,,,,,,,,,,N,1,1,0,2,A,-,09,21804,A,N,G,B,F,A,H,-,A,A,0,Y,,,,Y,,D,22,0,0,0,1,0,0,0,0,0,"- ","- ",,,TULARE,PORTERVILLE,-119.04542665,36.080403879999999
6336568,2014,2014-06-03,5405,2014-01-15,1441,106,,3,5,4,5405,0,0,0,,0,,"GRAND AV","VILLA ST",0.00,,Y,A,-,N,,,,,,,,,,Y,2,0,1,2,A,-,09,21802,A,N,D,C,A,A,H,-,A,A,0,,,,,Y,,-,,1,0,0,0,0,0,0,0,0,"- ","- ",,,TULARE,PORTERVILLE,-119.03053009,36.076830059999999
6365843,2014,2016-05-09,9480,2014-02-02,1635,016210,,7,2,9,5400,0,1,3,,1,064,"RT 198","RT 99",540.00,W,N,B,C,Y,TUL,6,198,-,R,3.740,H,-,E,Y,2,0,5,1,A,-,08,22107,,N,E,I,A,B,H,-,A,D,0,,,,,Y,,D,22,1,1,3,0,0,0,0,0,0,FR,"- ",36.326779999999999,-119.4092,TULARE,UNINCORPORATED,-119.4085893,36.326491990000001
6417222,2014,2014-06-24,9480,2014-03-17,0635,12568,,1,1,9,5400,0,3,5,,2,004,"RD 208","AVE 308",70.00,N,N,A,-,N,,,,,,,,,,Y,2,0,1,2,A,-,03,22350,,N,C,C,A,A,H,-,D,D,0,,,,,Y,,A,01,1,0,0,0,0,0,0,0,0,"- ","- ",,,TULARE,UNINCORPORATED,,
6420324,2014,2014-06-23,9480,2014-03-24,0654,012251,,1,1,9,5400,0,3,5,,2,006,"AVE 288","JUNE AV",624.00,W,N,A,-,N,,,,,,,,,,Y,2,0,1,2,A,-,09,21801,A,N,D,C,A,A,H,-,A,D,0,,,Y,,Y,,A,07,1,0,0,0,0,0,0,0,1,"- ","- ",,,TULARE,UNINCORPORATED,-119.21659201,36.312375269999997
6428403,2014,2014-07-03,9480,2014-02-15,1835,18861,,6,2,9,5400,0,3,5,,2,005,"ROAD 120","AVENUE 88",745.00,N,N,B,-,N,,,,,,,,,,Y,2,0,3,2,A,-,05,21650,,N,A,C,A,A,H,-,D,D,0,,,Y,,Y,,C,02,2,1,0,0,0,0,0,0,3,"- ","- ",35.953130000000002,-119.30377,TULARE,UNINCORPORATED,-119.37551999999999,36.007599999999996
6492065,2014,2016-04-08,9481,2014-05-08,0935,18148,,4,1,9,5400,0,1,3,,1,054,"RT 190","REDWOOD DR",2640.00,E,N,A,-,Y,TUL,6,190,-,-,50.470,H,-,W,N,2,0,1,1,A,-,17,21662,A,N,F,A,A,A,H,-,A,D,0,,,Y,,Y,,C,02,1,0,0,0,0,0,0,0,1,"- ","- ",36.151220000000002,-118.59249,TULARE,UNINCORPORATED,-118.59660346,36.152164249999998
6534548,2014,2014-07-29,5407,2014-05-10,0428,A243,480,6,5,5,5407,0,0,0,,0,033,"BEN MADDOX",PARADISE,15.00,S,N,A,-,N,,,,,,,,,,Y,2,0,2,1,A,-,01,23152,A,N,E,I,A,A,H,-,C,A,0,,,,,Y,Y,A,01,1,1,0,0,0,0,0,0,0,"- ","- ",,,TULARE,VISALIA,-119.27404941,36.316188840000002
6536852,2014,2015-02-12,9480,2014-06-16,1030,12568,,1,1,9,5400,0,1,3,,1,064,"RT 198","LINWOOD ST",750.00,W,N,A,-,Y,TUL,6,198,-,-,7.120,H,-,W,Y,2,0,1,2,A,-,07,21658,A,N,B,C,A,A,H,-,A,D,1,,,,,Y,,A,01,1,0,0,0,0,0,0,0,0,"- ","- ",36.327669999999998,-119.34372999999999,TULARE,UNINCORPORATED,-119.34325079,36.327384199999997
6544704,2014,2016-04-08,9480,2014-06-14,1700,19846,,6,2,5,5407,0,1,3,,1,064,"RT 198",LINWOOD,1565.00,W,N,A,-,Y,TUL,6,198,-,-,6.950,H,-,W,Y,2,0,1,2,A,-,03,22350,,N,C,C,A,A,H,-,A,D,1,,,Y,,Y,,C,02,1,0,0,0,0,0,0,0,1,"- ","- ",36.327390000000001,-119.34743,TULARE,VISALIA,-119.34629279000001,36.327361009999997
6547147,2014,2014-08-13,5406,2014-06-09,1653,22,5406,1,5,4,5406,0,0,0,,0,0AO,WEST,"SE LIGHTPOLE 2287175E",109.00,N,N,A,-,N,,,,,,,,,,Y,2,0,3,2,A,-,05,21650,,N,A,C,A,A,H,-,A,D,0,,,,,Y,,A,01,3,0,0,0,0,0,0,0,0,"- ","- ",,,TULARE,TULARE,,
6548798,2014,2014-08-29,9480,2014-07-01,1940,19186,,2,2,9,5400,0,3,5,,2,006,"RD 140","AVE 164",528.00,S,N,A,-,N,,,,,,,,,,N,2,0,1,2,A,-,08,22107,,N,B,G,A,A,H,-,A,D,0,,Y,,,Y,,D,22,1,0,0,0,0,0,1,0,0,"- ","- ",36.269640000000003,-119.26089,TULARE,UNINCORPORATED,-119.26074921999999,36.26963344
6558598,2014,2014-08-14,9420,2014-06-29,1150,20304,,7,1,9,5400,0,3,5,,2,020,"MOUNTAIN RD 99","FAIRVIEW HELISPOT",7392.00,N,N,A,-,N,,,,,,,,,,Y,2,0,1,1,A,-,03,22350,,N,F,A,A,A,H,-,A,D,0,,,Y,,Y,,C,02,1,0,0,0,0,0,0,0,1,"- ","- ",35.92304,-118.49584,TULARE,UNINCORPORATED,-118.49584668999999,35.922956849999998
6590732,2014,2014-09-03,9481,2014-08-05,1750,18314,,2,2,9,5400,0,2,4,,1,011,"RD 196","OKLAHOMA AV",0.00,,Y,A,-,N,,,,,,,,,,N,2,0,1,2,A,-,03,22350,,N,C,C,A,A,H,-,A,D,0,,,,,Y,,D,22,1,0,0,0,0,0,0,0,0,"- ","- ",36.142919999999997,-119.13414,TULARE,UNINCORPORATED,-119.13422993,36.142830099999998
6603860,2014,2014-09-08,9481,2014-08-03,1705,016065,,7,2,9,5400,0,2,4,,1,021,"ORANGE BELT DR","AVE 208",0.00,,Y,A,-,N,,,,,,,,,,Y,2,0,1,2,A,-,09,21802,A,N,D,C,A,A,H,-,A,A,0,,,,,Y,,A,07,1,0,0,0,0,0,0,0,0,"- ","- ",36.167310000000001,-119.07288,TULARE,UNINCORPORATED,-119.07283012000001,36.167300019999999
6606199,2014,2015-04-20,9480,2014-06-24,1915,017311,,2,2,9,5400,0,1,3,,1,020,"RT 201","RD 56",0.00,,Y,A,-,Y,TUL,6,201,-,-,4.940,I,5,E,Y,1,2,2,3,A,-,12,22450,A,N,D,C,A,A,H,-,A,A,0,,,,Y,Y,,G,25,0,0,2,0,0,0,0,0,0,"- ","- ",36.517270000000003,-119.4487,TULARE,UNINCORPORATED,-119.44869735,36.51737808
6646926,2014,2014-10-24,9480,2014-09-27,2250,017778,,6,3,9,5400,0,3,5,,2,001,"RD 80","AVE 336",50.00,S,N,A,-,N,,,,,,,,,,Y,2,0,3,1,A,-,01,23152,A,N,F,A,A,A,H,-,D,D,0,,,,,Y,Y,A,07,1,1,1,0,0,0,0,0,0,"- ","- ",36.398130000000002,-119.39436000000001,TULARE,UNINCORPORATED,-119.39475775,36.399574090000002
6658575,2014,2014-12-11,9480,2014-10-13,1430,012568,,1,2,9,5400,0,1,3,,1,064,"RT 198","SHIRK RD",672.00,E,N,A,-,Y,,,198,,,,,,,Y,2,0,3,3,A,-,03,22350,,N,C,C,A,A,H,-,A,D,0,,,,,Y,,A,07,1,1,1,0,0,0,0,0,0,"- ","- ",36.32732,-119.36528,TULARE,UNINCORPORATED,-119.3652799,36.327189439999998
6658703,2014,2014-12-19,9480,2014-10-20,0950,015282,,1,1,9,5400,0,1,3,,1,025,"RT 245","AVENUE 380",1584.00,N,N,A,-,Y,,,245,,,,,,,Y,2,0,1,1,A,-,08,22107,,N,F,A,A,A,H,-,A,D,0,,,Y,,Y,,C,02,1,0,0,0,0,0,0,0,1,"- ","- ",36.483989999999999,-119.12007,TULARE,UNINCORPORATED,-119.12013631000001,36.48396022
6659667,2014,2014-11-14,9480,2014-10-04,2300,017778,,6,3,9,5400,0,3,5,,2,004,"MINERAL KING RD","OAK GROVE DR",17424.00,S,N,A,-,N,,,,,,,,,,Y,2,0,1,1,A,-,08,22107,,N,E,I,A,A,H,-,D,D,0,,,,,Y,Y,A,01,1,0,0,0,0,0,0,0,0,"- ","- ",36.453510000000001,-118.82438999999999,TULARE,UNINCORPORATED,-118.84656,36.471609999999998
6669104,2014,2014-12-15,9480,2014-10-08,1740,016145,,3,2,9,5400,0,3,5,,2,002,"RD 124","AVE 419",230.00,N,N,A,-,N,,,,,,,,,,Y,2,0,1,1,A,-,08,22107,,N,E,I,A,A,H,-,A,A,0,,,,,Y,,A,07,1,0,0,0,0,0,0,0,0,"- ","- ",36.325659999999999,-119.34621,TULARE,UNINCORPORATED,-119.29595349,36.550851129999998
6680830,2014,2014-12-12,5405,2014-10-10,1830,202,5405,5,5,4,5405,0,0,0,,0,004,"OLIVE AV","CHESS TER",57.00,E,N,A,-,N,,,,,,,,,,N,2,0,1,2,A,-,11,21954,A,F,G,B,D,A,H,-,B,A,0,Y,,,,Y,Y,N,60,1,0,0,0,1,0,0,0,0,"- ","- ",,,TULARE,PORTERVILLE,-119.03145739,36.066031889999998
6680898,2014,2014-12-17,9481,2014-10-17,2139,018830,,5,2,9,5400,0,3,5,,2,020,"AVENUE 208","ROAD 236",837.00,E,N,B,-,N,,,,,,,,,,N,2,0,1,3,A,-,08,22107,,N,G,B,E,A,H,-,D,D,0,Y,,,,Y,,A,01,1,0,0,0,1,0,0,0,0,"- ","- ",36.167259999999999,-119.04234,TULARE,UNINCORPORATED,-119.04234855999999,36.167287000000002
6711001,2014,2015-01-12,9480,2014-11-01,1307,15875,,6,1,9,5400,0,3,5,,2,001,"N 4TH ST","BOSTON AV",2112.00,S,N,B,-,N,,,,,,,,,,Y,2,0,1,1,A,-,01,23152,A,N,E,I,A,A,H,-,A,D,0,,,,,Y,Y,A,01,1,0,0,0,0,0,0,0,0,"- ","- ",36.487079999999999,-119.52835,TULARE,UNINCORPORATED,-119.52835,36.487079999999999
6726295,2014,2014-12-09,5407,2014-09-28,0119,M218,480,7,5,5,5407,0,0,0,,0,012,CAMERON,"COUNTY CENTER",0.00,,Y,A,-,N,,,,,,,,,,Y,2,0,1,1,A,-,01,23152,,N,E,I,A,A,H,-,C,A,0,,,,,Y,Y,A,01,1,0,0,0,0,0,0,0,0,"- ","- ",,,TULARE,VISALIA,-119.32233995,36.293760069999998
6734762,2014,2015-01-21,9480,2014-11-22,0105,17452,,6,3,9,5400,0,1,3,,2,093,"RT 99","CARTMILL AV",1056.00,N,N,B,-,Y,,,99,,,,,,,Y,2,0,2,2,A,-,01,23152,A,N,C,C,A,A,H,-,D,D,0,,,,,Y,Y,A,01,1,1,0,0,0,0,0,0,0,TO,"- ",36.24485,-119.34929,TULARE,UNINCORPORATED,-119.34920471,36.244913029999999
6740046,2015,2015-05-27,9480,2015-03-05,1755,017311,,4,2,9,5400,0,1,3,,1,010,"RT 201","MADSEN AV",2112.00,E,N,A,-,Y,TUL,6,201,-,-,0.310,H,-,E,Y,1,1,0,2,A,-,08,22107,,N,B,C,A,A,H,-,B,D,0,,,,Y,Y,,A,01,0,0,0,0,0,0,0,0,0,"- ","- ",36.517870000000002,-119.53113,TULARE,UNINCORPORATED,-119.53168066000001,36.517877319999997
6740054,2015,2015-05-15,9480,2015-03-12,1247,020612,,4,1,9,5400,0,3,5,,2,001,"ROAD 72","AVENUE 432",0.00,,Y,A,-,N,,,,,,,,,,Y,1,1,3,3,A,-,09,21801,A,N,D,C,A,A,H,-,A,A,0,,,,Y,Y,,G,27,1,0,2,0,0,0,0,0,0,"- ","- ",36.575240000000001,-119.41322,TULARE,UNINCORPORATED,-119.41306204,36.575207800000001
6748314,2014,2015-02-02,9480,2014-12-10,2030,18742,,3,2,9,5400,0,3,5,,2,002,"RD 120","AV 384",0.00,,Y,A,-,N,,,,,,,,,,Y,2,0,2,1,A,-,01,23152,A,N,E,I,A,A,H,-,C,A,0,,,,,Y,Y,A,01,2,0,0,0,0,0,0,0,0,"- ","- ",36.486960000000003,-119.30445,TULARE,UNINCORPORATED,-119.30442995,36.486900089999999
6801856,2015,2015-04-09,9480,2015-01-30,1012,20612,,5,1,9,5400,0,3,5,,2,001,"RD 80","AVENUE 360",0.00,,Y,A,-,N,,,,,,,,,,Y,2,0,2,2,A,-,12,21453,A,N,D,C,A,A,H,-,A,A,0,,,,Y,Y,,G,27,1,0,1,0,0,0,0,0,0,"- ","- ",36.26652,-119.23688,TULARE,UNINCORPORATED,-119.3948505,36.443961000000002
6865874,2015,2015-04-09,9481,2015-03-15,0210,18830,,7,3,9,5400,0,3,5,,2,050,"ROAD 248","AVENUE 86",167.00,S,N,A,-,N,,,,,,,,,,Y,2,0,2,1,A,-,08,22107,,N,E,I,A,A,H,-,D,D,0,,,,,Y,,A,01,2,0,0,0,0,0,0,0,0,"- ","- ",35.946019999999997,-119.01815000000001,TULARE,UNINCORPORATED,-119.01807872000001,35.945451800000001
6866738,2015,2015-05-15,5405,2015-03-03,1826,186,,2,5,4,5405,0,0,0,,0,004,"OLIVE AV","CARMELITA ST",0.00,,Y,A,-,N,,,,,,,,,,N,1,1,0,2,A,-,10,21950,A,N,G,B,B,A,H,-,E,A,0,Y,,,,Y,,A,01,0,0,0,1,0,0,0,0,0,"- ","- ",,,TULARE,PORTERVILLE,-119.02893007,36.066030079999997
6879476,2015,2015-04-17,5407,2015-02-12,1025,M214,,4,5,5,5407,0,0,0,,0,012,"AKERS ST","WALNUT AV",0.00,,Y,A,-,N,,,,,,,,,,Y,2,0,3,4,A,-,01,23152,A,N,D,C,A,A,H,-,A,A,0,,,,,Y,Y,A,01,2,1,0,0,0,0,0,0,0,"- ","- ",,,TULARE,VISALIA,-119.3496299,36.312760109999999
6884460,2015,2016-09-15,9480,2015-03-28,0758,16723,,6,1,9,5400,0,1,3,,2,091,"RT 99","DODGE AV",3410.00,S,N,A,-,Y,TUL,6,99,-,-,51.160,H,-,S,Y,2,0,2,1,A,-,08,22107,,N,F,A,A,A,D,H,A,D,1,,,,Y,Y,,G,25,1,1,0,0,0,0,0,0,0,"- ","- ",36.482979999999998,-119.50887,TULARE,UNINCORPORATED,-119.51021055,36.484505730000002
6905672,2015,2015-05-15,5405,2015-04-03,1329,207,,5,5,4,5405,0,0,0,,0,001,"DELTA ST","AURORA AV",0.00,,Y,A,-,N,,,,,,,,,,Y,1,1,0,2,A,-,11,21954,A,N,G,B,E,A,H,-,A,D,0,Y,,,,Y,,N,60,0,0,0,1,0,0,0,0,0,"- ","- ",,,TULARE,PORTERVILLE,-119.06736007000001,36.074550109999997
6908904,2015,2016-11-05,5407,2015-04-22,2012,A14,480,3,5,5,5407,0,0,0,,0,012,"RT 63",ORCHARD,150.00,S,N,A,-,Y,TUL,6,63,-,-,6.110,H,-,S,Y,2,0,1,2,A,-,03,22350,,N,C,C,A,A,H,-,C,A,0,,,Y,,Y,,-,"- ",1,0,0,0,0,0,0,0,1,"- ","- ",,,TULARE,VISALIA,-119.31380040000001,36.299948200000003
6908969,2015,2015-05-19,5407,2015-03-21,1031,M66,480,6,5,5,5407,0,0,0,,0,012,"CALDWELL AV","SALLEE ST",55.00,E,N,A,-,N,,,,,,,,,,Y,2,0,1,3,A,-,10,21952,,N,G,B,F,A,H,-,A,A,0,Y,,,,Y,,D,22,1,0,0,0,1,0,0,0,0,"- ","- ",,,TULARE,VISALIA,-119.31744354,36.298380000000002
6916926,2015,2016-12-17,9480,2015-05-02,2320,017452,,6,3,9,5400,0,1,3,,2,093,"RT 99","CARTMILL AV",1494.00,N,N,A,-,Y,TUL,6,99,-,-,32.233,R,2,S,Y,2,0,1,1,A,-,01,23152,A,N,E,J,A,A,H,-,D,D,1,,,,,Y,Y,A,07,1,0,0,0,0,0,0,0,0,TO,"- ",36.243259999999999,-119.34898,TULARE,UNINCORPORATED,-119.34925903,36.24498655
6944647,2015,2015-06-23,9480,2015-05-23,1835,017778,,6,2,9,5400,0,3,5,,2,003,"AVENUE 256","ROAD 92",701.00,W,N,A,-,N,,,,,,,,,,Y,2,0,1,1,A,-,01,23152,A,N,E,I,A,A,H,-,A,D,0,,,,,Y,Y,A,07,1,0,0,0,0,0,0,0,0,"- ","- ",36.25441,-119.36976,TULARE,UNINCORPORATED,-119.00021,35.956969999999998
6953986,2015,2015-07-09,9480,2015-06-18,0954,13656,,4,1,9,5400,0,3,5,,2,006,"AVE 240","ROAD 212",0.00,,Y,A,-,N,,,,,,,,,,Y,2,0,3,2,A,-,09,21802,A,N,D,C,A,A,H,-,A,A,0,,,,,Y,,D,22,1,0,2,0,0,0,0,0,0,"- ","- ",36.224159999999998,-119.1007,TULARE,UNINCORPORATED,-119.1006501,36.224140069999997
6957444,2015,2015-06-27,9481,2015-05-22,1750,019280,,5,2,9,5400,0,3,5,,2,010,"AVENUE 176","ROAD 208",0.00,,Y,A,-,N,,,,,,,,,,Y,2,0,6,2,A,-,09,21802,A,N,D,C,A,A,H,-,A,A,0,,,,,Y,,A,07,1,3,2,0,0,0,0,0,0,"- ","- ",36.109299999999998,-119.10738000000001,TULARE,UNINCORPORATED,-119.10755005999999,36.109210019999999
6962848,2015,2015-07-15,9480,2015-06-13,0002,15283,,6,3,9,5400,0,3,5,,2,004,"ROAD 180","AVENUE 356",1584.00,N,N,A,-,N,,,,,,,,,,N,2,0,2,1,A,-,01,23152,A,N,F,I,A,A,H,-,D,D,0,,,,,Y,Y,A,42,1,0,1,0,0,0,0,0,0,"- ","- ",,,TULARE,UNINCORPORATED,-119.16987609,36.439267270000002
6963173,2015,2016-12-17,9480,2015-05-30,1707,017291,,6,2,9,5400,0,1,3,,2,093,"RT 99","AVENUE 280",3696.00,N,N,A,-,Y,TUL,6,99,-,-,37.110,H,-,S,Y,2,0,2,1,A,-,08,22107,,N,F,A,A,A,H,-,A,D,1,,,,,Y,,A,07,1,0,1,0,0,0,0,0,0,"- ","- ",36.314410000000002,-119.39483,TULARE,UNINCORPORATED,-119.39116457999999,36.306695019999999
6998044,2015,2015-07-28,5407,2015-05-17,1556,M222,480,7,5,5,5407,0,0,0,,0,033,NOBLE,GIDDINGS,0.00,,Y,A,-,N,,,,,,,,,,Y,2,0,4,3,A,-,01,23153,,N,D,C,A,A,H,-,A,A,0,,,,,Y,Y,A,01,3,1,0,0,0,0,0,0,0,"- ","- ",,,TULARE,VISALIA,-119.30545988999999,36.326500099999997
7006310,2014,2015-11-24,5401,2014-09-23,0822,2115,5401,2,5,3,5401,0,0,0,,0,00B,"KAMM AV","S GREENE AV",6.00,E,N,A,-,N,,,,,,,,,,N,1,1,0,2,A,-,03,22350,,N,G,B,B,A,H,-,A,B,0,Y,,,,Y,,A,01,0,0,0,1,0,0,0,0,0,"- ","- ",,,TULARE,DINUBA,-119.3926496,36.531309710000002