CASE_ID,ACCIDENT_YEAR,PROC_DATE,JURIS,COLLISION_DATE,COLLISION_TIME,OFFICER_ID,REPORTING_DISTRICT,DAY_OF_WEEK,CHP_SHIFT,POPULATION,CNTY_CITY_LOC,SPECIAL_COND,BEAT_TYPE,CHP_BEAT_TYPE,CITY_DIVISION_LAPD,CHP_BEAT_CLASS,BEAT_NUMBER,PRIMARY_RD,SECONDARY_RD,DISTANCE,DIRECTION,INTERSECTION,WEATHER_1,WEATHER_2,STATE_HWY_IND,CALTRANS_COUNTY,CALTRANS_DISTRICT,STATE_ROUTE,ROUTE_SUFFIX,POSTMILE_PREFIX,POSTMILE,LOCATION_TYPE,RAMP_INTERSECTION,SIDE_OF_HWY,TOW_AWAY,COLLISION_SEVERITY,NUMBER_KILLED,NUMBER_INJURED,PARTY_COUNT,PRIMARY_COLL_FACTOR,PCF_CODE_OF_VIOL,PCF_VIOL_CATEGORY,PCF_VIOLATION,PCF_VIOL_SUBSECTION,HIT_AND_RUN,TYPE_OF_COLLISION,MVIW,PED_ACTION,ROAD_SURFACE,ROAD_COND_1,ROAD_COND_2,LIGHTING,CONTROL_DEVICE,CHP_ROAD_TYPE,PEDESTRIAN_ACCIDENT,BICYCLE_ACCIDENT,MOTORCYCLE_ACCIDENT,TRUCK_ACCIDENT,NOT_PRIVATE_PROPERTY,ALCOHOL_INVOLVED,STWD_VEHTYPE_AT_FAULT,CHP_VEHTYPE_AT_FAULT,COUNT_SEVERE_INJ,COUNT_VISIBLE_INJ,COUNT_COMPLAINT_PAIN,COUNT_PED_KILLED,COUNT_PED_INJURED,COUNT_BICYCLIST_KILLED,COUNT_BICYCLIST_INJURED,COUNT_MC_KILLED,COUNT_MC_INJURED,PRIMARY_RAMP,SECONDARY_RAMP,LATITUDE,LONGITUDE,COUNTY,CITY,POINT_X,POINT_Y
7006455,2015,2016-01-15,5405,2015-12-15,1821,207,,2,5,4,5405,0,0,0,,0,004,"NEWCOMB ST","PUTNAM AV",0.00,,Y,A,-,N,,,,,,,,,,Y,1,1,0,2,A,-,10,21950,A,N,G,B,B,A,H,-,C,A,0,Y,,,,Y,,-,,0,0,0,1,0,0,0,0,0,"- ","- ",,,TULARE,PORTERVILLE,-119.05297007999999,36.069490039999998
7006525,2015,2016-01-07,5406,2015-10-31,0028,40,2406,6,5,4,5406,0,0,0,,0,0ES,"RT 63",PROSPERITY,490.00,S,N,A,-,Y,TUL,6,63,-,-,0.920,H,-,S,Y,1,3,2,2,A,-,09,21801,A,N,D,C,A,A,H,-,C,D,0,,,,,Y,Y,D,22,0,0,2,0,0,0,0,0,0,"- ","- ",,,TULARE,TULARE,-119.31306922,36.224581960000002
7006755,2015,2016-01-08,5407,2015-10-17,2010,A257,480,6,5,5,5407,0,0,0,,0,026,"MINERAL KING",OAKHURST,203.00,E,N,A,-,N,,,,,,,,,,N,1,1,0,2,A,-,11,21954,A,F,G,B,D,A,H,-,C,A,0,Y,,,,Y,Y,N,60,0,0,0,1,0,0,0,0,0,"- ","- ",,,TULARE,VISALIA,-119.28070169,36.327389420000003
7020435,2015,2015-08-14,5407,2015-06-10,2121,M243,480,3,5,5,5407,0,0,0,,0,034,"LOVERS LN","K AV",0.00,,Y,A,-,N,,,,,,,,,,Y,2,0,2,2,A,-,09,21802,A,N,D,C,A,A,H,-,C,A,0,,,,,Y,Y,A,01,2,0,0,0,0,0,0,0,0,"- ","- ",,,TULARE,VISALIA,-119.26066999,36.305580020000001
7022657,2015,2015-08-26,9480,2015-07-31,1252,013914,,5,1,9,5400,0,3,5,,2,006,"DRIVE 108","RT 112",1320.00,W,N,A,-,N,,,,,,,,,,Y,2,0,1,2,A,-,03,22350,,N,C,C,A,A,H,-,A,D,0,,,,Y,Y,,G,25,1,0,0,0,0,0,0,0,0,"- ","- ",36.148580000000003,-119.32371999999999,TULARE,UNINCORPORATED,-119.32370156,36.148534349999998
7037296,2015,2017-01-12,9481,2015-07-30,1050,018707,,4,1,9,5400,0,1,3,,1,032,"RT 190","ROAD 200",0.00,,Y,A,-,Y,TUL,6,190,-,-,10.450,I,5,W,Y,2,0,2,2,A,-,08,22107,,N,D,C,A,A,H,-,A,D,0,,,,,Y,,A,01,2,0,0,0,0,0,0,0,0,"- ","- ",36.05097,-119.1255,TULARE,UNINCORPORATED,-119.12533080999999,36.051227019999999
7041361,2015,2017-01-09,9480,2015-08-11,0143,15783,,2,3,9,5400,0,1,3,,1,021,"RT 63","AVENUE 384",4752.00,S,N,A,-,Y,TUL,6,63,-,R,18.290,H,-,N,Y,2,0,2,1,A,-,01,23152,E,N,F,A,A,A,H,-,D,D,0,,,,,Y,,A,07,1,1,0,0,0,0,0,0,0,"- ","- ",36.475189999999998,-119.29308,TULARE,UNINCORPORATED,-119.29329146000001,36.474657499999999
7042038,2015,2017-01-12,9480,2015-08-04,1705,018861,,2,2,9,5400,0,1,3,,1,060,"RT 137","ROAD 152",5050.00,E,N,A,-,Y,TUL,6,137,-,-,22.920,H,-,E,N,2,0,1,1,A,-,03,22350,,N,E,I,A,A,H,-,A,D,0,,,Y,,Y,,C,02,1,0,0,0,0,0,0,0,1,"- ","- ",36.210749999999997,-119.21550999999999,TULARE,UNINCORPORATED,-119.21631973,36.210806009999999
7079315,2015,2015-10-19,5407,2015-09-30,1916,M222,480,3,5,5,5407,0,0,0,,0,025,"SHANNON PKWY",DINUBA,571.00,W,N,B,-,N,,,,,,,,,,Y,2,0,1,1,A,-,03,22350,,N,E,I,A,A,H,-,C,A,0,,,Y,,Y,,C,02,1,0,0,0,0,0,0,0,1,"- ","- ",,,TULARE,VISALIA,-119.29895550000001,36.359920000000002
7111100,2015,2015-11-13,5403,2015-10-30,2102,840,,5,5,2,5403,0,0,0,,0,,"VISALIA RD","LINNEL AV",12.60,E,N,A,-,N,,,,,,,,,,N,2,0,1,2,A,-,11,21954,A,N,G,B,D,A,H,-,C,D,0,Y,,,,Y,Y,N,60,1,0,0,0,1,0,0,0,0,"- ","- ",,,TULARE,FARMERSVILLE,-119.2078042,36.297829640000003
7136106,2015,2015-12-14,5406,2015-11-19,1328,60,5406,4,5,4,5406,0,0,0,,0,0ES,"E MERRITT AV",MANOR,203.00,W,N,A,-,N,,,,,,,,,,Y,2,0,1,2,A,-,08,22107,,N,D,G,A,A,H,-,A,D,0,,Y,,,Y,,L,04,1,0,0,0,0,0,1,0,0,"- ","- ",,,TULARE,TULARE,-119.34145735,36.222057120000002
7136426,2015,2015-12-16,5407,2015-11-11,1910,A276,480,3,5,5,5407,0,0,0,,0,026,"E MINERAL KING AV",CAIN,528.00,E,N,A,-,N,,,,,,,,,,Y,2,0,1,1,A,-,08,22107,,N,E,I,A,A,H,-,C,A,0,,,,,Y,,A,01,1,0,0,0,0,0,0,0,0,"- ","- ",,,TULARE,VISALIA,-119.27240943,36.327336680000002
7140429,2015,2016-01-15,5405,2015-12-05,1737,203,,6,5,4,5405,0,0,0,,0,003,"OLIVE AV","A ST",190.00,E,N,A,-,N,,,,,,,,,,Y,1,1,1,2,A,-,05,21650,1,N,D,G,A,A,H,-,C,D,0,,Y,,,Y,Y,L,04,0,1,0,0,0,1,0,0,0,"- ","- ",,,TULARE,PORTERVILLE,-119.01241829999999,36.065092419999999
7156421,2015,2016-01-22,5407,2015-11-27,2309,M243,480,5,5,5,5407,0,0,0,,0,033,"BEN MADDOX",NOBLE,0.00,,Y,A,-,N,,,,,,,,,,Y,2,0,2,2,A,-,12,21453,A,N,D,C,A,A,H,-,A,A,0,,,,,Y,,D,22,1,1,0,0,0,0,0,0,0,"- ","- ",,,TULARE,VISALIA,-119.27853992999999,36.326110020000002
7156555,2015,2016-01-15,5407,2015-12-25,1246,M243,480,5,5,5,5407,0,0,0,,0,026,"RIGGIN AV","ST JOHNS PKWY",0.00,,Y,A,-,N,,,,,,,,,,Y,2,0,1,1,A,-,03,22350,,N,E,I,A,A,H,-,A,A,0,,,,,Y,,A,01,1,0,0,0,0,0,0,0,0,"- ","- ",,,TULARE,VISALIA,-119.28826995,36.356990009999997
7190099,2016,2016-04-23,5407,2016-02-08,0651,M243,3030,1,5,5,5407,0,0,0,,0,034,"CALDWELL AV","PINKHAM ST",532.00,W,N,A,-,N,,,,,,,,,,Y,1,2,0,2,A,-,05,21650,,N,A,C,A,A,H,-,A,A,0,,,,,Y,,A,01,0,0,0,0,0,0,0,0,0,"- ","- ",36.298290000000001,-119.26983,TULARE,VISALIA,-119.2716533,36.298259180000002
7190209,2016,2016-06-22,5407,2016-04-01,2027,M243,1061,5,5,5,5407,0,0,0,,0,012,"WALNUT AV","SALLEE ST",30.00,E,N,A,-,N,,,,,,,,,,Y,1,1,0,2,A,-,11,21954,A,N,G,B,D,A,H,-,C,A,0,Y,,,,Y,,N,60,0,0,0,1,0,0,0,0,0,"- ","- ",36.313000000000002,-119.31784,TULARE,VISALIA,-119.3176983,36.312951920000003
7190467,2015,2016-10-05,5406,2015-09-11,0100,67,5406,5,5,4,5406,0,0,0,,0,0AO,PROSPERITY,GEM,126.00,E,N,A,-,N,,,,,,,,,,N,1,1,0,2,A,-,11,21954,A,N,A,B,D,A,H,-,C,D,0,Y,,,,Y,Y,N,60,0,0,0,1,0,0,0,0,0,"- ","- ",,,TULARE,TULARE,-119.34032323,36.225790000000003
7190707,2016,2018-09-27,5405,2016-12-06,2002,201,,2,5,4,5405,0,0,0,,0,003,"PLANO ST","CHASE AV",21.00,S,N,A,-,N,,,,,,,,,,Y,1,1,0,2,A,-,11,21954,A,N,G,B,D,A,H,-,C,D,0,Y,,,,Y,Y,N,60,0,0,0,1,0,0,0,0,0,"- ","- ",,,TULARE,PORTERVILLE,-119.00815274,36.053722430000001
7206307,2016,2016-03-22,5405,2016-02-26,0349,203,,5,5,4,5405,0,0,0,,0,003,"MAIN ST","DATE AV",1281.00,S,N,A,-,N,,,,,,,,,,Y,2,0,1,1,A,-,01,23152,A,N,E,I,A,A,H,-,C,D,0,,,,,Y,Y,-,,1,0,0,0,0,0,0,0,0,"- ","- ",,,TULARE,PORTERVILLE,-119.01668376000001,36.055086469999999
8010497,2016,2016-04-05,5407,2016-02-26,2042,M222,480,5,5,5,5407,0,0,0,,0,011,"GOSHEN AV","ATWOOD ST",30.00,W,N,A,-,N,,,,,,,,,,Y,2,0,1,2,A,-,11,21954,A,N,G,B,D,A,H,-,C,A,0,Y,,,,Y,,N,60,1,0,0,0,1,0,0,0,0,"- ","- ",36.341410000000003,-119.34712,TULARE,VISALIA,-119.34722948,36.341327360000001
8019825,2016,2016-04-25,5405,2016-04-12,2005,203,,2,5,4,5405,0,0,0,,0,003,"MAIN ST","VINE AV",0.00,,Y,A,-,N,,,,,,,,,,N,2,0,3,4,A,-,10,21950,A,N,G,B,B,A,H,-,C,A,0,Y,,,,Y,,-,,1,1,1,0,3,0,0,0,0,"- ","- ",,,TULARE,PORTERVILLE,-119.01649009,36.063830029999998
8056100,2016,2016-06-08,5405,2016-05-20,1259,203,,5,5,4,5405,0,0,0,,0,001,"INDIANA ST","HENDERSON AV",189.00,S,N,A,-,N,,,,,,,,,,N,2,0,1,2,A,-,05,21650,1,N,D,G,A,A,H,-,A,D,0,,Y,,,Y,,L,04,1,0,0,0,0,0,1,0,0,"- ","- ",,,TULARE,PORTERVILLE,-119.03495465,36.079991569999997
8058956,2016,2016-06-13,5405,2016-06-04,2210,203,,6,5,4,5405,0,0,0,,0,002,"MORTON AV","MAIN ST",20.00,W,N,A,-,N,,,,,,,,,,Y,2,0,1,2,A,-,01,23153,A,F,D,C,A,A,H,-,C,A,0,,,,,Y,Y,-,,1,0,0,0,0,0,0,0,0,"- ","- ",,,TULARE,PORTERVILLE,-119.01622756,36.073048389999997
8116507,2016,2016-11-08,5407,2016-08-16,1918,A85,480,2,5,5,5407,0,0,0,,0,012,WALNUT,AVIATION,2922.00,W,N,A,-,N,,,,,,,,,,Y,2,0,1,1,A,-,01,23152,A,N,E,I,A,A,H,-,A,D,0,,,,,Y,Y,A,07,1,0,0,0,0,0,0,0,0,"- ","- ",,,TULARE,VISALIA,-119.38123,36.312669999999997
8161422,2016,2016-11-10,5406,2016-10-30,0659,21,,7,5,4,5406,0,0,0,,0,0ES,"BARDSLEY AV",AVON,129.00,E,N,B,-,N,,,,,,,,,,Y,2,0,1,1,A,-,05,21650,,N,A,I,A,B,H,-,B,D,0,,,,,Y,,A,01,1,0,0,0,0,0,0,0,0,"- ","- ",,,TULARE,TULARE,-119.32394324000001,36.196680000000001
8166607,2016,2017-01-30,5406,2016-11-03,1152,41,4B,4,5,4,5406,0,0,0,,0,0ES,"RT 137",DAYTON,0.00,,Y,A,-,Y,TUL,6,137,-,-,16.690,I,5,E,Y,1,1,1,2,A,-,09,21801,A,N,D,C,A,A,H,-,A,A,0,,,,,Y,,A,01,0,1,0,0,0,0,0,0,0,"- ","- ",,,TULARE,TULARE,-119.32742691999999,36.210931180000003
8189649,2016,2017-01-09,5407,2016-09-30,1215,M218,480,5,5,5,5407,0,0,0,,0,026,"E ACEQUIA","S CHURCH ST",0.00,,Y,A,-,N,,,,,,,,,,N,2,0,1,2,A,-,10,21950,A,N,G,B,B,A,H,-,A,A,0,Y,,,,Y,,D,22,1,0,0,0,1,0,0,0,0,"- ","- ",36.329250000000002,-119.29116999999999,TULARE,VISALIA,-119.29115996,36.329230019999997
8203051,2016,2017-03-01,5407,2016-12-06,1638,M66,480,2,5,5,5407,0,0,0,,0,00Q,"RT 63",WHITEDALE,135.00,N,N,B,-,Y,TUL,6,63,-,-,6.550,H,-,N,N,2,0,1,2,A,-,11,21956,,M,-,B,E,A,H,-,B,D,0,Y,,,,Y,,N,60,1,0,0,0,1,0,0,0,0,"- ","- ",,,TULARE,VISALIA,-119.3137029,36.306224049999997
8204148,2016,2017-01-10,5407,2016-07-08,1826,M218,480,5,5,5,5407,0,0,0,,0,034,"BEN MADDOX WY","TULARE AV",392.00,S,N,A,-,N,,,,,,,,,,Y,2,0,1,1,A,-,03,22350,,N,E,I,A,A,H,-,A,A,0,,,,,Y,,A,01,1,0,0,0,0,0,0,0,0,"- ","- ",36.32011,-119.27654,TULARE,VISALIA,-119.27661146,36.319045920000001
8280403,2016,2017-01-13,5405,2016-12-27,1510,232,,2,5,4,5405,0,0,0,,0,003,"OLIVE AV","D ST",0.00,,Y,A,-,N,,,,,,,,,,N,2,0,1,2,A,-,12,21453,A,F,D,G,A,A,H,-,A,A,0,,Y,,,Y,,L,04,1,0,0,0,0,0,1,0,0,"- ","- ",,,TULARE,PORTERVILLE,-119.01846012,36.065120039999996
8285044,2016,2017-03-29,5407,2016-11-14,1531,M201,480,1,5,5,5407,0,0,0,,0,00O,"N MAPLE ST","N MAPLE ST 1827",0.00,,-,A,-,N,,,,,,,,,,Y,2,0,1,2,A,-,11,21954,A,N,G,B,D,A,H,-,A,A,0,Y,,,,Y,,N,60,1,0,0,0,1,0,0,0,0,"- ","- ",36.345869999999998,-119.26327999999999,TULARE,VISALIA,-119.26300406,36.345854930000002
8358112,2017,2017-05-02,5407,2017-03-13,1849,A285,480,1,5,5,5407,0,0,0,,0,Q34,"W CALDWELL","S COURT",0.00,,Y,A,-,N,,,,,,,,,,Y,2,0,2,2,A,-,01,23152,B,N,A,C,A,A,H,-,C,A,0,,,,,Y,Y,A,01,1,1,0,0,0,0,0,0,0,"- ","- ",,,TULARE,VISALIA,-119.29153989,36.298140009999997
8404375,2017,2017-07-28,5407,2017-06-08,0608,M33,480,4,5,5,5407,0,0,0,,0,00P,"E WALNUT AV","GARDEN ST",0.00,,Y,A,-,N,,,,,,,,,,Y,1,1,0,2,A,-,10,21950,A,F,G,B,B,A,H,-,B,A,0,Y,,,,Y,,D,22,0,0,0,1,0,0,0,0,0,"- ","- ",36.312869999999997,-119.28966,TULARE,VISALIA,-119.28966998999999,36.312870089999997
8404558,2017,2019-04-09,5406,2017-08-20,1954,41,5406,7,5,4,5406,0,0,0,,0,0WS,TULARE,"SCE POLE 4635765E",34.00,E,N,A,-,N,,,,,,,,,,Y,1,1,0,2,A,-,08,22107,,N,D,C,A,A,H,-,B,D,0,,,,,Y,Y,A,01,0,0,0,0,0,0,0,0,0,"- ","- ",,,TULARE,TULARE,,
8404778,2018,2018-06-09,5407,2018-03-10,0220,M186,480,6,5,5,5407,0,0,0,,0,M11,GOSHEN,CHINOWTH,1041.00,W,N,A,-,N,,,,,,,,,,Y,1,1,0,1,A,-,05,21650,,N,E,I,A,A,H,-,C,A,0,,,,,Y,,A,07,0,0,0,0,0,0,0,0,0,"- ","- ",36.340000152587891,-119.33989715576172,TULARE,VISALIA,-119.33979034423828,36.340187072753906
8465317,2016,2018-09-24,5407,2016-08-02,2108,M222,480,2,5,5,5407,0,0,0,,0,034,"E WALNUT","BEN MADDOX",598.00,W,N,A,-,N,,,,,,,,,,Y,1,1,0,4,A,-,11,21956,,N,G,B,E,A,H,-,A,A,0,Y,,,,Y,,N,60,0,0,0,1,0,0,0,0,0,"- ","- ",36.312660000000001,-119.274,TULARE,VISALIA,-119.27602761,36.312640010000003
8465488,2018,2018-11-16,5407,2018-08-21,1028,M33,480,2,5,5,5407,0,0,0,,0,,"RT 63",ORCHARD,0.00,N,N,A,-,Y,TUL,6,63,-,-,6.135,I,5,N,N,1,1,0,2,A,-,05,21650,1,N,D,C,A,A,H,-,A,A,0,,Y,,,Y,,L,04,0,0,0,0,0,1,0,0,0,"- ","- ",36.300281524658203,-119.31395721435547,TULARE,VISALIA,-119.31363677978516,36.300285339355469
8465687,2018,2019-03-21,5407,2018-12-06,0251,M201,480,4,5,5,5407,0,0,0,,0,,"W SHANNON PKWY","N DINUBA BL",0.00,,Y,B,-,Y,TUL,6,63,-,-,10.380,H,-,N,Y,1,1,0,1,A,-,05,21650,,N,E,I,A,B,H,-,C,A,0,,,,,Y,,A,01,0,0,0,0,0,0,0,0,0,"- ","- ",36.360000610351562,-119.29698944091797,TULARE,VISALIA,-119.29701232910156,36.360149383544922
8626884,2018,2018-06-01,5407,2018-05-06,0012,A280,480,7,5,5,5407,0,0,0,,0,Q34,"W CALDWELL AV","STONEBROOK ST",369.00,E,N,A,-,N,,,,,,,,,,Y,2,0,1,1,A,-,01,23153,B,N,E,I,A,A,H,-,C,A,0,,,,,Y,Y,A,01,1,0,0,0,0,0,0,0,0,"- ","- ",36.29833984375,-119.30515289306641,TULARE,VISALIA,-119.30388641357422,36.298374176025391
8627697,2018,2018-06-04,5407,2018-04-28,1259,C49,480,6,5,5,5407,0,0,0,,0,R12,"S DEMAREE ST","W VISALIA PKWY",0.00,,Y,A,-,N,,,,,,,,,,Y,2,0,1,2,A,-,12,21453,A,N,D,C,A,A,H,-,A,A,0,,,,,Y,,A,01,1,0,0,0,0,0,0,0,0,"- ","- ",36.291191101074219,-119.33145904541016,TULARE,VISALIA,-119.3314208984375,36.291271209716797
8629178,2018,2018-08-20,5406,2018-05-12,2104,30,5406,6,5,4,5406,0,0,0,,0,0AO,"RT 63",PROSPERITY,499.00,S,N,A,-,Y,TUL,6,63,-,-,0.910,H,-,N,Y,2,0,2,1,A,-,01,23153,A,M,E,I,A,A,H,-,C,A,0,,,Y,,Y,Y,C,02,2,0,0,0,0,0,0,0,2,"- ","- ",,,TULARE,TULARE,-119.31291961669922,36.224452972412109
8648342,2018,2020-05-21,5406,2018-10-04,0926,30,3B,4,5,4,5406,0,0,0,,0,0AO,"PAIGE AV","BLACKSTONE ST",575.00,W,N,A,-,N,,,,,,,,,,N,1,1,0,2,A,-,11,21956,,N,C,B,E,A,H,-,A,D,0,Y,,,,Y,,N,60,0,0,0,1,0,0,0,0,0,"- ","- ",,,TULARE,TULARE,-119.33110809326172,36.182548522949219
8660310,2018,2018-07-16,5406,2018-06-01,2030,84,2B,5,5,4,5406,0,0,0,,0,0WS,"W CROSS AV","NORTH G ST",0.00,,Y,A,-,N,,,,,,,,,,Y,2,0,4,4,A,-,12,22450,A,N,D,C,A,A,H,-,B,A,0,,,,,Y,Y,A,01,2,0,2,0,0,0,0,0,0,"- ","- ",,,TULARE,TULARE,-119.35304260253906,36.212390899658203
8696039,2018,2018-10-23,5407,2018-08-01,1750,C42,NO215,3,5,5,5407,0,0,0,,0,,"RT 216","E DURAN",0.00,,Y,A,-,Y,TUL,6,216,-,R,0.101,I,5,W,Y,2,0,1,2,A,-,09,21804,A,N,D,C,A,A,H,-,A,A,0,,,Y,,Y,Y,D,82,1,0,0,0,0,0,0,0,0,"- ","- ",,,TULARE,VISALIA,-119.26078796386719,36.329158782958984
8701027,2018,2018-10-17,5405,2018-08-19,1350,245,5405,7,5,4,5405,0,0,0,,0,002,"E GRAND","POWER POLE 7579T",80.00,E,N,A,-,N,,,,,,,,,,Y,2,0,1,1,A,-,01,23152,A,N,A,I,A,A,H,-,A,D,0,,,,,Y,Y,-,,1,0,0,0,0,0,0,0,0,"- ","- ",,,TULARE,PORTERVILLE,,
8704099,2018,2018-10-01,5405,2018-09-17,1605,186,,1,5,4,5405,0,0,0,,0,002,"PUTNAM AV","2ND ST",0.00,,Y,A,-,N,,,,,,,,,,N,2,0,1,2,A,-,10,21950,A,N,G,B,B,A,H,-,A,A,0,Y,,,,Y,,-,,1,0,0,0,1,0,0,0,0,"- ","- ",,,TULARE,PORTERVILLE,-119.01524353027344,36.069469451904297
8750184,2018,2018-12-10,5407,2018-10-24,0721,M203,480,3,5,5,5407,0,0,0,,0,033,"S LOVERS LN","E NOBLE AV",0.00,,Y,A,-,N,,,,,,,,,,N,2,0,1,2,A,-,05,21650,1,N,D,G,A,A,H,-,A,A,0,,Y,,,Y,,L,04,1,0,0,0,0,0,1,0,0,"- ","- ",36.326641082763672,-119.26077270507812,TULARE,VISALIA,-119.26083374023438,36.326618194580078
8750252,2018,2018-12-04,5407,2018-10-27,2222,A300,480,6,5,5,5407,0,0,0,,0,033,"E TULARE AV","PINKHAM ST",0.00,,-,A,-,N,,,,,,,,,,Y,2,0,3,2,A,-,12,22450,A,F,D,C,A,A,H,-,C,A,0,,,,,Y,,A,01,1,0,2,0,0,0,0,0,0,"- ","- ",36.320049285888672,-119.26959991455078,TULARE,VISALIA,-119.26959228515625,36.320068359375
8870184,2019,2019-06-04,5405,2019-05-28,0044,186,,2,5,4,5405,0,0,0,,0,001,"HENDERSON AV","EDISON POLE E7668654",29.00,W,N,B,-,N,,,,,,,,,,N,2,0,1,3,A,-,08,22107,,N,G,B,E,A,H,-,C,D,0,Y,,,,Y,,-,,1,0,0,0,1,0,0,0,0,"- ","- ",,,TULARE,PORTERVILLE,,
8896233,2019,2020-01-02,5406,2019-06-14,1853,41,3A,5,5,4,5406,0,0,0,,0,0WS,"RT 137",SACRAMENTO,3.00,W,N,A,-,Y,TUL,6,137,-,-,14.460,H,-,W,Y,2,0,1,2,A,-,09,21804,A,N,D,G,A,A,H,-,A,D,0,,Y,,,Y,,L,04,1,0,0,0,0,0,1,0,0,"- ","- ",,,TULARE,TULARE,-119.36323547363281,36.20367431640625
8898734,2019,2019-07-19,5407,2019-05-24,1617,A306,480,5,5,5,5407,0,0,0,,0,033,"WALNUT AV","THOMAS ST",9.00,E,N,A,-,N,,,,,,,,,,Y,2,0,1,1,A,-,01,23152,E,N,E,I,A,A,H,-,A,A,0,,,,,Y,,A,07,1,0,0,0,0,0,0,0,0,"- ","- ",,,TULARE,VISALIA,-119.28430938720703,36.312908172607422
8910805,2020,2021-11-29,5406,2020-01-09,1846,84,2B,4,5,4,5406,0,0,0,,0,0AO,"RT 137","S C ST",0.00,,N,A,-,Y,TUL,6,137,-,-,14.870,H,-,W,N,1,1,0,2,A,-,11,21954,A,F,G,B,D,A,H,-,C,D,0,Y,,,,Y,,N,60,0,0,0,1,0,0,0,0,0,"- ","- ",,,TULARE,TULARE,-119.35590362548828,36.203948974609375
8911231,2020,2020-06-19,5406,2020-05-15,1609,30,5406,5,5,4,5406,0,0,0,,0,0AO,PROSPERITY,BRENTWOOD,0.00,,Y,A,-,N,,,,,,,,,,Y,1,1,0,2,A,-,12,21453,A,N,D,C,A,A,H,-,A,A,0,,,,,Y,,A,07,0,0,0,0,0,0,0,0,0,"- ","- ",,,TULARE,TULARE,-119.32639312744141,36.225841522216797
8911238,2020,2022-06-13,5406,2020-05-29,1901,41,4B,5,5,4,5406,0,0,0,,0,0ES,CHERRY,ACADEMY,236.00,N,N,A,-,N,,,,,,,,,,Y,1,1,0,2,A,-,08,22107,,F,H,G,A,A,H,-,A,D,0,,Y,,,Y,Y,A,07,0,0,0,0,0,1,0,0,0,"- ","- ",,,TULARE,TULARE,-119.33769989013672,36.213539123535156
8911395,2020,2022-06-13,5407,2020-05-23,2012,M226,480,6,5,5,5407,0,0,0,,0,011,"S CHINOWTH ST","MINERAL KING AV",274.00,N,N,A,-,N,,,,,,,,,,Y,1,1,2,2,A,-,03,22350,,N,D,C,A,A,H,-,B,A,0,,,,,Y,Y,A,01,1,0,1,0,0,0,0,0,0,"- ","- ",36.329391479492188,-119.33628845214844,TULARE,VISALIA,-119.33621978759766,36.328601837158203
8911546,2019,2021-06-02,5407,2019-12-06,2154,M186,480,5,5,5,5407,0,0,0,,0,,"RT 63",FERGUSON,825.00,N,N,A,-,Y,TUL,6,63,-,-,9.800,H,-,S,Y,1,1,0,2,A,-,11,21954,A,N,G,B,D,A,H,-,C,A,0,Y,,,,Y,Y,N,60,0,0,0,1,0,0,0,0,0,"- ","- ",36.356208801269531,-119.29698944091797,TULARE,VISALIA,-119.29695892333984,36.351860046386719
8911693,2020,2022-06-13,5407,2020-07-06,1908,M222,480,1,5,5,5407,0,0,0,,0,026,"MINERAL KING AV","CRUMAL ST",150.00,E,N,A,-,N,,,,,,,,,,Y,1,2,1,2,A,-,05,21650,,N,A,C,A,A,H,-,A,A,0,,,,,Y,,D,22,1,0,0,0,0,0,0,0,0,"- ","- ",36.3272705078125,-119.25527191162109,TULARE,VISALIA,-119.25473785400391,36.327255249023438
8939195,2019,2021-05-24,5405,2019-11-13,1944,186,,3,5,4,5405,0,0,0,,0,003,"LOCUST AV","HOCKETT ST",0.00,,Y,A,-,N,,,,,,,,,,N,1,1,0,2,A,-,01,23153,F,N,G,B,B,A,H,-,C,D,0,Y,,,,Y,Y,-,,0,0,0,1,0,0,0,0,0,"- ","- ",,,TULARE,PORTERVILLE,-119.0172119140625,36.059871673583984
8949626,2019,2019-10-04,5406,2019-08-21,1655,41,4B,3,5,4,5406,0,0,0,,0,0ES,PROSPERITY,CHERRY,46.00,W,N,A,-,N,,,,,,,,,,Y,2,0,1,2,A,-,09,21801,A,N,D,C,A,A,H,-,A,A,0,,,Y,,Y,,A,07,1,0,0,0,0,0,0,0,1,"- ","- ",,,TULARE,TULARE,-119.33707427978516,36.225818634033203
8950046,2019,2019-10-08,5407,2019-08-22,2207,A318,480,4,5,5,5407,0,0,0,,0,012,"W WALNUT AV","S AKERS ST",0.00,,Y,A,-,N,,,,,,,,,,N,2,0,1,2,A,-,11,21456,B,N,G,B,B,A,H,-,C,A,0,Y,,,,Y,,N,60,1,0,0,0,1,0,0,0,0,"- ","- ",36.312770843505859,-119.34954833984375,TULARE,VISALIA,-119.34963226318359,36.312759399414062
90014010,2015,2015-10-19,9480,2015-08-20,0800,016233,,4,1,9,5400,0,1,3,,1,044,SR-198,"HORSE CREEK RD",10560.00,W,N,A,-,Y,,,198,,,,,,,Y,2,0,2,2,A,-,05,21460,A,N,B,C,A,A,H,-,A,D,0,,,,,Y,,D,22,1,0,1,0,0,0,0,0,0,"- ","- ",36.398899999999998,-118.9727,TULARE,UNINCORPORATED,-118.97271213000001,36.398841480000002
90016291,2015,2015-10-19,9480,2015-09-01,1738,015783,,2,2,5,5407,0,1,3,,1,064,"SR-198 E/B","MOONEY BLVD",125.00,W,N,A,-,Y,,,198,,,,,,E,Y,2,0,2,3,A,-,03,22350,,N,C,C,A,A,H,-,A,D,0,,,,,Y,,A,07,1,1,0,0,0,0,0,0,0,"- ","- ",36.326929999999997,-119.31453,TULARE,VISALIA,-119.31452858,36.327008259999999
90019336,2015,2015-10-19,9481,2015-09-12,2340,019149,,6,3,9,5400,0,3,5,,2,010,"ROAD 224","AVENUE 176",0.00,,Y,A,-,N,,,,,,,,,,Y,2,0,6,2,A,-,03,22350,,F,C,C,A,A,H,-,D,D,0,,,,,Y,,A,01,1,2,3,0,0,0,0,0,0,"- ","- ",36.109360000000002,-119.07124,TULARE,UNINCORPORATED,-119.07121006,36.109280089999999
90025984,2015,2015-10-19,9481,2015-09-26,1340,016065,,6,1,9,5400,0,1,3,,1,054,"WESTERN DIVIDE HIGHWAY","NEEDLEROCK ROAD",5280.00,W,N,A,-,N,,,,,,,,,,N,2,0,1,1,A,-,08,22107,,N,F,A,A,A,H,-,A,D,0,,,Y,,Y,,C,02,1,0,0,0,0,0,0,0,1,"- ","- ",36.06982,-118.54142,TULARE,UNINCORPORATED,-118.54142,36.06982