CASE_ID,ACCIDENT_YEAR,PROC_DATE,JURIS,COLLISION_DATE,COLLISION_TIME,OFFICER_ID,REPORTING_DISTRICT,DAY_OF_WEEK,CHP_SHIFT,POPULATION,CNTY_CITY_LOC,SPECIAL_COND,BEAT_TYPE,CHP_BEAT_TYPE,CITY_DIVISION_LAPD,CHP_BEAT_CLASS,BEAT_NUMBER,PRIMARY_RD,SECONDARY_RD,DISTANCE,DIRECTION,INTERSECTION,WEATHER_1,WEATHER_2,STATE_HWY_IND,CALTRANS_COUNTY,CALTRANS_DISTRICT,STATE_ROUTE,ROUTE_SUFFIX,POSTMILE_PREFIX,POSTMILE,LOCATION_TYPE,RAMP_INTERSECTION,SIDE_OF_HWY,TOW_AWAY,COLLISION_SEVERITY,NUMBER_KILLED,NUMBER_INJURED,PARTY_COUNT,PRIMARY_COLL_FACTOR,PCF_CODE_OF_VIOL,PCF_VIOL_CATEGORY,PCF_VIOLATION,PCF_VIOL_SUBSECTION,HIT_AND_RUN,TYPE_OF_COLLISION,MVIW,PED_ACTION,ROAD_SURFACE,ROAD_COND_1,ROAD_COND_2,LIGHTING,CONTROL_DEVICE,CHP_ROAD_TYPE,PEDESTRIAN_ACCIDENT,BICYCLE_ACCIDENT,MOTORCYCLE_ACCIDENT,TRUCK_ACCIDENT,NOT_PRIVATE_PROPERTY,ALCOHOL_INVOLVED,STWD_VEHTYPE_AT_FAULT,CHP_VEHTYPE_AT_FAULT,COUNT_SEVERE_INJ,COUNT_VISIBLE_INJ,COUNT_COMPLAINT_PAIN,COUNT_PED_KILLED,COUNT_PED_INJURED,COUNT_BICYCLIST_KILLED,COUNT_BICYCLIST_INJURED,COUNT_MC_KILLED,COUNT_MC_INJURED,PRIMARY_RAMP,SECONDARY_RAMP,LATITUDE,LONGITUDE,COUNTY,CITY,POINT_X,POINT_Y
90033053,2015,2015-10-19,9480,2015-10-03,2035,018809,,6,2,9,5400,0,1,3,,2,091,"STATE ROUTE-99 S/B","MERRITT DR",17952.00,S,N,A,-,Y,,,,,,,,,,Y,2,0,1,2,A,-,03,22350,,N,C,C,A,A,H,-,D,D,0,,,Y,,Y,,A,01,1,0,0,0,0,0,0,0,1,"- ","- ",34.409089999999999,-119.45985,TULARE,UNINCORPORATED,,
90039818,2015,2015-10-29,9480,2015-10-02,1206,018563,,5,1,9,5400,0,1,3,,1,044,"STATE ROUTE 198","POGUE AVENUE",600.00,S,N,A,-,Y,,,198,,,,,,,Y,2,0,1,1,A,-,01,23152,A,N,E,I,A,A,H,-,A,D,0,,,,,Y,Y,D,22,1,0,0,0,0,0,0,0,0,"- ","- ",36.381340000000002,-119.02549999999999,TULARE,UNINCORPORATED,-119.02545578,36.38128339
90041783,2015,2015-11-04,9481,2015-09-10,0515,019162,,4,3,9,5400,0,2,4,,1,031,"ROAD 168","AVENUE 152",0.00,,Y,A,-,N,,,,,,,,,,Y,1,1,1,2,A,-,12,22450,A,N,D,C,A,A,H,-,D,A,0,,,,,Y,,A,01,1,0,0,0,0,0,0,0,0,"- ","- ",36.065710000000003,-119.19674000000001,TULARE,UNINCORPORATED,-119.19673991000001,36.065710029999998
90048945,2015,2015-11-11,9480,2015-10-30,2230,018742,,5,3,9,5400,0,3,5,,2,006,"YOKOHL DR.","ROAD 228",10560.00,E,N,A,-,N,,,,,,,,,,Y,2,0,3,1,A,-,08,22107,,N,E,I,A,A,H,-,D,D,0,,,,,Y,,A,07,1,2,0,0,0,0,0,0,0,"- ","- ",36.268889999999999,-119.03842,TULARE,UNINCORPORATED,-119.03800296999999,36.268743729999997
9005390,2019,2020-01-14,5407,2019-11-27,1923,11622,480,3,5,5,5407,0,0,0,,0,026,"RIGGIN AV","COURT ST",0.00,,Y,B,-,N,,,,,,,,,,Y,2,0,3,2,A,-,09,21800,A,N,D,C,A,B,H,-,C,A,0,,,,,Y,,A,01,1,2,0,0,0,0,0,0,0,"- ","- ",,,TULARE,VISALIA,-119.29402160644531,36.356380462646484
9005502,2019,2020-03-18,5407,2019-12-06,1639,11892,480,5,5,5,5407,0,0,0,,0,025,COURT,RIGGIN,0.00,,Y,A,-,N,,,,,,,,,,Y,2,0,2,2,A,-,09,21802,A,N,D,C,A,A,H,-,A,A,0,,,,,Y,,A,01,1,1,0,0,0,0,0,0,0,"- ","- ",,,TULARE,VISALIA,-119.29402160644531,36.356380462646484
90057456,2015,2015-11-23,9481,2015-08-09,0305,019162,,7,3,9,5400,0,3,5,,2,010,"AVENUE 184","ROAD 192",1584.00,W,N,A,-,N,,,,,,,,,,Y,1,1,7,1,A,-,05,21650,,N,E,I,A,A,H,-,D,D,0,,,,,Y,,A,07,1,6,0,0,0,0,0,0,0,"- ","- ",36.123750000000001,-119.14941,TULARE,UNINCORPORATED,-119.14821578999999,36.123750000000001
90057968,2015,2015-11-23,9481,2015-11-22,1245,016065,,7,1,9,5400,0,1,3,,1,053,"STATE ROUTE 190","RIVER ISLAND DRIVE",2112.00,W,N,A,-,Y,,,190,,,,,,,Y,2,0,1,1,A,-,08,22107,,N,E,I,A,A,H,-,A,D,0,,,,,Y,,A,01,1,0,0,0,0,0,0,0,0,"- ","- ",36.102150000000002,-118.86673,TULARE,UNINCORPORATED,-118.86674847,36.102189989999999
90061911,2015,2015-11-30,9480,2015-08-25,1150,016856,,2,1,9,5400,0,3,5,,2,003,"AVENUE 144","ROAD 96",0.00,,Y,A,-,N,,,,,,,,,,Y,1,1,0,2,A,-,12,22450,A,N,D,C,A,A,H,-,A,A,0,,,,,Y,,M,46,0,0,0,0,0,0,0,0,0,"- ","- ",36.051130000000001,-119.35794,TULARE,UNINCORPORATED,-119.35763992,36.051160019999998
90065090,2015,2015-12-03,9481,2015-11-21,0620,017523,,6,1,9,5400,0,3,5,,2,010,"AVENUE 208","ROAD 192",528.00,W,N,A,-,N,,,,,,,,,,Y,2,0,1,1,A,-,08,22107,,N,E,J,A,A,H,-,B,D,0,,,,,Y,,A,01,1,0,0,0,0,0,0,0,0,"- ","- ",36.167299999999997,-119.14718999999999,TULARE,UNINCORPORATED,-119.14565675999999,36.167240049999997
90067459,2015,2015-12-08,9480,2015-11-29,1707,015783,,7,2,9,5400,0,1,3,,1,044,SR-198,"ROAD 217",160.00,W,N,A,-,Y,,,198,,,,,,,Y,2,0,1,2,A,-,08,22107,,N,A,C,A,A,H,-,D,D,0,,,,,Y,,A,01,1,0,0,0,0,0,0,0,0,"- ","- ",36.325589999999998,-119.08828,TULARE,UNINCORPORATED,-119.08828137,36.325489300000001
90067971,2015,2016-11-25,9480,2015-10-28,1325,013914,,3,1,9,5400,0,3,5,,2,001,"ROAD 52","AVENUE 304",0.00,,Y,A,-,N,,,,,,,,,,Y,1,1,1,2,A,-,12,22450,A,N,D,C,A,A,H,-,A,A,0,,,Y,,Y,,A,01,0,1,0,0,0,0,0,1,0,"- ","- ",36.341830000000002,-119.45739,TULARE,UNINCORPORATED,-119.45742995000001,36.341790009999997
90069467,2015,2015-12-10,9480,2015-11-24,2245,017311,,2,3,9,5400,0,3,5,,2,004,"AVE 336","RD 152",195.00,E,N,A,-,N,,,,,,,,,,Y,2,0,2,1,A,-,01,23152,A,N,E,I,A,B,H,-,D,D,0,,,,,Y,Y,A,01,2,0,0,0,0,0,0,0,0,"- ","- ",36.399299999999997,-119.22281,TULARE,UNINCORPORATED,-119.23281811,36.399500000000003
90069810,2015,2015-12-10,9480,2015-11-26,1448,017709,,4,2,9,5400,0,3,5,,2,004,"AVENUE 352","ROAD 132",0.00,,Y,A,-,N,,,,,,,,,,Y,2,0,3,3,A,-,09,21802,A,N,D,C,A,A,H,-,A,A,0,,,,,Y,,D,22,1,1,1,0,0,0,0,0,0,"- ","- ",36.428620000000002,-119.27788,TULARE,UNINCORPORATED,-119.27787996000001,36.428630120000001
90079109,2015,2015-12-21,9480,2015-11-30,0557,014628,,1,3,9,5400,0,1,3,,2,095,"SR-99 N/B","AVE. 48",2429.00,S,N,A,-,Y,,,99,,,,,,N,Y,2,0,1,1,A,-,08,22107,,N,E,I,A,A,H,-,B,D,0,,,,,Y,,A,07,1,0,0,0,0,0,0,0,0,"- ","- ",35.870449999999998,-119.27056,TULARE,UNINCORPORATED,-119.27062155,35.870448340000003
9009469,2019,2020-02-18,5405,2019-12-18,1544,229,,3,5,4,5405,0,0,0,,0,002,"LEGGETT ST","BELLEVIEW AV",0.00,,Y,A,-,N,,,,,,,,,,N,2,0,1,1,A,-,03,22350,,N,H,-,A,A,A,-,A,D,0,,,Y,,Y,,C,02,1,0,0,0,0,0,0,0,1,"- ","- ",,,TULARE,PORTERVILLE,-118.99978637695312,36.075210571289062
90100256,2016,2016-01-21,9480,2016-01-09,2040,018809,,6,2,9,5400,0,3,5,,2,006,"ROAD 156","AVENUE 264",568.00,N,N,C,-,N,,,,,,,,,,N,2,0,1,2,A,-,11,21954,A,N,G,B,E,B,H,-,D,D,0,Y,,,,Y,Y,N,60,1,0,0,0,1,0,0,0,0,"- ","- ",36.270850000000003,-119.22496,TULARE,UNINCORPORATED,-119.22492206,36.269696879999998
90100321,2016,2016-01-21,9480,2016-01-08,0210,018861,,5,3,9,5400,0,3,5,,2,006,"SPRUCE ROAD (ROAD 204)","LIST AVE",173.00,S,N,A,-,N,,,,,,,,,,Y,2,0,1,1,A,-,01,23152,A,N,E,I,A,A,H,-,D,D,0,,,,,Y,Y,A,01,1,0,0,0,0,0,0,0,0,"- ","- ",36.283679999999997,-119.11790000000001,TULARE,UNINCORPORATED,-119.11791623000001,36.283680560000001
90113538,2016,2016-02-11,9480,2016-01-29,1800,018861,,5,2,9,5400,0,1,3,,1,020,"SR-201(AVENUE 400)","ROAD 84",1027.00,E,N,A,-,Y,,,201,,,,,,,Y,2,0,1,1,A,-,01,23152,,N,E,I,A,A,H,-,D,D,0,,,,,Y,Y,A,07,1,0,0,0,0,0,0,0,0,"- ","- ",36.516680000000001,-119.38216,TULARE,UNINCORPORATED,-119.38216001000001,36.516679660000001
90121927,2016,2016-02-23,9481,2016-02-14,1040,016065,,7,1,9,5400,0,1,3,,1,037,"STATE ROUTE 65","DEER CREEK BRIDGE",2112.00,N,N,A,-,Y,,,65,,,,,,,Y,2,0,1,3,A,-,08,22107,,N,C,B,E,A,H,-,A,D,0,Y,,Y,Y,Y,,G,27,1,0,0,0,1,0,0,0,0,"- ","- ",35.984780000000001,-119.05123,TULARE,UNINCORPORATED,-119.05118545000001,35.984753220000002
90127643,2016,2016-03-02,9481,2016-02-27,0825,018742,,6,1,9,5400,0,2,4,,1,051,"WORTH DRIVE","ROAD 284",1056.00,E,N,A,-,N,,,,,,,,,,Y,2,0,2,1,A,-,08,22107,,N,E,I,A,A,H,-,A,D,0,,,,,Y,,D,22,2,0,0,0,0,0,0,0,0,"- ","- ",36.05359,-118.93361,TULARE,UNINCORPORATED,-118.93360376,36.053587110000002
90129937,2016,2016-03-07,9481,2016-03-02,1615,016776,,3,2,9,5400,0,2,4,,1,051,"RESERVATION ROAD","ROAD 284",7392.00,E,N,A,-,N,,,,,,,,,,Y,2,0,1,2,A,-,03,22350,,N,F,A,A,A,H,-,A,D,0,,,Y,,Y,,C,02,1,0,0,0,0,0,0,0,1,"- ","- ",36.025979999999997,-118.92001999999999,TULARE,UNINCORPORATED,-118.92000765,36.02601516
90140332,2016,2016-03-21,9480,2016-02-06,1857,018521,,6,2,9,5400,0,3,5,,2,002,"ROAD 88","AVENUE 428",42.00,S,N,A,-,N,,,,,,,,,,Y,2,0,1,2,A,-,09,21804,B,N,B,C,A,A,H,-,D,D,0,,,,Y,Y,,D,22,1,0,0,0,0,0,0,0,0,"- ","- ",36.340899999999998,-119.22371,TULARE,UNINCORPORATED,-119.37699951,36.566914740000001
90143239,2016,2016-03-24,9480,2016-03-10,1555,013656,,4,2,9,5400,0,3,5,,2,006,"ROAD 216","AVENUE 250",113.00,N,N,A,-,N,,,,,,,,,,Y,2,0,2,2,A,-,05,21460,A,F,A,C,A,A,H,-,A,A,0,,,,,Y,Y,A,01,2,0,0,0,0,0,0,0,0,"- ","- ",36.242840000000001,-119.09156,TULARE,UNINCORPORATED,-119.09146875,36.242916119999997
90169774,2016,2016-04-29,9481,2016-04-22,0558,018742,,5,3,9,5400,0,3,5,,2,030,"AVENUE 112","ROAD 208",0.00,,Y,B,-,N,,,,,,,,,,Y,2,0,3,2,A,-,12,22450,A,N,D,C,A,A,H,-,D,A,0,,,,,Y,,E,22,1,0,2,0,0,0,0,0,0,"- ","- ",35.993299999999998,-119.10794,TULARE,UNINCORPORATED,-119.10742011000001,35.993280120000001
90178148,2016,2016-05-12,9480,2016-05-07,0525,016723,,6,3,9,5400,0,1,3,,1,020,"STATE ROUTE 201 (AVENUE 384)","ROAD 176",805.00,W,N,A,-,Y,,,201,,,,,,,Y,2,0,1,2,A,-,06,21750,,N,B,C,A,A,H,-,D,D,0,,,,,Y,,A,01,1,0,0,0,0,0,0,0,0,"- ","- ",36.48556,-119.17995999999999,TULARE,UNINCORPORATED,-119.17996062,36.485496439999999
90181622,2015,2016-05-17,9480,2015-12-19,1648,018521,,6,2,9,5400,0,3,5,,2,002,"AVENUE 384","ROAD 108",686.00,W,N,C,-,N,,,,,,,,,,Y,1,1,2,2,A,-,05,21650,,N,B,C,A,B,H,-,D,D,0,,,,Y,Y,,F,55,1,1,0,0,0,0,0,0,0,"- ","- ",36.487229999999997,-119.33351999999999,TULARE,UNINCORPORATED,-119.3330909,36.487154279999999
90185922,2016,2016-05-24,9480,2016-05-17,0700,012568,,2,1,9,5400,0,3,5,,2,004,"RD. 180","AVE. 352",1584.00,S,N,A,-,N,,,,,,,,,,Y,2,0,1,1,A,-,08,22107,,N,E,I,A,A,H,-,A,D,0,,,,,Y,,A,01,1,0,0,0,0,0,0,0,0,"- ","- ",36.423990000000003,-119.17081,TULARE,UNINCORPORATED,-119.17077698,36.423986990000003
90191780,2016,2016-05-31,9480,2016-05-20,1829,019427,,5,2,4,5406,0,1,3,,2,093,"STATE ROUTE 99 TO PAIGE AVE","PAIGE AVE",180.00,S,N,A,-,Y,,,99,,,,R,,,Y,2,0,1,1,A,-,03,22350,,N,F,A,A,A,H,-,A,D,0,,,Y,,Y,,C,02,1,0,0,0,0,0,0,0,1,"- ","- ",36.181829999999998,-119.32801000000001,TULARE,TULARE,-119.32801000000001,36.181829999999998
90202048,2016,2016-06-15,9481,2016-06-14,1725,019162,,2,2,9,5400,0,1,3,,1,053,"STATE ROUTE 190","PLEASANT OAK DRIVE",139.00,W,N,A,-,Y,,,190,,,,,,,Y,2,0,2,1,A,-,01,23152,A,N,E,I,A,A,H,-,A,D,0,,,,,Y,Y,A,01,1,1,0,0,0,0,0,0,0,"- ","- ",36.099020000000003,-118.87129,TULARE,UNINCORPORATED,-118.87122775,36.098895849999998
90205980,2016,2016-06-21,9481,2016-06-12,1100,017957,,7,1,9,5400,0,3,5,,2,020,"ROAD 256","AVENUE 196",0.00,,Y,A,-,N,,,,,,,,,,Y,2,0,2,2,A,-,09,21802,A,N,D,C,A,A,H,-,A,A,0,,,Y,,Y,,A,01,2,0,0,0,0,0,0,0,2,"- ","- ",36.14564,-119.00015999999999,TULARE,UNINCORPORATED,-119.00017012000001,36.145500069999997
90233070,2016,2016-07-29,9480,2016-07-21,2248,018521,,4,3,9,5400,0,3,5,,2,001,"AVENUE 424","ROAD 68",1056.00,W,N,A,-,N,,,,,,,,,,Y,2,0,1,1,A,-,01,23152,A,N,E,I,A,A,H,-,D,D,0,,,,,Y,Y,A,01,1,0,0,0,0,0,0,0,0,"- ","- ",36.560699999999997,-119.4222,TULARE,UNINCORPORATED,-119.42587198,36.560671030000002
90233443,2016,2016-07-29,9480,2016-07-19,0640,012401,,2,1,9,5400,0,3,5,,2,003,"I ST","AVE 184",4224.00,N,N,A,-,N,,,,,,,,,,Y,2,0,1,1,A,-,08,22107,,N,F,A,A,A,H,-,A,D,0,,,,,Y,,A,01,1,0,0,0,0,0,0,0,0,"- ","- ",36.134799999999998,-119.3321,TULARE,UNINCORPORATED,-119.33216569,36.135031089999998
90249360,2016,2016-08-22,9480,2016-05-21,2127,019427,,6,2,9,5400,0,3,5,,2,002,"ROAD 120","SAND CREEK",371.00,S,N,A,-,N,,,,,,,,,,N,1,1,0,2,A,-,11,21954,A,F,G,B,E,A,H,-,D,D,0,Y,,,,Y,Y,N,60,0,0,0,1,0,0,0,0,0,"- ","- ",36.5197,-119.30473000000001,TULARE,UNINCORPORATED,-119.30478214999999,36.519696109999998
90254433,2016,2016-08-30,9481,2016-06-12,1540,017957,,7,2,9,5400,0,1,3,,1,012,"STATE ROUTE 65","ROAD 201",57.00,N,N,A,-,Y,,,65,,,,,,,Y,1,1,6,2,A,-,01,23152,A,N,A,C,A,A,H,-,A,A,0,,,,,Y,Y,A,01,3,3,0,0,0,0,0,0,0,"- ","- ",36.210810000000002,-119.12527,TULARE,UNINCORPORATED,-119.12527,36.21080319
90260208,2016,2016-09-02,9481,2016-08-27,2035,016995,,6,2,9,5400,0,3,5,,2,050,"CRABTREE AVENUE","TULSA ROAD",266.00,W,N,A,-,N,,,,,,,,,,N,2,0,1,2,A,-,11,21954,A,N,G,B,D,A,H,-,D,D,0,Y,,,,Y,,N,60,1,0,0,0,1,0,0,0,0,"- ","- ",36.058619999999998,-118.97817000000001,TULARE,UNINCORPORATED,-118.97798873000001,36.058611679999999
90263975,2016,2016-09-08,9480,2016-07-26,2030,016145,,2,2,9,5400,0,3,5,,2,002,"AVENUE 424","ROAD 92",1056.00,E,N,A,-,N,,,,,,,,,,Y,1,2,0,1,A,-,08,22107,,N,E,I,A,A,H,-,B,D,0,,,,,Y,,A,01,0,0,0,0,0,0,0,0,0,"- ","- ",36.560110000000002,-119.36502,TULARE,UNINCORPORATED,-119.36414932,36.56001354
90268538,2016,2016-09-15,9480,2016-09-08,2235,019427,,4,3,5,5407,0,1,3,,1,064,"STATE ROUTE 198 (WESTBOUND)","WOODLAND DRIVE",325.00,E,N,A,-,Y,,,198,,,,,,,Y,2,0,1,1,A,-,01,23152,A,N,E,I,A,A,H,-,D,D,0,,,,,Y,Y,A,01,1,0,0,0,0,0,0,0,0,"- ","- ",36.327199999999998,-119.31699999999999,TULARE,VISALIA,-119.31700298,36.32717006
90281919,2016,2016-10-03,9480,2016-09-17,2200,019789,,6,3,9,5400,0,3,5,,2,006,"AVENUE 240","ROAD 140",0.00,,Y,A,-,N,,,,,,,,,,Y,2,0,7,2,A,-,12,22450,A,N,D,C,A,A,H,-,C,A,0,,,,,Y,,D,22,1,4,2,0,0,0,0,0,0,"- ","- ",36.225580000000001,-119.26054999999999,TULARE,UNINCORPORATED,-119.26037986999999,36.225790060000001
90288282,2016,2016-10-10,9480,2016-09-28,1738,016046,,3,2,9,5400,0,3,5,,2,003,"AVENUE 184","ROAD 72",2112.00,W,N,A,-,N,,,,,,,,,,Y,2,0,3,1,A,-,08,22107,,N,E,I,A,A,A,-,A,D,0,,,,,Y,,A,08,1,1,1,0,0,0,0,0,0,"- ","- ",36.123150000000003,-119.41596,TULARE,UNINCORPORATED,-119.41877241,36.123420189999997
90299431,2016,2016-10-24,9480,2016-10-06,1400,013656,,4,2,9,5400,0,1,3,,1,060,SR-137,"ROAD 152",0.00,,Y,A,-,Y,,,137,,,,,,,Y,2,0,2,2,A,-,12,21453,A,N,D,C,A,A,H,-,A,A,0,,,,,Y,,A,01,1,0,1,0,0,0,0,0,0,"- ","- ",36.210990000000002,-119.23345,TULARE,UNINCORPORATED,-119.23344975000001,36.210902539999999
90314520,2016,2016-11-08,9480,2016-08-17,0025,017311,,3,3,9,5400,0,3,5,,2,004,"MILLWOOD DRIVE","ROAD 196",244.00,E,N,A,-,N,,,,,,,,,,Y,1,1,0,2,A,-,03,22350,,N,C,C,A,A,H,-,D,D,0,,,Y,,Y,,C,02,0,0,0,0,0,0,0,1,0,"- ","- ",36.416330000000002,-119.13437999999999,TULARE,UNINCORPORATED,-119.13398862,36.416522970000003
90326980,2016,2016-11-22,9480,2016-11-09,1239,012251,,3,1,9,5400,0,3,5,,2,006,"YOKOHL ROAD WB","RD 228",10560.00,E,N,A,-,N,,,,,,,,,,Y,2,0,1,1,A,-,03,22350,,N,E,I,A,A,H,-,A,D,0,,,Y,,Y,,C,02,1,0,0,0,0,0,0,0,1,"- ","- ",36.268419999999999,-119.03914,TULARE,UNINCORPORATED,-119.03800296999999,36.268743729999997
90352207,2016,2016-12-27,9480,2016-12-09,0215,019697,,5,3,9,5400,0,3,5,,2,006,"AVE 256","ROAD 188",82.00,E,N,A,-,N,,,,,,,,,,Y,2,0,2,1,A,-,01,23152,A,N,E,I,A,B,H,-,D,D,0,,,,,Y,Y,D,22,1,1,0,0,0,0,0,0,0,"- ","- ",36.25385,-119.15346,TULARE,UNINCORPORATED,-119.15395241,36.253768669999999
90352648,2016,2016-12-27,9481,2016-11-24,0220,018029,,4,3,9,5400,0,2,4,,1,031,"AVENUE 152","ROAD 176",238.00,E,N,B,-,N,,,,,,,,,,Y,1,1,1,1,A,-,08,22107,,N,E,I,A,A,H,-,D,D,0,,,,,Y,,A,01,1,0,0,0,0,0,0,0,0,"- ","- ",36.065649999999998,-119.17887,TULARE,UNINCORPORATED,-119.17801562,36.065720509999998
90361867,2016,2017-01-05,9480,2016-12-13,0613,012568,,2,1,9,5400,0,1,3,,1,021,"STATE ROUTE 63 (ROAD 128)","MILLER AVENUE",0.00,,Y,A,-,Y,,,63,,,,,,,N,1,1,0,2,A,-,03,22350,,F,G,B,D,A,H,-,D,D,0,Y,,,,Y,,A,01,0,0,0,1,0,0,0,0,0,"- ","- ",36.546080000000003,-119.28682999999999,TULARE,UNINCORPORATED,-119.28696094,36.546080689999997
90366122,2016,2017-04-07,9480,2016-12-01,1720,019789,,4,2,9,5400,0,1,3,,1,065,"STATE ROUTE 65 (ROAD 196)","AVENUE 237",0.00,,Y,A,-,Y,,,65,,,,,,,Y,1,1,2,2,A,-,09,21801,A,N,D,C,A,A,H,-,D,A,0,,,,,Y,,A,01,1,0,1,0,0,0,0,0,0,"- ","- ",36.219709999999999,-119.13634999999999,TULARE,UNINCORPORATED,-119.13638623,36.21970924
90380134,2017,2017-01-27,9480,2017-01-20,0455,019349,,5,3,5,5407,0,1,3,,1,064,"STATE ROUTE 198 WESTBOUND","CHINOWTH ST",388.00,E,N,B,C,Y,,,198,,,,,,W,Y,2,0,2,4,A,-,05,21651,A,N,D,C,A,B,H,-,D,D,0,,,,,Y,,A,01,1,0,1,0,0,0,0,0,0,"- ","- ",36.327399999999997,-119.3349,TULARE,VISALIA,-119.33490166999999,36.327367100000004
90386417,2016,2017-02-06,9480,2016-11-13,0015,019349,,7,3,5,5407,0,1,3,,1,064,"STATE ROUTE 198 WB","LOVERS LANE",50.00,E,N,A,-,Y,,,198,,,,,,W,Y,1,1,1,2,A,-,01,23152,A,N,C,E,A,A,H,-,D,D,0,,,,,Y,Y,A,01,0,0,1,0,0,0,0,0,0,"- ","- ",36.327199999999998,-119.25620000000001,TULARE,VISALIA,-119.25620506,36.327147930000002
90390549,2016,2017-02-10,9481,2016-12-26,1728,019578,,1,2,9,5400,0,1,3,,1,012,"STATE ROUTE 65","AVENUE 224",1056.00,S,N,A,-,Y,,,65,,,,,,,Y,2,0,1,3,A,-,03,22350,,F,C,C,A,A,H,-,D,D,0,,,Y,,Y,,C,02,1,0,0,0,0,0,0,0,1,"- ","- ",36.19247,-119.09766,TULARE,UNINCORPORATED,-119.09761722,36.192498190000002
90393136,2016,2017-03-22,9480,2016-12-23,2013,019427,,5,2,9,5400,0,3,5,,2,001,"ROAD 80","AVENUE 384",1584.00,S,N,C,-,N,,,,,,,,,,Y,1,1,2,2,A,-,08,22107,,N,D,C,A,B,H,-,D,D,0,,,,,Y,,A,07,2,0,0,0,0,0,0,0,0,"- ","- ",36.484380000000002,-119.39415,TULARE,UNINCORPORATED,-119.39402192999999,36.484396459999999
9039553,2020,2020-02-27,5403,2020-01-22,0850,843,,3,5,2,5403,0,0,0,,0,,"EAST VISALIA RD","NORTH BRUNDAGE AV",20.00,,N,A,-,N,,,,,,,,,,N,2,0,6,2,A,-,09,21801,,N,D,C,A,A,H,-,A,D,0,,,,,Y,,A,07,1,0,5,0,0,0,0,0,0,"- ","- ",,,TULARE,FARMERSVILLE,-119.19515991210938,36.297821044921875
90423755,2017,2017-04-07,9480,2017-01-21,1312,016233,,6,1,9,5400,0,3,5,,2,006,"DEMAREE STREET","W. VISALIA PARKWAY",1181.00,S,N,B,-,N,,,,,,,,,,Y,1,1,0,2,A,-,11,21956,,N,G,B,E,A,H,-,A,D,0,Y,,,,Y,,N,60,0,0,0,1,0,0,0,0,0,"- ","- ",36.171669999999999,-119.19521,TULARE,UNINCORPORATED,-119.3313938,36.288029170000001
90425819,2017,2017-04-03,9480,2017-03-19,0218,019048,,7,3,9,5400,0,1,3,,1,020,SR-201,"ROAD 136",655.00,W,N,A,-,Y,,,201,,,,,,,Y,2,0,1,2,A,-,03,22350,,N,C,J,A,A,H,-,D,D,0,,,,,Y,,A,01,1,0,0,0,0,0,0,0,0,"- ","- ",36.486359999999998,-119.27068,TULARE,UNINCORPORATED,-119.27067851,36.48648918
90430053,2017,2017-04-07,9480,2017-04-01,2134,017252,,6,2,9,5400,0,1,3,,1,060,"STATE ROUTE 137","ROAD 152",675.00,W,N,A,-,Y,,,137,,,,,,,Y,2,0,5,2,A,-,01,23152,A,N,A,C,A,A,H,-,D,D,0,,,,,Y,Y,A,01,4,1,0,0,0,0,0,0,0,"- ","- ",36.210900000000002,-119.2359,TULARE,UNINCORPORATED,-119.23589998,36.210903780000002
90435562,2017,2017-04-17,9480,2017-04-04,2002,019543,,2,2,9,5400,0,3,5,,2,002,"ACEVES AVE","WILMA ST",20.00,W,N,A,-,N,,,,,,,,,,N,2,0,1,2,A,-,11,21954,A,N,G,B,D,A,H,-,C,D,0,Y,,,,Y,,N,60,1,0,0,0,1,0,0,0,0,"- ","- ",36.537239999999997,-119.30240999999999,TULARE,UNINCORPORATED,-119.30195801000001,36.53721058
90435592,2017,2017-04-17,9480,2017-03-30,0115,013821,,4,3,9,5400,0,1,3,,1,040,"SR-216 W/B","ROAD 188",880.00,E,N,A,-,N,,,216,,,,,,W,Y,2,0,3,1,A,-,08,22107,,N,E,I,A,A,H,-,A,D,0,,,,,Y,,A,01,1,1,1,0,0,0,0,0,0,"- ","- ",36.408769999999997,-119.15021,TULARE,UNINCORPORATED,-119.15017147,36.40869034
9043712,2019,2020-02-25,5407,2019-12-05,0808,M282,480,4,5,5,5407,0,0,0,,0,025,"W HOUSTON AV","N DIVISADERO ST",0.00,,Y,A,-,N,,,,,,,,,,N,2,0,1,2,A,-,10,21950,A,N,G,B,B,A,H,-,A,A,0,Y,,,,Y,,A,01,1,0,0,0,1,0,0,0,0,"- ","- ",36.341888427734375,-119.31001281738281,TULARE,VISALIA,-119.31002044677734,36.341911315917969
90440559,2017,2017-04-24,9480,2017-04-15,1905,019349,,6,2,2,5408,0,3,5,,2,004,"AVENUE 332","ROAD 220",810.00,W,N,A,-,N,,,,,,,,,,N,2,0,2,1,A,-,08,22107,,N,F,A,A,A,H,-,A,D,0,,,,,Y,,M,96,1,1,0,0,0,0,0,0,0,"- ","- ",36.391590000000001,-119.08343000000001,TULARE,WOODLAKE,-119.08344626,36.391467689999999