CASE_ID,ACCIDENT_YEAR,PROC_DATE,JURIS,COLLISION_DATE,COLLISION_TIME,OFFICER_ID,REPORTING_DISTRICT,DAY_OF_WEEK,CHP_SHIFT,POPULATION,CNTY_CITY_LOC,SPECIAL_COND,BEAT_TYPE,CHP_BEAT_TYPE,CITY_DIVISION_LAPD,CHP_BEAT_CLASS,BEAT_NUMBER,PRIMARY_RD,SECONDARY_RD,DISTANCE,DIRECTION,INTERSECTION,WEATHER_1,WEATHER_2,STATE_HWY_IND,CALTRANS_COUNTY,CALTRANS_DISTRICT,STATE_ROUTE,ROUTE_SUFFIX,POSTMILE_PREFIX,POSTMILE,LOCATION_TYPE,RAMP_INTERSECTION,SIDE_OF_HWY,TOW_AWAY,COLLISION_SEVERITY,NUMBER_KILLED,NUMBER_INJURED,PARTY_COUNT,PRIMARY_COLL_FACTOR,PCF_CODE_OF_VIOL,PCF_VIOL_CATEGORY,PCF_VIOLATION,PCF_VIOL_SUBSECTION,HIT_AND_RUN,TYPE_OF_COLLISION,MVIW,PED_ACTION,ROAD_SURFACE,ROAD_COND_1,ROAD_COND_2,LIGHTING,CONTROL_DEVICE,CHP_ROAD_TYPE,PEDESTRIAN_ACCIDENT,BICYCLE_ACCIDENT,MOTORCYCLE_ACCIDENT,TRUCK_ACCIDENT,NOT_PRIVATE_PROPERTY,ALCOHOL_INVOLVED,STWD_VEHTYPE_AT_FAULT,CHP_VEHTYPE_AT_FAULT,COUNT_SEVERE_INJ,COUNT_VISIBLE_INJ,COUNT_COMPLAINT_PAIN,COUNT_PED_KILLED,COUNT_PED_INJURED,COUNT_BICYCLIST_KILLED,COUNT_BICYCLIST_INJURED,COUNT_MC_KILLED,COUNT_MC_INJURED,PRIMARY_RAMP,SECONDARY_RAMP,LATITUDE,LONGITUDE,COUNTY,CITY,POINT_X,POINT_Y
90440611,2017,2017-04-24,9480,2017-04-15,2345,019828,,6,3,9,5400,0,3,5,,2,003,"AVENUE 232","ROAD 36",0.00,,Y,B,-,N,,,,,,,,,,Y,2,0,5,2,A,-,09,21802,A,N,D,C,A,A,H,-,D,A,0,,,,,Y,,A,01,1,1,3,0,0,0,0,0,0,"- ","- ",36.21087,-119.49294999999999,TULARE,UNINCORPORATED,-119.49294998000001,36.210830049999998
90440627,2017,2017-04-24,9481,2017-04-15,2250,019422,,6,3,9,5400,0,2,4,,1,011,"AVENUE 192","ROAD 196",1056.00,W,N,A,-,N,,,,,,,,,,Y,2,0,1,1,A,-,01,23152,A,N,E,I,A,A,H,-,D,D,0,,,,,Y,Y,A,01,1,0,0,0,0,0,0,0,0,"- ","- ",36.138330000000003,-119.13766,TULARE,UNINCORPORATED,-119.13766219,36.138290069999996
90443141,2017,2017-04-27,9480,2017-04-19,2355,015783,,3,3,9,5400,0,3,5,,2,006,"ROAD 176","AVENUE 278",2640.00,S,N,A,-,N,,,,,,,,,,Y,2,0,1,1,A,-,08,22107,,N,E,J,A,A,H,-,D,D,0,,,,,Y,,A,01,1,0,0,0,0,0,0,0,0,"- ","- ",36.286560000000001,-119.18104,TULARE,UNINCORPORATED,-119.18101535,36.287236100000001
90446593,2017,2017-05-16,9481,2017-04-20,0746,018742,,4,1,9,5400,0,3,5,,2,030,"ROAD 208","AVENUE 136",16.00,N,N,A,-,N,,,,,,,,,,Y,2,0,4,2,A,-,05,21752,D,N,B,C,A,A,H,-,A,D,0,,,Y,,Y,,A,01,1,3,0,0,0,0,0,0,1,"- ","- ",36.03687,-119.10745,TULARE,UNINCORPORATED,-119.10746009,36.036823900000002
90447123,2017,2017-05-02,9481,2017-03-03,1830,019149,,5,2,4,5405,0,1,3,,1,012,"STATE ROUTE 65 SOUTHBOUND","HENDERSON AVENUE",1222.00,N,N,A,-,Y,,,65,,,,,,S,N,1,1,0,2,A,-,11,21956,,N,G,B,D,A,H,-,D,D,0,Y,,,,Y,,N,60,0,0,0,1,0,0,0,0,0,"- ","- ",36.083950000000002,-119.03943,TULARE,PORTERVILLE,-119.03944303,36.083950029999997
90453923,2017,2017-05-11,9480,2017-05-06,1530,020871,,6,2,9,5400,0,1,3,,2,093,"SR-99 N/B","DRIVE 92B",6072.00,N,N,A,-,Y,,,99,,,,,,N,N,2,0,1,1,C,-,18,,,N,G,A,A,A,H,-,A,D,0,,,Y,,Y,,-,"- ",1,0,0,0,0,0,0,0,1,"- ","- ",36.281370000000003,-119.37414,TULARE,UNINCORPORATED,-119.37421723999999,36.281319480000001
90457610,2017,2017-05-17,9480,2017-04-29,1510,016723,,6,2,9,5400,0,3,5,,2,004,"DRY CREEK DRIVE",SR-216,70224.00,N,N,A,-,N,,,,,,,,,,Y,2,0,1,2,A,-,17,21662,A,N,B,C,A,A,H,-,A,D,0,,,Y,,Y,,C,02,1,0,0,0,0,0,0,0,1,"- ","- ",36.598439999999997,-119.00927,TULARE,UNINCORPORATED,-119.00928854999999,36.598441829999999
90457673,2017,2017-05-17,9480,2017-05-12,2330,018809,,5,3,9,5400,0,3,5,,2,006,"ROAD 124","AVENUE 248",874.00,N,N,A,-,N,,,,,,,,,,Y,2,0,1,1,A,-,08,22107,,N,E,I,A,A,H,-,D,D,0,,,,,Y,,A,01,1,0,0,0,0,0,0,0,0,"- ","- ",36.24353,-119.29612,TULARE,UNINCORPORATED,-119.01765,36.014960000000002
90460376,2017,2017-08-16,9480,2017-05-14,2315,015783,,7,3,9,5400,0,3,5,,2,003,"AVENUE 240","ROAD 68",0.00,,Y,A,-,N,,,,,,,,,,Y,2,0,12,2,A,-,01,23152,A,N,D,C,A,A,H,-,D,A,0,,,,,Y,Y,A,07,3,1,8,0,0,0,0,0,0,"- ","- ",36.22542,-119.42104,TULARE,UNINCORPORATED,-119.42102998999999,36.225400090000001
90466868,2017,2017-05-30,9480,2017-05-27,1245,012568,,6,1,9,5400,0,1,3,,1,060,SR-137,RD.148,1115.00,E,N,A,-,Y,,,137,,,,,,,Y,2,0,5,4,A,-,01,23152,A,N,B,C,A,A,H,-,A,D,0,,,,,Y,Y,A,01,1,2,2,0,0,0,0,0,0,"- ","- ",36.210880000000003,-119.23761,TULARE,UNINCORPORATED,-119.23761001,36.21087481
90472077,2017,2017-06-26,9481,2017-06-04,1825,018029,,7,2,9,5400,0,3,5,,2,030,"ROAD 160","AVENUE 128",0.00,,Y,A,-,N,,,,,,,,,,Y,1,1,3,2,A,-,01,23152,,F,D,C,A,A,H,-,A,A,0,,,,,Y,,A,01,0,3,0,0,0,0,0,0,0,"- ","- ",36.022300000000001,-119.21463,TULARE,UNINCORPORATED,-119.21462995,36.022320030000003
90482463,2017,2017-06-29,9480,2017-06-09,1903,014351,,5,2,9,5400,0,3,5,,2,004,"AVENUE 352","ROAD 132",0.00,,Y,A,-,N,,,,,,,,,,Y,2,0,4,2,A,-,12,22450,A,N,D,C,A,A,H,-,A,A,0,,,,,Y,,D,22,1,1,2,0,0,0,0,0,0,"- ","- ",36.4285,-119.2771,TULARE,UNINCORPORATED,-119.27787996000001,36.428630120000001
90498364,2017,2017-08-04,9480,2017-06-15,2000,015290,,4,2,9,5400,0,1,3,,1,010,"STATE ROUTE 201","ROAD 64",0.00,,Y,A,-,Y,,,201,,,,,,,Y,1,2,1,2,A,-,09,21802,,N,D,C,A,A,H,-,A,A,0,,,,Y,Y,,A,01,1,0,0,0,0,0,0,0,0,"- ","- ",36.517150000000001,-119.43058000000001,TULARE,UNINCORPORATED,-119.43057836,36.517311669999998
90498377,2017,2017-08-31,9480,2017-06-25,0615,012568,,7,1,9,5400,0,1,3,,1,032,"STATE ROUTE 190 (AVENUE 144)","CALLISON ROAD (ROAD 128)",0.00,,Y,A,-,Y,,,,,,,,,,Y,1,1,1,2,A,-,12,22450,A,N,D,C,A,A,H,-,A,A,0,,,,,Y,,D,22,0,0,1,0,0,0,0,0,0,"- ","- ",36.051279999999998,-119.30396,TULARE,UNINCORPORATED,,
90499963,2017,2017-08-08,9480,2017-06-10,1514,019789,,6,2,9,5400,0,1,3,,2,095,"STATE ROUTE 99 N/B","AVENUE 120",3749.00,S,N,A,-,Y,,,99,,,,,,N,Y,1,1,0,1,A,-,01,23152,F,N,E,I,A,A,H,-,A,D,0,,,,Y,Y,,G,25,0,0,0,0,0,0,0,0,0,"- ","- ",35.998899999999999,-119.30032,TULARE,UNINCORPORATED,-119.30041511,35.998877929999999
90502070,2017,2017-08-25,9480,2017-05-13,0110,018521,,6,3,9,5400,0,1,3,,2,093,"STATE ROUTE 99 SOUTHBOUND","AVENUE 200",3168.00,N,N,A,-,Y,,,,,,,,,,Y,1,1,1,1,A,-,01,23152,A,F,E,I,A,A,H,-,D,D,0,,,,,Y,Y,A,01,0,1,0,0,0,0,0,0,0,"- ","- ",36.161900000000003,-119.33280000000001,TULARE,UNINCORPORATED,,
90504884,2017,2017-07-20,9481,2017-07-15,1050,018707,,6,1,9,5400,0,3,5,,2,050,"MOUNTAIN ROAD 50 (MTN. 50)","MOUNTAIN ROAD 90 (MTN. 90)",5808.00,W,N,A,-,N,,,,,,,,,,Y,2,0,1,1,A,-,08,22107,,N,F,A,A,A,H,-,A,D,0,,,Y,,Y,,C,02,1,0,0,0,0,0,0,0,1,"- ","- ",35.955199999999998,-118.63048000000001,TULARE,UNINCORPORATED,-118.63050610000001,35.955238090000002
90506605,2017,2017-10-13,9481,2017-07-08,0001,020252,,6,3,9,5400,0,3,5,,2,030,"RICHGROVE DRIVE","AVENUE 56",0.00,,N,A,-,N,,,,,,,,,,Y,2,0,1,1,A,-,08,22107,,N,F,A,A,A,H,-,D,D,0,,,,,Y,,A,01,1,0,0,0,0,0,0,0,0,"- ","- ",35.881030000000003,-119.05370000000001,TULARE,UNINCORPORATED,-119.05393013,35.891700090000001
90528041,2017,2017-08-22,9480,2017-08-18,0435,015783,,5,3,9,5400,0,3,5,,2,002,"ROAD 84","STATE ROUTE 201",11.00,S,N,A,-,Y,,,,,,,,,,Y,2,0,2,2,A,-,01,23152,A,N,A,C,A,A,H,-,D,A,0,,,,,Y,Y,A,01,1,0,1,0,0,0,0,0,0,"- ","- ",36.516669999999998,-119.38587,TULARE,UNINCORPORATED,,
90555442,2017,2017-12-21,9480,2017-09-05,1955,016723,,2,2,9,5400,0,3,5,,2,004,"ROAD 132","AVENUE 352",30.00,N,N,A,-,N,,,,,,,,,,N,1,1,0,2,A,-,11,21954,A,N,G,B,E,A,H,-,D,D,0,Y,,,,Y,Y,N,60,0,0,0,1,0,0,0,0,0,"- ","- ",36.428780000000003,-119.27782999999999,TULARE,UNINCORPORATED,-119.27788087,36.428712320000002
90559749,2017,2017-09-29,9481,2017-09-14,0550,018742,,4,3,9,5400,0,3,5,,2,030,"ROAD 152","AVENUE 48",1584.00,S,N,A,-,N,,,,,,,,,,N,2,0,1,2,A,-,08,22107,,F,B,C,A,A,H,-,D,D,0,,,Y,,Y,,D,22,1,0,0,0,0,0,0,0,1,"- ","- ",35.872909999999997,-119.23247000000001,TULARE,UNINCORPORATED,-119.23252350999999,35.873133299999999
90581289,2017,2017-10-27,9480,2017-10-19,2142,018521,,4,2,9,5400,0,3,5,,2,003,"AVENUE 168","ROAD 136",2112.00,W,N,A,-,N,,,,,,,,,,Y,2,0,1,2,A,-,03,22350,,N,D,C,A,A,H,-,D,D,0,,,,,Y,,A,07,1,0,0,0,0,0,0,0,0,"- ","- ",36.094639999999998,-119.27448,TULARE,UNINCORPORATED,-119.27530111,36.094606339999999
90589636,2017,2017-11-07,9480,2017-10-29,1147,015282,,7,1,9,5400,0,1,3,,1,025,"STATE ROUTE 245 (MILLWOOD DRIVE)","AVENUE 404",6336.00,N,N,A,-,Y,,,245,,,,,,,Y,2,0,1,2,A,-,17,21662,,N,A,C,A,A,H,-,A,A,0,,,Y,,Y,,C,02,1,0,0,0,0,0,0,0,1,"- ","- ",36.543149999999997,-119.12618000000001,TULARE,UNINCORPORATED,-119.12619386999999,36.5431934
90596875,2017,2017-11-27,9480,2017-11-09,1341,019647,,4,1,9,5400,0,1,3,,2,095,"SR-99 N/B","AVENUE 120",2640.00,S,N,A,-,Y,,,99,,,,,,N,Y,1,1,0,1,A,-,08,22107,,N,E,I,A,A,H,-,A,D,0,,,,Y,Y,,G,25,0,0,0,0,0,0,0,0,0,"- ","- ",35.998699999999999,-119.30029999999999,TULARE,UNINCORPORATED,-119.30037158,35.998684060000002
90602279,2017,2017-11-27,9480,2017-11-13,0640,013821,,1,1,9,5400,0,1,3,,1,064,"SR-198 E/B","FARMERSVILLE BLVD O/C",2640.00,E,N,A,-,Y,,,198,,,,,,E,Y,2,0,1,1,A,-,08,22107,,N,E,I,A,A,H,-,A,D,0,,,,,Y,,A,07,1,0,0,0,0,0,0,0,0,"- ","- ",36.326700000000002,-119.19828,TULARE,UNINCORPORATED,-119.19827982,36.326758179999999
90604989,2017,2017-11-29,9481,2017-11-16,1645,018815,,4,2,9,5400,0,3,5,,2,020,"AVENUE 196","ROAD 236",528.00,E,N,A,-,N,,,,,,,,,,Y,2,0,1,2,A,-,08,22107,,F,A,C,A,A,H,-,B,D,0,,,,,Y,,A,01,1,0,0,0,0,0,0,0,0,"- ","- ",36.145679999999999,-119.04159,TULARE,UNINCORPORATED,-119.04313713000001,36.145633490000002
90606229,2017,2017-11-30,9480,2017-11-23,1159,016233,,4,1,9,5400,0,3,5,,2,004,"ROAD 144","AVE. 328",464.00,S,N,A,-,N,,,,,,,,,,Y,2,0,1,2,A,-,08,22107,,N,B,C,A,A,H,-,A,D,0,,,Y,,Y,,D,22,1,0,0,0,0,0,0,0,1,"- ","- ",36.38402,-119.25176,TULARE,UNINCORPORATED,-119.25182423,36.384096759999998
90613097,2017,2018-03-26,9480,2017-11-27,2500,016046,,1,4,9,5400,0,1,3,,2,091,"STATE ROUTE 99 (SOUTHBOUND)","18TH AVENUE OVER CROSSING",229.00,N,N,C,-,Y,,,99,,,,,,,Y,1,1,0,1,A,-,01,23152,F,N,E,I,A,B,H,-,D,D,0,,,,,Y,,D,22,0,0,0,0,0,0,0,0,0,"- ","- ",36.506770000000003,-119.54836,TULARE,UNINCORPORATED,-119.54834894,36.506786030000001
90627820,2017,2017-12-27,9480,2017-12-22,1553,015783,,5,2,9,5400,0,3,5,,2,006,"ROAD 156","AVENUE 256",123.00,N,N,A,-,N,,,,,,,,,,Y,2,0,1,3,A,-,03,22350,,N,B,C,A,A,H,-,A,D,0,,,,Y,Y,,A,01,1,0,0,0,0,0,0,0,0,"- ","- ",36.254820000000002,-119.22475,TULARE,UNINCORPORATED,-119.22475415,36.254717499999998
90628719,2017,2017-12-28,9480,2017-12-25,2005,017108,,1,2,9,5400,0,3,5,,2,005,"AVENUE 32","YOUNG RD",722.00,E,N,A,-,N,,,,,,,,,,N,2,0,1,2,A,-,03,22350,,N,C,C,A,A,H,-,D,D,0,,,Y,,Y,,C,06,1,0,0,0,0,0,0,0,1,"- ","- ",35.847830000000002,-119.38814000000001,TULARE,UNINCORPORATED,-119.38811737,35.847832709999999
90644839,2018,2018-06-12,9480,2018-01-13,1437,018204,,6,2,9,5400,0,3,5,,2,006,"AVENUE 280","ROAD 156",1292.00,W,N,B,-,N,,,,,,,,,,Y,2,0,1,1,A,-,01,23152,A,N,E,I,A,A,H,-,A,D,0,,,,,Y,Y,A,01,1,0,0,0,0,0,0,0,0,"- ","- ",36.297920227050781,-119.22921752929688,TULARE,UNINCORPORATED,-119.22917175292969,36.297966003417969
90655790,2018,2018-02-06,9480,2018-01-28,1815,019349,,7,2,9,5400,0,3,5,,2,005,"AVENUE 48","ROSSI ROAD",0.00,,Y,A,-,N,,,,,,,,,,N,2,0,1,1,A,-,08,22107,,N,F,A,A,A,H,-,D,D,0,,,Y,,Y,,C,06,1,0,0,0,0,0,0,0,1,"- ","- ",35.87738037109375,-119.28102111816406,TULARE,UNINCORPORATED,-119.27708,35.877339999999997
90669225,2018,2018-02-26,9480,2018-02-14,2108,019349,,3,2,9,5400,0,1,3,,2,093,"SR-99 S/B TO PHILIP S. RAINE REST AREA","AVENUE 184",4885.00,S,N,A,-,Y,,,99,,,,R,,S,Y,2,0,1,1,A,-,01,23152,A,N,E,I,A,A,H,-,C,A,0,,,,,Y,Y,A,07,1,0,0,0,0,0,0,0,0,"- ","- ",36.109970092773438,-119.32407379150391,TULARE,UNINCORPORATED,-119.32407379150391,36.109970092773438
90673138,2018,2018-03-01,9480,2018-02-27,1450,017252,,2,2,9,5400,0,3,5,,2,002,"AVENUE 408","ROAD 112",352.00,W,N,A,-,N,,,,,,,,,,Y,2,0,2,1,A,-,01,23152,A,N,E,I,A,A,H,-,A,D,0,,,,,Y,Y,A,01,2,0,0,0,0,0,0,0,0,"- ","- ",36.53070068359375,-119.32388305664062,TULARE,UNINCORPORATED,-119.32377624511719,36.530597686767578
90676752,2018,2018-03-07,9480,2018-02-24,0806,019789,,6,1,9,5400,0,1,3,,2,093,"SR-99 S/B","AVENUE 184",10032.00,S,N,A,-,Y,,,99,,,,,,S,Y,2,0,3,3,A,-,03,22350,,N,C,C,A,A,H,-,A,D,0,,,,,Y,,D,22,1,0,2,0,0,0,0,0,0,"- ","- ",36.093429565429688,-119.32203674316406,TULARE,UNINCORPORATED,-119.32213592529297,36.093414306640625
90690724,2018,2018-03-27,9481,2018-03-13,0755,015218,,2,1,9,5400,0,3,5,,2,030,"AVENUE 48","ROAD 192",0.00,,Y,A,-,N,,,,,,,,,,Y,2,0,1,2,A,-,12,22450,A,N,D,C,A,A,H,-,A,A,0,,,,,Y,,A,01,1,0,0,0,0,0,0,0,0,"- ","- ",35.87725830078125,-119.14354705810547,TULARE,UNINCORPORATED,-119.14363098144531,35.877338409423828
90693140,2018,2018-03-29,9480,2018-03-06,2035,021249,,2,2,9,5400,0,1,3,,1,030,"STATE ROUTE 137 (AVENUE 228)","ROAD 56",1197.00,E,N,A,-,N,,,137,,,,,,,N,1,1,0,3,A,-,11,21954,A,F,G,B,E,A,H,-,D,D,0,Y,,,,Y,,N,60,0,0,0,1,0,0,0,0,0,"- ","- ",36.203098297119141,-119.44416809082031,TULARE,UNINCORPORATED,-119.44416809082031,36.203086853027344
90696508,2018,2018-04-16,9481,2018-03-29,1215,018742,,4,1,9,5400,0,3,5,,2,030,"ROAD 152","AVENUE 8",0.00,,Y,A,-,N,,,,,,,,,,Y,1,1,1,2,A,-,09,21802,A,N,D,C,A,A,H,-,A,A,0,,,,,Y,,D,22,0,1,0,0,0,0,0,0,0,"- ","- ",35.804969787597656,-119.23243713378906,TULARE,UNINCORPORATED,-119.23242950439453,35.804950714111328
90704573,2018,2018-04-12,9480,2018-03-20,1848,018657,,2,2,9,5400,0,1,3,,2,095,"STATE ROUTE 99 (SOUTHBOUND)","SIERRA AVENUE",1056.00,N,N,C,-,Y,,,99,,,,,,,Y,2,0,2,3,A,-,03,22350,,N,C,C,A,B,H,-,D,D,0,,,,,Y,,A,01,1,0,1,0,0,0,0,0,0,"- ","- ",35.895069122314453,-119.27596282958984,TULARE,UNINCORPORATED,-119.27596282958984,35.895069122314453
90712039,2018,2018-04-24,9481,2018-04-13,0200,021234,,5,3,9,5400,0,1,3,,1,053,"STATE ROUTE 190","MONTGOMERY DRIVE",183.00,E,N,A,-,Y,,,190,,,,,,,Y,2,0,2,1,A,-,01,23152,A,N,F,A,A,A,H,-,D,D,0,,,,,Y,Y,D,22,2,0,0,0,0,0,0,0,0,"- ","- ",36.101108551025391,-118.8463134765625,TULARE,UNINCORPORATED,-118.84629821777344,36.101177215576172
90715300,2018,2018-04-27,9480,2018-04-16,0753,020612,,1,1,9,5400,0,1,3,,1,030,"STATE ROUTE 137","ROAD 24",0.00,,Y,B,-,Y,,,137,,,,,,,Y,2,0,2,3,A,-,03,22350,,N,C,C,A,B,H,-,A,D,0,,,,,Y,,A,01,1,0,1,0,0,0,0,0,0,"- ","- ",36.132549285888672,-119.51841735839844,TULARE,UNINCORPORATED,-119.51832580566406,36.132400512695312
90732700,2018,2018-05-23,9481,2018-05-21,0540,015218,,1,3,9,5400,0,3,5,,2,030,"ROAD 160","AVENUE 16",0.00,,Y,A,-,N,,,,,,,,,,Y,2,0,7,2,A,-,09,21801,A,N,D,C,A,A,H,-,A,D,0,,,,,Y,,A,01,1,3,3,0,0,0,0,0,0,"- ","- ",35.819400787353516,-119.21469879150391,TULARE,UNINCORPORATED,-119.21466064453125,35.81951904296875
90736068,2018,2018-05-29,9481,2018-05-23,2200,018742,,3,3,9,5400,0,1,3,,1,053,"STATE ROUTE 190 (SR-190)","WISHON DRIVE",1584.00,E,N,A,-,Y,,,190,,,,,,,Y,2,0,1,1,A,-,01,23152,A,N,E,I,A,A,H,-,D,D,0,,,,,Y,Y,A,01,1,0,0,0,0,0,0,0,0,"- ","- ",36.161300659179688,-118.70600128173828,TULARE,UNINCORPORATED,-118.70598602294922,36.16131591796875
90740510,2018,2018-06-04,9480,2018-05-28,1220,016046,,1,1,9,5400,0,1,3,,1,045,"STATE ROUTE 245","DRY CREEK ROAD",7920.00,S,N,A,-,Y,,,245,,,,,,,N,2,0,1,1,A,-,08,22107,,N,F,A,A,A,H,-,A,D,0,,,Y,,Y,,C,02,1,0,0,0,0,0,0,0,1,"- ","- ",36.618339538574219,-119.02474212646484,TULARE,UNINCORPORATED,-119.02474212646484,36.618343353271484
90740517,2018,2018-06-04,9481,2018-03-08,1730,019422,,4,2,9,5400,0,1,3,,1,012,"STATE ROUTE 65","AVENUE 184",0.00,,Y,A,-,Y,,,65,,,,,,,Y,1,1,4,2,A,-,09,21802,A,N,D,C,A,A,H,-,A,A,0,,,,,Y,,A,01,2,2,0,0,0,0,0,0,0,"- ","- ",36.123550415039062,-119.05567169189453,TULARE,UNINCORPORATED,-119.05570983886719,36.123523712158203
90756101,2018,2018-06-26,9480,2018-05-15,0525,021249,,2,3,9,5400,0,3,5,,2,004,"AVENUE 344","ROAD 164",0.00,,Y,A,-,N,,,,,,,,,,Y,1,1,3,3,A,-,12,22450,A,N,D,C,A,A,H,-,B,A,0,,,,,Y,,A,01,1,2,0,0,0,0,0,0,0,"- ","- ",36.413921356201172,-119.20635223388672,TULARE,UNINCORPORATED,-119.20639038085938,36.41387939453125
90765122,2018,2018-07-09,9480,2018-06-22,0825,013643,,5,1,9,5400,0,3,5,,2,005,"ROAD 144","AVE 32",1056.00,N,N,A,-,N,,,,,,,,,,Y,2,0,2,2,A,-,03,22350,,N,C,C,A,A,H,-,A,D,0,,,,Y,Y,,A,07,1,0,1,0,0,0,0,0,0,"- ","- ",35.852310180664062,-119.25031280517578,TULARE,UNINCORPORATED,-119.25031280517578,35.851299285888672
90773556,2018,2018-07-20,9481,2018-07-14,1023,016776,,6,1,9,5400,0,1,3,,1,012,"STATE ROUTE 65 S/B","ROAD 228",0.00,,Y,A,-,Y,,,65,,,,,,S,Y,2,0,4,2,A,-,09,21802,A,N,D,C,A,A,H,-,A,A,0,,,,,Y,,A,01,2,2,0,0,0,0,0,0,0,"- ","- ",36.134220123291016,-119.06419372558594,TULARE,UNINCORPORATED,-119.06420135498047,36.134212493896484
90776045,2018,2018-07-25,9480,2018-07-08,1925,019697,,7,2,9,5400,0,3,5,,2,005,"VINEYARD RD","SUTTER AVE",90.00,N,N,A,-,N,,,,,,,,,,N,2,0,1,2,A,-,03,22350,,N,G,B,E,A,H,-,A,D,0,Y,,Y,,Y,,C,06,1,0,0,0,1,0,0,0,0,"- ","- ",35.888900756835938,-119.26512145996094,TULARE,UNINCORPORATED,-119.26511383056641,35.888778686523438
9078404,2020,2020-10-02,5407,2020-03-24,0921,M66,480,2,5,5,5407,0,0,0,,0,,"RT 63","ACEQUIA AV",0.00,,Y,B,-,Y,TUL,6,63,-,-,8.139,I,5,S,Y,2,0,1,2,A,-,12,21453,A,N,D,C,A,B,H,-,A,A,0,,,,,Y,,A,01,1,0,0,0,0,0,0,0,0,"- ","- ",36.329238891601562,-119.29342651367188,TULARE,VISALIA,-119.29344177246094,36.329250335693359
90785546,2018,2018-08-07,9481,2018-07-31,2340,018595,,2,3,9,5400,0,3,5,,2,020,"ROAD 320","AVENUE 176",860.00,S,N,A,-,N,,,,,,,,,,Y,2,0,2,1,A,-,01,23152,A,N,F,A,A,A,H,-,C,A,0,,,,,Y,Y,D,22,2,0,0,0,0,0,0,0,0,"- ","- ",36.106361389160156,-118.85935974121094,TULARE,UNINCORPORATED,-118.85945892333984,36.10650634765625
9080636,2020,2020-05-29,5407,2020-02-23,0029,A330,480,7,5,5,5407,0,0,0,,0,026,"BRIDGE ST","NOBLE AV",72.00,N,N,A,B,N,,,,,,,,,,Y,2,0,1,1,A,-,03,22350,,N,F,A,A,A,H,-,C,A,0,,,Y,,Y,,C,02,1,0,0,0,0,0,0,0,1,"- ","- ",36.327449798583984,-119.28893280029297,TULARE,VISALIA,-119.2889404296875,36.32659912109375
90809391,2018,2018-09-10,9480,2018-08-23,0810,013643,,4,1,9,5400,0,1,3,,2,093,"SR-99 NORTHBOUND","WEST OLIVE AVENUE",6864.00,N,N,A,-,Y,,,99,,,,,,N,Y,2,0,1,1,A,-,08,22107,,N,E,I,A,A,H,-,A,D,0,,,,,Y,,A,07,1,0,0,0,0,0,0,0,0,"- ","- ",36.085338592529297,-119.31976318359375,TULARE,UNINCORPORATED,-119.32012176513672,36.085250854492188
90821985,2018,2018-09-26,9481,2018-04-25,0735,016065,,3,1,4,5405,1,3,5,,2,050,"255 OLIVE AVENUE","F STREET",300.00,W,N,A,-,N,,,,,,,,,,N,2,0,1,2,A,-,03,22350,,N,G,B,F,A,H,-,A,D,0,Y,,,,Y,,H,17,1,0,0,0,1,0,0,0,0,"- ","- ",36.064899444580078,-119.02079772949219,TULARE,PORTERVILLE,-119.02236175537109,36.065277099609375
90826403,2018,2018-10-24,9481,2018-04-29,1510,017957,,7,2,9,5400,0,3,5,,2,010,"AVENUE 196","ROAD 216",205.00,E,N,B,-,N,,,,,,,,,,Y,1,4,1,2,A,-,01,23152,A,N,A,C,A,A,H,-,A,A,0,,,,,Y,Y,A,01,1,0,0,0,0,0,0,0,0,"- ","- ",36.145488739013672,-119.08921813964844,TULARE,UNINCORPORATED,-119.08897399902344,36.145492553710938
90832324,2018,2018-10-09,9480,2018-09-29,0225,018521,,6,3,9,5400,0,3,5,,2,006,"AVENUE 280 (VISALIA ROAD)","ROAD 156 (MARIPOSA AVE.)",1056.00,E,N,A,-,N,,,,,,,,,,Y,2,0,3,2,A,-,06,21750,A,N,B,C,A,A,H,-,D,D,0,,,,,Y,,A,01,1,1,1,0,0,0,0,0,0,"- ","- ",36.297828674316406,-119.2210693359375,TULARE,UNINCORPORATED,-119.2210693359375,36.297843933105469
90841651,2018,2018-10-22,9480,2018-10-14,1640,019697,,7,2,9,5400,0,1,3,,2,095,"SR-99 S/B","AVENUE 24",4752.00,N,N,A,-,Y,,,99,,,,,,S,Y,2,0,1,1,A,-,01,23152,A,N,F,A,A,A,H,-,A,D,0,,,,,Y,Y,D,22,1,0,0,0,0,0,0,0,0,"- ","- ",35.845851898193359,-119.26589965820312,TULARE,UNINCORPORATED,-119.26547241210938,35.845947265625
90843974,2018,2018-10-24,9480,2018-10-20,2100,017778,,6,2,5,5407,0,1,3,,1,064,"STATE ROUTE 198 W/B","PLAZA DRIVE",558.00,E,N,A,-,Y,,,198,,,,,,W,Y,2,0,4,1,A,-,01,23152,A,N,F,A,A,A,H,-,C,D,0,,,,,Y,Y,A,01,2,2,0,0,0,0,0,0,0,"- ","- ",36.327320098876953,-119.38803863525391,TULARE,VISALIA,-119.38804626464844,36.327205657958984