CASE_ID,ACCIDENT_YEAR,PROC_DATE,JURIS,COLLISION_DATE,COLLISION_TIME,OFFICER_ID,REPORTING_DISTRICT,DAY_OF_WEEK,CHP_SHIFT,POPULATION,CNTY_CITY_LOC,SPECIAL_COND,BEAT_TYPE,CHP_BEAT_TYPE,CITY_DIVISION_LAPD,CHP_BEAT_CLASS,BEAT_NUMBER,PRIMARY_RD,SECONDARY_RD,DISTANCE,DIRECTION,INTERSECTION,WEATHER_1,WEATHER_2,STATE_HWY_IND,CALTRANS_COUNTY,CALTRANS_DISTRICT,STATE_ROUTE,ROUTE_SUFFIX,POSTMILE_PREFIX,POSTMILE,LOCATION_TYPE,RAMP_INTERSECTION,SIDE_OF_HWY,TOW_AWAY,COLLISION_SEVERITY,NUMBER_KILLED,NUMBER_INJURED,PARTY_COUNT,PRIMARY_COLL_FACTOR,PCF_CODE_OF_VIOL,PCF_VIOL_CATEGORY,PCF_VIOLATION,PCF_VIOL_SUBSECTION,HIT_AND_RUN,TYPE_OF_COLLISION,MVIW,PED_ACTION,ROAD_SURFACE,ROAD_COND_1,ROAD_COND_2,LIGHTING,CONTROL_DEVICE,CHP_ROAD_TYPE,PEDESTRIAN_ACCIDENT,BICYCLE_ACCIDENT,MOTORCYCLE_ACCIDENT,TRUCK_ACCIDENT,NOT_PRIVATE_PROPERTY,ALCOHOL_INVOLVED,STWD_VEHTYPE_AT_FAULT,CHP_VEHTYPE_AT_FAULT,COUNT_SEVERE_INJ,COUNT_VISIBLE_INJ,COUNT_COMPLAINT_PAIN,COUNT_PED_KILLED,COUNT_PED_INJURED,COUNT_BICYCLIST_KILLED,COUNT_BICYCLIST_INJURED,COUNT_MC_KILLED,COUNT_MC_INJURED,PRIMARY_RAMP,SECONDARY_RAMP,LATITUDE,LONGITUDE,COUNTY,CITY,POINT_X,POINT_Y
90851292,2018,2019-03-27,9480,2018-10-23,1916,019048,,2,2,9,5400,0,3,5,,2,004,"AVENUE 352","ROAD 164",808.00,E,N,A,-,N,,,,,,,,,,N,1,1,0,1,A,-,08,22107,,N,E,I,A,A,H,-,D,D,0,,,Y,,Y,,C,06,0,0,0,0,0,0,0,1,0,"- ","- ",36.428501129150391,-119.20200347900391,TULARE,UNINCORPORATED,-119.20341491699219,36.428371429443359
90852622,2018,2018-11-05,9481,2018-10-31,2120,019578,,3,2,9,5400,0,3,5,,2,030,"MOUNTAIN ROAD 56","OLD HOT SPRINGS ROAD",2640.00,E,N,A,-,N,,,,,,,,,,Y,2,0,1,1,A,-,08,22107,,N,E,I,A,A,H,-,D,D,0,,,,,Y,,D,22,1,0,0,0,0,0,0,0,0,"- ","- ",35.876781463623047,-118.80622863769531,TULARE,UNINCORPORATED,-118.80622863769531,35.876781463623047
90860535,2018,2018-11-15,9480,2018-11-05,0043,020612,,1,3,9,5400,0,1,3,,2,095,"STATE ROUTE 99 NORTHBOUND","COURT AVENUE",2000.00,N,N,A,-,Y,,,,,,,,,,Y,2,0,4,1,A,-,08,22107,,N,F,A,A,A,H,-,D,D,0,,,,,Y,,D,22,1,0,3,0,0,0,0,0,0,"- ","- ",36.976749420166016,-119.29509735107422,TULARE,UNINCORPORATED,-119.29521179199219,35.976459503173828
90865090,2018,2018-11-21,9481,2018-10-24,1510,021234,,3,2,9,5400,0,3,5,,2,050,"AVENUE 88","ROAD 256",0.00,,Y,A,-,N,,,,,,,,,,N,1,1,0,2,A,-,12,22450,A,N,H,G,A,A,H,-,A,A,0,,Y,,,Y,,L,04,0,0,0,0,0,1,0,0,0,"- ","- ",35.949699401855469,-119.00019836425781,TULARE,UNINCORPORATED,-119.00018310546875,35.949699401855469
90896949,2018,2019-01-03,9480,2018-12-25,2239,020890,,2,3,9,5400,0,3,5,,2,002,"AVENUE 416","ROAD 96",500.00,W,N,A,-,N,,,,,,,,,,N,2,0,1,2,A,-,11,21954,A,N,E,B,E,A,H,-,D,D,0,Y,,,,Y,,N,60,1,0,0,0,1,0,0,0,0,"- ","- ",36.545570373535156,-119.36028289794922,TULARE,UNINCORPORATED,-119.36028289794922,36.545600891113281
90898777,2018,2019-03-27,9480,2018-11-03,2500,016233,,6,4,9,5400,0,1,3,,2,095,"STATE ROUTE 99 (NORTHBOUND)","AVENUE 24",360.00,N,N,A,-,Y,,,99,,,,,,,N,1,1,0,2,A,-,11,21954,A,F,G,B,E,A,H,-,D,D,0,Y,,,,Y,,N,60,0,0,0,1,0,0,0,0,0,"- ","- ",35.835269927978516,-119.26080322265625,TULARE,UNINCORPORATED,-119.26087951660156,35.835254669189453
90902515,2019,2019-01-11,9480,2019-01-06,1814,017452,,7,2,9,5400,0,1,3,,1,020,"SR-201 (AVENUE 400)","ROAD 24",0.00,,Y,C,-,Y,,,,,,,,,,Y,2,0,5,2,A,-,12,22450,A,N,D,C,A,B,H,-,D,A,0,,,,,Y,,A,07,2,1,2,0,0,0,0,0,0,"- ","- ",36.517848968505859,-119.5205078125,TULARE,UNINCORPORATED,,
90919243,2019,2019-02-05,9480,2019-01-27,0146,019111,,7,3,9,5400,0,1,3,,2,091,"SR-99 (S/B)","AVENUE 328",2112.00,N,N,E,-,Y,,,99,,,,,,,Y,2,0,1,2,C,-,18,,,N,D,C,A,B,H,-,D,D,0,,,,,Y,,-,"- ",1,0,0,0,0,0,0,0,0,"- ","- ",36.391948699951172,-119.44851684570312,TULARE,UNINCORPORATED,-119.44849395751953,36.391963958740234
90924386,2019,2019-10-31,9480,2019-02-05,0440,019349,,2,3,9,5400,0,1,3,,2,095,"STATE ROUTE 99 N/B","COUNTY LINE ROAD (AVE 0)",1407.00,N,N,B,C,Y,,,99,,,,,,N,Y,2,0,1,1,A,-,08,22107,,N,E,I,A,B,H,-,C,D,0,,,,Y,Y,,G,25,1,0,0,0,0,0,0,0,0,"- ","- ",35.794120788574219,-119.25305938720703,TULARE,UNINCORPORATED,-119.25312805175781,35.794090270996094
90926358,2019,2019-02-14,9480,2019-02-01,2330,018809,,5,3,9,5400,0,1,3,,2,095,"STATE ROUTE 99 N/B","COUNTY LINE ROAD (AVE 0)",843.00,N,N,B,-,Y,,,99,,,,,,N,Y,2,0,1,1,A,-,08,22107,,N,E,I,A,A,H,-,D,D,0,,,,,Y,Y,A,01,1,0,0,0,0,0,0,0,0,"- ","- ",35.792751312255859,-119.25218963623047,TULARE,UNINCORPORATED,-119.2523193359375,35.792648315429688
90940283,2019,2019-03-05,9480,2019-02-25,1510,016995,,1,2,9,5400,0,1,3,,1,044,"STATE ROUTE 198","MINERAL KING RD",1584.00,E,N,A,-,Y,,,198,,,,,,,Y,2,0,1,2,A,-,05,21460,A,N,B,C,A,A,H,-,A,D,0,,,Y,,Y,,C,02,1,0,0,0,0,0,0,0,1,"- ","- ",36.471469879150391,-118.85855865478516,TULARE,UNINCORPORATED,-118.85856628417969,36.471492767333984
90945554,2019,2019-03-13,9480,2019-02-25,2355,018421,,1,3,9,5400,0,3,5,,2,001,"DRIVE 60","AVENUE 328",3168.00,S,N,A,-,N,,,,,,,,,,Y,1,1,0,1,A,-,01,23152,A,N,E,I,A,A,H,-,D,A,0,,,,,Y,Y,A,01,0,0,0,0,0,0,0,0,0,"- ","- ",36.377510070800781,-119.43924713134766,TULARE,UNINCORPORATED,-119.43932342529297,36.377498626708984
9095756,2020,2020-11-09,5404,2020-04-05,0604,692,20L,7,5,2,5404,0,0,0,,0,015,"RT 65",HERMOSA,0.00,,Y,A,-,Y,TUL,6,65,-,-,29.491,I,5,N,Y,2,0,1,2,A,-,03,22350,,F,C,C,A,A,H,-,C,A,0,,,,,Y,,A,07,1,0,0,0,0,0,0,0,0,"- ","- ",,,TULARE,LINDSAY,-119.10452270507812,36.203449249267578
90959186,2019,2019-04-02,9481,2019-03-23,1610,019422,,6,2,9,5400,0,3,5,,2,010,"AVENUE 184","ROAD 208",0.00,,Y,A,-,N,,,,,,,,,,Y,2,0,3,2,A,-,12,22450,A,N,D,C,A,A,H,-,A,D,0,,,,,Y,,A,01,2,0,1,0,0,0,0,0,0,"- ","- ",36.123821258544922,-119.10738372802734,TULARE,UNINCORPORATED,-119.10752105712891,36.123790740966797
90959985,2019,2019-04-03,9481,2019-03-15,1335,015218,,5,1,9,5400,0,3,5,,2,050,"SOUTH PIKE STREET","POPLAR AVENUE",98.00,N,N,A,-,N,,,,,,,,,,N,2,0,1,3,A,-,21,22106,,N,G,B,E,A,H,-,A,D,0,Y,,,Y,Y,,F,26,1,0,0,0,1,0,0,0,0,"- ","- ",36.051528930664062,-118.98786163330078,TULARE,UNINCORPORATED,-118.98873138427734,36.051658630371094
90961116,2019,2019-04-04,9481,2019-03-30,2205,019578,,6,3,9,5400,0,3,5,,2,020,"BALCH PARK ROAD","STATE ROUTE 190",12672.00,N,N,A,-,N,,,,,,,,,,Y,2,0,1,1,A,-,08,22107,,N,E,I,A,A,H,-,D,D,0,,,,,Y,,A,01,1,0,0,0,0,0,0,0,0,"- ","- ",36.171379089355469,-118.79965972900391,TULARE,UNINCORPORATED,-118.79977416992188,36.171287536621094
90963912,2019,2019-04-09,9480,2019-03-15,1915,020273,,5,2,9,5400,0,3,5,,2,005,"BOBBI AVE","DIANE ST",15.00,E,N,A,-,N,,,,,,,,,,N,2,0,1,1,A,-,08,22107,,N,E,I,A,A,H,-,D,D,0,,,Y,,Y,,C,06,1,0,0,0,0,0,0,0,1,"- ","- ",35.895309448242188,-119.27230834960938,TULARE,UNINCORPORATED,-119.27240753173828,35.895095825195312
90966264,2019,2019-04-11,9481,2019-04-05,2130,020238,,5,2,9,5400,0,3,5,,2,050,"SUCCESS VALLEY DRIVE","SUNSHINE DRIVE",855.00,S,N,A,-,N,,,,,,,,,,Y,2,0,1,1,A,-,03,22350,,N,E,I,A,A,H,-,D,D,0,,,,,Y,,A,01,1,0,0,0,0,0,0,0,0,"- ","- ",36.072639465332031,-118.88036346435547,TULARE,UNINCORPORATED,-118.88034820556641,36.072723388671875
90967703,2019,2019-04-15,9480,2019-04-04,1215,016210,,4,1,9,5400,0,3,5,,2,002,"AVENUE 416","ROAD 100",29.00,E,N,A,-,N,,,,,,,,,,Y,2,0,2,3,A,-,03,22350,,N,C,C,A,A,H,-,A,A,0,,,,,Y,,D,22,1,0,1,0,0,0,0,0,0,"- ","- ",36.545589447021484,-119.34941864013672,TULARE,UNINCORPORATED,-119.34941864013672,36.545581817626953
90967888,2019,2019-04-15,9480,2019-04-10,1930,017778,,3,2,9,5400,0,3,5,,2,002,"AVENUE 408","ROAD 112",528.00,W,N,A,-,N,,,,,,,,,,N,2,0,1,2,A,-,09,21804,A,N,D,C,A,A,H,-,B,D,0,,,Y,,Y,,C,02,1,0,0,0,0,0,0,0,1,"- ","- ",36.5306396484375,-119.32353973388672,TULARE,UNINCORPORATED,-119.32437896728516,36.530601501464844
90968925,2019,2019-04-16,9480,2019-04-08,1700,020078,,1,2,9,5400,0,3,5,,2,005,"ROAD 40","AVENUE 88",2422.00,N,N,A,-,N,,,,,,,,,,Y,2,0,1,1,A,-,08,22107,,N,F,A,A,A,H,-,A,D,0,,,,,Y,,A,01,1,0,0,0,0,0,0,0,0,"- ","- ",35.957748413085938,-119.48297882080078,TULARE,UNINCORPORATED,-119.48286437988281,35.955768585205078
90985416,2019,2019-06-04,9480,2019-03-19,1434,016240,,2,2,9,5400,0,1,3,,2,091,"STATE ROUTE 99 (NORTHBOUND)","MERRITT DRIVE",3802.00,N,N,A,-,Y,,,99,,,,,,,Y,1,1,0,1,A,-,01,23152,A,N,E,I,A,A,H,-,A,D,0,,,,,Y,Y,D,22,0,0,0,0,0,0,0,0,0,"- ","- ",36.462318420410156,-119.49468231201172,TULARE,UNINCORPORATED,-119.49453735351562,36.462406158447266
90986949,2019,2019-05-13,9481,2019-05-04,1150,013643,,6,1,9,5400,0,3,5,,2,020,"AVENUE 184","ORANGE BELT DRIVE",0.00,,Y,A,-,N,,,,,,,,,,Y,2,0,1,2,A,-,09,21802,A,N,D,C,A,A,H,-,A,A,0,,,Y,,Y,,D,22,1,0,0,0,0,0,0,0,1,"- ","- ",36.123600006103516,-119.04960632324219,TULARE,UNINCORPORATED,-119.0496,36.123609999999999
90994399,2019,2019-05-22,9480,2019-05-10,1715,018861,,5,2,9,5400,0,3,5,,2,006,"ANDERSON ROAD (ROAD 180)","VISALIA ROAD (AVENUE 280)",0.00,,Y,A,-,N,,,,,,,,,,Y,2,0,1,2,A,-,09,21453,C,N,D,C,A,A,H,-,A,A,0,,,,,Y,,A,08,1,0,0,0,0,0,0,0,0,"- ","- ",36.297588348388672,-119.17201995849609,TULARE,UNINCORPORATED,-119.17196655273438,36.297550201416016
91007636,2019,2019-06-11,9480,2019-06-09,0654,017452,,7,1,9,5400,0,1,3,,1,034,"SR-198 W/B","ROAD 68",875.00,W,N,A,-,Y,,,198,,,,,,W,Y,2,0,1,2,A,-,03,22350,,N,C,C,A,A,H,-,A,D,0,,,,,Y,,D,22,1,0,0,0,0,0,0,0,0,"- ","- ",36.327518463134766,-119.42443084716797,TULARE,UNINCORPORATED,-119.42443084716797,36.327106475830078
91017352,2019,2019-08-19,9480,2019-06-17,1150,016233,,1,1,9,5400,0,3,5,,2,001,"ROAD 36","AVENUE 360",681.00,S,N,A,-,N,,,,,,,,,,N,1,1,0,2,A,-,09,21804,A,N,D,C,A,A,H,-,A,D,0,,,,,Y,,M,46,0,0,0,0,0,0,0,0,0,"- ","- ",36.443191528320312,-119.4925537109375,TULARE,UNINCORPORATED,-119.49246215820312,36.442821502685547
91018329,2019,2019-06-26,9480,2019-06-23,1100,016046,,7,1,9,5400,0,1,3,,1,045,"STATE ROUTE 245 (MILLWOOD DRIVE)","BOYD'S DRIVE",290.00,S,N,A,-,Y,,,,,,,,,,N,2,0,1,1,A,-,08,22107,,N,F,A,A,A,H,-,A,D,0,,,Y,,Y,,C,02,1,0,0,0,0,0,0,0,1,"- ","- ",36.585838317871094,-119.13362884521484,TULARE,UNINCORPORATED,-119.13362884521484,36.565830230712891
91022802,2019,2019-07-02,9480,2019-06-21,0450,020890,,5,3,5,5407,0,3,5,,2,002,"ROAD 144","AVENUE 400",1584.00,S,N,A,-,N,,,,,,,,,,Y,2,0,1,2,A,-,05,21650,,N,B,C,A,A,H,-,B,D,0,,,,,Y,,A,01,1,0,0,0,0,0,0,0,0,"- ","- ",36.510101318359375,-119.25071716308594,TULARE,VISALIA,-119.25067901611328,36.510852813720703
91041047,2019,2019-07-29,9480,2019-07-23,1540,019697,,2,2,9,5400,0,1,3,,2,095,"SR-99 N/B","AVENUE 24",1584.00,N,N,A,-,Y,,,99,,,,,,N,Y,2,0,1,1,A,-,08,22107,,N,E,I,A,A,H,-,A,D,0,,,Y,,Y,,C,02,1,0,0,0,0,0,0,0,1,"- ","- ",35.839168548583984,-119.26199340820312,TULARE,UNINCORPORATED,-119.26212310791016,35.839084625244141
91048075,2019,2019-08-08,9480,2019-07-24,2155,020612,,3,2,9,5400,0,1,3,,2,091,"STATE ROUTE 99 NORTHBOUND","AVENUE 328",3696.00,N,N,A,-,Y,,,99,,,,,,N,Y,2,0,2,1,A,-,08,22107,,N,F,A,A,A,H,-,D,D,0,,,,,Y,,A,07,1,1,0,0,0,0,0,0,0,"- ","- ",36.394901275634766,-119.45001220703125,TULARE,UNINCORPORATED,-119.45003509521484,36.394882202148438
91048320,2019,2019-08-08,9480,2019-07-26,1955,018809,,5,2,9,5400,0,1,3,,2,093,"STATE ROUTE N/B","AVENUE 280",340.00,S,N,A,-,Y,,,,,,,,,,Y,2,0,2,1,A,-,01,23152,A,N,E,I,A,A,H,-,C,D,0,,,,,Y,Y,A,01,1,1,0,0,0,0,0,0,0,"- ","- ",36.175098419189453,-119.23000335693359,TULARE,UNINCORPORATED,,
91048883,2019,2019-08-09,9480,2019-08-04,0220,020060,,7,3,9,5400,0,1,3,,2,095,"STATE ROUTE 99 N/B","AVE 76 OVERCROSSING",3749.00,S,N,A,-,Y,,,99,,,,,,N,Y,2,0,1,2,A,-,01,23152,A,N,B,C,A,A,H,-,D,D,0,,,Y,,Y,Y,A,07,1,0,0,0,0,0,0,0,1,"- ","- ",35.912120819091797,-119.28044128417969,TULARE,UNINCORPORATED,-119.28044128417969,35.912120819091797
91059264,2019,2019-08-26,9480,2019-08-14,1744,016995,,3,2,9,5400,0,3,5,,2,003,"SMITH RD","LIPSCOMB AVE",200.00,S,N,A,-,N,,,,,,,,,,N,2,0,1,2,A,-,09,21804,A,N,D,G,A,A,H,-,A,D,0,,Y,,,Y,,L,04,1,0,0,0,0,0,1,0,0,"- ","- ",36.063381195068359,-119.30802154541016,TULARE,UNINCORPORATED,-119.30792236328125,36.063472747802734
9106861,2020,2020-11-20,5407,2020-04-18,2340,M33,480,6,5,5,5407,0,0,0,,0,,"RT 63",ROBIN,0.00,,Y,B,-,Y,TUL,6,63,-,-,9.910,I,5,S,Y,2,0,4,2,A,-,01,23152,B,N,A,C,A,A,H,-,C,D,0,,,,,Y,,A,01,3,0,1,0,0,0,0,0,0,"- ","- ",36.353458404541016,-119.29695892333984,TULARE,VISALIA,-119.29697418212891,36.353477478027344
9106873,2020,2020-11-20,5407,2020-04-17,1558,M203,480,5,5,5,5407,0,0,0,,0,026,"RT 216","E HOUSTON AV",0.00,,Y,B,-,Y,TUL,6,216,-,-,1.960,I,5,E,Y,2,0,7,4,A,-,00,23153,F,F,D,C,A,-,H,-,A,A,0,,,,,Y,,A,01,2,3,2,0,0,0,0,0,0,"- ","- ",36.341960906982422,-119.260986328125,TULARE,VISALIA,-119.25987243652344,36.341983795166016
91072452,2019,2019-09-11,9480,2019-08-27,0108,020078,,2,3,5,5407,0,1,3,,1,064,"SR-198 E/B","AKERS ST",11.00,E,N,A,-,Y,,,198,,,,,,E,Y,2,0,1,2,A,-,03,22350,,N,C,C,A,A,H,-,D,D,0,,,Y,,Y,,A,01,1,0,0,0,0,0,0,0,1,"- ","- ",36.3271484375,-119.34976959228516,TULARE,VISALIA,-119.34977722167969,36.327259063720703
91075592,2019,2019-09-16,9480,2019-09-09,2012,019697,,1,2,9,5400,0,1,3,,1,063,"SR-63 S/B","AVENUE 261",400.00,S,N,A,-,Y,,,63,,,,,,S,N,2,0,1,2,A,-,06,21755,A,N,G,B,F,A,H,-,D,D,0,Y,,,,Y,,A,01,1,0,0,0,1,0,0,0,0,"- ","- ",36.263278961181641,-119.31340026855469,TULARE,UNINCORPORATED,-119.31332397460938,36.263282775878906
91093829,2019,2019-10-09,9481,2019-10-01,0805,016147,,2,1,9,5400,0,1,3,,1,053,"STATE ROUTE 190","ROAD 265",3696.00,E,N,A,-,Y,,,190,,,,,,,Y,2,0,1,2,A,-,09,21801,A,N,D,C,A,A,H,-,A,D,0,,,,Y,Y,,A,01,1,0,0,0,0,0,0,0,0,"- ","- ",36.049869537353516,-118.96674346923828,TULARE,UNINCORPORATED,-118.96669769287109,36.049957275390625
91097506,2019,2019-10-15,9480,2019-10-05,2340,020060,,6,3,9,5400,0,1,3,,1,064,"STATE ROUTE 198 W/B","STATE ROUTE 99",850.00,E,N,A,-,Y,,,198,,,,,,W,Y,2,0,1,1,A,-,01,23152,A,N,F,A,A,A,H,-,D,D,0,,,Y,,Y,Y,C,02,1,0,0,0,0,0,0,0,1,"- ","- ",36.327411651611328,-119.40267181396484,TULARE,UNINCORPORATED,-119.40265655517578,36.327472686767578
91097753,2019,2019-10-15,9480,2019-10-10,1945,017778,,4,2,9,5400,0,3,5,,2,002,"AVENUE 424","ROAD 96",1056.00,E,N,A,-,N,,,,,,,,,,Y,2,0,2,1,A,-,01,23152,A,N,F,A,A,A,H,-,D,A,0,,,,,Y,Y,D,22,1,1,0,0,0,0,0,0,0,"- ","- ",36.56005859375,-119.35410308837891,TULARE,UNINCORPORATED,-119.35489654541016,36.559951782226562
91099453,2019,2019-10-17,9481,2019-10-11,1845,020917,,5,2,9,5400,0,1,3,,1,012,"STATE ROUTE 65","ROAD 203",350.00,W,N,A,-,Y,,,65,,,,,,,Y,2,0,1,4,A,-,03,22350,,N,C,C,A,A,H,-,D,A,0,,,,,Y,,A,01,1,0,0,0,0,0,0,0,0,"- ","- ",36.210781097412109,-119.12290954589844,TULARE,UNINCORPORATED,-119.12290954589844,36.210792541503906
91112671,2019,2020-02-04,9480,2019-10-14,0955,017311,,1,1,5,5407,0,1,3,,1,064,"STATE ROUTE 198","SHIRK ROAD",1056.00,W,N,A,-,Y,,,198,,,,,,,Y,1,1,0,2,A,-,11,21954,A,N,G,B,E,A,H,-,A,D,0,Y,,,,Y,,N,60,0,0,0,1,0,0,0,0,0,"- ","- ",36.327251434326172,-119.37271118164062,TULARE,VISALIA,-119.37271118164062,36.327178955078125
91118439,2019,2019-11-12,9480,2019-11-01,1610,019349,,5,2,5,5407,0,1,3,,1,064,"STATE ROUTE 198 W/B","CONYER ST",280.00,W,N,A,-,Y,,,198,,,,,,W,Y,2,0,1,1,A,-,08,22107,,N,E,I,A,A,H,-,A,D,0,,,,Y,Y,,G,25,1,0,0,0,0,0,0,0,0,"- ","- ",36.327098846435547,-119.30191040039062,TULARE,VISALIA,-119.30191040039062,36.326930999755859
91122432,2019,2019-11-18,9420,2019-11-10,1245,015977,,7,1,9,5400,0,3,5,,2,020,"MOUNTAIN 99","CORRAL CREEK RD",2112.00,N,N,A,-,N,,,,,,,,,,Y,2,0,1,2,A,-,03,22350,,N,F,A,A,A,H,-,A,D,0,,,Y,,Y,,C,02,1,0,0,0,0,0,0,0,1,"- ","- ",35.860980987548828,-118.44834899902344,TULARE,UNINCORPORATED,-118.44832611083984,35.8609619140625
91125706,2019,2019-11-21,9481,2019-11-18,0825,015290,,1,1,9,5400,0,3,5,,2,030,"ROAD 152","AVENUE 136",1584.00,S,N,A,F,N,,,,,,,,,,Y,2,0,4,2,A,-,05,21650,,N,A,C,A,A,H,-,A,D,0,,,,,Y,,D,22,1,2,1,0,0,0,0,0,0,"- ","- ",36.031360626220703,-119.23262786865234,TULARE,UNINCORPORATED,-119.23264312744141,36.032253265380859
91127908,2019,2019-11-22,9481,2019-11-19,1926,020332,,2,2,9,5400,0,1,3,,1,012,"SR-65 (SOUTHBOUND)","AVENUE 184",201.00,S,N,A,-,Y,,,65,,,,,,,Y,2,0,2,4,A,-,03,22350,,N,C,C,E,A,H,-,C,A,0,Y,,,,Y,,A,01,1,0,1,0,2,0,0,0,0,"- ","- ",36.122859954833984,-119.05523681640625,TULARE,UNINCORPORATED,-119.05525970458984,36.122848510742188
91141921,2019,2019-12-12,9480,2019-12-05,1105,017108,,4,1,9,5400,0,3,5,,2,006,"ROAD 108","AVENUE 264",0.00,,Y,A,-,N,,,,,,,,,,Y,2,0,2,2,A,-,12,21453,A,N,D,C,A,A,H,-,A,A,0,,,,,Y,,A,07,1,0,1,0,0,0,0,0,0,"- ","- ",36.269199371337891,-119.33112335205078,TULARE,UNINCORPORATED,-119.33125305175781,36.269290924072266
91145264,2019,2019-12-17,9480,2019-10-16,1417,014628,,3,2,9,5400,0,3,5,,2,005,"AVENUE 144","ROAD 64",6547.00,W,N,A,-,N,,,,,,,,,,Y,1,1,0,1,A,-,08,22107,,N,E,I,A,A,H,-,A,D,0,,,,,Y,,D,22,0,0,0,0,0,0,0,0,0,"- ","- ",36.050991058349609,-119.45108032226562,TULARE,UNINCORPORATED,-119.45093536376953,36.050918579101562
91160129,2019,2020-04-13,9480,2019-12-02,2500,016233,,1,4,9,5400,0,3,5,,2,001,"ROAD 80 (NORTHBOUND)","AVENUE 368",213.00,S,N,B,-,N,,,,,,,,,,N,1,1,0,2,A,-,08,22107,,F,G,B,E,B,H,-,D,D,0,Y,,,,Y,Y,-,99,0,0,0,1,0,0,0,0,0,"- ","- ",36.457889556884766,-119.39437866210938,TULARE,UNINCORPORATED,-119.3944091796875,36.457893371582031
91161061,2020,2020-01-07,9480,2020-01-01,1732,019932,,3,2,9,5400,0,3,5,,2,006,"AVE 296","ROAD 156",528.00,W,N,B,-,Y,,,,,,,,,,Y,2,0,3,2,A,-,09,21801,A,N,A,C,A,A,H,-,D,D,0,,,,,Y,,D,22,1,0,2,0,0,0,0,0,0,"- ","- ",36.325759887695312,-119.226806640625,TULARE,UNINCORPORATED,-119.22654724121094,36.327159881591797
91162312,2020,2020-01-21,9480,2020-01-03,1805,020837,,5,2,9,5400,0,3,5,,2,006,"AVENUE 192","SPACER DRIVE",859.00,E,N,B,-,N,,,,,,,,,,Y,2,0,5,2,A,-,08,22107,,N,A,C,A,A,H,-,D,D,0,,,,,Y,,D,22,1,2,2,0,0,0,0,0,0,"- ","- ",36.138389587402344,-119.27159118652344,TULARE,UNINCORPORATED,-119.2694091796875,36.1383056640625
91163078,2020,2020-01-10,9480,2020-01-07,0200,020890,,2,3,9,5400,0,3,5,,2,004,"SOUTH FORK DRIVE","CINNAMON CANYON ROAD",2640.00,N,N,B,-,N,,,,,,,,,,Y,2,0,2,1,A,-,01,23152,A,N,E,I,A,A,H,-,D,D,0,,,,,Y,Y,A,01,2,0,0,0,0,0,0,0,0,"- ","- ",36.381908416748047,-118.86918640136719,TULARE,UNINCORPORATED,-118.85428619384766,36.377838134765625
91164739,2019,2021-01-12,9481,2019-11-15,2148,015290,,5,2,9,5400,0,1,3,,1,032,"STATE ROUTE 190","ROAD 208",1584.00,E,N,A,-,Y,,,190,,,,,,,Y,2,0,2,3,A,-,05,21650,,F,A,C,A,A,H,-,D,D,0,,,,,Y,,A,07,1,1,0,0,0,0,0,0,0,"- ","- ",36.051170349121094,-119.10247802734375,TULARE,UNINCORPORATED,-119.10247802734375,36.051189422607422
91164923,2020,2020-01-14,9481,2020-01-08,1247,018113,,3,1,9,5400,0,2,4,,1,011,"AVENUE 192","ROAD 152",208.00,E,N,B,-,N,,,,,,,,,,Y,2,0,2,2,A,-,05,21650,,N,A,C,A,B,H,-,A,D,0,,,,,Y,,D,22,1,0,1,0,0,0,0,0,0,"- ","- ",36.138198852539062,-119.22779846191406,TULARE,UNINCORPORATED,-119.23171997070312,36.138259887695312
91176208,2020,2020-01-29,9480,2020-01-19,0040,018421,,7,3,9,5400,0,3,5,,2,004,"ROAD 144","ST JOHNS PKY",1510.00,N,N,A,-,N,,,,,,,,,,Y,2,0,1,2,A,-,01,23152,A,N,C,C,A,A,C,-,D,A,0,,,,,Y,Y,A,01,1,0,0,0,0,0,0,0,0,"- ","- ",36.349800109863281,-119.25202178955078,TULARE,UNINCORPORATED,,
91177812,2019,2020-01-31,9481,2019-07-10,1401,017894,,3,2,9,5400,0,3,5,,2,030,"AVENUE 96","ROAD 208",0.00,,Y,A,-,N,,,,,,,,,,Y,2,0,2,2,A,-,12,22450,A,N,D,C,A,A,H,-,A,A,0,,,,,Y,,A,01,1,0,1,0,0,0,0,0,0,"- ","- ",35.964298248291016,-119.10748291015625,TULARE,UNINCORPORATED,-119.107421875,35.964290618896484