CASE_ID,ACCIDENT_YEAR,PROC_DATE,JURIS,COLLISION_DATE,COLLISION_TIME,OFFICER_ID,REPORTING_DISTRICT,DAY_OF_WEEK,CHP_SHIFT,POPULATION,CNTY_CITY_LOC,SPECIAL_COND,BEAT_TYPE,CHP_BEAT_TYPE,CITY_DIVISION_LAPD,CHP_BEAT_CLASS,BEAT_NUMBER,PRIMARY_RD,SECONDARY_RD,DISTANCE,DIRECTION,INTERSECTION,WEATHER_1,WEATHER_2,STATE_HWY_IND,CALTRANS_COUNTY,CALTRANS_DISTRICT,STATE_ROUTE,ROUTE_SUFFIX,POSTMILE_PREFIX,POSTMILE,LOCATION_TYPE,RAMP_INTERSECTION,SIDE_OF_HWY,TOW_AWAY,COLLISION_SEVERITY,NUMBER_KILLED,NUMBER_INJURED,PARTY_COUNT,PRIMARY_COLL_FACTOR,PCF_CODE_OF_VIOL,PCF_VIOL_CATEGORY,PCF_VIOLATION,PCF_VIOL_SUBSECTION,HIT_AND_RUN,TYPE_OF_COLLISION,MVIW,PED_ACTION,ROAD_SURFACE,ROAD_COND_1,ROAD_COND_2,LIGHTING,CONTROL_DEVICE,CHP_ROAD_TYPE,PEDESTRIAN_ACCIDENT,BICYCLE_ACCIDENT,MOTORCYCLE_ACCIDENT,TRUCK_ACCIDENT,NOT_PRIVATE_PROPERTY,ALCOHOL_INVOLVED,STWD_VEHTYPE_AT_FAULT,CHP_VEHTYPE_AT_FAULT,COUNT_SEVERE_INJ,COUNT_VISIBLE_INJ,COUNT_COMPLAINT_PAIN,COUNT_PED_KILLED,COUNT_PED_INJURED,COUNT_BICYCLIST_KILLED,COUNT_BICYCLIST_INJURED,COUNT_MC_KILLED,COUNT_MC_INJURED,PRIMARY_RAMP,SECONDARY_RAMP,LATITUDE,LONGITUDE,COUNTY,CITY,POINT_X,POINT_Y
91181957,2020,2020-02-06,9480,2020-01-31,1940,020837,,5,2,9,5400,0,1,3,,2,095,"STATE ROUTE 99 NORTHBOUND","AVENUE 24",6336.00,N,N,B,-,Y,,,99,,,,,,N,Y,2,0,2,3,A,-,01,23152,A,N,B,C,A,A,H,-,D,D,0,,,Y,,Y,Y,C,02,1,1,0,0,0,0,0,0,1,"- ","- ",35.852149963378906,-119.26663208007812,TULARE,UNINCORPORATED,-119.26662445068359,35.852153778076172
91187903,2020,2020-02-18,9481,2020-02-05,0515,019149,,3,3,9,5400,0,2,4,,1,031,"AVENUE 152","ROAD 184",528.00,W,N,A,-,N,,,,,,,,,,Y,2,0,1,1,C,-,18,,,N,E,H,A,A,H,-,D,D,0,,,,,Y,,-,"- ",1,0,0,0,0,0,0,0,0,"- ","- ",36.065769195556641,-119.16291046142578,TULARE,UNINCORPORATED,-119.16283416748047,36.065727233886719
91187906,2020,2020-02-18,9481,2020-02-09,2210,021183,,7,3,9,5400,0,1,3,,1,032,SR-190,"ROAD 216",281.00,E,N,A,-,Y,,,,,,,,,,Y,2,0,1,1,A,-,01,23152,A,N,F,A,A,A,H,-,D,D,0,,,,,Y,Y,A,07,1,0,0,0,0,0,0,0,0,"- ","- ",36.015270233154297,-119.087890625,TULARE,UNINCORPORATED,,
91200752,2019,2020-04-13,9480,2019-10-15,1800,019186,,2,2,9,5400,0,1,3,,1,040,"STATE ROUTE 216 (ROAD 160)","AVENUE 320",1584.00,S,N,A,-,Y,,,216,,,,,,,Y,1,1,4,2,A,-,06,21751,,N,A,C,A,A,H,-,A,D,0,,,,,Y,,A,01,1,1,2,0,0,0,0,0,0,"- ","- ",36.364849090576172,-119.21597290039062,TULARE,UNINCORPORATED,-119.2159423828125,36.364849090576172
91203309,2019,2020-03-06,9480,2019-10-19,0150,020612,,6,3,9,5400,0,1,3,,2,095,"STATE ROUTE 99 NORTHBOUND","COUNTY LINE ROAD (AVE 0)",6864.00,N,N,A,-,Y,,,99,,,,,,N,Y,1,2,1,4,A,-,01,23152,A,F,C,C,A,A,H,-,D,D,0,,,,,Y,Y,A,01,0,0,1,0,0,0,0,0,0,"- ","- ",35.809680938720703,-119.25684356689453,TULARE,UNINCORPORATED,-119.25677490234375,35.809696197509766
91207533,2020,2020-08-12,9480,2020-02-15,2040,020273,,6,2,9,5400,0,3,5,,2,001,"ROAD 56","AVENUE 416",1584.00,S,N,A,-,N,,,,,,,,,,Y,2,0,2,3,A,-,01,23152,A,N,C,C,A,A,H,-,D,D,0,,,,,Y,Y,A,01,2,0,0,0,0,0,0,0,0,"- ","- ",36.542411804199219,-119.44811248779297,TULARE,UNINCORPORATED,-119.448633,36.542110999999998
91209703,2020,2020-03-17,9480,2020-03-10,1838,017854,,2,2,9,5400,0,3,5,,2,006,"AVENUE 240 (PROSPERITY AVENUE)","ROAD 126",547.00,W,N,C,-,N,,,,,,,,,,Y,2,0,4,2,A,-,05,21460,A,N,A,C,A,B,H,-,A,D,0,,,,,Y,,A,01,3,1,0,0,0,0,0,0,0,"- ","- ",36.226100921630859,-119.29360198974609,TULARE,UNINCORPORATED,-119.29353332519531,36.226085662841797
91212146,2020,2020-03-19,9480,2020-03-14,1615,019846,,6,2,9,5400,0,3,5,,2,002,"ROAD 120","AVENUE 456",0.00,,Y,B,-,N,,,,,,,,,,Y,2,0,7,2,A,-,09,21801,A,N,A,C,A,A,H,-,A,D,0,,,,Y,Y,,D,22,2,2,3,0,0,0,0,0,0,"- ","- ",36.617210388183594,-119.30484008789062,TULARE,UNINCORPORATED,-119.304845,36.617187000000001
91212976,2019,2020-03-20,9480,2019-10-17,1320,013821,,4,1,9,5400,0,3,5,,2,003,"ROAD 36","AVENUE 232",0.00,,Y,A,-,N,,,,,,,,,,Y,1,1,1,2,A,-,12,22450,A,N,D,C,A,A,H,-,A,A,0,,,,Y,Y,,A,01,0,0,1,0,0,0,0,0,0,"- ","- ",36.210899353027344,-119.49276733398438,TULARE,UNINCORPORATED,-119.49295043945312,36.210830688476562
91220394,2020,2020-04-13,9480,2020-03-14,0424,017452,,6,3,9,5400,0,3,5,,2,002,"AVENUE 392","STATE ROUTE 63",2.00,E,N,B,G,N,,,,,,,,,,Y,1,1,0,1,A,-,01,23152,F,N,E,J,A,A,H,-,D,A,0,,,,,Y,,A,01,0,0,0,0,0,0,0,0,0,"- ","- ",36.501239776611328,-119.28656005859375,TULARE,UNINCORPORATED,-119.28660000000001,36.501227999999998
91224544,2020,2020-04-13,9480,2020-04-04,0540,020450,,6,3,9,5400,0,1,3,,1,051,"SR-43 (CENTRAL VALLEY HWY)","AVENUE 8",9240.00,N,N,A,-,Y,,,43,,,,,,,Y,2,0,1,1,A,-,08,22107,,N,F,I,A,A,H,-,B,D,0,,,,,Y,,A,01,1,0,0,0,0,0,0,0,0,"- ","- ",35.800701141357422,-119.35888671875,TULARE,UNINCORPORATED,-119.35881042480469,35.800727844238281
91226907,2020,2021-01-27,9480,2020-04-12,1835,020060,,7,2,9,5400,0,3,5,,2,002,"AVENUE 412","ROAD 96",552.00,E,N,A,-,N,,,,,,,,,,Y,2,0,1,1,A,-,01,23152,A,N,E,I,A,A,H,-,A,D,0,,,,,Y,Y,A,01,1,0,0,0,0,0,0,0,0,"- ","- ",36.538349151611328,-119.35717010498047,TULARE,UNINCORPORATED,-119.35676574707031,36.538261413574219
91234415,2020,2020-05-06,9481,2020-04-06,2220,021234,,1,3,9,5400,0,2,4,,1,011,"AVENUE 192","ROAD 200",528.00,W,N,B,-,N,,,,,,,,,,N,1,1,0,2,A,-,05,21202,A,N,H,G,A,A,H,-,D,D,0,,Y,,,Y,,L,04,0,0,0,0,0,1,0,0,0,"- ","- ",36.138339996337891,-119.12793731689453,TULARE,UNINCORPORATED,-119.12724304199219,36.138290405273438
91243288,2020,2020-05-27,9480,2020-05-17,0415,018861,,7,3,9,5400,0,1,3,,2,091,"SR-99 (N/B) TO 18TH AVENUE (EXIT 111)","18TH AVE",655.00,S,N,A,-,Y,,,99,,,,R,,,Y,2,0,1,1,A,-,08,22107,,N,E,I,A,A,H,-,D,D,0,,,,,Y,,A,01,1,0,0,0,0,0,0,0,0,"- ","- ",36.506088256835938,-119.54641723632812,TULARE,UNINCORPORATED,-119.54641723632812,36.506088256835938
91243800,2020,2020-05-28,9480,2020-04-08,1942,016240,,3,2,9,5400,0,1,3,,2,091,"STATE ROUTE 99 (NORTHBOUND)","MERRITT DRIVE",8976.00,S,N,B,-,Y,,,99,,,,,,,Y,1,1,0,3,A,-,11,21954,A,N,G,B,E,A,H,-,D,D,0,Y,,,Y,Y,,N,60,0,0,0,1,0,0,0,0,0,"- ","- ",36.432430267333984,-119.47464752197266,TULARE,UNINCORPORATED,-119.47475433349609,36.432361602783203
91243932,2020,2020-05-28,9480,2020-03-06,1753,019543,,5,2,9,5400,0,3,5,,2,003,"AVENUE 184","ROAD 72",1584.00,W,N,A,-,N,,,,,,,,,,Y,1,1,1,2,A,-,01,23152,A,N,A,C,A,A,H,-,B,D,0,,,,,Y,Y,A,01,0,1,0,0,0,0,0,0,0,"- ","- ",36.123340606689453,-119.41503143310547,TULARE,UNINCORPORATED,-119.41698455810547,36.123386383056641
91247492,2020,2020-07-01,9481,2020-05-26,1600,015290,,2,2,9,5400,0,2,4,,1,034,"ROAD 192","AVENUE 136",43.00,N,N,A,-,N,,,,,,,,,,Y,1,1,1,2,A,-,01,23152,A,N,A,C,A,A,H,-,A,A,0,,,,,Y,Y,A,01,1,0,0,0,0,0,0,0,0,"- ","- ",36.03717041015625,-119.14347076416016,TULARE,UNINCORPORATED,-119.14350128173828,36.037246704101562
91252480,2020,2020-06-16,9480,2020-05-19,0615,013656,,2,1,9,5400,0,3,5,,2,006,"ROAD 156","AVENUE 264",0.00,,Y,A,-,N,,,,,,,,,,Y,2,0,1,2,A,-,12,22450,A,N,D,C,A,A,H,-,A,A,0,,,,,Y,,D,22,1,0,0,0,0,0,0,0,0,"- ","- ",36.269001007080078,-119.22492218017578,TULARE,UNINCORPORATED,-119.22490999999999,36.268982000000001
91257683,2020,2020-06-25,9480,2020-06-18,1750,014628,,4,2,9,5400,0,1,3,,2,095,"SR-99 S/B","AVE. 76",2112.00,S,N,A,-,Y,,,99,,,,,,S,Y,2,0,1,1,A,-,08,22107,,N,F,A,A,A,H,-,A,D,0,,,,,Y,,D,22,1,0,0,0,0,0,0,0,0,"- ","- ",35.921970367431641,-119.28211975097656,TULARE,UNINCORPORATED,-119.28211212158203,35.921970367431641
91263314,2020,2020-07-06,9480,2020-06-28,1804,020060,,7,2,4,5406,0,1,3,,2,093,"STATE ROUTE 99 N/B","STATE ROUTE 137",250.00,S,N,A,-,Y,,,99,,,,,,N,Y,2,0,8,4,A,-,03,22350,,N,C,C,A,A,H,-,A,D,0,,,,,Y,,A,01,2,1,5,0,0,0,0,0,0,"- ","- ",36.208961486816406,-119.32843780517578,TULARE,TULARE,-119.32840728759766,36.208957672119141
91273579,2020,2020-07-23,9481,2020-07-04,1958,020238,,6,2,9,5400,0,1,3,,1,012,"STATE ROUTE 65 (NORTHBOUND)","AVENUE 200",1333.00,N,N,A,-,Y,,,65,,,,,,,Y,1,1,2,2,A,-,08,22107,,N,A,C,A,A,H,-,A,D,0,,,,,Y,,A,07,0,2,0,0,0,0,0,0,0,"- ","- ",36.156200408935547,-119.07756042480469,TULARE,UNINCORPORATED,-119.07750701904297,36.156227111816406
91278601,2020,2020-07-31,9480,2020-07-22,0123,017291,,3,3,9,5400,0,1,3,,2,093,"STATE ROUTE 99 (NORTHBOUND)","DRIVE 92B",2640.00,S,N,A,-,Y,,,99,,,,,,,Y,2,0,1,1,A,-,08,22107,,N,F,A,A,A,H,-,D,D,0,,,,,Y,,A,07,1,0,0,0,0,0,0,0,0,"- ","- ",36.256710052490234,-119.35769653320312,TULARE,UNINCORPORATED,-119.35763549804688,36.256755828857422
91280245,2020,2020-08-04,9480,2020-07-26,0425,019543,,7,3,9,5400,0,3,5,,2,002,"DRIVE 152","AVE 420",2640.00,N,N,A,-,N,,,,,,,,,,Y,2,0,1,1,A,-,08,22107,,N,F,I,A,A,H,-,D,D,0,,,,,Y,,A,01,1,0,0,0,0,0,0,0,0,"- ","- ",36.5606689453125,-119.23674774169922,TULARE,UNINCORPORATED,,
91281205,2020,2020-08-05,9480,2020-05-11,0120,020612,,1,3,9,5400,0,3,5,,2,006,"AVENUE 256","STATE ROUTE 65",379.00,W,N,A,-,N,,,,,,,,,,Y,1,3,0,1,A,-,01,23152,G,N,E,I,A,A,H,-,D,A,0,,,,,Y,Y,A,01,0,0,0,0,0,0,0,0,0,"- ","- ",36.253631591796875,-119.13771057128906,TULARE,UNINCORPORATED,-119.13763427734375,36.253585815429688
91284578,2020,2020-08-11,9481,2020-08-03,2050,021227,,1,2,9,5400,0,3,5,,2,050,"AVENUE 116","ROAD 264",1958.00,W,N,A,-,N,,,,,,,,,,Y,2,0,1,1,A,-,01,23152,A,N,E,I,A,A,H,-,B,D,0,,,,,Y,Y,A,07,1,0,0,0,0,0,0,0,0,"- ","- ",36.000591278076172,-118.98973083496094,TULARE,UNINCORPORATED,-118.98988342285156,36.000534057617188
91297730,2020,2020-09-08,9480,2020-08-24,0140,020890,,1,3,9,5400,0,1,3,,1,060,"STATE ROUTE 137 (AVENUE 232)","ROAD 196",30.00,W,N,A,-,Y,,,137,,,,,,,Y,2,0,1,1,A,-,01,23152,A,N,E,I,A,A,H,-,C,A,0,,,,,Y,Y,A,07,1,0,0,0,0,0,0,0,0,"- ","- ",36.210868835449219,-119.13639068603516,TULARE,UNINCORPORATED,-119.13639068603516,36.210819244384766
91304043,2020,2020-09-14,9481,2020-09-03,1240,016147,,4,1,9,5400,0,1,3,,1,012,"STATE ROUTE 65","ROAD 196",245.00,E,N,A,-,Y,,,,,,,,,,Y,2,0,2,2,A,-,09,21801,A,N,D,C,A,A,H,-,A,D,0,,,Y,,Y,,A,08,1,1,0,0,0,0,0,0,2,"- ","- ",36.123630523681641,-119.04962158203125,TULARE,UNINCORPORATED,-119.13633728027344,36.24993896484375
91307909,2020,2020-09-21,9480,2020-09-11,1910,020060,,5,2,9,5400,0,3,5,,2,003,"I DRIVE","AVE 160",4224.00,N,N,A,-,N,,,,,,,,,,Y,2,0,3,2,A,-,05,21460,A,N,A,C,A,A,H,-,D,A,0,,,,,Y,,A,01,2,0,1,0,0,0,0,0,0,"- ","- ",36.092350006103516,-119.32257080078125,TULARE,UNINCORPORATED,-119.32240295410156,36.09173583984375
91307993,2020,2020-09-21,9480,2020-09-18,0855,017108,,5,1,9,5400,0,3,5,,2,002,"ROAD 108","PRATT ROAD",472.00,N,N,A,-,N,,,,,,,,,,N,2,0,1,2,A,-,08,22107,,N,B,G,A,A,H,-,A,D,0,,Y,,,Y,,-,99,1,0,0,0,0,0,1,0,0,"- ","- ",36.366939544677734,-119.33220672607422,TULARE,UNINCORPORATED,,
91318786,2020,2020-11-04,9480,2020-09-14,2005,019349,,1,2,9,5400,0,3,5,,2,004,"ROAD 196","AVENUE 324",2112.00,N,N,B,-,N,,,,,,,,,,Y,1,1,0,1,A,-,01,23152,A,N,E,I,A,A,H,-,D,D,0,,,,,Y,Y,D,22,0,0,0,0,0,0,0,0,0,"- ","- ",36.383438110351562,-119.13555908203125,TULARE,UNINCORPORATED,-119.13540649414062,36.382671356201172
91323896,2020,2020-10-14,9481,2020-09-14,1520,020238,,1,2,9,5400,0,3,5,,2,030,"ROAD 160","AVENUE 48",0.00,,Y,A,-,N,,,,,,,,,,Y,1,3,2,2,A,-,09,21802,A,N,D,C,A,A,H,-,A,A,0,,,,,Y,,A,01,0,0,2,0,0,0,0,0,0,"- ","- ",35.877521514892578,-119.21478271484375,TULARE,UNINCORPORATED,-119.21475219726562,35.877468109130859
91324216,2020,2020-11-02,9480,2020-10-06,1933,014628,,2,2,9,5400,0,1,3,,2,095,"SR-99 N/B","AVE 120",4963.00,N,N,A,-,Y,,,,,,,,,,Y,2,0,2,1,A,-,08,22107,,M,E,I,A,A,H,-,D,D,0,,,,,Y,,A,07,2,0,0,0,0,0,0,0,0,"- ","- ",35.020999908447266,-119.30500793457031,TULARE,UNINCORPORATED,-119.30529022216797,36.020942687988281
91331266,2020,2020-10-26,9480,2020-10-15,1455,018521,,4,2,9,5400,0,1,3,,1,021,"SR-63 N/B","AVE 352",4752.00,S,N,A,-,Y,,,63,,,,,,N,Y,2,0,3,2,A,-,03,22350,,N,C,C,A,A,H,-,A,D,0,,,,,Y,,A,07,1,0,2,0,0,0,0,0,0,"- ","- ",36.415851593017578,-119.29611968994141,TULARE,UNINCORPORATED,-119.29608154296875,36.415847778320312
91338888,2020,2020-11-04,9480,2020-10-30,2100,020612,,5,2,9,5400,0,1,3,,1,044,"STATE ROUTE 198","CANYON VIEW DRIVE",4224.00,W,N,A,-,Y,,,198,,,,,,,Y,2,0,1,1,A,-,01,23152,G,N,E,A,A,A,H,-,D,D,0,,,Y,,Y,Y,C,02,1,0,0,0,0,0,0,0,1,"- ","- ",36.475669860839844,-118.84577941894531,TULARE,UNINCORPORATED,-118.84579467773438,36.475910186767578
91339025,2020,2020-11-04,9480,2020-10-31,1350,020060,,6,1,9,5400,0,1,3,,2,093,"STATE ROUTE 99 S/B","AVENUE 184",7392.00,S,N,A,-,Y,,,99,,,,,,S,Y,2,0,1,2,A,-,06,21755,,N,E,I,A,A,H,-,A,D,0,,,,,Y,Y,A,01,1,0,0,0,0,0,0,0,0,"- ","- ",36.09326171875,-119.32216644287109,TULARE,UNINCORPORATED,-119.32211303710938,36.093269348144531
91345532,2020,2020-11-16,9481,2020-11-06,0018,018595,,5,3,9,5400,0,3,5,,2,010,"ROAD 196","AVENUE 192",635.00,S,N,A,-,N,,,,,,,,,,Y,2,0,1,1,A,-,08,22107,,N,E,I,A,B,H,-,D,D,0,,,,,Y,,A,01,1,0,0,0,0,0,0,0,0,"- ","- ",36.136501312255859,-119.13424682617188,TULARE,UNINCORPORATED,-119.13427734375,36.136558532714844
91346730,2020,2020-11-17,9480,2020-11-14,1452,019846,,6,2,9,5400,0,1,3,,1,044,SR-198,"PIERCE DR",1541.00,W,N,A,-,Y,,,198,,,,,,,Y,2,0,2,2,A,-,03,22350,,N,D,C,A,A,H,-,A,D,0,,,Y,,Y,,C,02,2,0,0,0,0,0,0,0,2,"- ","- ",36.414649963378906,-118.92520141601562,TULARE,UNINCORPORATED,-118.92520904541016,36.414657592773438
91350592,2020,2020-11-20,9480,2020-11-10,1723,019543,,2,2,9,5400,0,3,5,,2,003,"AVE 260","ROAD 68",0.00,,Y,A,-,N,,,,,,,,,,Y,2,0,1,2,A,-,09,21802,A,N,D,C,A,A,H,-,C,A,0,,,,,Y,,A,01,1,0,0,0,0,0,0,0,0,"- ","- ",36.26129150390625,-119.42111206054688,TULARE,UNINCORPORATED,-119.42118835449219,36.261638641357422
91353398,2020,2020-11-25,9480,2020-11-11,2124,020890,,3,2,9,5400,0,1,3,,1,020,"STATE ROUTE 201","ROAD 132",82.00,E,N,A,-,Y,,,201,,,,,,,Y,2,0,2,2,A,-,08,22107,,N,A,C,A,A,H,-,C,D,0,,,Y,,Y,,C,06,2,0,0,0,0,0,0,0,2,"- ","- ",36.486579895019531,-119.27675628662109,TULARE,UNINCORPORATED,-119.27676391601562,36.486560821533203
91355586,2020,2020-11-30,9480,2020-11-17,1920,017291,,2,2,9,5400,0,3,5,,2,001,"ROAD 68","AVENUE 396",1056.00,N,N,A,-,N,,,,,,,,,,Y,2,0,1,2,A,-,06,21750,,N,D,C,A,A,H,-,D,D,0,,,Y,,Y,,C,02,1,0,0,0,0,0,0,0,1,"- ","- ",36.512508392333984,-119.42183685302734,TULARE,UNINCORPORATED,-119.42173767089844,36.5128173828125
91356584,2020,2020-12-01,9481,2020-11-21,1538,020238,,6,2,9,5400,0,1,3,,1,037,"STATE ROUTE 65","AVENUE 12",0.00,,Y,A,-,Y,,,65,,,,,,,Y,2,0,2,2,A,-,05,21752,D,N,D,C,A,A,H,-,A,D,0,,,,Y,Y,,A,01,1,0,1,0,0,0,0,0,0,"- ","- ",35.812469482421875,-119.05358123779297,TULARE,UNINCORPORATED,-119.05355834960938,35.812469482421875
91368645,2020,2020-12-16,9480,2020-12-13,1332,019846,,7,1,9,5400,0,3,5,,2,006,"ROAD 112","AVENUE 184",3749.00,N,N,B,C,N,,,,,,,,,,Y,2,0,1,1,A,-,01,23152,A,N,E,I,A,B,H,-,A,D,0,,,,,Y,Y,A,07,1,0,0,0,0,0,0,0,0,"- ","- ",36.134239196777344,-119.32141876220703,TULARE,UNINCORPORATED,-119.32150268554688,36.134056091308594
91377205,2020,2020-12-29,9480,2020-11-28,0423,020612,,6,3,9,5400,0,3,5,,2,004,"ROAD 220","AVENUE 304",1025.00,N,N,A,-,N,,,,,,,,,,Y,2,0,1,1,A,-,08,22107,,F,E,I,A,A,H,-,D,D,0,,,,,Y,,A,01,1,0,0,0,0,0,0,0,0,"- ","- ",36.343788146972656,-119.08077239990234,TULARE,UNINCORPORATED,-119.08074951171875,36.3427734375
91390858,2021,2021-01-19,9480,2021-01-15,1803,020060,,5,2,9,5400,0,1,3,,1,030,"STATE ROUTE 137 (ROAD 36)","AVENUE 208",1056.00,S,N,A,-,Y,,,,,,,,,,Y,2,0,2,2,A,-,08,22107,,N,D,C,A,A,H,-,D,D,0,,,,,Y,,A,01,2,0,0,0,0,0,0,0,0,"- ","- ",36.163021087646484,-119.49315643310547,TULARE,UNINCORPORATED,-119.49314117431641,36.163730621337891
91391243,2021,2021-01-20,9480,2021-01-08,2301,018421,,5,3,9,5400,0,1,3,,1,040,SR-216,"ROAD 152",275.00,E,N,E,-,Y,,,216,,,,,,,Y,2,0,1,1,A,-,01,23152,A,N,E,I,A,A,H,-,D,A,0,,,,,Y,Y,D,22,1,0,0,0,0,0,0,0,0,"- ","- ",36.346279144287109,-119.23246765136719,TULARE,UNINCORPORATED,-119.23248291015625,36.346305847167969
91400722,2021,2021-02-02,9480,2021-01-29,1020,018202,,5,1,9,5400,0,1,3,,2,091,"SR-99 S/B","AVE 284",2640.00,S,N,B,-,Y,,,99,,,,,,S,Y,2,0,1,1,A,-,01,23152,A,N,E,I,A,A,H,-,A,D,0,,,,,Y,Y,A,01,1,0,0,0,0,0,0,0,0,"- ","- ",36.484939575195312,-119.51071929931641,TULARE,UNINCORPORATED,-119.51069641113281,36.484970092773438
91405154,2021,2021-02-09,9480,2021-01-30,0002,017291,,6,3,9,5400,0,1,3,,2,091,"STATE ROUTE 99 (NORTHBOUND)","AVENUE 384",63.00,N,N,A,-,Y,,,99,,,,,,,Y,2,0,1,2,A,-,01,23152,A,N,B,C,A,A,H,-,D,D,0,,,,,Y,Y,A,01,1,0,0,0,0,0,0,0,0,"- ","- ",36.4910888671875,-119.52027893066406,TULARE,UNINCORPORATED,-119.52022552490234,36.491176605224609
91408808,2021,2021-02-16,9481,2021-02-10,2315,018595,,3,3,9,5400,0,3,5,,2,050,"HILLCREST STREET","AVENUE 128 (TEAPOT DOME AVENUE)",0.00,,Y,A,-,N,,,,,,,,,,Y,2,0,1,1,A,-,12,22450,A,N,E,J,A,A,H,-,D,A,0,,,,,Y,,A,07,1,0,0,0,0,0,0,0,0,"- ","- ",36.022228240966797,-118.99118041992188,TULARE,UNINCORPORATED,-118.99114400000001,36.022286000000001
91417115,2021,2021-02-26,9480,2021-01-07,2135,020450,,4,2,9,5400,0,1,3,,2,095,"STATE ROUTE 99 NORTHBOUND","TIPTON OVERPASS",475.00,N,N,E,-,Y,,,99,,,,,,N,Y,1,1,1,1,A,-,08,22107,,N,E,I,A,A,H,-,D,D,0,,,,,Y,,A,07,1,0,0,0,0,0,0,0,0,"- ","- ",36.06005859375,-119.31202697753906,TULARE,UNINCORPORATED,-119.31215667724609,36.060028076171875
91417924,2021,2021-03-01,9480,2021-02-05,1150,016233,,5,1,9,5400,0,1,3,,1,010,"SR-201 (AVE 400)","RD. 40",104.00,W,N,B,-,Y,,,201,,,,,,,Y,2,0,2,2,A,-,09,21801,A,N,A,C,A,A,H,-,A,D,0,,,,,Y,,A,01,1,1,0,0,0,0,0,0,0,"- ","- ",36.517559051513672,-119.48664855957031,TULARE,UNINCORPORATED,-119.48664855957031,36.517623901367188
91424132,2021,2021-03-10,9480,2021-03-06,2032,019697,,6,2,9,5400,0,3,5,,2,003,"WEST ST","CARTMILL AVE",0.00,,Y,A,-,N,,,,,,,,,,Y,2,0,2,2,A,-,01,23152,A,N,D,C,A,A,H,-,D,A,0,,,,,Y,Y,A,07,1,1,0,0,0,0,0,0,0,"- ","- ",36.240169525146484,-119.36682891845703,TULARE,UNINCORPORATED,-119.36685180664062,36.240154266357422
91425349,2021,2021-07-14,9480,2021-02-20,0042,017108,,6,3,9,5400,0,1,3,,1,060,"STATE ROUTE 137 (AVENUE 232)","ROAD 148",162.00,E,N,A,-,Y,,,,,,,,,,Y,1,1,0,1,A,-,01,23152,A,N,E,I,A,A,H,-,D,D,0,,,,,Y,Y,A,01,0,0,0,0,0,0,0,0,0,"- ","- ",36.210960388183594,-119.24182891845703,TULARE,UNINCORPORATED,,
91427435,2021,2021-03-15,9481,2021-03-02,1330,021227,,2,1,9,5400,0,3,5,,2,010,"AVENUE 184","ROAD 192",800.00,W,N,A,-,N,,,,,,,,,,Y,2,0,1,2,A,-,03,22350,,N,C,C,A,A,H,-,A,D,0,,,,,Y,,D,22,1,0,0,0,0,0,0,0,0,"- ","- ",36.123638153076172,-119.15946197509766,TULARE,UNINCORPORATED,-119.14556884765625,36.123802185058594
91431765,2021,2021-03-22,9480,2021-02-26,1700,018809,,5,2,9,5400,0,3,5,,2,004,"ROAD 152","STATE ROUTE-216",2234.00,S,N,A,-,N,,,,,,,,,,Y,2,0,1,2,A,-,03,22350,,N,D,C,A,A,H,-,A,D,0,,,Y,,Y,,C,02,1,0,0,0,0,0,0,0,1,"- ","- ",36.338298797607422,-119.23348999023438,TULARE,UNINCORPORATED,-119.23323059082031,36.339801788330078
91442805,2021,2021-04-05,9481,2021-03-27,1303,021687,,6,1,9,5400,0,3,5,,2,050,"AVENUE 104","ROAD 261",528.00,W,N,A,-,N,,,,,,,,,,Y,2,0,1,1,A,-,08,22107,,N,F,A,A,A,H,-,A,D,0,,,,,Y,,D,22,1,0,0,0,0,0,0,0,0,"- ","- ",35.978618621826172,-118.99053955078125,TULARE,UNINCORPORATED,-118.99081420898438,35.978702545166016
91444547,2021,2021-04-06,9480,2021-04-01,2045,020060,,4,2,9,5400,0,3,5,,2,003,"ROAD 28","AVENUE 232",2112.00,S,N,A,-,N,,,,,,,,,,Y,2,0,2,1,A,-,08,22107,,N,E,I,A,A,H,-,D,D,0,,,,,Y,,A,01,1,1,0,0,0,0,0,0,0,"- ","- ",36.205230712890625,-119.51071929931641,TULARE,UNINCORPORATED,-119.51077270507812,36.205184936523438
91447080,2021,2021-04-09,9480,2021-04-06,0956,013914,,2,1,9,5400,0,3,5,,2,006,"ROAD 100","AVENUE 272",1120.00,S,N,A,-,N,,,,,,,,,,Y,2,0,1,2,A,-,03,22350,,N,A,C,A,A,H,-,A,D,0,,,,Y,Y,,A,01,1,0,0,0,0,0,0,0,0,"- ","- ",36.280590057373047,-119.34934997558594,TULARE,UNINCORPORATED,-119.34930419921875,36.280635833740234