CASE_ID,ACCIDENT_YEAR,PROC_DATE,JURIS,COLLISION_DATE,COLLISION_TIME,OFFICER_ID,REPORTING_DISTRICT,DAY_OF_WEEK,CHP_SHIFT,POPULATION,CNTY_CITY_LOC,SPECIAL_COND,BEAT_TYPE,CHP_BEAT_TYPE,CITY_DIVISION_LAPD,CHP_BEAT_CLASS,BEAT_NUMBER,PRIMARY_RD,SECONDARY_RD,DISTANCE,DIRECTION,INTERSECTION,WEATHER_1,WEATHER_2,STATE_HWY_IND,CALTRANS_COUNTY,CALTRANS_DISTRICT,STATE_ROUTE,ROUTE_SUFFIX,POSTMILE_PREFIX,POSTMILE,LOCATION_TYPE,RAMP_INTERSECTION,SIDE_OF_HWY,TOW_AWAY,COLLISION_SEVERITY,NUMBER_KILLED,NUMBER_INJURED,PARTY_COUNT,PRIMARY_COLL_FACTOR,PCF_CODE_OF_VIOL,PCF_VIOL_CATEGORY,PCF_VIOLATION,PCF_VIOL_SUBSECTION,HIT_AND_RUN,TYPE_OF_COLLISION,MVIW,PED_ACTION,ROAD_SURFACE,ROAD_COND_1,ROAD_COND_2,LIGHTING,CONTROL_DEVICE,CHP_ROAD_TYPE,PEDESTRIAN_ACCIDENT,BICYCLE_ACCIDENT,MOTORCYCLE_ACCIDENT,TRUCK_ACCIDENT,NOT_PRIVATE_PROPERTY,ALCOHOL_INVOLVED,STWD_VEHTYPE_AT_FAULT,CHP_VEHTYPE_AT_FAULT,COUNT_SEVERE_INJ,COUNT_VISIBLE_INJ,COUNT_COMPLAINT_PAIN,COUNT_PED_KILLED,COUNT_PED_INJURED,COUNT_BICYCLIST_KILLED,COUNT_BICYCLIST_INJURED,COUNT_MC_KILLED,COUNT_MC_INJURED,PRIMARY_RAMP,SECONDARY_RAMP,LATITUDE,LONGITUDE,COUNTY,CITY,POINT_X,POINT_Y
91449722,2021,2021-04-13,9480,2021-04-05,1615,019697,,1,2,9,5400,0,3,5,,2,006,"ROAD 204",SR-198,505.00,S,N,A,-,N,,,,,,,,,,Y,2,0,4,4,A,-,03,22350,,N,C,C,A,A,H,-,A,D,0,,,,,Y,,A,07,1,1,2,0,0,0,0,0,0,"- ","- ",36.324409484863281,-119.11686706542969,TULARE,UNINCORPORATED,-119.11698150634766,36.324485778808594
91458230,2020,2021-04-26,9481,2020-12-22,0445,021227,,2,3,9,5400,0,1,3,,1,037,SR-65,"AVENUE 32",2112.00,N,N,E,-,Y,,,65,,,,,,,Y,1,1,1,2,A,-,06,21750,,N,B,C,A,A,H,-,D,D,0,,,,Y,Y,,A,01,1,0,0,0,0,0,0,0,0,"- ","- ",35.854770660400391,-119.05374908447266,TULARE,UNINCORPORATED,-119.05374908447266,35.854770660400391
91464004,2021,2021-07-07,9481,2021-04-09,0705,016147,,5,1,9,5400,0,1,3,,1,032,"STATE ROUTE 190","ROAD 208",0.00,,Y,A,-,Y,,,190,,,,,,,Y,1,1,1,2,A,-,09,21802,A,N,D,C,A,A,H,-,A,A,0,,,,Y,Y,,A,07,1,0,0,0,0,0,0,0,0,"- ","- ",36.051219940185547,-119.10749053955078,TULARE,UNINCORPORATED,-119.10749053955078,36.05120849609375
91464665,2021,2021-05-03,9480,2021-02-04,2010,019427,,4,2,4,5406,0,1,3,,2,093,"STATE ROUTE 99 NORTHBOUND","PROSPERITY AVENUE",466.00,S,N,A,-,Y,,,99,,,,,,N,Y,1,1,0,3,A,-,11,21954,A,N,G,B,D,A,H,-,D,D,0,Y,,,,Y,,N,60,0,0,0,1,0,0,0,0,0,"- ","- ",36.2227783203125,-119.33271026611328,TULARE,TULARE,-119.33269500732422,36.222789764404297
91465113,2021,2021-05-04,9480,2021-04-24,0050,018809,,6,3,9,5400,0,3,5,,2,006,"SPACER DRIVE","AVENUE 200",3400.00,S,N,A,-,N,,,,,,,,,,Y,2,0,1,1,A,-,08,22107,,N,E,I,A,A,H,-,D,D,0,,,,,Y,,A,01,1,0,0,0,0,0,0,0,0,"- ","- ",36.146091461181641,-119.27790069580078,TULARE,UNINCORPORATED,-119.27822113037109,36.146221160888672
91467292,2021,2021-05-06,9480,2021-04-30,2035,016995,,5,2,9,5400,0,1,3,,1,044,"STATE ROUTE 198","HORSE CREEK RD",50.00,E,N,A,-,Y,,,,,,,,,,Y,2,0,2,1,A,-,08,22107,,N,E,I,A,A,H,-,C,A,0,,,Y,,Y,,C,02,1,1,0,0,0,0,0,0,2,"- ","- ",36.388420104980469,-119.94661712646484,TULARE,UNINCORPORATED,-118.94662475585938,36.388336181640625
91474913,2021,2021-05-17,9481,2021-05-08,1831,021183,,6,2,9,5400,0,1,3,,1,037,"STATE ROUTE 65","AVENUE 112",3696.00,S,N,A,-,Y,,,65,,,,,,,Y,2,0,1,1,A,-,08,22107,,N,E,I,A,A,H,-,A,D,0,,,,,Y,Y,A,01,1,0,0,0,0,0,0,0,0,"- ","- ",35.984668731689453,-119.05136871337891,TULARE,UNINCORPORATED,-119.05126953125,35.984611511230469
91475610,2021,2021-05-27,9480,2021-05-09,2303,018421,,7,3,5,5407,0,1,3,,1,064,"SR-198 W/B","PLAZA DR",425.00,E,N,A,-,Y,,,198,,,,,,W,Y,2,0,1,1,A,-,01,23152,A,N,F,A,A,A,H,-,D,D,0,,,,,Y,Y,A,01,1,0,0,0,0,0,0,0,0,"- ","- ",36.327339172363281,-119.38835906982422,TULARE,VISALIA,-119.38836669921875,36.327217102050781
91496704,2021,2021-06-14,9480,2021-02-05,1535,016995,,5,2,9,5400,0,3,5,,2,005,"AVENUE 120","ROAD 120",2112.00,W,N,A,-,N,,,,,,,,,,Y,1,1,1,2,A,-,06,21750,,N,D,C,A,A,H,-,A,D,0,,,,Y,Y,,G,25,0,0,1,0,0,0,0,0,0,"- ","- ",36.007701873779297,-119.31359100341797,TULARE,UNINCORPORATED,-119.31270599365234,36.007709503173828
91498222,2021,2021-06-16,9480,2021-06-14,2330,020612,,1,3,9,5400,0,1,3,,1,060,"STATE ROUTE 137","ROAD 168",2218.00,W,N,A,-,Y,,,137,,,,,,,Y,2,0,1,1,A,-,08,22107,,N,E,I,A,A,H,-,D,D,0,,,,,Y,Y,D,22,1,0,0,0,0,0,0,0,0,"- ","- ",36.210819244384766,-119.20636749267578,TULARE,UNINCORPORATED,-119.20636749267578,36.210735321044922
91499410,2021,2021-06-17,9480,2021-06-11,0130,020060,,5,3,9,5400,0,1,3,,2,093,"STATE ROUTE 99 S/B FROM DRIVE 92B","DRIVE 92B",42.00,S,N,A,-,Y,,,99,,,,R,,S,Y,2,0,1,1,A,-,01,23152,A,N,E,I,A,A,H,-,C,D,0,,,,,Y,Y,A,01,1,0,0,0,0,0,0,0,0,"- ","- ",36.266220092773438,-119.36416625976562,TULARE,UNINCORPORATED,-119.36416625976562,36.266220092773438
91514361,2021,2021-07-07,9480,2021-06-20,2310,019828,,7,3,9,5400,0,3,5,,2,001,"DRIVE 60","AVE. 320",2112.00,N,N,A,-,N,,,,,,,,,,Y,2,0,2,1,A,-,01,23152,A,N,E,I,A,A,H,-,C,A,0,,,,,Y,Y,A,08,1,1,0,0,0,0,0,0,0,"- ","- ",36.377311706542969,-119.43920135498047,TULARE,UNINCORPORATED,,
91523722,2021,2021-07-19,9480,2021-07-06,1809,019543,,2,2,9,5400,0,3,5,,2,002,"AVE 416",SR-63,50.00,W,N,A,-,N,,,,,,,,,,N,2,0,1,2,A,-,11,21954,A,N,G,B,D,A,H,-,A,D,0,Y,,,,Y,,N,60,1,0,0,0,1,0,0,0,0,"- ","- ",36.544750213623047,-119.28759765625,TULARE,UNINCORPORATED,-119.28706359863281,36.544727325439453
91525251,2021,2021-07-21,9480,2021-07-09,0445,018861,,5,3,9,5400,0,1,3,,2,093,"STATE ROUTE 99 (SOUTHBOUND)","AVENUE 152",4815.00,N,N,A,-,Y,,,99,,,,,,,Y,2,0,1,2,A,-,03,22350,,N,C,C,A,A,H,-,D,D,0,,,,Y,Y,,G,26,1,0,0,0,0,0,0,0,0,"- ","- ",36.078701019287109,-119.31884002685547,TULARE,UNINCORPORATED,-119.31886291503906,36.078693389892578
91527175,2021,2021-07-23,9481,2021-07-13,1530,020238,,2,2,9,5400,0,3,5,,2,030,"ROAD 193","STATE ROUTE 190",600.00,S,N,A,-,N,,,,,,,,,,N,2,0,1,1,A,-,08,22107,,N,H,A,A,A,H,-,A,D,0,,,,,Y,,A,42,1,0,0,0,0,0,0,0,0,"- ","- ",36.049591064453125,-119.13398742675781,TULARE,UNINCORPORATED,-119.13995361328125,36.049629211425781
91529633,2021,2021-07-27,9481,2021-07-20,0458,021183,,2,3,9,5400,0,3,5,,2,050,"E. TEAPOT DOME AVENUE","ROAD 248",0.00,,Y,A,-,N,,,,,,,,,,Y,2,0,6,2,A,-,01,23152,A,N,D,C,A,A,H,-,B,A,0,,,,,Y,Y,D,22,2,4,0,0,0,0,0,0,0,"- ","- ",36.022178649902344,-119.01789093017578,TULARE,UNINCORPORATED,-119.01760864257812,36.022212982177734
91533793,2021,2021-07-30,9480,2021-05-20,2114,019647,,4,2,9,5400,0,3,5,,2,006,"AVENUE 280 (WEST VISALIA ROAD)","ROAD 176",15.00,E,N,A,-,N,,,,,,,,,,Y,1,1,0,2,A,-,01,23152,F,N,C,C,A,A,H,-,C,D,0,,,Y,,Y,,C,02,0,0,0,0,0,0,0,1,0,"- ","- ",36.297698974609375,-119.18096923828125,TULARE,UNINCORPORATED,-119.18099975585938,36.297687530517578
91541639,2021,2021-08-10,9481,2021-08-07,1915,016776,,6,2,9,5400,0,3,5,,2,010,"TULE RIVER EAST OF ROAD 192","AVENUE 168",1000.00,N,N,A,-,N,,,,,,,,,,N,2,0,1,1,B,-,22,,,N,F,A,A,A,H,-,A,D,0,,,Y,,Y,,C,02,1,0,0,0,0,0,0,0,1,"- ","- ",36.097370147705078,-119.13481903076172,TULARE,UNINCORPORATED,,
91543569,2021,2021-09-23,9480,2021-04-28,0815,016233,,3,1,9,5400,0,1,3,,2,095,"STATE ROUTE 99 NORTHBOUND","AVENUE 24",7920.00,S,N,A,-,Y,,,99,,,,,,N,Y,1,1,0,1,A,-,08,22107,,N,E,I,A,A,H,-,A,D,0,,,,,Y,,D,22,0,0,0,0,0,0,0,0,0,"- ","- ",35.812339782714844,-119.25727844238281,TULARE,UNINCORPORATED,-119.25738525390625,35.81231689453125
91546115,2021,2021-08-16,9480,2021-08-04,1835,019543,,3,2,9,5400,0,3,5,,2,002,"AVENUE 392","ROAD 136",1056.00,E,N,A,-,N,,,,,,,,,,N,2,0,3,2,A,-,09,21804,A,N,D,C,A,A,H,-,A,D,0,,,Y,,Y,,C,06,3,0,0,0,0,0,0,0,3,"- ","- ",36.500968933105469,-119.26521301269531,TULARE,UNINCORPORATED,-119.26502990722656,36.5009765625
91558446,2021,2021-08-30,9481,2021-08-27,1725,021687,,5,2,9,5400,0,3,5,,2,050,"EAST SUCCESS DRIVE","SOUTH CONNER STREET",528.00,E,N,A,-,N,,,,,,,,,,Y,2,0,2,2,A,-,21,22106,,N,C,C,A,A,H,-,A,D,0,,,,,Y,,A,01,1,0,1,0,0,0,0,0,0,"- ","- ",36.057289123535156,-118.98335266113281,TULARE,UNINCORPORATED,-118.98432922363281,36.057411193847656
91562567,2021,2021-09-03,9480,2021-08-26,1405,016615,,4,2,9,5400,0,1,3,,1,044,SR-198,"LEMON HILL BOAT RAMP",2320.00,E,N,A,-,Y,,,198,,,,,,,Y,2,0,1,1,A,-,03,22350,,N,E,I,A,A,H,-,A,D,0,,,,,Y,,A,01,1,0,0,0,0,0,0,0,0,"- ","- ",36.406211853027344,-118.99301910400391,TULARE,UNINCORPORATED,-118.99300384521484,36.406074523925781
91570737,2021,2021-09-15,9480,2021-08-29,1610,019697,,7,2,9,5400,0,3,5,,2,006,"AVENUE 256","ROAD 140",2112.00,E,N,A,-,N,,,,,,,,,,Y,2,0,1,1,A,-,08,22107,,N,E,I,A,A,H,-,A,D,0,,,,,Y,,A,08,1,0,0,0,0,0,0,0,0,"- ","- ",36.255138397216797,-119.25285339355469,TULARE,UNINCORPORATED,-119.25354766845703,36.255081176757812
91575270,2021,2021-09-21,9480,2021-09-08,0030,018421,,3,3,9,5400,0,3,5,,2,004,"ROAD 200","AVENUE 348",575.00,N,N,A,-,N,,,,,,,,,,Y,2,0,1,1,A,-,08,22107,,N,E,I,A,A,H,-,D,D,0,,,,,Y,,A,01,1,0,0,0,0,0,0,0,0,"- ","- ",36.422569274902344,-119.12378692626953,TULARE,UNINCORPORATED,,
91587690,2021,2021-10-04,9480,2021-08-30,1437,019048,,1,2,9,5400,0,3,5,,2,004,"AVENUE 336","ROAD 162",237.00,W,N,A,-,N,,,,,,,,,,Y,1,1,1,2,A,-,08,22107,,N,D,C,A,A,H,-,A,D,0,,,,,Y,Y,A,01,0,0,1,0,0,0,0,0,0,"- ","- ",36.399429321289062,-119.21205139160156,TULARE,UNINCORPORATED,-119.21189117431641,36.399421691894531
91589173,2021,2021-10-06,9480,2021-09-26,2119,019349,,7,2,9,5400,0,3,5,,2,001,"RIGGIN AVENUE","AMERICAN STREET",75.00,W,N,A,-,N,,,,,,,,,,Y,2,0,1,2,A,-,01,23152,A,N,C,C,A,A,H,-,A,A,0,,,,,Y,Y,D,22,1,0,0,0,0,0,0,0,0,"- ","- ",36.356391906738281,-119.40390777587891,TULARE,UNINCORPORATED,-119.40354156494141,36.356239318847656
91611055,2021,2021-10-29,9480,2021-10-24,1915,016995,,7,2,9,5400,0,3,5,,2,001,"AVENUE 400","ROAD 56",0.00,,Y,A,-,N,,,,,,,,,,Y,2,0,3,2,A,-,01,23152,A,N,D,C,A,A,H,-,C,A,0,,,,,Y,Y,A,07,1,0,2,0,0,0,0,0,0,"- ","- ",36.517318725585938,-119.44876861572266,TULARE,UNINCORPORATED,-119.44869995117188,36.517372131347656
91619308,2021,2022-03-14,9480,2021-10-15,0155,021175,,5,3,9,5400,0,1,3,,1,030,"STATE ROUTE 137 (AVENUE 228)","ROAD 68",0.00,,Y,A,-,Y,,,,,,,,,,Y,1,1,1,2,A,-,01,23152,F,N,D,C,A,A,H,-,D,A,0,,,,,Y,Y,A,07,1,0,0,0,0,0,0,0,0,"- ","- ",36.203510284423828,-119.42115020751953,TULARE,UNINCORPORATED,-119.42115020751953,36.203472137451172
91626089,2021,2022-03-11,9480,2021-11-10,0705,016046,,3,1,9,5400,0,3,5,,2,004,"ROAD 172","AVENUE 360",1200.00,N,N,E,-,N,,,,,,,,,,Y,2,0,2,2,A,-,09,21801,A,N,A,C,A,A,H,-,A,D,0,,,,,Y,,A,07,1,1,0,0,0,0,0,0,0,"- ","- ",36.446479797363281,-119.18859100341797,TULARE,UNINCORPORATED,,
91650038,2021,2021-12-14,9480,2021-11-26,1930,020273,,5,2,9,5400,0,3,5,,2,006,"ROAD 140 NORTH OF AVENUE 260","AVENUE 260",1000.00,N,N,A,-,N,,,,,,,,,,Y,2,0,1,1,A,-,08,22107,,N,E,I,A,A,H,-,D,D,0,,,,,Y,,A,07,1,0,0,0,0,0,0,0,0,"- ","- ",36.2677001953125,-119.26065063476562,TULARE,UNINCORPORATED,-119.26071166992188,36.266033172607422
91650627,2021,2021-12-13,9480,2021-11-30,1538,019543,,2,2,9,5400,0,3,5,,2,002,"AVENUE 416","ROAD 112",7.00,E,N,A,-,N,,,,,,,,,,Y,2,0,1,2,A,-,09,21804,A,N,D,C,A,A,H,-,A,D,0,,,Y,,Y,,A,01,1,0,0,0,0,0,0,0,1,"- ","- ",36.545188903808594,-119.32206726074219,TULARE,UNINCORPORATED,-119.322767,36.545087000000002
91657645,2021,2021-12-21,9480,2021-12-07,0605,019427,,2,1,9,5400,0,3,5,,2,005,"AVENUE 56","ROAD 88",6864.00,E,N,A,-,N,,,,,,,,,,Y,2,0,1,1,A,-,08,22107,,N,E,I,A,A,H,-,D,D,0,,,,,Y,,A,07,1,0,0,0,0,0,0,0,0,"- ","- ",35.891761779785156,-119.35236358642578,TULARE,UNINCORPORATED,-119.35243988037109,35.891792297363281
91662528,2021,2021-12-27,9481,2021-09-11,1315,021183,,6,1,9,5400,0,3,5,,2,050,"AVENUE 56","MOUNTAIN 109 (OLD STAGE ROAD)",1584.00,W,N,A,-,N,,,,,,,,,,Y,1,1,1,2,A,-,05,21460,A,N,A,C,A,A,H,-,A,D,0,,,Y,,Y,Y,C,02,0,1,0,0,0,0,0,1,0,"- ","- ",35.891521453857422,-118.92304229736328,TULARE,UNINCORPORATED,-118.92336,35.891525000000001
91673331,2021,2022-03-14,9480,2021-10-03,2044,019647,,7,2,9,5400,0,3,5,,2,006,"AVENUE 264","ROAD 204 (SPRUCE ROAD)",50.00,E,N,A,-,N,,,,,,,,,,Y,1,1,0,1,A,-,01,23152,A,N,E,I,A,A,H,-,C,A,0,,,,,Y,,D,22,0,0,0,0,0,0,0,0,0,"- ","- ",36.267990112304688,-119.11788940429688,TULARE,UNINCORPORATED,-119.11808013916016,36.268337249755859
91676566,2021,2022-01-12,9481,2021-12-30,1803,018029,,4,2,9,5400,0,3,5,,2,030,"ROAD 232","AVENUE 96",1056.00,N,N,B,-,N,,,,,,,,,,N,2,0,1,2,A,-,11,21956,A,N,G,B,E,A,C,-,D,D,0,Y,,,,Y,,N,60,1,0,0,0,1,0,0,0,0,"- ","- ",35.967521667480469,-119.05381011962891,TULARE,UNINCORPORATED,-119.05454254150391,35.964916229248047
91678694,2022,2022-01-14,9480,2022-01-06,1550,021159,,4,2,9,5400,0,1,3,,2,095,"RD 68","AVE 120",528.00,S,N,A,-,Y,,,,,,,,,,Y,2,0,1,1,A,-,08,22107,,N,E,I,A,A,H,-,A,D,0,,,,,Y,,A,07,1,0,0,0,0,0,0,0,0,"- ","- ",36.001659393310547,-119.42019653320312,TULARE,UNINCORPORATED,,
91678708,2021,2022-01-14,9480,2021-12-11,1458,019543,,6,2,9,5400,0,3,5,,2,004,"AVENUE 300","AVENUE 224",400.00,W,N,A,-,N,,,,,,,,,,Y,1,1,3,1,A,-,03,22350,,N,F,A,A,B,F,-,A,A,0,,,,,Y,,A,07,0,0,3,0,0,0,0,0,0,"- ","- ",36.332561492919922,-119.07360076904297,TULARE,UNINCORPORATED,-119.07402500000001,36.332538999999997
91678710,2021,2022-01-14,9480,2021-12-16,0330,021249,,4,3,9,5400,0,3,5,,2,005,"ROAD 112","AVENUE 160",1056.00,S,N,B,-,N,,,,,,,,,,Y,1,1,1,2,A,-,03,22350,,N,C,C,A,A,H,-,D,D,0,,,,Y,Y,,A,01,0,0,1,0,0,0,0,0,0,"- ","- ",36.077728271484375,-119.31813049316406,TULARE,UNINCORPORATED,-119.32192993164062,36.07733154296875
91688532,2021,2022-01-28,9481,2021-12-26,0737,020238,,7,1,9,5400,0,1,3,,1,037,"STATE ROUTE 65","AVENUE 16",154.00,S,N,A,-,Y,,,65,,,,,,,Y,1,1,0,2,A,-,08,22107,,N,B,C,A,A,H,-,A,D,0,,,,Y,Y,,A,01,0,0,0,0,0,0,0,0,0,"- ","- ",35.822990417480469,-119.05355072021484,TULARE,UNINCORPORATED,-119.05360412597656,35.822990417480469
91694603,2022,2022-02-07,9481,2022-01-21,0752,017894,,5,1,9,5400,0,3,5,,2,030,"ROAD 152","AVENUE 120",2640.00,S,N,E,-,N,,,,,,,,,,Y,2,0,1,2,A,-,03,22350,,N,C,C,A,A,H,-,A,D,0,,,,Y,Y,,D,22,1,0,0,0,0,0,0,0,0,"- ","- ",35.999351501464844,-119.23261260986328,TULARE,UNINCORPORATED,-119.23268890380859,36.000484466552734
91699008,2022,2022-02-11,9481,2022-02-01,1525,018029,,2,2,9,5400,0,3,5,,2,030,"AVENUE 128","ROAD 208",0.00,,Y,A,-,N,,,,,,,,,,Y,2,0,1,3,A,-,09,21802,A,N,D,C,A,A,H,-,A,A,0,,,,,Y,,D,22,1,0,0,0,0,0,0,0,0,"- ","- ",36.022281646728516,-119.10745239257812,TULARE,UNINCORPORATED,-119.10746002197266,36.022293090820312
91703201,2022,2022-02-17,9480,2022-02-03,1850,019697,,4,2,9,5400,0,3,5,,2,006,"AVENUE 288","2ND ST.",82.00,E,N,A,-,N,,,,,,,,,,Y,2,0,1,3,A,-,03,22350,,N,C,C,A,A,H,-,D,D,0,,,Y,,Y,,C,02,1,0,0,0,0,0,0,0,1,"- ","- ",36.31243896484375,-119.22268676757812,TULARE,UNINCORPORATED,-119.22270202636719,36.312431335449219
91703247,2022,2022-02-17,9480,2022-02-05,2308,018421,,6,3,9,5400,0,3,5,,2,002,"ROAD 108","AVENUE 320",1426.00,N,N,A,-,N,,,,,,,,,,Y,2,0,1,2,A,-,09,21804,A,N,D,C,A,A,H,-,D,D,0,,,,,Y,Y,E,22,1,0,0,0,0,0,0,0,0,"- ","- ",36.375019073486328,-119.33220672607422,TULARE,UNINCORPORATED,-119.33220672607422,36.374935150146484
91707023,2022,2022-02-23,9480,2022-02-13,1710,020060,,7,2,9,5400,0,3,5,,2,006,"YOKOHL DR","AVENUE 296",20.00,N,N,A,-,N,,,,,,,,,,N,2,0,1,1,A,-,08,22107,,N,F,A,A,A,H,-,A,D,0,,Y,,,Y,,L,04,1,0,0,0,0,0,1,0,0,"- ","- ",36.325321197509766,-119.07662200927734,TULARE,UNINCORPORATED,-119.07654571533203,36.325283050537109
91711590,2022,2022-03-14,9480,2022-01-17,0833,012900,,1,1,9,5400,0,3,5,,2,006,"ROAD 140","AVENUE 256",2112.00,S,N,A,-,N,,,,,,,,,,Y,1,1,2,2,A,-,08,22107,,N,A,C,A,A,H,-,A,D,0,,,,,Y,,A,01,1,1,0,0,0,0,0,0,0,"- ","- ",36.24993896484375,-119.26064300537109,TULARE,UNINCORPORATED,-119.26063537597656,36.249664306640625
91715709,2022,2022-03-04,9480,2022-02-18,2003,021044,,5,2,9,5400,0,3,5,,2,006,"SR-137 W/B","ROAD 196",2587.00,W,N,A,-,Y,TUL,,137,,,26.841,H,,L,N,2,0,1,2,A,-,02,22400,A,N,C,C,A,A,H,-,D,D,0,,,,,Y,,M,94,1,0,0,0,0,0,0,0,0,"- ","- ",36.210899353027344,-119.14617919921875,TULARE,UNINCORPORATED,-119.14617919921875,36.210796356201172
91720620,2022,2022-03-11,9480,2022-03-07,0145,016145,,1,3,9,5400,0,1,3,,1,021,"SR-63 (ROAD 124)","FRIDEN AVENUE",39.00,S,N,B,-,Y,TUL,,63,,,11.200,H,,R,Y,2,0,1,2,A,-,01,23152,A,N,A,E,A,A,H,-,C,D,0,,,,Y,Y,Y,A,01,1,0,0,0,0,0,0,0,0,"- ","- ",36.3720703125,-119.29707336425781,TULARE,UNINCORPORATED,-119.29696655273438,36.3720703125
91721784,2022,2022-03-14,9480,2022-02-27,1315,020273,,7,1,9,5400,0,3,5,,2,004,"DRY CREEK",SR-216,68640.00,N,N,A,-,N,,,,,,,,,,N,2,0,1,1,A,-,08,22107,,N,F,A,A,A,H,-,A,D,0,,,Y,,Y,,C,02,1,0,0,0,0,0,0,0,1,"- ","- ",36.570930480957031,-119.0224609375,TULARE,UNINCORPORATED,-119.02195739746094,36.571182250976562
9172416,2020,2020-12-14,5407,2020-09-24,1146,M222,480,4,5,5,5407,0,0,0,,0,025,"RT 63","PEARL ST",0.00,,Y,A,-,Y,TUL,6,63,-,R,8.889,I,5,N,N,2,0,1,2,A,-,08,22108,,N,B,C,A,A,H,-,A,A,0,,,,,Y,,A,07,1,0,0,0,0,0,0,0,0,"- ","- ",36.339130401611328,-119.29366302490234,TULARE,VISALIA,-119.29373931884766,36.339160919189453
91731145,2022,2022-03-24,9480,2022-03-14,1810,019349,,1,2,9,5400,0,3,5,,2,003,"PROSPERITY AVE","PALM STREET",0.00,,Y,A,-,N,,,,,,,,,,Y,2,0,3,2,A,-,09,21801,A,N,D,C,A,A,H,-,A,A,0,,,,,Y,,A,01,3,0,0,0,0,0,0,0,0,"- ","- ",36.225410461425781,-119.40251922607422,TULARE,UNINCORPORATED,-119.40253448486328,36.225433349609375
91737379,2022,2022-03-30,9480,2022-03-17,0800,012900,,4,1,9,5400,0,3,5,,2,006,SR-137,"ROAD 152",3696.00,E,N,B,-,Y,TUL,,137,,,22.704,H,,R,Y,2,0,1,1,A,-,03,22350,,N,E,I,A,A,H,-,A,D,0,,,,,Y,,A,07,1,0,0,0,0,0,0,0,0,"- ","- ",36.210910797119141,-119.22019195556641,TULARE,UNINCORPORATED,-119.22019195556641,36.210834503173828
9173751,2020,2020-12-14,5407,2020-10-06,1020,M222,480,2,5,5,5407,0,0,0,,0,026,"BEN MADDOX WY","BUENA VISTA",380.00,S,N,A,-,N,,,,,,,,,,N,2,0,1,2,A,-,07,21658,A,N,B,C,A,A,H,-,A,A,0,,,Y,,Y,,C,02,1,0,0,0,0,0,0,0,1,"- ","- ",36.344371795654297,-119.27896881103516,TULARE,VISALIA,-119.27883911132812,36.344585418701172
91741400,2022,2022-04-05,9481,2022-03-23,1520,018029,,3,2,9,5400,0,1,3,,1,037,"STATE ROUTE 65","AVENUE 12",0.00,,Y,A,-,Y,TUL,,65,,,1.486,H,,R,N,2,0,1,1,A,-,03,22350,,N,F,A,A,A,H,-,A,D,0,,,Y,,Y,,C,02,1,0,0,0,0,0,0,0,1,"- ","- ",35.812400817871094,-119.05359649658203,TULARE,UNINCORPORATED,-119.05355834960938,35.812400817871094
91741973,2022,2022-04-06,9481,2022-03-26,2340,018595,,6,3,9,5400,0,1,3,,1,032,"STATE ROUTE 190","ROAD 232",2640.00,W,N,A,-,Y,TUL,,190,,,13.998,H,,R,Y,2,0,2,2,A,-,01,23152,F,N,C,C,A,A,H,-,D,D,0,,,,,Y,,A,01,2,0,0,0,0,0,0,0,0,"- ","- ",36.05133056640625,-119.06104278564453,TULARE,UNINCORPORATED,-119.06104278564453,36.051326751708984
91745022,2022,2022-04-11,9481,2022-03-31,1700,018029,,4,2,9,5400,0,3,5,,2,050,"MOUNTAIN ROAD 56","MOUNTAIN ROAD 109",6336.00,E,N,A,-,N,,,,,,,,,,Y,2,0,1,1,A,-,08,22107,,N,E,I,A,A,H,-,A,D,0,,,,,Y,,A,01,1,0,0,0,0,0,0,0,0,"- ","- ",35.891578674316406,-118.898193359375,TULARE,UNINCORPORATED,,
91749217,2022,2022-04-15,9480,2022-04-08,1845,020837,,5,2,9,5400,0,1,3,,1,060,"STATE ROUTE 137","ROAD 180",2640.00,W,N,A,-,N,,,,,,,,,,Y,2,0,3,1,A,-,08,22107,,N,F,A,A,A,H,-,B,D,0,,,,,Y,,A,07,1,2,0,0,0,0,0,0,0,"- ","- ",36.211071014404297,-119.18206787109375,TULARE,UNINCORPORATED,-119.18206787109375,36.210781097412109
91762359,2022,2022-05-24,9480,2022-04-24,1840,020837,,7,2,9,5400,0,3,5,,2,001,"AVENUE 378","ROAD 60",0.00,,Y,A,-,N,,,,,,,,,,Y,2,0,5,3,A,-,09,21802,A,N,D,C,A,A,H,-,A,A,0,,,,,Y,,A,01,1,4,0,0,0,0,0,0,0,"- ","- ",36.47711181640625,-119.43865966796875,TULARE,UNINCORPORATED,-119.43852996826172,36.477100372314453