CASE_ID,ACCIDENT_YEAR,PROC_DATE,JURIS,COLLISION_DATE,COLLISION_TIME,OFFICER_ID,REPORTING_DISTRICT,DAY_OF_WEEK,CHP_SHIFT,POPULATION,CNTY_CITY_LOC,SPECIAL_COND,BEAT_TYPE,CHP_BEAT_TYPE,CITY_DIVISION_LAPD,CHP_BEAT_CLASS,BEAT_NUMBER,PRIMARY_RD,SECONDARY_RD,DISTANCE,DIRECTION,INTERSECTION,WEATHER_1,WEATHER_2,STATE_HWY_IND,CALTRANS_COUNTY,CALTRANS_DISTRICT,STATE_ROUTE,ROUTE_SUFFIX,POSTMILE_PREFIX,POSTMILE,LOCATION_TYPE,RAMP_INTERSECTION,SIDE_OF_HWY,TOW_AWAY,COLLISION_SEVERITY,NUMBER_KILLED,NUMBER_INJURED,PARTY_COUNT,PRIMARY_COLL_FACTOR,PCF_CODE_OF_VIOL,PCF_VIOL_CATEGORY,PCF_VIOLATION,PCF_VIOL_SUBSECTION,HIT_AND_RUN,TYPE_OF_COLLISION,MVIW,PED_ACTION,ROAD_SURFACE,ROAD_COND_1,ROAD_COND_2,LIGHTING,CONTROL_DEVICE,CHP_ROAD_TYPE,PEDESTRIAN_ACCIDENT,BICYCLE_ACCIDENT,MOTORCYCLE_ACCIDENT,TRUCK_ACCIDENT,NOT_PRIVATE_PROPERTY,ALCOHOL_INVOLVED,STWD_VEHTYPE_AT_FAULT,CHP_VEHTYPE_AT_FAULT,COUNT_SEVERE_INJ,COUNT_VISIBLE_INJ,COUNT_COMPLAINT_PAIN,COUNT_PED_KILLED,COUNT_PED_INJURED,COUNT_BICYCLIST_KILLED,COUNT_BICYCLIST_INJURED,COUNT_MC_KILLED,COUNT_MC_INJURED,PRIMARY_RAMP,SECONDARY_RAMP,LATITUDE,LONGITUDE,COUNTY,CITY,POINT_X,POINT_Y
91763383,2022,2022-05-03,9480,2022-04-24,1005,018202,,7,1,9,5400,0,1,3,,1,060,SR-137,"RD. 168",0.00,,Y,A,-,Y,TUL,,137,,,23.900,H,,R,Y,2,0,1,2,A,-,09,21802,A,N,D,C,A,A,H,-,A,A,0,,,Y,,Y,,A,01,1,0,0,0,0,0,0,0,1,"- ","- ",36.210769653320312,-119.19879150390625,TULARE,UNINCORPORATED,-119.19879150390625,36.210700988769531
91768087,2022,2022-05-09,9480,2022-05-01,1610,019349,,7,2,9,5400,0,1,3,,1,030,"STATE ROUTE 137","ROAD 24",1267.00,E,N,A,-,N,,,,,,,,,,Y,2,0,2,2,A,-,08,22107,,N,A,C,A,A,H,-,A,D,0,,,,,Y,,A,01,1,1,0,0,0,0,0,0,0,"- ","- ",36.134700775146484,-119.51522827148438,TULARE,UNINCORPORATED,-119.51522827148438,36.134696960449219
91780092,2022,2022-05-30,9481,2022-05-17,1457,017991,,2,2,9,5400,0,1,3,,1,037,"STATE ROUTE 65","AVENUE 32",0.00,,Y,A,-,Y,TUL,,65,,,4.005,H,,R,Y,2,0,2,2,A,-,09,21802,A,N,D,C,A,A,H,-,A,A,0,,,,,Y,,A,01,2,0,0,0,0,0,0,0,0,"- ","- ",35.848720550537109,-119.05372619628906,TULARE,UNINCORPORATED,-119.05373382568359,35.848720550537109
91780371,2022,2022-05-25,9480,2022-04-01,0005,019828,,5,3,9,5400,0,1,3,,1,044,"STATE ROUTE 198 (SIERRA DRIVE)","EGGERS DRIVE",400.00,E,N,A,-,Y,TUL,,198,,,39.034,H,,R,Y,1,1,3,1,A,-,08,22107,,N,E,8,A,A,H,-,D,D,0,,,,,Y,,A,01,1,1,1,0,0,0,0,0,0,"- ","- ",36.44525146484375,-118.90249633789062,TULARE,UNINCORPORATED,-118.90248107910156,36.445243835449219
91789060,2022,2022-06-06,9480,2022-06-01,2107,019048,,3,2,9,5400,0,3,5,,2,004,"ROAD 144","AVENUE 320",0.00,,Y,A,-,N,,,,,,,,,,N,2,0,1,2,A,-,09,21801,A,N,D,C,A,A,H,-,D,D,0,,,Y,,Y,,A,01,1,0,0,0,0,0,0,0,1,"- ","- ",36.371021270751953,-119.25205230712891,TULARE,UNINCORPORATED,-119.25193023681641,36.3709716796875
91789137,2022,2022-06-06,9480,2022-06-03,1710,020837,,5,2,9,5400,0,3,5,,2,005,"AVENUE 120","BAYOU VISTA SIDE DITCH",1584.00,W,N,A,-,N,,,,,,,,,,Y,2,0,1,2,A,-,01,23152,A,M,C,C,A,A,H,-,A,D,0,,,,,Y,Y,A,07,1,0,0,0,0,0,0,0,0,"- ","- ",36.007289886474609,-119.47499084472656,TULARE,UNINCORPORATED,,
9179004,2020,2020-12-04,5407,2020-09-29,1524,M66,480,2,5,5,5407,0,0,0,,0,,"LOCUST ST","MINRAL KING AV",0.00,,Y,A,-,Y,TUL,6,63,-,-,8.013,I,5,S,Y,2,0,2,2,A,-,12,21453,A,N,D,A,A,A,H,-,A,A,0,,,,Y,Y,,F,27,1,0,1,0,0,0,0,0,0,"- ","- ",36.327430725097656,-119.29341125488281,TULARE,VISALIA,-119.29341888427734,36.327434539794922
9179420,2020,2020-11-12,5407,2020-09-25,0103,A186,480,5,5,5,5407,0,0,0,,0,,SUNSET,MAIN,150.00,W,N,A,-,N,,,,,,,,,,Y,2,0,1,1,A,-,01,23152,A,N,E,I,A,A,H,-,C,A,0,,,,,Y,Y,A,01,1,0,0,0,0,0,0,0,0,"- ","- ",36.320209503173828,-119.31392669677734,TULARE,VISALIA,-119.31658172607422,36.329700469970703
91795661,2022,2022-06-15,9481,2022-06-13,1437,018113,,1,2,9,5400,0,3,5,,2,030,"ROAD 192","AVENUE 128",1322.00,S,N,A,-,N,,,,,,,,,,Y,2,0,1,2,A,-,09,21804,A,N,D,C,A,A,H,-,A,D,0,,,,,Y,,D,22,1,0,0,0,0,0,0,0,0,"- ","- ",36.018970489501953,-119.14353179931641,TULARE,UNINCORPORATED,-119.14351654052734,36.018932342529297
91800121,2022,2022-06-22,9480,2022-06-10,1020,012900,,5,1,9,5400,0,1,3,,1,063,"SR63 (MOONEY BLVD)","AVE 256",125.00,S,N,A,-,Y,TUL,,63,,,2.996,H,,R,Y,2,0,13,5,A,-,03,22350,,N,C,C,A,A,H,-,A,A,0,,,,,Y,,A,01,1,2,10,0,0,0,0,0,0,"- ","- ",36.254810333251953,-119.31302642822266,TULARE,UNINCORPORATED,-119.31307983398438,36.254810333251953
91802033,2022,2022-06-23,9480,2022-04-07,1630,016995,,4,2,9,5400,0,1,3,,1,065,"STATE ROUTE 65","AVENUE 256",0.00,,Y,A,-,Y,TUL,,65,,,34.559,H,,R,Y,1,1,0,2,A,-,09,21801,A,N,D,C,A,A,H,-,A,D,0,,,Y,,Y,,A,01,0,0,0,0,0,0,0,1,0,"- ","- ",36.253570556640625,-119.13636016845703,TULARE,UNINCORPORATED,-119.1363525390625,36.253570556640625
91807271,2022,2022-06-30,9480,2022-06-18,1830,019697,,6,2,9,5400,0,3,5,,2,006,"AVENUE 288 (MARINETTE AVE)","ROAD 180",1478.00,W,N,A,-,N,,,,,,,,,,Y,2,0,5,1,A,-,01,23152,A,N,F,A,A,A,H,-,A,D,0,,,,,Y,Y,A,01,1,3,1,0,0,0,0,0,0,"- ","- ",36.311988830566406,-119.1761474609375,TULARE,UNINCORPORATED,-119.17610931396484,36.312007904052734
91811948,2022,2022-07-07,9480,2022-06-20,1653,021044,,1,2,9,5400,0,3,5,,2,006,"ROAD 164","SANTA ROSA STREET",35.00,N,N,A,-,N,,,,,,,,,,Y,2,0,2,3,A,-,08,22107,,N,A,C,A,A,H,-,A,D,0,,,,,Y,,D,22,1,1,0,0,0,0,0,0,0,"- ","- ",36.283779144287109,-119.20742797851562,TULARE,UNINCORPORATED,-119.20732879638672,36.283397674560547
91812333,2022,2022-07-07,9480,2022-07-03,1600,020837,,7,2,9,5400,0,3,5,,2,006,"YOKOHL DRIVE","ROCKY HILL DRIVE",5808.00,N,N,A,-,N,,,,,,,,,,Y,2,0,1,1,A,-,01,23152,A,N,E,I,A,A,H,-,A,D,0,,,,,Y,Y,A,07,1,0,0,0,0,0,0,0,0,"- ","- ",36.312808990478516,-119.07108306884766,TULARE,UNINCORPORATED,-119.07099151611328,36.31256103515625
91814981,2022,2022-07-12,9480,2022-04-15,1802,018521,,5,2,9,5400,0,3,5,,2,002,"ROAD 112","AVENUE 416",0.00,,Y,A,-,N,,,,,,,,,,Y,1,1,1,2,A,-,12,22450,A,N,D,C,A,A,H,-,A,A,0,,,,,Y,,A,01,0,1,0,0,0,0,0,0,0,"- ","- ",36.545158386230469,-119.32273101806641,TULARE,UNINCORPORATED,,
91819264,2022,2022-07-18,9480,2022-07-10,0445,020450,,7,3,9,5400,0,3,5,,2,003,"SR-137(ROAD 36)","AVENUE 208",300.00,N,N,A,-,N,,,,,,,,,,Y,2,0,1,1,A,-,08,22107,,N,E,I,A,A,H,-,D,D,0,,,,,Y,Y,A,07,1,0,0,0,0,0,0,0,0,"- ","- ",36.168510437011719,-119.49315643310547,TULARE,UNINCORPORATED,-119.49319458007812,36.168510437011719
91824337,2022,2022-10-13,9480,2022-06-19,0256,020060,,7,3,5,5407,0,1,3,,1,064,"STATE ROUTE 198 WESTBOUND","WOODLAND STREET OVERCROSSING",186.00,E,N,A,-,Y,TUL,,198,,R,8.544,H,,L,Y,1,1,0,1,A,-,08,22107,,N,E,8,A,A,H,-,D,D,0,,,,,Y,Y,A,01,0,0,0,0,0,0,0,0,0,"- ","- ",36.327461242675781,-119.31775665283203,TULARE,VISALIA,-119.31777954101562,36.327327728271484
91825077,2022,2022-07-26,9480,2022-07-21,0557,018521,,4,3,9,5400,0,3,5,,2,001,"AVE 284","RD 60",0.00,,Y,A,-,N,,,,,,,,,,Y,2,0,1,2,A,-,08,22107,,N,D,C,A,A,H,-,A,D,0,,,,,Y,,A,01,1,0,0,0,0,0,0,0,0,"- ","- ",36.488250732421875,-119.43849945068359,TULARE,UNINCORPORATED,,
91829991,2022,2022-08-01,9480,2022-07-28,1155,016046,,4,1,9,5400,0,3,5,,2,004,"ROAD 172","AVENUE 360",2640.00,S,N,A,-,N,,,,,,,,,,N,2,0,1,1,A,-,08,22107,,N,E,I,A,D,H,-,A,D,0,,,,,Y,,D,22,1,0,0,0,0,0,0,0,0,"- ","- ",36.439289093017578,-119.18849182128906,TULARE,UNINCORPORATED,,
91842562,2022,2022-08-17,9480,2022-08-07,2120,019828,,7,2,9,5400,0,1,3,,1,030,"SR-137 (AVE.199)","SR-137 (CURTI RD.)",0.00,,Y,A,-,Y,TUL,,137,,,2.912,H,,R,Y,2,0,1,1,A,-,01,23152,A,N,F,0,A,A,H,-,C,A,0,,,Y,,Y,Y,C,02,1,0,0,0,0,0,0,0,1,"- ","- ",36.150131225585938,-119.50463104248047,TULARE,UNINCORPORATED,-119.50455474853516,36.150096893310547
91853286,2022,2022-10-06,9481,2022-08-25,0540,015290,,4,3,9,5400,0,3,5,,2,030,"ROAD 208","AVENUE 112",2112.00,S,N,A,-,N,,,,,,,,,,Y,2,0,6,2,A,-,05,21650,,N,A,C,A,A,H,-,D,D,0,,,,,Y,,A,01,2,3,1,0,0,0,0,0,0,"- ","- ",35.987251281738281,-119.10752105712891,TULARE,UNINCORPORATED,-119.10740661621094,35.987483978271484
91861985,2022,2022-09-12,9480,2022-08-17,1740,019846,,3,2,9,5400,0,3,5,,2,006,"YOKOHL DRIVE","ROCKY HILL DRIVE",4541.00,N,N,A,-,N,,,,,,,,,,Y,1,1,0,1,A,-,08,22107,,N,E,I,A,A,H,-,A,D,0,,,,,Y,,A,01,0,0,0,0,0,0,0,0,0,"- ","- ",36.309490203857422,-119.06986999511719,TULARE,UNINCORPORATED,-119.06974029541016,36.309234619140625
91863594,2022,2022-09-13,9480,2022-09-08,0820,018202,,4,1,5,5407,0,1,3,,1,064,"SR-198 W/B","SHIRK RD",528.00,E,N,A,-,Y,TUL,,198,,,5.898,H,,L,Y,2,0,2,3,A,-,03,22350,,N,C,C,A,A,H,-,A,D,0,,,,,Y,,A,01,1,0,1,0,0,0,0,0,0,"- ","- ",36.327228546142578,-119.36518859863281,TULARE,VISALIA,-119.36518859863281,36.327255249023438
91864557,2022,2022-09-20,9480,2022-09-08,1935,019543,,4,2,2,5404,0,3,5,,2,002,"FOOTHILL AVENUE","SIERRA VIEW ST",70.00,N,N,A,-,N,,,,,,,,,,Y,2,0,2,2,A,-,01,23152,A,N,B,C,A,A,H,-,D,D,0,,,,,Y,Y,D,22,1,1,0,0,0,0,0,0,0,"- ","- ",36.214351654052734,-119.07363128662109,TULARE,LINDSAY,-119.07363891601562,36.214561462402344
91864567,2022,2022-09-14,9481,2022-08-20,0916,017957,,6,1,9,5400,0,2,4,,1,031,"AVENUE 152","NORTH REDWOOD ROAD",400.00,W,N,A,-,N,,,,,,,,,,Y,1,1,0,1,A,-,01,23152,,N,E,I,A,A,H,-,A,D,0,,,,,Y,Y,A,01,0,0,0,0,0,0,0,0,0,"- ","- ",36.065830230712891,-119.08042907714844,TULARE,UNINCORPORATED,-119.08061218261719,36.065811157226562
91867014,2022,2022-09-19,9481,2022-09-08,0932,015290,,4,1,9,5400,0,3,5,,2,030,"ROAD 152","AVENUE 8",0.00,,Y,A,-,N,,,,,,,,,,Y,2,0,1,2,A,-,09,21802,A,N,D,C,A,A,H,-,A,A,0,,,,Y,Y,,F,25,1,0,0,0,0,0,0,0,0,"- ","- ",35.804981231689453,-119.23240661621094,TULARE,UNINCORPORATED,-119.23242950439453,35.804950714111328
9188245,2020,2020-12-07,5405,2020-10-18,1751,270,,7,5,4,5405,0,0,0,,0,,"RT 65","NORTH GRAND AV",54.00,N,N,A,-,Y,TUL,6,65,-,-,21.370,H,-,S,Y,2,0,2,2,A,-,03,22350,,N,C,C,A,A,H,-,C,A,0,,,,,Y,,A,01,1,1,0,0,0,0,0,0,0,"- ","- ",,,TULARE,PORTERVILLE,-119.04019165039062,36.098106384277344
91882725,2022,2022-10-05,9480,2022-09-28,2115,016145,,3,2,9,5400,0,3,5,,2,002,"AVE. 412","RD. 112",0.00,,Y,A,-,N,,,,,,,,,,Y,2,0,1,1,A,-,01,23152,A,N,E,J,A,A,H,-,D,D,0,,,,,Y,,A,01,1,0,0,0,0,0,0,0,0,"- ","- ",36.536479949951172,-119.32254028320312,TULARE,UNINCORPORATED,-119.32262420654297,36.536472320556641
91885286,2022,2022-10-07,9480,2022-09-24,0435,018861,,6,3,9,5400,0,1,3,,1,030,"STATE ROUTE 137 (INYO AVENUE)","ENTERPRISE STREET (ROAD 84)",792.00,W,N,A,-,Y,TUL,,137,,,13.148,H,,R,N,2,0,1,2,A,-,01,23152,A,N,B,C,A,A,H,-,D,D,0,,,,Y,Y,Y,A,01,1,0,0,0,0,0,0,0,0,"- ","- ",36.203300476074219,-119.38671112060547,TULARE,UNINCORPORATED,-119.38670349121094,36.203342437744141
91888098,2022,2022-10-12,9481,2022-09-01,1105,020917,,4,1,9,5400,0,1,3,,1,053,"STATE ROUTE 190","SUCCESS VALLEY DRIVE",3696.00,E,N,A,-,Y,,,,,,,,,,Y,1,2,0,2,A,-,05,21460,A,N,A,C,A,A,H,-,A,D,0,,,,,Y,,D,22,0,0,0,0,0,0,0,0,0,"- ","- ",36.08734130859375,-118.89116668701172,TULARE,UNINCORPORATED,-118.89138793945312,36.087631225585938
91894381,2022,2022-10-19,9481,2022-08-19,1529,019422,,5,2,9,5400,0,2,4,,1,011,"AVENUE 192","ROAD 168",146.00,W,N,A,-,N,,,,,,,,,,Y,1,1,0,1,A,-,08,22107,,N,E,I,A,A,H,-,A,D,0,,,,,Y,,A,01,0,0,0,0,0,0,0,0,0,"- ","- ",36.138309478759766,-119.19702911376953,TULARE,UNINCORPORATED,-119.19719696044922,36.138259887695312
91896095,2022,2022-10-21,9480,2022-10-11,1045,016240,,2,1,9,5400,0,3,5,,2,001,"ROAD 80","AVENUE 384",1495.00,S,N,A,-,N,,,,,,,,,,Y,2,0,2,2,A,-,08,22107,,N,D,C,A,A,H,-,A,D,0,,,,,Y,,A,01,1,1,0,0,0,0,0,0,0,"- ","- ",36.483848571777344,-119.39488983154297,TULARE,UNINCORPORATED,-119.39408111572266,36.483882904052734
91918282,2022,2022-11-15,9480,2022-11-13,2220,018421,,7,3,9,5400,0,3,5,,2,001,"AVENUE 392","ROAD 12",0.00,,Y,A,-,N,,,,,,,,,,Y,2,0,3,2,A,-,12,22450,A,N,D,C,A,A,H,-,D,A,0,,,,,Y,,A,01,1,2,0,0,0,0,0,0,0,"- ","- ",36.503398895263672,-119.54792785644531,TULARE,UNINCORPORATED,-119.54792785644531,36.503379821777344
91919451,2022,2022-11-16,9480,2022-10-08,2322,021175,,6,3,5,5407,0,1,3,,1,064,"STATE ROUTE 198","SHIRK ROAD",2640.00,W,N,A,-,Y,TUL,,198,,,5.279,H,,L,Y,1,1,0,1,A,-,01,23152,A,N,F,A,A,A,H,-,D,D,0,,,,,Y,Y,A,01,0,0,0,0,0,0,0,0,0,"- ","- ",36.327381134033203,-119.37626647949219,TULARE,VISALIA,-119.37626647949219,36.327243804931641
91932303,2022,2022-12-02,9481,2022-11-12,1355,018029,,6,1,9,5400,0,3,5,,2,030,"AVENUE 0/COUNTY LINE ROAD","ROAD 172",0.00,,Y,A,-,N,,,,,,,,,,Y,2,0,2,3,A,-,08,22107,,N,D,E,F,A,H,-,A,D,0,Y,,,,Y,,A,01,1,0,1,0,1,0,0,0,0,"- ","- ",35.790580749511719,-119.1876220703125,TULARE,UNINCORPORATED,-119.18778228759766,35.790542602539062
91935525,2022,2022-12-06,9480,2022-11-22,1638,019543,,2,2,9,5400,0,3,5,,2,002,SR-63,"AVENUE 368",0.00,,Y,A,-,Y,TUL,,63,,,17.111,H,,R,Y,2,0,2,2,A,-,09,21802,A,N,D,C,A,A,H,-,A,A,0,,,,,Y,,D,22,1,0,1,0,0,0,0,0,0,"- ","- ",36.457759857177734,-119.29541778564453,TULARE,UNINCORPORATED,-119.29544830322266,36.457759857177734
91943131,2022,2022-12-15,9480,2022-12-07,2500,019349,,3,4,9,5400,0,3,5,,2,005,"AVENUE 112","ROAD 40",0.00,,Y,B,-,N,,,,,,,,,,Y,2,0,1,1,A,-,03,22350,,N,E,J,A,B,H,-,D,A,0,,,,,Y,,A,01,1,0,0,0,0,0,0,0,0,"- ","- ",35.992828369140625,-119.48262023925781,TULARE,UNINCORPORATED,-119.48265075683594,35.992782592773438
91951169,2022,2022-12-23,9480,2022-08-03,0315,018421,,3,3,9,5400,0,1,3,,2,093,"STATE ROUTE 99 N/B (SR-99 N/B)","DRIVE 92B",1860.00,N,N,A,-,Y,TUL,,99,,,34.301,H,,R,Y,2,0,27,2,A,-,03,22350,,N,E,8,A,A,H,-,D,D,0,,,,,Y,,I,11,4,13,10,0,0,0,0,0,0,"- ","- ",36.271099090576172,-119.36720275878906,TULARE,UNINCORPORATED,-119.3673095703125,36.271049499511719
91951200,2022,2022-12-23,9480,2022-12-21,0655,017108,,3,1,9,5400,0,3,5,,2,003,"AVENUE 184","ROAD 64",0.00,,Y,B,-,N,,,,,,,,,,Y,2,0,3,2,A,-,09,21801,A,N,A,C,A,A,H,-,A,A,0,,,,,Y,,A,01,1,1,1,0,0,0,0,0,0,"- ","- ",36.123600006103516,-119.42899322509766,TULARE,UNINCORPORATED,-119.42899322509766,36.123622894287109
91954755,2022,2022-12-28,9480,2022-12-19,1730,019543,,1,2,5,5407,0,1,3,,1,064,SR-198,"AKERS ST",2088.00,W,N,A,-,Y,TUL,,198,,,6.358,H,,R,Y,2,0,1,3,A,-,08,22107,,F,B,C,A,A,H,-,D,D,0,,,,,Y,,-,99,1,0,0,0,0,0,0,0,0,"- ","- ",36.327121734619141,-119.35695648193359,TULARE,VISALIA,-119.35695648193359,36.327068328857422
91960898,2023,2023-01-05,9481,2023-01-03,1145,015290,,2,1,9,5400,0,1,3,,1,053,"STATE ROUTE 190","ROAD 284",4224.00,W,N,A,-,Y,TUL,,190," "," ",20.312,H,,R,Y,2,0,2,2,A,-,03,22350,,N,C,C,A,A,H,-,A,D,0,,,,,Y,,A,01,1,1,0,0,0,0,0,0,0,"- ","- ",36.044200897216797,-118.95056915283203,TULARE,UNINCORPORATED,-118.95057678222656,36.044242858886719
91961208,2022,2023-01-05,9480,2022-09-06,1240,016240,,2,1,9,5400,0,3,5,,2,001,"AVENUE 384","ROAD 56",2112.00,W,N,A,-,N,,,,,,,,,,Y,1,1,0,2,A,-,01,23152,A,N,A,C,A,A,H,-,A,D,0,,,,Y,Y,Y,D,22,0,0,0,0,0,0,0,0,0,"- ","- ",36.488479614257812,-119.45513153076172,TULARE,UNINCORPORATED,-119.45598602294922,36.488494873046875
91999025,2023,2023-02-21,9480,2023-02-18,1230,017108,,6,1,9,5400,0,3,5,,2,001,"ROAD 74","AVENUE 392",1267.00,S,N,A,-,N,,,,,,,,,,Y,2,0,1,1,A,-,08,22107,,N,F,A,A,A,H,-,A,D,0,,,,,Y,,A,01,1,0,0,0,0,0,0,0,0,"- ","- ",36.498889923095703,-119.40821838378906,TULARE,UNINCORPORATED,-119.40824127197266,36.499073028564453
92002361,2023,2023-02-24,9481,2023-02-23,"530 ",017957,,4,3,9,5400,0,1,3,,1,053,SR-190,"PIERPOINT DRIVE",5280.00,W,N,B,D,Y,TUL,,190," "," ",45.611,H,,R,Y,2,0,1,1,A,-,03,22350,,N,F,A,A,C,H,-,D,D,0,,,,,Y,,A,01,1,0,0,0,0,0,0,0,0,"- ","- ",36.144001007080078,-118.64460754394531,TULARE,UNINCORPORATED,-118.64469909667969,36.144004821777344
92011662,2023,2023-03-07,9480,2023-03-01,"154 ",017452,,3,3,9,5400,0,1,3,,2,091,"SR-99 N/B","AVENUE 328",264.00,S,N,B,C,Y,TUL,,99," "," ",43.354,H,,R,Y,2,0,1,1,C,-,18,,,N,E,J,A,B,G,-,D,D,0,,,,,Y,,-,"- ",1,0,0,0,0,0,0,0,0,"- ","- ",36.384708404541016,-119.44339752197266,TULARE,UNINCORPORATED,-119.44338989257812,36.384716033935547
92042267,2023,2023-04-13,9480,2023-04-01,1930,019349,,6,2,9,5400,0,1,3,,1,010,"STATE ROUTE 201 (AVENUE 400)","ROAD 74",0.00,,Y,A,-,Y,TUL,,201," "," ",7.189,H,,R,Y,2,0,2,2,A,-,12,22450,A,N,D,C,A,A,H,-,C,A,0,,,,,Y,,A,01,2,0,0,0,0,0,0,0,0,"- ","- ",36.517051696777344,-119.40837097167969,TULARE,UNINCORPORATED,-119.40837097167969,36.517055511474609
92044525,2023,2023-04-13,9480,2023-04-03,2315,020612,,1,3,9,5400,0,3,5,,2,006,"ROAD 140","AVENUE 248",860.00,N,N,A,-,N,,,,,,,,,,N,2,0,1,2,A,-,11,21956,A,N,G,B,E,A,H,-,D,D,0,Y,,,,Y,,N,60,1,0,0,0,1,0,0,0,0,"- ","- ",36.242740631103516,-119.26058197021484,TULARE,UNINCORPORATED,-119.26057434082031,36.242721557617188
92044708,2023,2023-04-14,9480,2023-04-02,2053,020890,,7,2,5,5407,0,1,3,,1,064,"STATE ROUTE 198 (EASTBOUND)","BURKE ST OVERCROSS",528.00,W,N,A,-,Y,TUL,,198," ",R,10.369,H,,R,N,2,0,1,2,A,-,05,21651,A,N,A,G,A,A,H,-,D,D,0,,Y,,,Y,,L,04,1,0,0,0,0,0,1,0,0,"- ","- ",36.326808929443359,-119.28510284423828,TULARE,VISALIA,-119.28510284423828,36.326839447021484
92046823,2023,2023-04-17,9481,2023-04-07,1735,020238,,5,2,9,5400,0,3,5,,2,030,"ROAD 152","AVENUE 152",0.00,,Y,A,-,N,,,,,,,,,,Y,2,0,2,2,A,-,09,21802,A,N,D,C,A,A,H,-,A,A,0,,,,,Y,,A,01,1,0,1,0,0,0,0,0,0,"- ","- ",36.065761566162109,-119.23233795166016,TULARE,UNINCORPORATED,-119.23234558105469,36.065753936767578
92047748,2022,2023-04-18,9480,2022-11-17,0503,020450,,4,3,9,5400,0,1,3,,1,030,"STATE ROUTE 137 (INYO AVENUE)","SOULTS DRIVE",15.00,E,N,A,-,Y,TUL,,137,,,13.565,H,,R,N,2,0,1,2,A,-,11,21954,A,F,G,B,E,A,H,-,C,D,0,Y,,,,Y,,N,60,1,0,0,0,1,0,0,0,0,"- ","- ",36.2034912109375,-119.37953948974609,TULARE,UNINCORPORATED,-119.37953948974609,36.203529357910156
92052151,2023,2023-04-24,9480,2023-04-17,1555,019543,,1,2,9,5400,0,3,5,,2,002,"ROAD 112","AVENUE 368",0.00,,Y,A,-,N,,,,,,,,,,Y,2,0,1,3,A,-,09,21802,A,N,D,C,A,A,H,-,A,A,0,,,,,Y,,A,01,1,0,0,0,0,0,0,0,0,"- ","- ",36.458030700683594,-119.32241058349609,TULARE,UNINCORPORATED,-119.32241821289062,36.458011627197266
9205322,2020,2021-02-11,5406,2020-12-06,1753,41,3B,7,5,4,5406,0,0,0,,0,0ES,BLACKSTONE,"POLE #4699806E",139.00,N,N,A,-,N,,,,,,,,,,N,2,0,1,2,A,-,11,21954,A,N,G,B,D,A,H,-,C,D,0,Y,,,,Y,Y,N,60,1,0,0,0,1,0,0,0,0,"- ","- ",,,TULARE,TULARE,,
92056694,2023,2023-04-28,9480,2023-04-20,"715 ",017108,,4,1,9,5400,0,3,5,,2,003,"AVENUE 232","ROAD 60",950.00,W,N,A,-,N,,,,,,,,,,Y,2,0,1,2,A,-,03,22350,,N,C,C,A,A,H,-,A,D,0,,,,Y,Y,,A,07,1,0,0,0,0,0,0,0,0,"- ","- ",36.210369110107422,-119.44242095947266,TULARE,UNINCORPORATED,-119.44228363037109,36.210342407226562
92063282,2023,2023-05-08,9481,2023-04-27,"120 ",019578,,4,3,9,5400,0,3,5,,2,050,"OLD STAGE ROAD","AVENUE 88",1045.00,S,N,A,-,N,,,,,,,,,,Y,2,0,1,1,A,-,01,23152,A,N,F,A,A,A,H,-,D,D,0,,,,,Y,Y,A,08,1,0,0,0,0,0,0,0,0,"- ","- ",35.9468994140625,-118.94924926757812,TULARE,UNINCORPORATED,-118.94932556152344,35.946933746337891
92068568,2023,2023-05-15,9480,2023-05-13,"555 ",018861,,6,3,9,5400,0,1,3,,2,091,"SR-99 N/B TO AVENUE 384","AVENUE 384",0.00,,Y,A,-,Y,,,,,,,,,,Y,2,0,2,1,A,-,01,23153,A,N,F,I,A,A,H,-,B,D,0,,,,,Y,Y,A,01,1,1,0,0,0,0,0,0,0,"- ","- ",36.490669250488281,-119.51841735839844,TULARE,UNINCORPORATED,,
92068844,2023,2023-05-15,9480,2023-05-11,1307,017452,,4,1,9,5400,0,3,5,,2,001,"AVENUE 384","ROAD 44",0.00,,Y,A,-,N,,,,,,,,,,Y,2,0,2,2,A,-,09,21801,A,N,D,C,A,A,H,-,A,A,0,,,,Y,Y,,A,01,1,1,0,0,0,0,0,0,0,"- ","- ",36.488529205322266,-119.46636199951172,TULARE,UNINCORPORATED,-119.46628570556641,36.488555908203125
92083391,2023,2023-06-01,9480,2023-05-23,"520 ",020612,,2,3,9,5400,0,3,5,,2,002,"ROAD 108","AVENUE 328",2190.00,S,N,A,-,N,,,,,,,,,,Y,2,0,2,2,A,-,05,21650,,N,A,C,A,A,H,-,B,D,0,,,,,Y,,A,01,1,0,1,0,0,0,0,0,0,"- ","- ",36.379440307617188,-119.33225250244141,TULARE,UNINCORPORATED,-119.33222961425781,36.379459381103516