CASE_ID,ACCIDENT_YEAR,PROC_DATE,JURIS,COLLISION_DATE,COLLISION_TIME,OFFICER_ID,REPORTING_DISTRICT,DAY_OF_WEEK,CHP_SHIFT,POPULATION,CNTY_CITY_LOC,SPECIAL_COND,BEAT_TYPE,CHP_BEAT_TYPE,CITY_DIVISION_LAPD,CHP_BEAT_CLASS,BEAT_NUMBER,PRIMARY_RD,SECONDARY_RD,DISTANCE,DIRECTION,INTERSECTION,WEATHER_1,WEATHER_2,STATE_HWY_IND,CALTRANS_COUNTY,CALTRANS_DISTRICT,STATE_ROUTE,ROUTE_SUFFIX,POSTMILE_PREFIX,POSTMILE,LOCATION_TYPE,RAMP_INTERSECTION,SIDE_OF_HWY,TOW_AWAY,COLLISION_SEVERITY,NUMBER_KILLED,NUMBER_INJURED,PARTY_COUNT,PRIMARY_COLL_FACTOR,PCF_CODE_OF_VIOL,PCF_VIOL_CATEGORY,PCF_VIOLATION,PCF_VIOL_SUBSECTION,HIT_AND_RUN,TYPE_OF_COLLISION,MVIW,PED_ACTION,ROAD_SURFACE,ROAD_COND_1,ROAD_COND_2,LIGHTING,CONTROL_DEVICE,CHP_ROAD_TYPE,PEDESTRIAN_ACCIDENT,BICYCLE_ACCIDENT,MOTORCYCLE_ACCIDENT,TRUCK_ACCIDENT,NOT_PRIVATE_PROPERTY,ALCOHOL_INVOLVED,STWD_VEHTYPE_AT_FAULT,CHP_VEHTYPE_AT_FAULT,COUNT_SEVERE_INJ,COUNT_VISIBLE_INJ,COUNT_COMPLAINT_PAIN,COUNT_PED_KILLED,COUNT_PED_INJURED,COUNT_BICYCLIST_KILLED,COUNT_BICYCLIST_INJURED,COUNT_MC_KILLED,COUNT_MC_INJURED,PRIMARY_RAMP,SECONDARY_RAMP,LATITUDE,LONGITUDE,COUNTY,CITY,POINT_X,POINT_Y
92086757,2023,2023-06-07,9481,2023-05-18,"505 ",020238,,4,3,9,5400,0,2,4,,1,035,"AVENUE 56","ROAD 168",260.00,W,N,A,-,N,,,,,,,,,,Y,1,1,1,3,A,-,06,21751,,N,A,C,A,A,H,-,D,D,0,,,,Y,Y,,D,22,1,0,0,0,0,0,0,0,0,"- ","- ",35.891971588134766,-119.19814300537109,TULARE,UNINCORPORATED,-119.19807434082031,35.891952514648438
92091245,2023,2023-06-12,9481,2023-06-04,"520 ",020917,,7,3,9,5400,0,1,3,,1,012,"STATE ROUTE 65 SOUTHBOUND","AVENUE 184",3168.00,S,N,A,-,Y,TUL,,65," "," ",22.707,H,,L,Y,2,0,3,1,A,-,08,22107,,N,E,8,A,A,H,-,B,D,0,,,,,Y,,A,01,1,2,0,0,0,0,0,0,0,"- ","- ",36.115440368652344,-119.05068969726562,TULARE,UNINCORPORATED,-119.050537109375,36.115505218505859
92106900,2023,2023-06-30,9481,2023-06-21,1540,019422,,3,2,9,5400,0,3,5,,2,030,"AVENUE 112","ROAD 224",1070.00,W,N,A,-,N,,,,,,,,,,Y,2,0,3,2,A,-,01,23152,G,N,C,2,A,A,H,-,A,D,0,,,,,Y,Y,A,01,2,1,0,0,0,0,0,0,0,"- ","- ",35.993309020996094,-119.07415771484375,TULARE,UNINCORPORATED,-119.07498168945312,35.993293762207031
92108007,2023,2023-07-03,9481,2023-06-17,2035,020238,,6,2,9,5400,0,3,5,,2,030,"ROAD 208","AVENUE 96",900.00,N,N,A,-,N,,,,,,,,,,Y,1,1,0,1,A,-,08,22107,,N,F,A,A,A,H,-,B,D,0,,,,,Y,,A,01,0,0,0,0,0,0,0,0,0,"- ","- ",35.966819763183594,-119.10749053955078,TULARE,UNINCORPORATED,-119.10741424560547,35.966758728027344
9211602,2021,2021-02-18,5405,2021-01-22,0751,273,"SEC 1",5,5,4,5405,0,0,0,,0,001,"RT 65","LINDA VISTA AV",0.00,,Y,A,-,Y,TUL,6,65,-,-,21.830,I,-,S,Y,1,1,1,2,A,-,09,21802,A,N,D,C,A,A,H,-,A,A,0,,,,,Y,,A,01,0,1,0,0,0,0,0,0,0,"- ","- ",36.10430908203125,-119.04306030273438,TULARE,PORTERVILLE,-119.04315185546875,36.104278564453125
9211620,2020,2021-02-18,5407,2020-11-29,1834,M226,480,7,5,5,5407,0,0,0,,0,033,"W WALNUT AV","S COURT ST",0.00,W,N,A,-,N,,,,,,,,,,Y,1,1,0,2,A,-,11,21956,,N,G,B,D,A,H,-,C,A,0,Y,,,,Y,Y,N,60,0,0,0,1,0,0,0,0,0,"- ","- ",36.312751770019531,-119.29277801513672,TULARE,VISALIA,-119.29200744628906,36.312858581542969
92118591,2023,2023-07-17,9480,2023-06-06,2500,017713,,2,4,9,5400,0,3,5,,2,004,"SOUTH FORK DRIVE","STEEL BRIDGE",25.00,W,N,A,-,N,,,,,,,,,,Y,1,1,0,1,A,-,01,23152,A,N,E,I,A,A,H,-,D,D,0,,,,,Y,Y,D,22,0,0,0,0,0,0,0,0,0,"- ","- ",36.381938934326172,-118.86947631835938,TULARE,UNINCORPORATED,,
92136095,2023,2023-08-04,9480,2023-07-21,"242 ",020450,,5,3,9,5400,0,3,5,,2,006,"ROAD 204","AVE 256",3221.00,S,N,A,-,N,,,,,,,,,,Y,2,0,1,1,A,-,01,23152,A,N,E,I,A,A,H,-,D,D,0,,,,,Y,Y,A,01,1,0,0,0,0,0,0,0,0,"- ","- ",36.244709014892578,-119.11855316162109,TULARE,UNINCORPORATED,-119.11843872070312,36.244564056396484
92137278,2023,2023-08-07,9481,2023-07-29,"5   ",020917,,6,3,9,5400,0,2,4,,1,031,"AVENUE 152","REDWOOD ROAD",223.00,E,N,A,-,N,,,,,,,,,,Y,2,0,1,1,A,-,01,23152,A,N,E,8,A,A,H,-,D,D,0,,,,,Y,Y,A,07,1,0,0,0,0,0,0,0,0,"- ","- ",36.065780639648438,-119.07852935791016,TULARE,UNINCORPORATED,-119.07850646972656,36.065814971923828
92143813,2023,2023-08-15,9481,2023-08-07,1100,017957,,1,1,9,5400,0,2,4,,1,034,"ROAD 192","FRIANT KERN CANAL",4224.00,S,N,A,G,N,,,,,,,,,,N,2,0,4,3,A,-,01,23152,A,N,C,C,A,A,D,-,A,A,0,,,,,Y,Y,A,01,1,3,0,0,0,0,0,0,0,"- ","- ",35.909000396728516,-119.14373779296875,TULARE,UNINCORPORATED,,
92144515,2023,2023-08-15,9480,2023-08-07,2013,019349,,1,2,9,5400,0,1,3,,1,034,"STATE ROUTE 198","ROAD 60",1848.00,W,N,A,-,Y,TUL,,198," "," ",1.638,H,,R,Y,2,0,1,1,A,-,01,23152,A,N,E,J,A,A,H,-,B,D,0,,,,,Y,Y,A,01,1,0,0,0,0,0,0,0,0,"- ","- ",36.32733154296875,-119.44599914550781,TULARE,UNINCORPORATED,-119.44599914550781,36.327392578125
92165839,2023,2023-09-08,9480,2023-08-29,1925,019048,,2,2,9,5400,0,1,3,,1,040,"SR-216 (LOMITAS DRIVE)","DRY CREEK DR",1584.00,W,N,A,-,Y,TUL,,216," "," ",18.295,H,,R,N,2,0,2,1,A,-,03,22350,,N,E,8,A,A,H,-,D,D,0,,,,,Y,,A,01,1,0,1,0,0,0,0,0,0,"- ","- ",36.401470184326172,-119.03587341308594,TULARE,UNINCORPORATED,-119.03577423095703,36.401481628417969
92167459,2022,2023-09-11,9480,2022-11-05,1302,019048,,6,1,9,5400,0,3,5,,2,004,"ROAD 144","AVENUE 313",1056.00,S,N,A,-,N,,,,,,,,,,N,1,1,0,2,D,-,00,,,F,G,B,E,A,H,-,A,D,0,Y,,,,Y,,-,"- ",0,0,0,1,0,0,0,0,0,"- ","- ",36.355358123779297,-119.25205993652344,TULARE,UNINCORPORATED,-119.25197601318359,36.355342864990234
92187510,2023,2023-10-02,9481,2023-09-16,"130 ",021227,,6,3,9,5400,0,2,4,,1,021,"ORANGE BELT DRIVE","AVE 208",3168.00,N,N,A,-,N,,,,,,,,,,Y,2,0,1,1,A,-,08,22107,,M,F,I,A,A,H,-,D,D,0,,,,,Y,,A,01,1,0,0,0,0,0,0,0,0,"- ","- ",36.173610687255859,-119.07627868652344,TULARE,UNINCORPORATED,-119.07713317871094,36.175262451171875
9219597,2020,2021-02-19,5407,2020-12-21,1244,M282,480,1,5,5,5407,0,0,0,,0,033,"S GIDDINGS ST","W WESTCOTT AV",15.00,S,N,A,-,N,,,,,,,,,,Y,2,0,2,2,A,-,05,21650,,N,A,C,A,A,H,-,A,A,0,,,,,Y,,A,01,1,1,0,0,0,0,0,0,0,"- ","- ",36.322029113769531,-119.30541229248047,TULARE,VISALIA,-119.305419921875,36.321998596191406
92228386,2023,2023-11-06,9480,2023-10-26,"320 ",020926,,4,3,9,5400,0,1,3,,2,093,"SR-99 N/B","AVENUE 152",2112.00,N,N,A,-,Y,TUL,,99," "," ",20.024,H,,R,Y,2,0,1,1,A,-,08,22107,,N,F,A,A,A,H,-,D,D,0,,,,,Y,,A,07,1,0,0,0,0,0,0,0,0,"- ","- ",36.073638916015625,-119.3173828125,TULARE,UNINCORPORATED,-119.31747436523438,36.073623657226562
92237022,2023,2023-11-15,9480,2023-08-14,"345 ",019427,,1,3,5,5407,0,1,3,,1,064,"STATE ROUTE 198 WESTBOUND","PLAZA DRIVE",934.00,E,N,A,-,Y,TUL,,198," ",R,4.996,H,,L,N,1,3,0,1,A,-,01,23152,G,N,F,A,A,A,H,-,D,D,0,,,,,Y,Y,D,22,0,0,0,0,0,0,0,0,0,"- ","- ",36.327220916748047,-119.38643646240234,TULARE,VISALIA,-119.38643646240234,36.327232360839844
92263385,2023,2023-12-15,9480,2023-12-09,"900 ",018595,,6,1,9,5400,0,1,3,,1,020,"STATE ROUTE 201 (AVE 400)","ROAD 116",563.00,W,N,A,-,Y,TUL,,201," "," ",12.400,H,,R,Y,2,0,1,1,A,-,01,23152,A,N,F,A,A,A,H,-,A,D,0,,,,,Y,Y,A,01,1,0,0,0,0,0,0,0,0,"- ","- ",36.516040802001953,-119.31517791748047,TULARE,UNINCORPORATED,-119.31517791748047,36.515968322753906
92263478,2023,2023-12-15,9480,2023-12-10,1055,016723,,7,1,9,5400,0,3,5,,2,002,"AVENUE 420","ROAD 144",0.00,,Y,A,-,N,,,,,,,,,,Y,2,0,1,2,A,-,12,22450,A,N,D,C,A,A,H,-,A,A,0,,,Y,,Y,,C,02,1,0,0,0,0,0,0,0,1,"- ","- ",36.551609039306641,-119.25090789794922,TULARE,UNINCORPORATED,-119.25093078613281,36.551593780517578
92264968,2023,2023-12-18,9481,2023-12-01,2300,021234,,5,3,4,5405,0,1,3,,1,037,"STATE ROUTE 65 SOUTHBOUND","STATE ROUTE 190",264.00,N,N,A,-,Y,TUL,,65," "," ",18.227,H,,L,Y,2,0,2,2,A,-,01,23152,A,N,A,C,A,A,H,-,D,D,0,,,,,Y,Y,A,01,1,1,0,0,0,0,0,0,0,"- ","- ",36.05255126953125,-119.03912353515625,TULARE,PORTERVILLE,-119.03913879394531,36.052547454833984
92266070,2023,2023-12-21,9480,2023-12-02,2312,018521,,6,3,9,5400,0,1,3,,1,020,"SR-201 (AVENUE 384)","RD 132",0.00,,Y,A,-,Y,TUL,,201," "," ",14.508,H,,R,Y,2,0,2,2,A,-,12,22450,A,N,D,C,A,A,H,-,D,A,0,,,,,Y,Y,A,01,2,0,0,0,0,0,0,0,0,"- ","- ",36.486610412597656,-119.27700042724609,TULARE,UNINCORPORATED,-119.27700042724609,36.486595153808594
92273881,2023,2024-01-03,9481,2023-12-16,1153,018595,,6,1,9,5400,0,1,3,,1,053,"STATE ROUTE 190","GLOBE DRIVE",2640.00,E,N,A,-,Y,TUL,,190," "," ",29.017,H,,R,Y,2,0,4,2,A,-,05,21460,C,N,A,C,A,A,H,-,A,D,0,,,,,Y,,A,01,3,1,0,0,0,0,0,0,0,"- ","- ",36.101108551025391,-118.82846069335938,TULARE,UNINCORPORATED,-118.82846832275391,36.101131439208984
92280280,2023,2024-01-05,9481,2023-12-06,1625,020273,,3,2,9,5400,0,2,4,,1,021,"AVENUE 216","ROAD 228",0.00,,Y,A,-,N,,,,,,,,,,Y,2,0,1,2,A,-,12,22450,A,N,D,C,A,A,H,-,A,A,0,,,,,Y,,A,01,1,0,0,0,0,0,0,0,0,"- ","- ",36.181819915771484,-119.06369781494141,TULARE,UNINCORPORATED,-119.06369781494141,36.181827545166016
92284272,2023,2024-01-10,9480,2023-10-18,"745 ",016240,,3,1,4,5406,0,3,5,,2,003,"ENTERPRISE STREET","TULARE AVENUE",0.00,,Y,A,-,N,,,,,,,,,,Y,1,1,1,2,A,-,09,21802,A,N,D,C,A,A,H,-,A,A,0,,,,,Y,,A,01,0,0,1,0,0,0,0,0,0,"- ","- ",36.210670471191406,-119.38430023193359,TULARE,TULARE,-119.38436889648438,36.210742950439453
92293391,2024,2024-01-22,9480,2024-01-08,1446,018861,,1,2,9,5400,0,1,3,,1,020,"SR-201 (AVENUE 400)","ROAD 84",0.00,,Y,A,-,Y,TUL,,201," "," ",8.448,H,,R,Y,2,0,5,2,A,-,01,23152,A,N,D,C,A,A,H,-,A,D,0,,,,,Y,Y,A,01,3,2,0,0,0,0,0,0,0,"- ","- ",36.516750335693359,-119.38587951660156,TULARE,UNINCORPORATED,-119.38587951660156,36.516754150390625
92299360,2024,2024-01-29,9480,2024-01-18,1753,021682,,4,2,9,5400,0,3,5,,2,001,"ROAD 80","AVENUE 368",551.00,S,N,A,-,N,,,,,,,,,,Y,2,0,4,2,A,-,08,22107,,N,D,C,A,A,H,-,D,D,0,,,,,Y,,D,22,3,1,0,0,0,0,0,0,0,"- ","- ",36.456829071044922,-119.39456939697266,TULARE,UNINCORPORATED,-119.39460754394531,36.457046508789062
92313021,2024,2024-02-13,9480,2024-02-05,1455,021628,,1,2,9,5400,0,1,3,,2,095,"STATE ROUTE 99","AVENUE 56",1056.00,S,N,B,-,Y,TUL,,99," "," ",6.915,H,,L,Y,2,0,2,1,A,-,08,22107,,N,E,I,A,A,H,-,A,D,0,,,,,Y,,E,22,1,0,1,0,0,0,0,0,0,"- ","- ",35.888339996337891,-119.27323150634766,TULARE,UNINCORPORATED,-119.27316284179688,35.888351440429688
92324334,2024,2024-02-27,9481,2024-02-10,1836,021903,,6,2,9,5400,0,2,4,,1,031,"AVENUE 152","REDWOOD ROAD",500.00,W,N,A,-,N,,,,,,,,,,N,1,1,0,2,A,-,05,21650,,N,A,G,A,A,H,-,D,D,0,,Y,,,Y,,M,91,0,0,0,0,0,1,0,0,0,"- ","- ",36.065818786621094,-119.08084869384766,TULARE,UNINCORPORATED,-119.08094787597656,36.065811157226562
92324543,2023,2024-02-27,9480,2023-11-17,1150,018861,,5,1,9,5400,0,3,5,,2,005,"AVENUE 56","STATE ROUTE 43 (CENTRAL VALLEY HIGHWAY)",4268.00,W,N,A,-,N,,,,,,,,,,Y,1,1,0,2,A,-,08,22107,,N,A,C,A,A,D,-,A,D,0,,,,Y,Y,,A,01,0,0,0,0,0,0,0,0,0,"- ","- ",35.890998840332031,-119.41963958740234,TULARE,UNINCORPORATED,-119.41973114013672,35.8912353515625
92332703,2024,2024-03-07,9480,2024-02-25,1425,018861,,7,2,9,5400,0,1,3,,1,060,"SR-137 (AVENUE 232)","ROAD 168",0.00,,Y,A,-,Y,TUL,,137," "," ",23.899,H,,R,Y,2,0,6,2,A,-,09,21802,A,N,D,C,A,A,H,-,A,A,0,,,,,Y,,A,01,1,5,0,0,0,0,0,0,0,"- ","- ",36.210731506347656,-119.19879913330078,TULARE,UNINCORPORATED,-119.19879913330078,36.210700988769531
9235700,2021,2021-03-25,5406,2021-02-06,2151,52,5406,6,5,4,5406,0,0,0,,0,0AO,BARDSLEY,CARDOZA,0.00,,Y,A,-,N,,,,,,,,,,N,2,0,1,2,A,-,11,21954,A,N,A,B,D,A,H,-,C,D,0,Y,,,,Y,,N,60,1,0,0,0,1,0,0,0,0,"- ","- ",,,TULARE,TULARE,-119.32555389404297,36.196666717529297
92374833,2024,2024-04-25,9481,2024-04-10,2126,021234,,3,2,9,5400,0,3,5,,2,050,"SUCCESS DRIVE","HILLCREST STREET",0.00,,Y,A,-,N,,,,,,,,,,Y,2,0,2,2,A,-,09,21801,A,F,A,C,A,A,H,-,D,D,0,,,Y,,Y,,A,01,1,0,1,0,0,0,0,0,2,"- ","- ",36.057540893554688,-118.99141693115234,TULARE,UNINCORPORATED,,
92378484,2024,2024-04-30,9480,2024-03-12,"635 ",019048,,2,1,9,5400,0,1,3,,1,051,"STATE ROUTE 43 (CENTRAL VALLEY HWY)","AVENUE 112",1317.00,S,N,B,C,Y,TUL,,43," ",R,15.640,H,,R,Y,1,1,1,2,A,-,06,21751,,N,A,C,A,B,H,-,D,D,0,,,,,Y,,A,01,1,0,0,0,0,0,0,0,0,"- ","- ",35.989391326904297,-119.47634887695312,TULARE,UNINCORPORATED,-119.47636413574219,35.9893798828125
92412516,2024,2024-06-12,9480,2024-06-10,1743,018521,,1,2,9,5400,0,3,5,,2,004,"AVE 352","RD 132",0.00,,Y,A,-,N,,,,,,,,,,Y,2,0,3,2,A,-,09,21802,A,N,D,2,A,A,H,-,A,A,0,,,,,Y,,E,22,1,2,0,0,0,0,0,0,0,"- ","- ",36.4285888671875,-119.27789306640625,TULARE,UNINCORPORATED,-119.27788543701172,36.428634643554688
92413771,2024,2024-06-13,9480,2024-05-31,2053,022256,,5,2,9,5400,0,3,5,,2,005,"DRIVE 140","AVE 24",2534.00,N,N,A,-,Y,,,,,,,,,,Y,2,0,1,1,A,-,03,22350,,F,F,A,A,A,H,-,D,D,0,,,,,Y,,A,07,1,0,0,0,0,0,0,0,0,"- ","- ",35.840679168701172,-119.26422119140625,TULARE,UNINCORPORATED,-119.26427459716797,35.840667724609375
92422693,2024,2024-06-25,9480,2024-06-06,2255,022131,,4,3,9,5400,0,1,3,,2,095,"SR-99 SOUTHBOUND",SR-190,1200.00,S,N,A,-,Y,TUL,,99," "," ",17.935,H,,L,N,2,0,5,2,A,-,03,22350,,F,C,C,A,A,H,-,C,A,0,,,,,Y,,-,99,1,0,4,0,0,0,0,0,0,"- ","- ",36.044170379638672,-119.31098937988281,TULARE,UNINCORPORATED,-119.31101989746094,36.044166564941406
9249215,2021,2021-04-29,5405,2021-04-07,1550,279,,3,5,4,5405,0,0,0,,0,SEC3,"PLANO ST","COLLEGE AV",210.00,N,N,A,-,N,,,,,,,,,,Y,2,0,2,3,A,-,03,22350,,N,C,C,A,A,H,-,A,A,0,,,,,Y,,D,22,1,0,1,0,0,0,0,0,0,"- ","- ",36.051570892333984,-119.04405975341797,TULARE,PORTERVILLE,-119.00827789306641,36.048965454101562
9252305,2021,2021-04-16,5407,2021-01-30,0856,C56,480,6,5,5,5407,0,0,0,,0,Q34,"S LOVERS LN","W CALDWELL AV",528.00,N,N,A,-,N,,,,,,,,,,Y,2,0,1,1,A,-,07,21658,A,N,B,I,A,A,H,-,A,D,0,,,,,Y,,A,01,1,0,0,0,0,0,0,0,0,"- ","- ",36.298290252685547,-119.26090240478516,TULARE,VISALIA,-119.26088714599609,36.299797058105469
9252339,2021,2021-04-20,5407,2021-02-21,0718,A277,480,7,5,5,5407,0,0,0,,0,026,"MC AULLIF ST","ACEQUIA AV",0.00,,Y,A,-,N,,,,,,,,,,Y,2,0,1,1,A,-,05,21650,,N,E,I,A,A,H,-,A,D,0,,,,,Y,,A,01,1,0,0,0,0,0,0,0,0,"- ","- ",,,TULARE,VISALIA,,
9254863,2021,2021-05-03,5405,2021-04-20,1431,229,,2,5,4,5405,0,0,0,,0,SEC2,"BELLEVIEW AV","EL GRANITO ST",7.00,W,N,A,-,Y,,,,,,,,,,Y,2,0,2,3,A,-,01,23153,F,N,A,B,B,A,H,-,A,A,0,Y,,,,Y,,D,22,2,0,0,0,2,0,0,0,0,"- ","- ",36.074451446533203,-119.02108001708984,TULARE,PORTERVILLE,-119.02158355712891,36.074699401855469
9255566,2021,2021-05-13,5405,2021-04-23,0823,274,,5,5,4,5405,0,0,0,,0,SEC1,"INDIANA ST","HENDERSON AV",208.00,S,N,A,-,N,,,,,,,,,,Y,2,0,1,1,A,-,08,22107,,M,E,I,A,A,H,-,A,D,0,,,,,Y,,-,,1,0,0,0,0,0,0,0,0,"- ","- ",,,TULARE,PORTERVILLE,-119.03495025634766,36.079940795898438
9255815,2021,2021-05-10,5407,2021-03-27,1439,C57,480,6,5,5,5407,0,0,0,,0,025,"N WILLIS ST","W ROOSEVELT",142.00,N,N,A,-,N,,,,,,,,,,N,2,0,1,2,A,-,11,21954,A,N,G,B,D,A,H,-,A,A,0,Y,,,,Y,,N,60,1,0,0,0,1,0,0,0,0,"- ","- ",36.340518951416016,-119.29754638671875,TULARE,VISALIA,-119.29763031005859,36.340549468994141
9256377,2021,2021-07-22,5405,2021-06-19,1518,243,,6,5,4,5405,0,0,0,,0,003,"MAIN ST","ORANGE AV",0.00,,Y,A,-,N,,,,,,,,,,Y,1,2,6,5,A,-,01,23152,A,N,D,C,A,A,H,-,A,A,0,,,,,Y,Y,A,01,3,2,1,0,0,0,0,0,0,"- ","- ",36.061199188232422,-119.01653289794922,TULARE,PORTERVILLE,-119.01654815673828,36.06121826171875
92596453,2024,2024-07-24,9480,2024-07-19,"655 ",019932,,5,1,9,5400,0,3,5,,2,004,"ROAD 144","AVENUE 320",1050.00,S,N,A,-,N,,,,,,,,,,N,2,0,2,1,A,-,08,22107,,N,E,I,A,A,H,-,A,D,0,,,,,Y,,A,01,1,1,0,0,0,0,0,0,0,"- ","- ",36.368061065673828,-119.25189971923828,TULARE,UNINCORPORATED,-119.25193023681641,36.368087768554688
92596496,2024,2024-07-24,9420,2024-06-23,1810,020784,,7,2,9,5400,0,3,5,,2,020,M-50,"FOREST ROUTE 22S04",520.00,S,N,A,-,Y,,,,,,,,,,N,2,0,1,2,A,-,05,21460,,F,B,C,A,A,H,-,A,D,0,,,Y,,Y,,-,99,1,0,0,0,0,0,0,0,1,"- ","- ",35.954460144042969,-118.6309814453125,TULARE,UNINCORPORATED,,
92602375,2024,2024-07-25,9480,2024-06-21,1205,021547,,5,1,9,5400,0,3,5,,2,005,"ROAD 16 (4TH AVENUE)","AVENUE 132",525.00,N,N,A,-,N,,,,,,,,,,Y,1,1,0,1,A,-,01,23152,F,N,E,I,A,A,H,-,A,D,0,,,,,Y,Y,A,01,0,0,0,0,0,0,0,0,0,"- ","- ",36.030490875244141,-119.53616333007812,TULARE,UNINCORPORATED,,
9279625,2021,2021-06-23,5403,2021-05-02,1206,838,,7,5,2,5403,0,0,0,,0,,"S ROSE","E FRESNO",120.00,N,N,A,-,N,,,,,,,,,,Y,2,0,1,2,A,-,03,22350,,N,A,E,A,A,H,-,A,D,0,,,Y,,Y,,C,02,1,0,0,0,0,0,0,0,1,"- ","- ",,,TULARE,FARMERSVILLE,-119.20446014404297,36.293228149414062
9281342,2021,2021-08-16,5407,2021-07-10,1551,C57,480,6,5,5,5407,0,0,0,,0,025,"N RINALDI ST","W GROVE AV",0.00,,Y,A,-,N,,,,,,,,,,Y,2,0,1,2,A,-,12,22450,A,N,A,C,A,A,H,-,A,A,0,,,,,Y,,A,01,1,0,0,0,0,0,0,0,0,"- ","- ",36.336540222167969,-119.30808258056641,TULARE,VISALIA,-119.30806732177734,36.3365478515625
9287703,2021,2021-07-30,5405,2021-07-11,2246,229,,7,5,4,5405,0,0,0,,0,"SEC 1","RT 65","NORTH GRAND AV",1431.00,S,N,A,-,Y,TUL,6,65,-,-,21.110,H,-,N,Y,2,0,1,1,C,-,18,,,N,E,J,A,A,C,-,C,D,0,,,Y,,Y,,-,"- ",1,0,0,0,0,0,0,0,1,"- ","- ",33.609828948974609,-119.04012298583984,TULARE,PORTERVILLE,-119.03946685791016,36.094417572021484
9288556,2021,2021-09-07,5407,2021-06-06,1635,C57,480,7,5,5,5407,0,0,0,,0,026,"N LOVERS LN","E GOSHEN AV",0.00,,Y,A,-,N,,,,,,,,,,Y,2,0,1,2,A,-,09,21801,A,N,D,C,A,A,H,-,A,A,0,,,Y,,Y,,A,07,1,0,0,0,0,0,0,0,1,"- ","- ",,,TULARE,VISALIA,-119.26063537597656,36.334682464599609
9288557,2021,2021-09-07,5407,2021-06-06,0741,A293,480,7,5,5,5407,0,0,0,,0,,"N DIVISADERO ST","W SADY AV",0.00,,Y,A,-,N,,,,,,,,,,Y,2,0,1,3,A,-,01,23153,A,N,A,B,F,A,H,-,A,D,0,Y,,,,Y,Y,A,01,1,0,0,0,1,0,0,0,0,"- ","- ",,,TULARE,VISALIA,-119.30998992919922,36.338302612304688
92898436,2024,2024-07-30,9481,2024-07-15,"523 ",019578,,1,3,9,5400,0,1,3,,1,032,"STATE ROUTE 190","ROAD 208",0.00,,Y,A,-,Y,TUL,,190," "," ",11.409,H,,R,Y,1,1,2,2,A,-,12,22450,A,N,D,C,A,A,H,-,B,A,0,,,,Y,Y,,A,07,1,0,1,0,0,0,0,0,0,"- ","- ",36.051219940185547,-119.10752105712891,TULARE,UNINCORPORATED,-119.10752105712891,36.05120849609375
9297784,2021,2021-08-17,5405,2021-07-23,2040,257,SEC4,5,5,4,5405,0,0,0,,0,004,"AVENUE 152",DOGWOOD,156.00,W,N,A,-,N,,,,,,,,,,Y,2,0,1,2,A,-,01,23152,A,N,C,E,A,A,H,-,C,D,0,,,,,Y,Y,-,,1,0,0,0,0,0,0,0,0,"- ","- ",36.066009521484375,-119.07362365722656,TULARE,PORTERVILLE,-119.07367706298828,36.065818786621094
9299384,2021,2021-08-30,5403,2021-07-04,0814,838,,7,5,2,5403,0,0,0,,0,,"E VISALIA RD","N BRUNDAGE",54.00,E,N,A,-,N,,,,,,,,,,Y,2,0,1,1,A,-,00,23103,A,N,E,I,A,-,H,-,A,D,0,,,,,Y,Y,A,01,1,0,0,0,0,0,0,0,0,"- ","- ",,,TULARE,FARMERSVILLE,-119.19496917724609,36.297771453857422
93167703,2023,2024-08-01,9480,2023-12-03,1817,018521,,7,2,9,5400,0,3,5,,2,001,"ROAD 56","AVENUE 430",370.00,N,N,A,-,N,,,,,,,,,,Y,1,2,3,2,A,-,01,23152,A,N,A,C,A,A,H,-,D,D,0,,,,,Y,Y,D,22,1,0,2,0,0,0,0,0,0,"- ","- ",36.572780609130859,-119.44879150390625,TULARE,UNINCORPORATED,-119.44880676269531,36.572734832763672
9320137,2021,2021-12-21,5405,2021-11-06,0835,259,SEC3,6,5,4,5405,0,0,0,,0,,RT-65,"SCRANTON AV",2016.00,S,N,A,-,Y,TUL,6,65,-,-,16.750,H,-,S,Y,1,1,3,2,-,-,"- ",,A,N,A,C,A,A,H,-,D,D,0,,,,,Y,Y,D,22,3,0,0,0,0,0,0,0,0,"- ","- ",36.022239685058594,-119.03981018066406,TULARE,PORTERVILLE,-119.03955078125,36.031238555908203
9320296,2021,2022-01-20,5404,2021-12-13,1635,686,20L,1,5,2,5404,0,0,0,,0,012,"RT 65",MARIPOSA,73.00,S,N,C,-,Y,TUL,6,65,-,-,29.770,H,-,N,Y,1,1,1,2,A,-,03,22350,,N,A,C,A,B,H,-,B,D,0,,,Y,,Y,,C,02,0,0,1,0,0,0,0,1,0,"- ","- ",,,TULARE,LINDSAY,-119.10680389404297,36.206890106201172