CASE_ID,ACCIDENT_YEAR,PROC_DATE,JURIS,COLLISION_DATE,COLLISION_TIME,OFFICER_ID,REPORTING_DISTRICT,DAY_OF_WEEK,CHP_SHIFT,POPULATION,CNTY_CITY_LOC,SPECIAL_COND,BEAT_TYPE,CHP_BEAT_TYPE,CITY_DIVISION_LAPD,CHP_BEAT_CLASS,BEAT_NUMBER,PRIMARY_RD,SECONDARY_RD,DISTANCE,DIRECTION,INTERSECTION,WEATHER_1,WEATHER_2,STATE_HWY_IND,CALTRANS_COUNTY,CALTRANS_DISTRICT,STATE_ROUTE,ROUTE_SUFFIX,POSTMILE_PREFIX,POSTMILE,LOCATION_TYPE,RAMP_INTERSECTION,SIDE_OF_HWY,TOW_AWAY,COLLISION_SEVERITY,NUMBER_KILLED,NUMBER_INJURED,PARTY_COUNT,PRIMARY_COLL_FACTOR,PCF_CODE_OF_VIOL,PCF_VIOL_CATEGORY,PCF_VIOLATION,PCF_VIOL_SUBSECTION,HIT_AND_RUN,TYPE_OF_COLLISION,MVIW,PED_ACTION,ROAD_SURFACE,ROAD_COND_1,ROAD_COND_2,LIGHTING,CONTROL_DEVICE,CHP_ROAD_TYPE,PEDESTRIAN_ACCIDENT,BICYCLE_ACCIDENT,MOTORCYCLE_ACCIDENT,TRUCK_ACCIDENT,NOT_PRIVATE_PROPERTY,ALCOHOL_INVOLVED,STWD_VEHTYPE_AT_FAULT,CHP_VEHTYPE_AT_FAULT,COUNT_SEVERE_INJ,COUNT_VISIBLE_INJ,COUNT_COMPLAINT_PAIN,COUNT_PED_KILLED,COUNT_PED_INJURED,COUNT_BICYCLIST_KILLED,COUNT_BICYCLIST_INJURED,COUNT_MC_KILLED,COUNT_MC_INJURED,PRIMARY_RAMP,SECONDARY_RAMP,LATITUDE,LONGITUDE,COUNTY,CITY,POINT_X,POINT_Y
9320595,2022,2022-04-20,5405,2022-03-11,1903,229,,5,5,4,5405,0,0,0,,0,002,"HENDERSON AV","G ST",328.00,E,N,A,-,N,,,,,,,,,,N,1,1,0,2,A,-,11,21954,A,F,D,B,D,A,H,-,C,D,0,Y,,,,Y,,N,60,0,0,0,1,0,0,0,0,0,"- ","- ",36.080669403076172,-119.02262878417969,TULARE,PORTERVILLE,-119.02207183837891,36.08038330078125
9355883,2021,2021-11-10,5407,2021-09-26,1417,A337,480,7,5,5,5407,0,0,0,,0,R12,"S MOONEY","W VISALIA PKWY",0.00,,Y,A,-,Y,TUL,6,63,-,-,5.516,I,5,S,Y,2,0,1,2,A,-,12,21453,A,N,D,C,A,A,H,-,A,A,0,,,Y,,Y,,-,,1,0,0,0,0,0,0,0,1,"- ","- ",,,TULARE,VISALIA,-119.31370544433594,36.291290283203125
9377830,2021,2022-01-10,5407,2021-11-07,1803,A340,480,7,5,5,5407,0,0,0,,0,012,"W VISALIA PKWY","S WOODLAND ST",0.00,,Y,A,-,N,,,,,,,,,,N,2,0,1,2,A,-,10,21950,A,N,G,B,D,A,H,-,C,A,0,Y,,,,Y,Y,A,01,1,0,0,0,1,0,0,0,0,"- ","- ",36.291339874267578,-119.31829833984375,TULARE,VISALIA,-119.31832885742188,36.291412353515625
9431687,2022,2022-04-27,5407,2022-03-02,1544,M333,480,3,5,5,5407,0,0,0,,0,R12,"N REDWOOD ST","W LA VIDA AV",45.00,N,N,A,-,N,,,,,,,,,,N,2,0,1,2,A,-,05,21650,,N,D,E,A,A,H,-,A,A,0,,Y,,,Y,,L,04,1,0,0,0,0,0,1,0,0,"- ","- ",,,TULARE,VISALIA,-119.32498931884766,36.304153442382812
94360800,2024,2024-08-19,9480,2024-08-12,1215,017713,,1,1,9,5400,0,3,5,,2,006,"RD. 140","AVE. 248",50.00,S,N,A,-,N,,,,,,,,,,Y,2,0,2,2,A,-,03,22350,,N,C,C,A,A,H,-,A,A,0,,,,,Y,,A,01,1,1,0,0,0,0,0,0,0,"- ","- ",36.240169525146484,-119.26052093505859,TULARE,UNINCORPORATED,-119.26055145263672,36.240222930908203
94375641,2024,2024-08-29,9480,2024-08-23,2235,021971,,5,3,9,5400,0,3,5,,2,003,"AVENUE 232 (TULARE AVE)","ROAD 84",1584.00,W,N,A,-,N,,,,,,,,,,Y,2,0,1,1,A,-,08,22107,,N,E,8,A,A,H,-,D,D,0,,,,,Y,Y,A,01,1,0,0,0,0,0,0,0,0,"- ","- ",36.210781097412109,-119.39100646972656,TULARE,UNINCORPORATED,,
94381789,2024,2024-09-05,9480,2024-08-25,1825,019349,,7,2,9,5400,0,3,5,,2,006,"AVENUE 288 (MARINETTE AVE)","ROAD 210",291.00,W,N,A,-,N,,,,,,,,,,Y,2,0,1,1,A,-,01,23152,A,N,F,A,A,A,H,-,A,D,0,,,,,Y,Y,D,22,1,0,0,0,0,0,0,0,0,"- ","- ",36.311271667480469,-119.10491943359375,TULARE,UNINCORPORATED,-119.1048583984375,36.311233520507812
94392110,2024,2024-09-12,9480,2024-09-03,1534,018861,,2,2,9,5400,0,3,5,,2,004,"AVENUE 368","ROAD 132",0.00,,Y,A,-,N,,,,,,,,,,Y,2,0,2,3,A,-,09,21802,A,N,D,C,A,A,H,-,A,A,0,,,,,Y,,D,22,1,1,0,0,0,0,0,0,0,"- ","- ",36.457611083984375,-119.27760314941406,TULARE,UNINCORPORATED,-119.27759552001953,36.457588195800781
94393822,2024,2024-09-13,9480,2024-09-06,"657 ",017291,,5,1,9,5400,0,3,5,,2,001,"ROAD 80 (NORTHBOUND)","AVENUE 376",3168.00,N,N,F,-,N,,,,,,,,,,Y,2,0,2,3,A,-,03,22350,,N,C,C,A,A,H,-,A,D,0,,,,,Y,,A,08,1,0,1,0,0,0,0,0,0,"- ","- ",36.481369018554688,-119.39382934570312,TULARE,UNINCORPORATED,-119.39402008056641,36.481800079345703
94397849,2024,2024-09-17,9480,2024-09-08,1723,021628,,7,2,9,5400,0,3,5,,2,001,"AVENUE 416","ROAD 56",0.00,,Y,A,-,N,,,,,,,,,,Y,2,0,7,2,A,-,01,23152,A,N,D,C,A,A,H,-,A,A,0,,,,,Y,Y,A,01,1,4,2,0,0,0,0,0,0,"- ","- ",36.546409606933594,-119.44857788085938,TULARE,UNINCORPORATED,,
94400157,2024,2024-09-19,9481,2024-09-11,1500,017957,,3,2,9,5400,0,1,3,,1,037,"STATE ROUTE 65","AVENUE 2",0.00,,Y,A,-,Y,TUL,,65," "," ",0.258,H,,R,Y,2,0,1,3,A,-,03,22350,,N,C,C,A,A,H,-,A,D,0,,,,Y,Y,,G,25,1,0,0,0,0,0,0,0,0,"- ","- ",35.794460296630859,-119.05342864990234,TULARE,UNINCORPORATED,-119.053466796875,35.794460296630859
94403882,2024,2024-09-23,9480,2024-09-11,"145 ",019186,,3,3,9,5400,0,1,3,,2,093,"SR-99 N/B","TIPTON OVERPASS",692.00,N,N,A,-,Y,TUL,,99," "," ",19.077,H,,R,Y,2,0,1,2,A,-,08,22107,,N,C,C,A,A,H,-,D,D,0,,,,,Y,,A,07,1,0,0,0,0,0,0,0,0,"- ","- ",36.060588836669922,-119.31226348876953,TULARE,UNINCORPORATED,-119.31229400634766,36.060585021972656
94404778,2024,2024-09-23,9480,2024-09-03,1532,021682,,2,2,9,5400,0,3,5,,2,005,"AVENUE 120","ROAD 120",120.00,W,N,A,-,N,,,,,,,,,,N,2,0,6,2,A,-,08,22107,,N,D,C,A,A,H,-,A,D,0,,,,,Y,,A,01,1,4,1,0,0,0,0,0,0,"- ","- ",36.007671356201172,-119.30606079101562,TULARE,UNINCORPORATED,-119.30597686767578,36.007671356201172
94410818,2024,2024-09-27,9480,2024-09-16,"603 ",018861,,1,1,9,5400,0,3,5,,2,004,"AVENUE 328","ROAD 132",0.00,,Y,A,-,N,,,,,,,,,,Y,2,0,1,2,A,-,09,21800,A,N,D,C,A,A,H,-,B,A,0,,,,,Y,,A,07,1,0,0,0,0,0,0,0,0,"- ","- ",36.385589599609375,-119.27883911132812,TULARE,UNINCORPORATED,-119.27881622314453,36.385623931884766
94411802,2024,2024-09-30,9481,2024-09-21,2012,022157,,6,2,9,5400,0,3,5,,2,030,"ROAD 208","AVENUE 96",0.00,,Y,A,-,N,,,,,,,,,,Y,2,0,3,2,A,-,01,23152,F,N,D,2,A,A,H,-,D,A,0,,,,,Y,,A,01,2,0,1,0,0,0,0,0,0,"- ","- ",35.964321136474609,-119.10746002197266,TULARE,UNINCORPORATED,-119.107421875,35.964286804199219
94415246,2024,2024-10-01,9480,2024-09-16,1627,018861,,1,2,9,5400,0,3,5,,2,004,"ROAD 188","AVENUE 336",0.00,,Y,A,-,N,,,,,,,,,,Y,2,0,2,3,A,-,09,21802,A,N,D,C,A,A,D,-,A,A,0,,,,,Y,,A,07,1,1,0,0,0,0,0,0,0,"- ","- ",36.399368286132812,-119.15274047851562,TULARE,UNINCORPORATED,-119.15272521972656,36.399330139160156
94422646,2024,2024-10-08,9481,2024-10-01,1220,017957,,2,1,9,5400,0,3,5,,2,010,"DRIVE 184","AVENUE 176",10.00,N,N,A,-,N,,,,,,,,,,Y,2,0,1,1,A,-,08,22107,,N,E,I,A,A,H,-,A,A,0,,,Y,,Y,,C,02,1,0,0,0,0,0,0,0,1,"- ","- ",36.109329223632812,-119.16026306152344,TULARE,UNINCORPORATED,,
94425939,2024,2024-10-10,9481,2024-09-30,1350,019162,,1,1,9,5400,0,1,3,,1,053,"STATE ROUTE 190","RIVER ISLAND DRIVE",0.00,,Y,A,-,Y,TUL,,190," "," ",27.292,H,,R,Y,2,0,4,3,A,-,09,21802,A,N,D,2,A,A,H,-,A,A,0,,,,Y,Y,,D,22,2,1,1,0,0,0,0,0,0,"- ","- ",36.102619171142578,-118.85907745361328,TULARE,UNINCORPORATED,-118.85907745361328,36.102626800537109
94426074,2024,2024-10-10,9480,2024-09-21,"125 ",022256,,6,3,9,5400,0,1,3,,2,095,"SR-99 N/B","AVE 96",8448.00,S,N,A,-,Y,TUL,,99," "," ",10.677,H,,R,Y,2,0,1,1,A,-,01,23152,A,N,F,A,A,A,H,-,C,D,0,,,,,Y,Y,D,22,1,0,0,0,0,0,0,0,0,"- ","- ",35.941219329833984,-119.28713226318359,TULARE,UNINCORPORATED,-119.28715515136719,35.941215515136719
94429836,2024,2024-10-14,9480,2024-10-04,"625 ",021299,,5,1,9,5400,0,1,3,,2,095,"SR-99 S/B","AVE 76",2025.00,N,N,A,-,Y,TUL,,99," "," ",10.111,H,,L,Y,2,0,1,3,A,-,03,22350,,N,C,C,A,A,H,-,D,D,0,,,,,Y,,A,01,1,0,0,0,0,0,0,0,0,"- ","- ",35.933330535888672,-119.28443908691406,TULARE,UNINCORPORATED,-119.28443908691406,35.933330535888672
94447113,2024,2024-10-28,9480,2024-10-13,"235 ",022293,,7,3,9,5400,0,3,5,,2,004,"ROAD 158","GIOTTA AVENUE",10.00,S,N,A,-,N,,,,,,,,,,Y,2,0,1,1,A,-,01,23152,A,N,E,8,A,A,H,-,C,D,0,,,,,Y,Y,A,01,1,0,0,0,0,0,0,0,0,"- ","- ",36.382499694824219,-119.22019958496094,TULARE,UNINCORPORATED,-119.2203369140625,36.382553100585938
94453635,2024,2024-11-01,9480,2024-10-20,1855,022256,,7,2,9,5400,0,3,5,,2,005,"ROAD 124","AVENUE 118",120.00,N,N,A,-,N,,,,,,,,,,N,2,0,2,2,A,-,00,21300,B,F,C,H,A,A,H,-,D,D,0,,,,,Y,Y,M,95,1,1,0,0,0,0,0,0,0,"- ","- ",36.004390716552734,-119.29496765136719,TULARE,UNINCORPORATED,-119.29493713378906,36.004417419433594
94457505,2024,2024-11-04,9480,2024-10-17,1033,016240,,4,1,9,5400,0,3,5,,2,002,"ROAD 136","AVENUE 412",0.00,,Y,A,-,N,,,,,,,,,,Y,2,0,2,2,A,-,12,22450,A,N,D,C,A,A,H,-,A,A,0,,,,,Y,,A,08,2,0,0,0,0,0,0,0,0,"- ","- ",36.537250518798828,-119.26911926269531,TULARE,UNINCORPORATED,-119.26900482177734,36.537273406982422
94473453,2024,2024-11-18,9480,2024-08-26,1554,021628,,1,2,9,5400,0,3,5,,2,005,"ROAD 136","COUNTY LINE ROAD (AVENUE 0)",0.00,,Y,A,-,N,,,,,,,,,,Y,1,1,2,2,A,-,12,22450,A,N,D,C,A,A,H,-,A,A,0,,,,,Y,,A,01,0,1,1,0,0,0,0,0,0,"- ","- ",35.790420532226562,-119.26814270019531,TULARE,UNINCORPORATED,-119.26807403564453,35.790409088134766
94474238,2024,2024-11-18,9480,2024-11-04,1405,018861,,1,2,9,5400,0,1,3,,1,021,"SR-63 N/B","AVENUE 392",0.00,,Y,A,-,Y,TUL,,63," "," ",20.568,H,,R,Y,2,0,3,2,A,-,09,21801,A,N,D,C,A,A,H,-,A,D,0,,,,,Y,,D,22,1,2,0,0,0,0,0,0,0,"- ","- ",36.501251220703125,-119.28669738769531,TULARE,UNINCORPORATED,-119.28665924072266,36.501251220703125
94478430,2024,2024-11-21,9480,2024-11-10,"411 ",021589,,7,3,9,5400,0,3,5,,2,006,"AVE 248","RD 140",0.00,,Y,A,-,N,,,,,,,,,,Y,2,0,1,2,A,-,12,22450,A,N,A,C,A,A,H,-,D,A,0,,,,Y,Y,,D,22,1,0,0,0,0,0,0,0,0,"- ","- ",36.240329742431641,-119.26051330566406,TULARE,UNINCORPORATED,-119.26055145263672,36.240364074707031
94480836,2024,2024-11-22,9480,2024-11-16,1925,021628,,6,2,9,5400,0,1,3,,1,060,"STATE ROUTE 137","ROAD 132",528.00,W,N,A,-,Y,TUL,,137," "," ",19.341,H,,R,Y,2,0,1,1,A,-,08,22107,,F,E,I,A,A,H,-,A,D,0,,,,,Y,,A,07,1,0,0,0,0,0,0,0,0,"- ","- ",36.210971832275391,-119.28040313720703,TULARE,UNINCORPORATED,-119.28040313720703,36.210922241210938
94482968,2024,2024-11-25,9480,2024-09-16,1430,017713,,1,2,9,5400,0,3,5,,2,006,"ROAD 188","AVENUE 240",1670.00,S,N,A,-,N,,,,,,,,,,Y,1,1,0,2,A,-,08,22107,,N,A,C,A,A,H,-,A,D,0,,,,Y,Y,,D,22,0,0,0,0,0,0,0,0,0,"- ","- ",36.219890594482422,-119.15428161621094,TULARE,UNINCORPORATED,-119.15428161621094,36.220176696777344
94489206,2024,2024-12-02,9480,2024-11-22,1612,019932,,5,2,5,5407,0,1,3,,1,064,"STATE ROUTE 198 W/B","BEN MADDOX WAY",180.00,W,N,A,-,Y,TUL,,198," ",R,10.693,H,,L,Y,2,0,1,1,A,-,08,22107,,N,E,I,A,A,H,-,A,D,0,,,,,Y,,A,01,1,0,0,0,0,0,0,0,0,"- ","- ",36.326808929443359,-119.279296875,TULARE,VISALIA,-119.279296875,36.32684326171875
94500820,2024,2024-12-13,9480,2024-09-16,"3   ",022131,,1,3,9,5400,0,1,3,,1,051,"STATE ROUTE 43","AVENUE 56",2500.00,N,N,A,-,Y,TUL,,43," "," ",8.148,H,,R,Y,1,3,2,3,A,-,01,23152,A,N,B,C,A,A,H,-,D,D,0,,,,,Y,Y,A,01,1,0,1,0,0,0,0,0,0,"- ","- ",35.896141052246094,-119.40879821777344,TULARE,UNINCORPORATED,-119.4088134765625,35.896133422851562
94502381,2024,2024-12-13,9480,2024-09-02,"230 ",020450,,1,3,9,5400,0,3,5,,2,004,"ROAD 212","AVENUE 314",200.00,S,N,A,-,N,,,,,,,,,,Y,1,1,0,1,A,-,01,23152,G,N,E,I,A,A,H,-,D,D,0,,,,,Y,Y,A,01,0,0,0,0,0,0,0,0,0,"- ","- ",36.357391357421875,-119.09845733642578,TULARE,UNINCORPORATED,-119.098388671875,36.357772827148438
94505817,2024,2024-12-16,9480,2024-12-09,1335,017713,,1,1,9,5400,0,3,5,,2,004,"RD. 156","AVE. 344",0.00,,Y,A,-,N,,,,,,,,,,Y,2,0,2,2,A,-,12,22450,A,N,D,C,A,A,H,-,A,A,0,,,,,Y,,A,01,2,0,0,0,0,0,0,0,0,"- ","- ",36.413970947265625,-119.22412109375,TULARE,UNINCORPORATED,-119.22415924072266,36.413928985595703
9451006,2022,2022-06-27,5403,2022-05-15,2106,837,,7,5,2,5403,0,0,0,,0,,"W VISALIA RD","VIRGINIA AV",0.00,,Y,A,-,N,,,,,,,,,,Y,2,0,1,2,A,-,09,21802,A,F,D,C,A,A,H,-,C,A,0,,,,,Y,,A,01,1,0,0,0,0,0,0,0,0,"- ","- ",,,TULARE,FARMERSVILLE,-119.21597290039062,36.297828674316406
94523308,2024,2025-01-02,9480,2024-11-09,"545 ",021547,,6,3,9,5400,0,1,3,,2,095,"STATE ROUTE 99 NORTHBOUND","AVENUE 96",4334.00,S,N,A,-,Y,TUL,,99," "," ",11.499,H,,R,Y,1,1,0,1,A,-,08,22107,,N,E,I,A,A,H,-,D,D,0,,,,,Y,,A,07,0,0,0,0,0,0,0,0,0,"- ","- ",35.952911376953125,-119.2899169921875,TULARE,UNINCORPORATED,-119.28985595703125,35.952919006347656
94528974,2024,2025-01-07,9480,2024-11-02,"400 ",019828,,6,3,9,5400,0,1,3,,1,034,"STATE ROUTE 198 EASTBOUND","ROAD 68",1056.00,E,N,B,-,Y,TUL,,198," ",R,3.222,H,,R,Y,1,1,0,1,A,-,01,23152,G,N,E,8,A,A,H,-,C,D,0,,,,,Y,Y,A,01,0,0,0,0,0,0,0,0,0,"- ","- ",36.32720947265625,-119.41761016845703,TULARE,UNINCORPORATED,-119.41761779785156,36.3272705078125
94532144,2024,2025-01-09,9480,2024-10-16,1650,016507,,3,2,9,5400,0,3,5,,2,002,"ROAD 120 (HILLS VALLEY ROAD)","PARLIER AVENUE",0.30,S,N,B,-,N,,,,,,,,,,Y,1,1,2,3,A,-,06,21751,,N,D,2,A,A,H,-,A,D,0,,,,,Y,,A,01,0,2,0,0,0,0,0,0,0,"- ","- ",36.606498718261719,-119.30487060546875,TULARE,UNINCORPORATED,,
94547997,2025,2025-01-23,9481,2025-01-02,1610,018595,,4,2,4,5405,0,1,3,,1,053,"STATE ROUTE 190 W/B","STATE ROUTE 65",1012.00,E,N,A,-,Y,TUL,,190," ",R,15.438,H,,L,N,1,1,0,2,A,-,11,21954,A,F,G,B,D,A,H,-,A,D,0,Y,,,,Y,,N,60,0,0,0,1,0,0,0,0,0,"- ","- ",36.051658630371094,-119.03547668457031,TULARE,PORTERVILLE,-119.03547668457031,36.051685333251953
94564620,2025,2025-02-04,9480,2025-01-23,1945,016240,,4,2,9,5400,0,1,3,,2,091,"SR-99 N/B","AVENUE 384",7392.00,S,N,A,-,Y,TUL,,99," "," ",50.311,H,,R,Y,2,0,1,2,A,-,08,22107,,N,C,C,A,A,H,-,D,D,0,,,,Y,Y,,A,01,1,0,0,0,0,0,0,0,0,"- ","- ",36.47357177734375,-119.50183868408203,TULARE,UNINCORPORATED,-119.50189208984375,36.473548889160156
94565058,2025,2025-02-04,9480,2025-01-26,2035,021971,,7,2,9,5400,0,3,5,,2,006,"AVENUE 248",SR-63,156.00,E,N,B,C,Y,,,,,,,,,,Y,2,0,1,1,A,-,01,23152,A,N,A,I,A,A,H,-,D,D,0,,,,,Y,Y,D,22,1,0,0,0,0,0,0,0,0,"- ","- ",36.240371704101562,-119.31240844726562,TULARE,UNINCORPORATED,,
9456640,2022,2022-06-29,5407,2022-05-18,2339,A363,480,3,5,5,5407,0,0,0,,0,025,"N MOONEY BL","ELOWIN ST",165.00,S,N,A,-,N,,,,,,,,,,N,2,0,1,2,A,-,11,21956,,N,G,B,E,A,H,-,D,A,0,Y,,,,Y,,N,60,1,0,0,0,1,0,0,0,0,"- ","- ",,,TULARE,VISALIA,-119.31421661376953,36.343227386474609
94578251,2025,2025-02-13,9481,2025-02-04,1940,020917,,2,2,4,5405,0,3,5,,2,010,"ROAD 152","AVENUE 160",620.00,S,N,B,-,N,,,,,,,,,,Y,2,0,1,2,A,-,03,22350,,N,C,C,A,B,H,-,D,D,0,,,,Y,Y,,A,07,1,0,0,0,0,0,0,0,0,"- ","- ",36.078479766845703,-119.2322998046875,TULARE,PORTERVILLE,-119.23230743408203,36.078536987304688
94594990,2025,2025-03-03,9480,2025-02-22,1055,016995,,6,1,9,5400,0,3,5,,2,002,"AVENUE 360","ROAD 112",1584.00,W,N,A,-,N,,,,,,,,,,N,2,0,1,2,A,-,09,21804,A,N,D,C,A,A,H,-,A,D,0,,,Y,,Y,,C,02,1,0,0,0,0,0,0,0,1,"- ","- ",36.443580627441406,-119.33618927001953,TULARE,UNINCORPORATED,-119.32803344726562,36.443561553955078
9459701,2022,2022-06-15,5406,2022-05-02,0755,35,5406,1,5,4,5406,0,0,0,,0,0WS,E,MAPLE,10.00,S,N,A,-,N,,,,,,,,,,N,2,0,1,2,A,-,10,21950,A,N,G,B,B,A,H,-,A,A,0,Y,,,,Y,,A,01,1,0,0,0,1,0,0,0,0,"- ","- ",,,TULARE,TULARE,-119.35629272460938,36.214473724365234
9459869,2022,2022-06-27,5405,2022-06-05,1212,246,"SEC 3",7,5,4,5405,0,0,0,,0,003,"PLANO ST","POPLAR AV",0.00,,Y,A,-,N,,,,,,,,,,N,2,0,2,2,A,-,09,21802,A,N,D,C,A,A,H,-,A,A,0,,,,,Y,,A,01,1,1,0,0,0,0,0,0,0,"- ","- ",,,TULARE,PORTERVILLE,-119.00820922851562,36.051029205322266
94644341,2025,2025-04-10,9480,2025-04-05,1430,021547,,6,2,9,5400,0,3,5,,2,005,"ROAD 136","BOBBIE AVE",2640.00,N,N,A,-,N,,,,,,,,,,Y,2,0,1,1,A,-,03,22350,,N,F,A,A,A,H,-,A,D,0,,,Y,,Y,,C,02,1,0,0,0,0,0,0,0,1,"- ","- ",35.897830963134766,-119.26820373535156,TULARE,UNINCORPORATED,-119.26811981201172,35.90234375
94662613,2025,2025-04-24,9480,2025-04-16,1643,016723,,3,2,9,5400,0,3,5,,2,002,"ROAD 112","AVENUE 340",40.00,S,N,A,-,N,,,,,,,,,,Y,2,0,4,3,A,-,03,22350,,N,C,C,A,A,H,-,A,D,0,,,,,Y,,A,01,1,1,2,0,0,0,0,0,0,"- ","- ",36.407119750976562,-119.32308959960938,TULARE,UNINCORPORATED,-119.32308959960938,36.407039642333984
94710329,2025,2025-06-02,9480,2025-05-29,1310,019349,,4,1,9,5400,0,3,5,,2,004,"AVENUE 328","ROAD 148",0.00,,Y,A,-,N,,,,,,,,,,Y,2,0,3,2,A,-,01,23152,A,N,C,C,A,A,H,-,A,D,0,,,,,Y,Y,D,22,1,0,2,0,0,0,0,0,0,"- ","- ",36.385299682617188,-119.24286651611328,TULARE,UNINCORPORATED,-119.24280548095703,36.385307312011719
94731985,2025,2025-06-19,9481,2025-06-07,"125 ",022793,,6,3,9,5400,0,3,5,,2,050,"PLEASANT OAK DRIVE","SILVER FOX LANE",485.00,N,N,A,-,N,,,,,,,,,,Y,2,0,1,1,A,-,01,23152,A,N,E,I,A,A,H,-,D,D,0,,,,,Y,Y,A,01,1,0,0,0,0,0,0,0,0,"- ","- ",36.095661163330078,-118.85851287841797,TULARE,UNINCORPORATED,,
94732291,2024,2025-06-19,9481,2024-11-03,1604,016776,,7,2,9,5400,0,3,5,,2,020,"FOOTHILL AVENUE (ROAD 224)","LINDMORE STREET (AVENUE 224)",0.00,,Y,A,-,N,,,,,,,,,,Y,1,2,1,2,A,-,01,23152,A,N,D,2,A,A,H,-,A,A,0,,,,,Y,Y,D,22,1,0,0,0,0,0,0,0,0,"- ","- ",36.1962890625,-119.07318878173828,TULARE,UNINCORPORATED,-119.07316589355469,36.196262359619141
94733703,2025,2025-06-20,9480,2025-06-08,1043,018861,,7,1,9,5400,0,3,5,,2,002,"AVENUE 460 (SAND CREEK ROAD)","SAND CREEK DRIVE",3324.00,S,N,A,-,N,,,,,,,,,,Y,2,0,2,1,A,-,01,23152,A,N,E,I,A,A,H,-,A,D,0,,,,,Y,Y,D,22,1,1,0,0,0,0,0,0,0,"- ","- ",36.629459381103516,-119.24385833740234,TULARE,UNINCORPORATED,-119.26911163330078,36.624240875244141
94746529,2025,2025-07-07,9480,2025-04-05,1500,016995,,6,2,9,5400,0,3,5,,2,004,"ROAD 224","AVENUE 320 (7TH AVENUE)",0.00,,Y,A,-,N,,,,,,,,,,N,1,1,1,2,A,-,09,21804,A,N,D,C,A,A,H,-,A,D,0,,,,,Y,,M,94,0,0,1,0,0,0,0,0,0,"- ","- ",36.368930816650391,-119.07119750976562,TULARE,UNINCORPORATED,-119.07126617431641,36.368919372558594
94766164,2025,2025-07-17,9480,2025-06-13,1225,016723,,5,1,9,5400,0,3,5,,2,004,"ROAD 132","AVENUE 328",1954.00,S,N,A,-,N,,,,,,,,,,Y,1,1,1,2,A,-,05,21460,C,N,D,C,A,A,H,-,A,D,0,,,Y,,Y,,C,02,0,0,1,0,0,0,0,1,0,"- ","- ",36.380161285400391,-119.27874755859375,TULARE,UNINCORPORATED,-119.27878570556641,36.380256652832031
9482040,2022,2022-08-17,5406,2022-07-02,1356,74,5406,6,5,4,5406,0,0,0,,0,0AO,"RT 137","SACRAMENTO ST",0.00,,Y,A,-,Y,TUL,6,137,-,-,14.470,I,5,E,Y,2,0,1,2,A,-,09,21804,B,N,B,C,A,A,H,-,A,A,0,,,Y,,Y,,D,22,1,0,0,0,0,0,0,0,1,"- ","- ",,,TULARE,TULARE,-119.36316680908203,36.203659057617188
9493170,2022,2022-10-17,5407,2022-03-22,0733,M194,480,2,5,5,5407,0,0,0,,0,011,"W HURLEY AV","N MARCIN ST",0.00,,Y,A,-,N,,,,,,,,,,Y,2,0,1,2,A,-,03,22350,,N,D,G,A,A,H,-,A,A,0,,Y,,,Y,,D,22,1,0,0,0,0,0,1,0,0,"- ","- ",36.334560394287109,-119.36329650878906,TULARE,VISALIA,-119.36331176757812,36.334548950195312
9493291,2022,2022-09-30,5407,2022-02-12,1829,M203,480,6,5,5,5407,0,0,0,,0,025,"RT 63","VINE AV",0.00,,Y,A,-,Y,TUL,6,63,-,-,9.520,I,5,S,Y,2,0,1,2,A,-,11,21954,A,N,G,B,D,A,H,-,C,A,0,Y,,,,Y,Y,N,60,1,0,0,0,1,0,0,0,0,"- ","- ",36.349521636962891,-119.29692840576172,TULARE,VISALIA,-119.29697418212891,36.3477783203125
9493319,2022,2022-09-30,5407,2022-06-11,2025,M203,480,6,5,5,5407,0,0,0,,0,,"N LOCUST ST","W RACE AVE",0.00,,Y,A,-,Y,TUL,6,63,-,-,8.563,I,5,S,Y,2,0,1,2,A,-,10,21950,A,N,G,B,B,A,H,-,C,A,0,Y,,,,Y,,A,01,1,0,0,0,1,0,0,0,0,"- ","- ",36.335330963134766,-119.29350280761719,TULARE,VISALIA,-119.29351043701172,36.335353851318359
9493339,2022,2022-09-30,5407,2022-04-15,1901,M194,480,5,5,5,5407,0,0,0,,0,025,"W MINERAL KING AV","S MOONEY BL",23.00,E,N,A,-,Y,TUL,6,198,-,R,8.564,R,4,W,Y,2,0,1,2,A,-,01,23153,A,N,G,B,B,A,H,-,C,A,0,Y,,,,Y,Y,A,01,1,0,0,0,1,0,0,0,0,"- ","- ",36.327480316162109,-119.31401062011719,TULARE,VISALIA,-119.31743621826172,36.327293395996094
9493657,2022,2022-10-13,5407,2022-07-03,0355,A356,480,7,5,5,5407,0,0,0,,0,033,NOBLE,"BEN MADDOX WY",732.00,E,N,A,-,N,,,,,,,,,,Y,2,0,1,2,A,-,09,21804,A,N,H,G,A,A,H,-,C,A,0,,Y,,,Y,,L,04,1,0,0,0,0,0,1,0,0,"- ","- ",,,TULARE,VISALIA,-119.27619934082031,36.325443267822266