CASE_ID,ACCIDENT_YEAR,PROC_DATE,JURIS,COLLISION_DATE,COLLISION_TIME,OFFICER_ID,REPORTING_DISTRICT,DAY_OF_WEEK,CHP_SHIFT,POPULATION,CNTY_CITY_LOC,SPECIAL_COND,BEAT_TYPE,CHP_BEAT_TYPE,CITY_DIVISION_LAPD,CHP_BEAT_CLASS,BEAT_NUMBER,PRIMARY_RD,SECONDARY_RD,DISTANCE,DIRECTION,INTERSECTION,WEATHER_1,WEATHER_2,STATE_HWY_IND,CALTRANS_COUNTY,CALTRANS_DISTRICT,STATE_ROUTE,ROUTE_SUFFIX,POSTMILE_PREFIX,POSTMILE,LOCATION_TYPE,RAMP_INTERSECTION,SIDE_OF_HWY,TOW_AWAY,COLLISION_SEVERITY,NUMBER_KILLED,NUMBER_INJURED,PARTY_COUNT,PRIMARY_COLL_FACTOR,PCF_CODE_OF_VIOL,PCF_VIOL_CATEGORY,PCF_VIOLATION,PCF_VIOL_SUBSECTION,HIT_AND_RUN,TYPE_OF_COLLISION,MVIW,PED_ACTION,ROAD_SURFACE,ROAD_COND_1,ROAD_COND_2,LIGHTING,CONTROL_DEVICE,CHP_ROAD_TYPE,PEDESTRIAN_ACCIDENT,BICYCLE_ACCIDENT,MOTORCYCLE_ACCIDENT,TRUCK_ACCIDENT,NOT_PRIVATE_PROPERTY,ALCOHOL_INVOLVED,STWD_VEHTYPE_AT_FAULT,CHP_VEHTYPE_AT_FAULT,COUNT_SEVERE_INJ,COUNT_VISIBLE_INJ,COUNT_COMPLAINT_PAIN,COUNT_PED_KILLED,COUNT_PED_INJURED,COUNT_BICYCLIST_KILLED,COUNT_BICYCLIST_INJURED,COUNT_MC_KILLED,COUNT_MC_INJURED,PRIMARY_RAMP,SECONDARY_RAMP,LATITUDE,LONGITUDE,COUNTY,CITY,POINT_X,POINT_Y
9501419,2022,2022-12-05,5403,2022-09-05,1844,844,,1,5,2,5403,0,0,0,,0,,"NORTH FARMERSVILLE BL","EDISON POLE #752941E",119.00,S,N,A,-,N,,,,,,,,,,Y,2,0,2,1,A,-,03,22350,,N,E,I,A,A,H,-,A,D,0,,,Y,,Y,,C,02,2,0,0,0,0,0,0,0,2,"- ","- ",,,TULARE,FARMERSVILLE,,
9504108,2022,2022-10-20,5407,2022-06-17,0127,M203,480,5,5,5,5407,0,0,0,,0,,"RT-63 SB (N. DINUBA BL)",RIVERWAY,100.00,S,N,A,-,Y,TUL,6,63,-,-,10.600,H,-,S,Y,1,1,0,1,A,-,03,22350,,N,E,I,A,A,D,-,A,A,0,,,,,Y,Y,A,01,0,0,0,0,0,0,0,0,0,"- ","- ",36.363658905029297,-119.29698944091797,TULARE,VISALIA,-119.29701995849609,36.363357543945312
9506937,2022,2022-10-18,5405,2022-09-23,1947,259,SEC2,5,5,4,5405,0,0,0,,0,,"PLANO ST","THURMAN AV",0.00,,Y,A,-,N,,,,,,,,,,Y,2,0,1,2,A,-,03,22350,,N,C,C,A,A,H,-,C,A,0,,,Y,,Y,,C,02,1,0,0,0,0,0,0,0,1,"- ","- ",36.069381713867188,-119.00837707519531,TULARE,PORTERVILLE,-119.0084228515625,36.071182250976562
9515799,2022,2022-12-15,5405,2022-11-23,1717,CSO35,SEC1,3,5,4,5405,0,0,0,,0,001,"WESTFIELD AV","OHIO PLZ",70.00,E,N,A,-,N,,,,,,,,,,N,2,0,1,2,C,-,18,,,N,C,C,A,A,H,-,C,A,0,,,,,Y,,-,"- ",1,0,0,0,0,0,0,0,0,"- ","- ",36.087348937988281,-119.03449249267578,TULARE,PORTERVILLE,-119.03448486328125,36.087596893310547
9516295,2022,2022-12-23,5407,2022-11-03,1451,C56,480,4,5,5,5407,0,0,0,,0,R12,"S MOONEY BL","AVE 272",0.00,,Y,A,-,Y,TUL,6,63,-,-,5.011,I,5,N,Y,2,0,1,2,A,-,09,21802,A,N,D,C,A,A,H,-,A,A,0,,,,,Y,Y,A,01,1,0,0,0,0,0,0,0,0,"- ","- ",36.283950805664062,-119.31352233886719,TULARE,VISALIA,-119.31346893310547,36.283966064453125
9516471,2022,2023-01-10,5407,2022-11-13,2156,A371,480,7,5,5,5407,0,0,0,,0,011,"W GOSHEN AV","KELSEY ST",786.00,W,N,A,-,N,,,,,,,,,,Y,2,0,2,1,A,-,01,23152,A,N,E,I,A,A,H,-,D,D,0,,,,,Y,Y,A,01,2,0,0,0,0,0,0,0,0,"- ","- ",36.342010498046875,-119.39452362060547,TULARE,VISALIA,-119.38828277587891,36.342063903808594
9520385,2022,2023-02-10,5407,2022-03-24,1931,M226,480,4,5,5,5407,0,0,0,,0,033,"RT 63 (S MOONEY BL)","RT 63 (W NOBLE AV)",0.00,,Y,A,-,Y,TUL,6,63,-,L,7.949,I,5,N,Y,1,1,2,4,A,-,12,21453,A,N,D,C,F,A,H,-,C,A,0,Y,,,,Y,,D,22,1,0,1,1,1,0,0,0,0,"- ","- ",36.326541900634766,-119.31400299072266,TULARE,VISALIA,-119.31397247314453,36.326557159423828
9520525,2023,2025-07-22,5407,2023-03-15,1221,M293,480,3,5,5,5407,0,0,0,,0,,"S DEMAREE ST","W VICTOR AV",294.00,N,N,A,-,N,,,,,,,,,,Y,1,2,1,2,A,-,05,21460,A,N,A,C,A,A,H,-,A,A,0,,,,,Y,,D,22,0,1,0,0,0,0,0,0,0,"- ","- ",,,TULARE,VISALIA,-119.33152770996094,36.3023681640625
9520532,2023,2023-05-23,5407,2023-04-03,"151 ",M292,480,1,5,5,5407,0,0,0,,0,N25,"W HOUSTON AV","N RINALDI ST",0.00,E,N,G,-,N,,,,,,,,,,N,1,1,0,2,A,-,11,21954,A,N,G,B,E,A,H,-,C,A,0,Y,,,,Y,,N,60,0,0,0,1,0,0,0,0,0,"- ","- ",36.341880798339844,-119.30811309814453,TULARE,VISALIA,-119.30814361572266,36.341911315917969
9520764,2023,2023-08-14,5406,2023-06-14,2256,24,5406,3,5,4,5406,0,0,0,,0,0AO,"RT-137 (INYO)","H ST",0.00,,Y,A,-,Y,TUL,6,137,-,-,15.210,I,5,E,Y,1,2,1,2,A,-,01,23152,A,N,D,C,A,A,H,-,A,A,0,,,,,Y,Y,A,01,0,1,0,0,0,0,0,0,0,"- ","- ",,,TULARE,TULARE,-119.34999084472656,36.204814910888672
9523656,2022,2022-12-06,5407,2022-10-12,1050,11895,480,3,5,5,5407,0,0,0,,0,025,"W ACEQUIA ST","S COURT ST",0.00,,Y,A,-,N,,,,,,,,,,N,2,0,1,2,A,-,10,21950,A,N,G,B,B,A,H,-,A,A,0,Y,,,,Y,,A,01,1,0,0,0,1,0,0,0,0,"- ","- ",36.328781127929688,-119.29289245605469,TULARE,VISALIA,-119.29232788085938,36.329246520996094
9523658,2022,2022-12-06,5407,2022-10-09,0356,A368,,7,5,5,5407,0,0,0,,0,N25,"W BORDER LINKS DR","N GILMER CT",243.00,E,N,A,-,N,,,,,,,,,,Y,2,0,2,2,A,-,01,23152,A,N,D,E,A,A,H,-,C,A,0,,,,,Y,Y,M,96,1,1,0,0,0,0,0,0,0,"- ","- ",36.334560394287109,-119.32376098632812,TULARE,VISALIA,-119.32393646240234,36.334468841552734
9525280,2022,2023-02-14,5407,2022-12-24,1925,A341,480,6,5,5,5407,0,0,0,,0,026,"N 3RD AV","N GRAPE ST",6.00,N,N,E,-,N,,,,,,,,,,N,2,0,1,2,A,-,03,22350,,F,G,B,B,D,H,-,C,A,0,Y,,,,Y,,D,22,1,0,0,0,1,0,0,0,0,"- ","- ",36.340240478515625,-119.28981018066406,TULARE,VISALIA,-119.289794921875,36.340263366699219
9538698,2022,2023-02-03,5406,2022-12-21,0935,24,5406,3,5,4,5406,0,0,0,,0,0AO,LASPINA,CROSS,0.00,,Y,B,E,N,,,,,,,,,,Y,2,0,6,2,A,-,12,21453,A,N,D,C,A,B,H,-,A,A,0,,,,,Y,,D,22,1,3,2,0,0,0,0,0,0,"- ","- ",,,TULARE,TULARE,-119.32199859619141,36.221328735351562
9543007,2022,2023-01-11,5407,2022-08-19,0641,M282,480,5,5,5,5407,0,0,0,,0,025,"N DEMAREE ST","W MODOC AV",0.00,,Y,A,-,N,,,,,,,,,,Y,2,0,1,2,A,-,08,22107,,N,A,C,A,A,H,-,A,A,0,,,Y,,Y,,A,01,1,0,0,0,0,0,0,0,1,"- ","- ",36.352779388427734,-119.33203125,TULARE,VISALIA,-119.33203887939453,36.352783203125
9543547,2022,2023-01-17,5407,2022-11-25,2313,A368,480,5,5,5,5407,0,0,0,,0,O26,"N MCAULIFF ST","ST JOHNS PKWY",239.00,N,N,A,-,N,,,,,,,,,,Y,2,0,1,1,A,-,07,21658,,N,F,I,A,A,H,-,C,A,0,,,,,Y,Y,A,01,1,0,0,0,0,0,0,0,0,"- ","- ",36.34490966796875,-119.25213623046875,TULARE,VISALIA,-119.25203704833984,36.346206665039062
9563441,2023,2023-05-23,5405,2023-03-28,1945,259,SEC3,2,5,4,5405,0,0,0,,0,,"LEGGETT ST","ISHAM AV",209.00,N,N,B,C,N,,,,,,,,,,Y,2,0,3,2,A,-,01,23153,B,N,D,C,A,B,H,-,D,D,0,,,,,Y,Y,A,01,1,2,0,0,0,0,0,0,0,"- ","- ",36.063568115234375,-118.99929046630859,TULARE,PORTERVILLE,-118.99957275390625,36.063442230224609
9563891,2023,2023-04-18,5406,2023-03-07,1339,35,5406,2,5,4,5406,0,0,0,,0,0ES,LASPINA,ALPINE,41.00,N,N,A,-,N,,,,,,,,,,N,2,0,1,2,A,-,11,21954,A,N,G,B,D,A,H,-,A,D,0,Y,,,,Y,,N,60,1,0,0,0,1,0,0,0,0,"- ","- ",,,TULARE,TULARE,-119.32213592529297,36.202251434326172
9566957,2023,2023-06-08,5407,2023-04-19,"550 ",A339,480,3,5,5,5407,0,0,0,,0,012,"S MOONEY BL","S MOONEY BL 1307",16.00,N,N,A,-,N,,,,,,,,,,Y,2,0,1,1,A,-,05,21650,,N,B,I,A,A,H,-,A,A,0,,,,,Y,,-,"- ",1,0,0,0,0,0,0,0,0,"- ","- ",,,TULARE,VISALIA,-119.31359100341797,36.298603057861328
9580061,2023,2023-06-14,5406,2023-05-27,1807,23,5406,6,5,4,5406,0,0,0,,0,0AO,BARDSLEY,DURANGO,0.00,,Y,A,-,N,,,,,,,,,,Y,2,0,2,2,A,-,09,21801,A,N,D,C,A,A,H,-,A,D,0,,,Y,,Y,,A,01,1,0,1,0,0,0,0,0,1,"- ","- ",,,TULARE,TULARE,,
9580715,2023,2023-07-06,5405,2023-05-26,1204,292,SEC3,5,5,4,5405,0,0,0,,0,,"OLIVE AV","2ND ST",3.00,E,N,A,-,N,,,,,,,,,,N,2,0,1,2,A,-,10,21950,A,N,G,B,B,A,H,-,A,A,0,Y,,,,Y,,D,22,1,0,0,0,1,0,0,0,0,"- ","- ",,,TULARE,PORTERVILLE,-119.01524353027344,36.065128326416016
9596677,2023,2023-07-28,5407,2023-06-18,"53  ",A367,480,7,5,5,5407,0,0,0,,0,026,"MAIN ST","VALLEY OAKS DR",102.00,W,N,A,-,N,,,,,,,,,,Y,2,0,1,1,A,-,03,22350,,N,F,I,A,-,H,-,C,A,0,,,,,Y,,A,01,1,0,0,0,0,0,0,0,0,"- ","- ",36.330249786376953,-119.26643371582031,TULARE,VISALIA,-119.26711273193359,36.329963684082031
9596684,2023,2023-07-28,5407,2023-06-02,1138,M292,480,5,5,5,5407,0,0,0,,0,P33,"S COURT ST","E PARADISE AV",600.00,S,N,A,-,N,,,,,,,,,,N,2,0,1,2,A,-,08,22107,,N,B,G,A,A,H,-,A,A,0,,Y,,,Y,,L,04,1,0,0,0,0,0,1,0,0,"- ","- ",36.315109252929688,-119.29193115234375,TULARE,VISALIA,-119.29203796386719,36.314823150634766
9611536,2023,2023-09-01,5405,2023-08-05,2159,291,SEC1,6,5,4,5405,0,0,0,,0,,"HENDERSON AV","RT 65",405.00,W,N,A,-,N,,,,,,,,,,Y,2,0,1,2,A,-,01,23153,A,N,C,C,A,A,H,-,C,D,0,,,,,Y,Y,A,01,1,0,0,0,0,0,0,0,0,"- ","- ",36.080890655517578,-119.04136657714844,TULARE,PORTERVILLE,-119.04029083251953,36.080493927001953
9623785,2023,2024-01-06,5405,2023-11-01,1851,236,"SEC 1",3,5,4,5405,0,0,0,,0,,"MORTON AV","LOTAS ST",120.00,W,N,A,-,N,,,,,,,,,,Y,2,0,1,2,A,-,11,21954,A,N,G,B,D,A,H,-,C,A,0,Y,,,,Y,,N,60,1,0,0,0,1,0,0,0,0,"- ","- ",36.073188781738281,-119.05143737792969,TULARE,PORTERVILLE,-119.05183410644531,36.073154449462891
9627705,2023,2023-10-18,5406,2023-09-10,1831,4QFLE,DIST5,7,5,4,5406,0,0,0,,0,,"E BARDSLEY AV","STONEY CREEK ST",121.00,E,N,A,-,N,,,,,,,,,,Y,2,0,1,2,A,-,05,21650,,N,B,E,A,A,H,-,A,D,0,,,,Y,Y,,A,01,1,0,0,0,0,0,0,0,0,"- ","- ",,,TULARE,TULARE,-119.30592346191406,36.196563720703125
9628076,2023,2023-11-03,5407,2023-09-03,1546,A391,480,7,5,5,5407,0,0,0,,0,N25,"S WILLIS ST","W MAIN ST",0.00,,Y,A,-,N,,,,,,,,,,Y,2,0,1,1,A,-,03,22350,,N,E,I,A,A,H,-,A,A,0,,,,,Y,,A,01,1,0,0,0,0,0,0,0,0,"- ","- ",36.330120086669922,-119.29769897460938,TULARE,VISALIA,-119.29771423339844,36.330154418945312
9636891,2023,2023-11-21,5407,2023-08-31,1959,M186,480,4,5,5,5407,0,0,0,,0,,"S DEMAREE ST","NOBLE AV",294.00,S,N,A,-,N,,,,,,,,,,Y,2,0,3,4,A,-,11,21955,,N,G,B,D,A,H,-,C,D,0,Y,,,,Y,,N,60,2,1,0,0,2,0,0,0,0,"- ","- ",36.326629638671875,-119.33173370361328,TULARE,VISALIA,-119.33174896240234,36.325824737548828
9637546,2023,2024-03-01,5404,2023-11-02,1423,681,5404,4,5,2,5404,0,0,0,,0,22L,"RT 65","W HERMOSA ST",0.00,,Y,A,-,Y,TUL,6,65,-,-,29.491,I,5,N,Y,2,0,1,2,A,-,12,21453,A,N,A,D,A,A,H,-,A,A,0,,,,,Y,,-,,1,0,0,0,0,0,0,0,0,"- ","- ",,,TULARE,LINDSAY,-119.10434722900391,36.203277587890625
9640462,2022,2024-05-10,5401,2022-11-19,2103,2126,DPD,6,5,3,5401,0,0,0,,0,00A,"AVENUE 424","VISCAYA PKWY",729.00,W,N,A,-,N,,,,,,,,,,N,1,1,0,2,D,-,00,,,F,G,B,D,A,H,-,D,D,0,Y,,,,Y,,-,"- ",0,0,0,1,0,0,0,0,0,"- ","- ",,,TULARE,DINUBA,-119.40679931640625,36.560508728027344
9640503,2023,2024-05-21,5401,2023-09-01,2127,2115,5401,5,5,3,5401,0,0,0,,0,00A,"BLOCK W ELMONTE WY","DICKEY AV",1.00,E,N,A,-,N,,,,,,,,,,Y,1,1,0,2,A,-,11,21954,A,N,G,B,C,A,G,-,C,D,0,Y,,,,Y,Y,N,60,0,0,0,1,0,0,0,0,0,"- ","- ",,,TULARE,DINUBA,-119.40192413330078,36.545970916748047
9640716,2024,2024-07-19,5405,2024-06-16,2056,263,"SEC 1",7,5,4,5405,0,0,0,,0,,"RT 65","PIONEER AV",0.00,,Y,A,-,Y,TUL,6,65,-,-,20.880,I,5,N,Y,1,1,0,3,A,-,05,21651,A,N,D,G,A,A,H,-,D,A,0,,Y,,,Y,Y,L,04,0,0,0,0,0,1,0,0,0,"- ","- ",36.091129302978516,-119.03948974609375,TULARE,PORTERVILLE,-119.03936767578125,36.091114044189453
9656624,2023,2024-01-26,5407,2023-11-14,1231,M292,480,2,5,5,5407,0,0,0,,0,N25,"W MURRAY AVE","N COURT ST",0.00,,Y,A,-,N,,,,,,,,,,N,2,0,1,2,A,-,05,21651,B,N,D,-,A,A,H,-,A,A,0,,Y,,,Y,,L,04,1,0,0,0,0,0,1,0,0,"- ","- ",36.333770751953125,-119.2923583984375,TULARE,VISALIA,-119.29235076904297,36.333774566650391
9662589,2024,2024-03-01,5405,2024-01-16,"555 ",293,SEC3,2,5,4,5405,0,0,0,,0,,"JAYE ST","RT 190",0.00,,Y,E,-,Y,TUL,6,190,-,-,15.950,I,5,W,Y,2,0,1,2,A,-,01,23152,A,N,D,C,A,A,H,-,C,A,0,,,,,Y,Y,-,,1,0,0,0,0,0,0,0,0,"- ","- ",36.051528930664062,-119.02626800537109,TULARE,PORTERVILLE,-119.02631378173828,36.051670074462891
9666766,2024,2024-03-15,5406,2024-01-26,1249,54,DIST1,5,5,4,5406,0,0,0,,0,WEST,E,BOXWOOD,124.00,S,N,A,-,N,,,,,,,,,,Y,2,0,1,1,A,-,03,22350,,N,E,I,A,A,H,-,A,D,0,,,Y,,Y,,C,02,1,0,0,0,0,0,0,0,1,"- ","- ",36.193859100341797,-119.3521728515625,TULARE,TULARE,-119.35238647460938,36.190391540527344
9671587,2024,2024-03-11,5407,2024-01-06,2315,A349,480,6,5,5,5407,0,0,0,,0,Q34,"W WALNUT AV","S COURT ST",191.00,W,N,B,C,N,,,,,,,,,,N,2,0,1,2,A,-,11,21954,A,N,G,B,D,B,H,-,C,A,0,Y,,,,Y,,N,60,1,0,0,0,1,0,0,0,0,"- ","- ",36.312839508056641,-119.29199981689453,TULARE,VISALIA,-119.29265594482422,36.312858581542969
9671588,2024,2024-03-11,5407,2024-01-30,2129,A372,480,2,5,5,5407,0,0,0,,0,M11,"N SHIRK ST","W SCHOIOL AV",167.00,N,N,A,-,N,,,,,,,,,,Y,2,0,1,1,A,-,05,21650,,N,A,I,A,A,H,-,D,A,0,,,,,Y,,A,01,1,0,0,0,0,0,0,0,0,"- ","- ",36.334548950195312,-119.36765289306641,TULARE,VISALIA,-119.36766815185547,36.332347869873047
9671890,2023,2024-03-06,5407,2023-12-31,1246,A368,480,7,5,5,5407,0,0,0,,0,O26,"MILL CREEK PKWY","MANZINITA DR",110.00,W,N,A,-,N,,,,,,,,,,Y,2,0,1,1,A,-,03,22350,,N,E,I,A,A,H,-,A,A,0,,,,,Y,Y,A,01,1,0,0,0,0,0,0,0,0,"- ","- ",36.335411071777344,-119.25218200683594,TULARE,VISALIA,-119.25650787353516,36.334274291992188
9675695,2024,2024-04-04,5404,2024-02-24,2105,689,5404,6,5,2,5404,0,0,0,,0,22L,"RT 65",HERMOSA,338.00,N,N,A,-,Y,TUL,6,65,-,-,29.570,H,-,S,N,2,0,1,2,A,-,11,21456,,F,G,B,D,A,H,-,D,A,0,Y,,,,Y,,N,60,1,0,0,0,1,0,0,0,0,"- ","- ",,,TULARE,LINDSAY,-119.10540771484375,36.204257965087891
9679533,2023,2024-06-20,5408,2023-04-06,"610 ",948,WOODL,4,5,2,5408,0,0,0,,0,12W,"RT 245","ANTELOPE AV",0.00,,Y,A,-,Y,TUL,6,245,-,-,7.190,I,5,S,N,2,0,1,2,A,-,00,21960,,N,G,B,B,A,H,-,C,D,0,Y,,,,Y,,-,"- ",1,0,0,0,1,0,0,0,0,"- ","- ",,,TULARE,WOODLAKE,-119.09889984130859,36.41558837890625
9687019,2024,2024-08-06,5407,2024-05-31,1638,C62,480,5,5,5,5407,0,0,0,,0,033,"E NOBLE AV","S SANTA FE ST",0.00,,Y,A,-,N,,,,,,,,,,Y,2,0,2,2,A,-,12,21453,A,N,D,C,A,A,H,-,A,A,0,,,,,Y,,-,"- ",1,0,1,0,0,0,0,0,0,"- ","- ",36.326400756835938,-119.28777313232422,TULARE,VISALIA,-119.28778839111328,36.326404571533203
9692397,2024,2024-07-26,5406,2024-04-03,2120,6WA4R,DIST1,3,5,4,5406,0,0,0,,0,0AO,PAIGE,"I ST",76.00,E,N,A,-,N,,,,,,,,,,Y,2,0,3,2,A,-,03,22350,,N,C,C,A,A,H,-,C,A,0,,,,,Y,,D,22,1,2,0,0,0,0,0,0,0,NO,"- ",36.18212890625,-119.34297943115234,TULARE,TULARE,-119.34279632568359,36.182071685791016
9692887,2024,2024-06-10,5401,2024-03-18,1541,2115,5401,1,5,3,5401,0,0,0,,0,00B,"EL MONTE EAST WY","E MARIPOSA ST",23.00,W,N,A,-,N,,,,,,,,,,Y,2,0,1,2,A,-,09,21804,A,N,A,G,A,A,H,-,A,A,0,,Y,,,Y,Y,L,04,1,0,0,0,0,0,1,0,0,"- ","- ",,,TULARE,DINUBA,-119.39096832275391,36.545783996582031
9694601,2024,2024-05-04,5407,2024-03-31,"40  ",A395,480,7,5,5,5407,0,0,0,,0,012,"W CALDWELL AV","S MOONEY BL",0.00,,Y,A,-,N,,,,,,,,,,Y,2,0,2,2,A,-,01,23152,A,N,C,C,A,A,H,-,C,A,0,,,,,Y,Y,-,"- ",1,1,0,0,0,0,0,0,0,"- ","- ",36.298469543457031,-119.31366729736328,TULARE,VISALIA,-119.31375122070312,36.298557281494141
9702301,2024,2024-07-11,5406,2024-05-29,1622,CXMPV,DIST5,3,5,4,5406,0,0,0,,0,0AO,"RT 63",SEMINOLE,266.00,S,N,A,-,Y,TUL,6,63,-,-,0.452,H,-,S,Y,2,0,4,2,A,-,07,21658,A,N,C,C,A,A,H,-,A,D,0,,,,,Y,,D,22,1,3,0,0,0,0,0,0,0,"- ","- ",36.211380004882812,-119.31317901611328,TULARE,TULARE,-119.31312561035156,36.217864990234375
9706275,2024,2024-06-07,5405,2024-04-28,2055,282,SEC1,7,5,4,5405,0,0,0,,0,,"WESTFIELD AV","COBB ST",563.00,E,N,A,-,N,,,,,,,,,,N,2,0,1,2,A,-,11,21954,A,F,G,B,D,A,H,-,C,D,0,Y,,,,Y,,N,60,1,0,0,0,1,0,0,0,0,"- ","- ",36.087581634521484,-119.03938293457031,TULARE,PORTERVILLE,-119.03974151611328,36.087581634521484
9728215,2024,2024-09-09,5407,2024-07-09,1809,C62,480,2,5,5,5407,0,0,0,,0,011,"N PLAZA DR","W NICHOLAS AVE",30.00,N,N,A,-,N,,,,,,,,,,Y,2,0,1,2,A,-,03,22350,,N,C,C,A,A,H,-,A,A,0,,,,Y,Y,,A,07,1,0,0,0,0,0,0,0,0,"- ","- ",36.336631774902344,-119.39453887939453,TULARE,VISALIA,-119.39458465576172,36.336723327636719
9730934,2024,2024-10-09,5407,2024-08-11,1613,12540,480,7,5,5,5407,0,0,0,,0,P33,"MOONEY BL","NOBLE AV",0.00,,Y,A,-,Y,TUL,6,63,-,L,7.949,I,5,S,Y,2,0,2,2,A,-,12,21453,A,N,D,C,A,A,H,-,A,A,0,,,,,Y,,A,01,1,1,0,0,0,0,0,0,0,"- ","- ",,,TULARE,VISALIA,-119.31411743164062,36.326541900634766
9733052,2024,2024-11-25,5407,2024-04-21,1342,A403,480,7,5,5,5407,0,0,0,,0,026,"ST JOHNS PKWY","SANTE FE TRAIL",0.00,,Y,A,-,N,,,,,,,,,,Y,2,0,2,1,A,-,03,22350,,N,E,J,A,A,H,-,A,D,0,,,,,Y,,A,01,1,1,0,0,0,0,0,0,0,"- ","- ",,,TULARE,VISALIA,,
9743556,2024,2024-11-25,5405,2024-11-01,2325,309,SEC4,5,5,4,5405,0,0,0,,0,,"SCRANTON AV","NEWCOMB ST",0.00,,Y,A,-,N,,,,,,,,,,Y,2,0,3,2,A,-,03,22350,,N,C,C,A,A,H,-,C,A,0,,,,,Y,,A,07,1,0,2,0,0,0,0,0,0,"- ","- ",36.037120819091797,-119.05364990234375,TULARE,PORTERVILLE,-119.05329895019531,36.036781311035156
9743889,2024,2024-12-03,5405,2024-11-12,1819,263,SEC4,2,5,4,5405,0,0,0,,0,,"OLIVE AV","BEVERLY ST",27.00,W,N,A,-,N,,,,,,,,,,Y,2,0,1,2,A,-,09,21801,A,N,D,C,A,A,H,-,C,A,0,,,,,Y,,A,01,1,0,0,0,0,0,0,0,0,"- ","- ",36.065021514892578,-119.04918670654297,TULARE,PORTERVILLE,-119.04865264892578,36.065879821777344
9751314,2024,2025-01-15,5407,2024-07-02,2101,M203,480,2,5,5,5407,0,0,0,,0,012,"S MOONEY BL","W CAMERON AV",0.00,,Y,A,-,Y,TUL,6,63,-,-,5.741,I,5,S,Y,1,1,0,2,A,-,11,21456,B,N,G,B,B,A,H,-,C,A,0,Y,,,,Y,,N,60,0,0,0,1,0,0,0,0,0,"- ","- ",36.294551849365234,-119.31362915039062,TULARE,VISALIA,-119.31374359130859,36.294601440429688
9753280,2024,2024-12-06,5405,2024-10-13,1329,263,SEC3,7,5,4,5405,0,0,0,,0,,"RT 190","PIKE ST",291.00,W,N,A,-,Y,TUL,6,190,-,-,18.040,H,-,E,Y,2,0,1,1,A,-,01,23152,B,N,E,I,A,A,H,-,A,D,0,,,,,Y,Y,A,01,1,0,0,0,0,0,0,0,0,"- ","- ",,,TULARE,PORTERVILLE,-118.98896789550781,36.051101684570312
9760537,2024,2024-12-26,5406,2024-11-27,1501,B30TM,DIST4,3,5,4,5406,0,0,0,,0,EAST,OAKS,"SOCALEDISON POLE #4353615E",35.00,S,N,A,-,N,,,,,,,,,,Y,2,0,2,2,A,-,05,21460,A,N,A,C,A,A,H,-,A,D,0,,,,,Y,,A,01,2,0,0,0,0,0,0,0,0,"- ","- ",36.246490478515625,-119.3489990234375,TULARE,TULARE,,
9761517,2024,2025-01-14,5407,2024-06-29,2105,M292,480,6,5,5,5407,0,0,0,,0,034,"S BURKE ST","E CHESTNUT AV",0.00,,Y,A,-,N,,,,,,,,,,Y,2,0,1,3,A,-,05,21650,,N,C,E,A,A,H,-,C,A,0,,,,,Y,Y,D,22,1,0,0,0,0,0,0,0,0,"- ","- ",36.305870056152344,-119.28275299072266,TULARE,VISALIA,-119.28275299072266,36.300094604492188
9781116,2024,2025-02-07,5401,2024-11-27,1910,2127,5401,3,5,3,5401,0,0,0,,0,,"E ELMONTE WY","N K ST",0.00,,Y,A,-,N,,,,,,,,,,Y,2,0,1,2,C,-,18,,,N,G,B,D,A,H,-,C,D,0,Y,,,,Y,,-,"- ",1,0,0,0,1,0,0,0,0,"- ","- ",,,TULARE,DINUBA,-119.39392852783203,36.545848846435547
9791865,2025,2025-07-31,5406,2025-06-08,1351,FTUFI,DIST4,7,5,4,5406,0,0,0,,0,0ES,PROSPERITY,BRENTWOOD,0.00,,Y,A,-,N,,,,,,,,,,Y,2,0,1,3,A,-,12,21453,A,N,D,C,A,A,H,-,A,A,0,,,,,Y,,D,22,1,0,0,0,0,0,0,0,0,"- ","- ",36.225898742675781,-119.32599639892578,TULARE,TULARE,-119.32639312744141,36.225837707519531
9793609,2025,2025-03-20,5407,2025-02-11,"753 ",12844,480,2,5,5,5407,0,0,0,,0,011,"MINERAL KING",DEMAREE,0.00,,Y,A,-,N,,,,,,,,,,Y,2,0,1,3,A,-,12,21453,A,N,D,C,A,A,H,-,A,A,0,,,,,Y,,A,01,1,0,0,0,0,0,0,0,0,"- ","- ",,,TULARE,VISALIA,-119.33177185058594,36.327610015869141
9807416,2025,2025-05-29,5403,2025-04-14,"946 ",844,,1,5,2,5403,0,0,0,,0,,"W VISALIA RD","VENTURA AV",138.00,S,N,A,-,N,,,,,,,,,,Y,2,0,1,2,A,-,09,21801,A,M,D,C,A,A,H,-,A,D,0,,,,,Y,Y,A,01,1,0,0,0,0,0,0,0,0,"- ","- ",,,TULARE,FARMERSVILLE,-119.21172332763672,36.29779052734375
9830173,2025,2025-07-30,5401,2025-04-13,2321,2129,5401,7,5,3,5401,0,0,0,,0,00B,"E EL MONTE WY","POLE 121009562",1988.00,E,N,A,-,N,,,,,,,,,,N,2,0,1,2,A,-,09,21804,A,N,D,G,A,A,H,-,C,D,0,,Y,,,Y,,L,04,1,0,0,0,0,0,1,0,0,"- ","- ",,,TULARE,DINUBA,,
9871287,2025,2025-08-12,5407,2025-06-10,1948,A363,480,2,5,5,5407,0,0,0,,0,P33,"S MOONEY",FEEMSTER,0.00,,Y,A,-,N,,,,,,,,,,N,2,0,1,2,A,-,09,21804,A,N,G,B,A,A,H,-,A,D,0,,Y,,,Y,,L,04,1,0,0,0,0,0,1,0,0,"- ","- ",36.317821502685547,-119.31369781494141,TULARE,VISALIA,-119.31397247314453,36.317710876464844